season,date_game,visitor_team_name,visitor_pts,home_team_name,home_pts,visitor_margin,home_margin,visitor_win,home_win,grouped_date_id,unique_game_id,home_wl,visitor_wl,home_result,visitor_result
1997,1997-06-21,Sacramento Monarchs,70,Utah Starzz,60,10.0,-10.0,1,0,1,1,L,W,L vs. Sacramento Monarchs 60-70,W @ Utah Starzz 70-60
1997,1997-06-21,New York Liberty,67,Los Angeles Sparks,57,10.0,-10.0,1,0,1,2,L,W,L vs. New York Liberty 57-67,W @ Los Angeles Sparks 67-57
1997,1997-06-21,Houston Comets,76,Cleveland Rockers,56,20.0,-20.0,1,0,1,3,L,W,L vs. Houston Comets 56-76,W @ Cleveland Rockers 76-56
1997,1997-06-22,Charlotte Sting,59,Phoenix Mercury,76,-17.0,17.0,0,1,2,4,W,L,W vs. Charlotte Sting 76-59,L @ Phoenix Mercury 59-76
1997,1997-06-23,Los Angeles Sparks,89,Utah Starzz,102,-13.0,13.0,0,1,3,5,W,L,W vs. Los Angeles Sparks 102-89,L @ Utah Starzz 89-102
1997,1997-06-23,New York Liberty,73,Sacramento Monarchs,62,11.0,-11.0,1,0,3,6,L,W,L vs. New York Liberty 62-73,W @ Sacramento Monarchs 73-62
1997,1997-06-24,Phoenix Mercury,55,Houston Comets,72,-17.0,17.0,0,1,4,7,W,L,W vs. Phoenix Mercury 72-55,L @ Houston Comets 55-72
1997,1997-06-25,Charlotte Sting,54,Los Angeles Sparks,74,-20.0,20.0,0,1,5,8,W,L,W vs. Charlotte Sting 74-54,L @ Los Angeles Sparks 54-74
1997,1997-06-26,Utah Starzz,63,Cleveland Rockers,74,-11.0,11.0,0,1,6,9,W,L,W vs. Utah Starzz 74-63,L @ Cleveland Rockers 63-74
1997,1997-06-26,New York Liberty,62,Houston Comets,60,2.0,-2.0,1,0,6,10,L,W,L vs. New York Liberty 60-62,W @ Houston Comets 62-60
1997,1997-06-26,Charlotte Sting,70,Sacramento Monarchs,78,-8.0,8.0,0,1,6,11,W,L,W vs. Charlotte Sting 78-70,L @ Sacramento Monarchs 70-78
1997,1997-06-27,Sacramento Monarchs,92,Los Angeles Sparks,102,-10.0,10.0,0,1,7,12,W,L,W vs. Sacramento Monarchs 102-92,L @ Los Angeles Sparks 92-102
1997,1997-06-28,Phoenix Mercury,68,Cleveland Rockers,63,5.0,-5.0,1,0,8,13,L,W,L vs. Phoenix Mercury 63-68,W @ Cleveland Rockers 68-63
1997,1997-06-28,Houston Comets,76,Utah Starzz,58,18.0,-18.0,1,0,8,14,L,W,L vs. Houston Comets 58-76,W @ Utah Starzz 76-58
1997,1997-06-29,Phoenix Mercury,57,New York Liberty,65,-8.0,8.0,0,1,9,15,W,L,W vs. Phoenix Mercury 65-57,L @ New York Liberty 57-65
1997,1997-06-29,Cleveland Rockers,44,Charlotte Sting,67,-23.0,23.0,0,1,9,16,W,L,W vs. Cleveland Rockers 67-44,L @ Charlotte Sting 44-67
1997,1997-06-30,Los Angeles Sparks,66,Houston Comets,71,-5.0,5.0,0,1,10,17,W,L,W vs. Los Angeles Sparks 71-66,L @ Houston Comets 66-71
1997,1997-07-02,Utah Starzz,73,Sacramento Monarchs,68,5.0,-5.0,1,0,11,18,L,W,L vs. Utah Starzz 68-73,W @ Sacramento Monarchs 73-68
1997,1997-07-02,Houston Comets,67,New York Liberty,72,-5.0,5.0,0,1,11,19,W,L,W vs. Houston Comets 72-67,L @ New York Liberty 67-72
1997,1997-07-03,Phoenix Mercury,77,Utah Starzz,55,22.0,-22.0,1,0,12,20,L,W,L vs. Phoenix Mercury 55-77,W @ Utah Starzz 77-55
1997,1997-07-03,Los Angeles Sparks,74,Cleveland Rockers,62,12.0,-12.0,1,0,12,21,L,W,L vs. Los Angeles Sparks 62-74,W @ Cleveland Rockers 74-62
1997,1997-07-04,New York Liberty,65,Houston Comets,58,7.0,-7.0,1,0,13,22,L,W,L vs. New York Liberty 58-65,W @ Houston Comets 65-58
1997,1997-07-05,Los Angeles Sparks,66,Charlotte Sting,78,-12.0,12.0,0,1,14,23,W,L,W vs. Los Angeles Sparks 78-66,L @ Charlotte Sting 66-78
1997,1997-07-05,New York Liberty,66,Utah Starzz,53,13.0,-13.0,1,0,14,24,L,W,L vs. New York Liberty 53-66,W @ Utah Starzz 66-53
1997,1997-07-06,Cleveland Rockers,67,Sacramento Monarchs,70,-3.0,3.0,0,1,15,25,W,L,W vs. Cleveland Rockers 70-67,L @ Sacramento Monarchs 67-70
1997,1997-07-07,Cleveland Rockers,81,Los Angeles Sparks,70,11.0,-11.0,1,0,16,26,L,W,L vs. Cleveland Rockers 70-81,W @ Los Angeles Sparks 81-70
1997,1997-07-07,Sacramento Monarchs,79,Utah Starzz,69,10.0,-10.0,1,0,16,27,L,W,L vs. Sacramento Monarchs 69-79,W @ Utah Starzz 79-69
1997,1997-07-07,Charlotte Sting,56,Houston Comets,74,-18.0,18.0,0,1,16,28,W,L,W vs. Charlotte Sting 74-56,L @ Houston Comets 56-74
1997,1997-07-07,New York Liberty,50,Phoenix Mercury,69,-19.0,19.0,0,1,16,29,W,L,W vs. New York Liberty 69-50,L @ Phoenix Mercury 50-69
1997,1997-07-09,Houston Comets,64,Phoenix Mercury,69,-5.0,5.0,0,1,17,30,W,L,W vs. Houston Comets 69-64,L @ Phoenix Mercury 64-69
1997,1997-07-09,New York Liberty,69,Charlotte Sting,87,-18.0,18.0,0,1,17,31,W,L,W vs. New York Liberty 87-69,L @ Charlotte Sting 69-87
1997,1997-07-10,Charlotte Sting,48,New York Liberty,62,-14.0,14.0,0,1,18,32,W,L,W vs. Charlotte Sting 62-48,L @ New York Liberty 48-62
1997,1997-07-10,Sacramento Monarchs,61,Cleveland Rockers,77,-16.0,16.0,0,1,18,33,W,L,W vs. Sacramento Monarchs 77-61,L @ Cleveland Rockers 61-77
1997,1997-07-11,Utah Starzz,68,Los Angeles Sparks,75,-7.0,7.0,0,1,19,34,W,L,W vs. Utah Starzz 75-68,L @ Los Angeles Sparks 68-75
1997,1997-07-12,Cleveland Rockers,43,Charlotte Sting,72,-29.0,29.0,0,1,20,35,W,L,W vs. Cleveland Rockers 72-43,L @ Charlotte Sting 43-72
1997,1997-07-12,Sacramento Monarchs,61,Houston Comets,89,-28.0,28.0,0,1,20,36,W,L,W vs. Sacramento Monarchs 89-61,L @ Houston Comets 61-89
1997,1997-07-12,Phoenix Mercury,51,Utah Starzz,52,-1.0,1.0,0,1,20,37,W,L,W vs. Phoenix Mercury 52-51,L @ Utah Starzz 51-52
1997,1997-07-13,Phoenix Mercury,57,Los Angeles Sparks,56,1.0,-1.0,1,0,21,38,L,W,L vs. Phoenix Mercury 56-57,W @ Los Angeles Sparks 57-56
1997,1997-07-14,New York Liberty,68,Cleveland Rockers,57,11.0,-11.0,1,0,22,39,L,W,L vs. New York Liberty 57-68,W @ Cleveland Rockers 68-57
1997,1997-07-14,Utah Starzz,56,Houston Comets,79,-23.0,23.0,0,1,22,40,W,L,W vs. Utah Starzz 79-56,L @ Houston Comets 56-79
1997,1997-07-15,Cleveland Rockers,59,New York Liberty,76,-17.0,17.0,0,1,23,41,W,L,W vs. Cleveland Rockers 76-59,L @ New York Liberty 59-76
1997,1997-07-15,Los Angeles Sparks,73,Sacramento Monarchs,78,-5.0,5.0,0,1,23,42,W,L,W vs. Los Angeles Sparks 78-73,L @ Sacramento Monarchs 73-78
1997,1997-07-16,Sacramento Monarchs,67,Phoenix Mercury,84,-17.0,17.0,0,1,24,43,W,L,W vs. Sacramento Monarchs 84-67,L @ Phoenix Mercury 67-84
1997,1997-07-16,Houston Comets,52,Los Angeles Sparks,77,-25.0,25.0,0,1,24,44,W,L,W vs. Houston Comets 77-52,L @ Los Angeles Sparks 52-77
1997,1997-07-16,Utah Starzz,63,Charlotte Sting,75,-12.0,12.0,0,1,24,45,W,L,W vs. Utah Starzz 75-63,L @ Charlotte Sting 63-75
1997,1997-07-17,Utah Starzz,54,New York Liberty,80,-26.0,26.0,0,1,25,46,W,L,W vs. Utah Starzz 80-54,L @ New York Liberty 54-80
1997,1997-07-17,Charlotte Sting,47,Cleveland Rockers,65,-18.0,18.0,0,1,25,47,W,L,W vs. Charlotte Sting 65-47,L @ Cleveland Rockers 47-65
1997,1997-07-18,Houston Comets,82,Sacramento Monarchs,60,22.0,-22.0,1,0,26,48,L,W,L vs. Houston Comets 60-82,W @ Sacramento Monarchs 82-60
1997,1997-07-19,Utah Starzz,68,Cleveland Rockers,95,-27.0,27.0,0,1,27,49,W,L,W vs. Utah Starzz 95-68,L @ Cleveland Rockers 68-95
1997,1997-07-19,Los Angeles Sparks,57,New York Liberty,69,-12.0,12.0,0,1,27,50,W,L,W vs. Los Angeles Sparks 69-57,L @ New York Liberty 57-69
1997,1997-07-21,Phoenix Mercury,70,Sacramento Monarchs,57,13.0,-13.0,1,0,28,51,L,W,L vs. Phoenix Mercury 57-70,W @ Sacramento Monarchs 70-57
1997,1997-07-21,Los Angeles Sparks,64,Charlotte Sting,75,-11.0,11.0,0,1,28,52,W,L,W vs. Los Angeles Sparks 75-64,L @ Charlotte Sting 64-75
1997,1997-07-22,Houston Comets,77,Phoenix Mercury,69,8.0,-8.0,1,0,29,53,L,W,L vs. Houston Comets 69-77,W @ Phoenix Mercury 77-69
1997,1997-07-22,Utah Starzz,78,New York Liberty,71,7.0,-7.0,1,0,29,54,L,W,L vs. Utah Starzz 71-78,W @ New York Liberty 78-71
1997,1997-07-23,New York Liberty,65,Charlotte Sting,63,2.0,-2.0,1,0,30,55,L,W,L vs. New York Liberty 63-65,W @ Charlotte Sting 65-63
1997,1997-07-23,Cleveland Rockers,89,Los Angeles Sparks,85,4.0,-4.0,1,0,30,56,L,W,L vs. Cleveland Rockers 85-89,W @ Los Angeles Sparks 89-85
1997,1997-07-25,Houston Comets,86,Sacramento Monarchs,76,10.0,-10.0,1,0,31,57,L,W,L vs. Houston Comets 76-86,W @ Sacramento Monarchs 86-76
1997,1997-07-25,Los Angeles Sparks,86,Phoenix Mercury,83,3.0,-3.0,1,0,31,58,L,W,L vs. Los Angeles Sparks 83-86,W @ Phoenix Mercury 86-83
1997,1997-07-26,Charlotte Sting,64,New York Liberty,61,3.0,-3.0,1,0,32,59,L,W,L vs. Charlotte Sting 61-64,W @ New York Liberty 64-61
1997,1997-07-26,Cleveland Rockers,77,Utah Starzz,66,11.0,-11.0,1,0,32,60,L,W,L vs. Cleveland Rockers 66-77,W @ Utah Starzz 77-66
1997,1997-07-27,Los Angeles Sparks,84,Sacramento Monarchs,62,22.0,-22.0,1,0,33,61,L,W,L vs. Los Angeles Sparks 62-84,W @ Sacramento Monarchs 84-62
1997,1997-07-28,Cleveland Rockers,76,Phoenix Mercury,64,12.0,-12.0,1,0,34,62,L,W,L vs. Cleveland Rockers 64-76,W @ Phoenix Mercury 76-64
1997,1997-07-29,Cleveland Rockers,73,Houston Comets,64,9.0,-9.0,1,0,35,63,L,W,L vs. Cleveland Rockers 64-73,W @ Houston Comets 73-64
1997,1997-07-30,Utah Starzz,69,Los Angeles Sparks,91,-22.0,22.0,0,1,36,64,W,L,W vs. Utah Starzz 91-69,L @ Los Angeles Sparks 69-91
1997,1997-07-30,Phoenix Mercury,67,Charlotte Sting,68,-1.0,1.0,0,1,36,65,W,L,W vs. Phoenix Mercury 68-67,L @ Charlotte Sting 67-68
1997,1997-07-30,Sacramento Monarchs,68,New York Liberty,73,-5.0,5.0,0,1,36,66,W,L,W vs. Sacramento Monarchs 73-68,L @ New York Liberty 68-73
1997,1997-07-31,Phoenix Mercury,67,Cleveland Rockers,79,-12.0,12.0,0,1,37,67,W,L,W vs. Phoenix Mercury 79-67,L @ Cleveland Rockers 67-79
1997,1997-08-01,Houston Comets,81,Los Angeles Sparks,57,24.0,-24.0,1,0,38,68,L,W,L vs. Houston Comets 57-81,W @ Los Angeles Sparks 81-57
1997,1997-08-01,Sacramento Monarchs,61,Charlotte Sting,85,-24.0,24.0,0,1,38,69,W,L,W vs. Sacramento Monarchs 85-61,L @ Charlotte Sting 61-85
1997,1997-08-02,Sacramento Monarchs,51,Cleveland Rockers,72,-21.0,21.0,0,1,39,70,W,L,W vs. Sacramento Monarchs 72-51,L @ Cleveland Rockers 51-72
1997,1997-08-02,Phoenix Mercury,70,New York Liberty,80,-10.0,10.0,0,1,39,71,W,L,W vs. Phoenix Mercury 80-70,L @ New York Liberty 70-80
1997,1997-08-02,Houston Comets,63,Utah Starzz,74,-11.0,11.0,0,1,39,72,W,L,W vs. Houston Comets 74-63,L @ Utah Starzz 63-74
1997,1997-08-03,Charlotte Sting,77,Los Angeles Sparks,70,7.0,-7.0,1,0,40,73,L,W,L vs. Charlotte Sting 70-77,W @ Los Angeles Sparks 77-70
1997,1997-08-04,Sacramento Monarchs,60,Phoenix Mercury,83,-23.0,23.0,0,1,41,74,W,L,W vs. Sacramento Monarchs 83-60,L @ Phoenix Mercury 60-83
1997,1997-08-04,Charlotte Sting,70,Utah Starzz,73,-3.0,3.0,0,1,41,75,W,L,W vs. Charlotte Sting 73-70,L @ Utah Starzz 70-73
1997,1997-08-05,Houston Comets,76,Cleveland Rockers,66,10.0,-10.0,1,0,42,76,L,W,L vs. Houston Comets 66-76,W @ Cleveland Rockers 76-66
1997,1997-08-05,Los Angeles Sparks,67,New York Liberty,50,17.0,-17.0,1,0,42,77,L,W,L vs. Los Angeles Sparks 50-67,W @ New York Liberty 67-50
1997,1997-08-06,Charlotte Sting,64,Sacramento Monarchs,77,-13.0,13.0,0,1,43,78,W,L,W vs. Charlotte Sting 77-64,L @ Sacramento Monarchs 64-77
1997,1997-08-06,Utah Starzz,46,Phoenix Mercury,78,-32.0,32.0,0,1,43,79,W,L,W vs. Utah Starzz 78-46,L @ Phoenix Mercury 46-78
1997,1997-08-07,Phoenix Mercury,70,Houston Comets,74,-4.0,4.0,0,1,44,80,W,L,W vs. Phoenix Mercury 74-70,L @ Houston Comets 70-74
1997,1997-08-07,Los Angeles Sparks,87,Cleveland Rockers,84,3.0,-3.0,1,0,44,81,L,W,L vs. Los Angeles Sparks 84-87,W @ Cleveland Rockers 87-84
1997,1997-08-08,Utah Starzz,78,Sacramento Monarchs,93,-15.0,15.0,0,1,45,82,W,L,W vs. Utah Starzz 93-78,L @ Sacramento Monarchs 78-93
1997,1997-08-09,Los Angeles Sparks,71,Houston Comets,72,-1.0,1.0,0,1,46,83,W,L,W vs. Los Angeles Sparks 72-71,L @ Houston Comets 71-72
1997,1997-08-09,Phoenix Mercury,59,Charlotte Sting,79,-20.0,20.0,0,1,46,84,W,L,W vs. Phoenix Mercury 79-59,L @ Charlotte Sting 59-79
1997,1997-08-10,New York Liberty,69,Sacramento Monarchs,76,-7.0,7.0,0,1,47,85,W,L,W vs. New York Liberty 76-69,L @ Sacramento Monarchs 69-76
1997,1997-08-11,Houston Comets,72,Charlotte Sting,62,10.0,-10.0,1,0,48,86,L,W,L vs. Houston Comets 62-72,W @ Charlotte Sting 72-62
1997,1997-08-11,Cleveland Rockers,74,Utah Starzz,59,15.0,-15.0,1,0,48,87,L,W,L vs. Cleveland Rockers 59-74,W @ Utah Starzz 74-59
1997,1997-08-12,Cleveland Rockers,76,Sacramento Monarchs,81,-5.0,5.0,0,1,49,88,W,L,W vs. Cleveland Rockers 81-76,L @ Sacramento Monarchs 76-81
1997,1997-08-12,Utah Starzz,56,Houston Comets,76,-20.0,20.0,0,1,49,89,W,L,W vs. Utah Starzz 76-56,L @ Houston Comets 56-76
1997,1997-08-12,New York Liberty,67,Phoenix Mercury,77,-10.0,10.0,0,1,49,90,W,L,W vs. New York Liberty 77-67,L @ Phoenix Mercury 67-77
1997,1997-08-14,Cleveland Rockers,55,Phoenix Mercury,61,-6.0,6.0,0,1,50,91,W,L,W vs. Cleveland Rockers 61-55,L @ Phoenix Mercury 55-61
1997,1997-08-14,Sacramento Monarchs,51,Charlotte Sting,68,-17.0,17.0,0,1,50,92,W,L,W vs. Sacramento Monarchs 68-51,L @ Charlotte Sting 51-68
1997,1997-08-15,Sacramento Monarchs,63,New York Liberty,79,-16.0,16.0,0,1,51,93,W,L,W vs. Sacramento Monarchs 79-63,L @ New York Liberty 63-79
1997,1997-08-16,Houston Comets,71,Charlotte Sting,80,-9.0,9.0,0,1,52,94,W,L,W vs. Houston Comets 80-71,L @ Charlotte Sting 71-80
1997,1997-08-16,Los Angeles Sparks,74,Utah Starzz,64,10.0,-10.0,1,0,52,95,L,W,L vs. Los Angeles Sparks 64-74,W @ Utah Starzz 74-64
1997,1997-08-17,Charlotte Sting,49,Cleveland Rockers,81,-32.0,32.0,0,1,53,96,W,L,W vs. Charlotte Sting 81-49,L @ Cleveland Rockers 49-81
1997,1997-08-17,Utah Starzz,63,Phoenix Mercury,71,-8.0,8.0,0,1,53,97,W,L,W vs. Utah Starzz 71-63,L @ Phoenix Mercury 63-71
1997,1997-08-17,Houston Comets,70,New York Liberty,55,15.0,-15.0,1,0,53,98,L,W,L vs. Houston Comets 55-70,W @ New York Liberty 70-55
1997,1997-08-18,Phoenix Mercury,66,Los Angeles Sparks,75,-9.0,9.0,0,1,54,99,W,L,W vs. Phoenix Mercury 75-66,L @ Los Angeles Sparks 66-75
1997,1997-08-19,New York Liberty,75,Utah Starzz,81,-6.0,6.0,0,1,55,100,W,L,W vs. New York Liberty 81-75,L @ Utah Starzz 75-81
1997,1997-08-19,Charlotte Sting,69,Houston Comets,77,-8.0,8.0,0,1,55,101,W,L,W vs. Charlotte Sting 77-69,L @ Houston Comets 69-77
1997,1997-08-20,New York Liberty,76,Los Angeles Sparks,78,-2.0,2.0,0,1,56,102,W,L,W vs. New York Liberty 78-76,L @ Los Angeles Sparks 76-78
1997,1997-08-20,Phoenix Mercury,69,Sacramento Monarchs,54,15.0,-15.0,1,0,56,103,L,W,L vs. Phoenix Mercury 54-69,W @ Sacramento Monarchs 69-54
1997,1997-08-21,Charlotte Sting,66,Utah Starzz,56,10.0,-10.0,1,0,57,104,L,W,L vs. Charlotte Sting 56-66,W @ Utah Starzz 66-56
1997,1997-08-21,Cleveland Rockers,76,Houston Comets,75,1.0,-1.0,1,0,57,105,L,W,L vs. Cleveland Rockers 75-76,W @ Houston Comets 76-75
1997,1997-08-22,Charlotte Sting,63,Phoenix Mercury,78,-15.0,15.0,0,1,58,106,W,L,W vs. Charlotte Sting 78-63,L @ Phoenix Mercury 63-78
1997,1997-08-22,Sacramento Monarchs,77,Los Angeles Sparks,88,-11.0,11.0,0,1,58,107,W,L,W vs. Sacramento Monarchs 88-77,L @ Los Angeles Sparks 77-88
1997,1997-08-23,New York Liberty,71,Cleveland Rockers,72,-1.0,1.0,0,1,59,108,W,L,W vs. New York Liberty 72-71,L @ Cleveland Rockers 71-72
1997,1997-08-24,Sacramento Monarchs,68,Houston Comets,58,10.0,-10.0,1,0,60,109,L,W,L vs. Sacramento Monarchs 58-68,W @ Houston Comets 68-58
1997,1997-08-24,Los Angeles Sparks,68,Phoenix Mercury,73,-5.0,5.0,0,1,60,110,W,L,W vs. Los Angeles Sparks 73-68,L @ Phoenix Mercury 68-73
1997,1997-08-24,Cleveland Rockers,72,New York Liberty,79,-7.0,7.0,0,1,60,111,W,L,W vs. Cleveland Rockers 79-72,L @ New York Liberty 72-79
1997,1997-08-24,Utah Starzz,52,Charlotte Sting,70,-18.0,18.0,0,1,60,112,W,L,W vs. Utah Starzz 70-52,L @ Charlotte Sting 52-70
1997,1997-08-28,New York Liberty,59,Phoenix Mercury,41,18.0,-18.0,1,0,61,113,L,W,L vs. New York Liberty 41-59,W @ Phoenix Mercury 59-41
1997,1997-08-28,Charlotte Sting,54,Houston Comets,70,-16.0,16.0,0,1,61,114,W,L,W vs. Charlotte Sting 70-54,L @ Houston Comets 54-70
1997,1997-08-30,New York Liberty,51,Houston Comets,65,-14.0,14.0,0,1,62,115,W,L,W vs. New York Liberty 65-51,L @ Houston Comets 51-65
1998,1998-06-11,Washington Mystics,57,Charlotte Sting,83,-26.0,26.0,0,1,63,116,W,L,W vs. Washington Mystics 83-57,L @ Charlotte Sting 57-83
1998,1998-06-11,Los Angeles Sparks,89,Utah Starzz,83,6.0,-6.0,1,0,63,117,L,W,L vs. Los Angeles Sparks 83-89,W @ Utah Starzz 89-83
1998,1998-06-11,New York Liberty,71,Cleveland Rockers,78,-7.0,7.0,0,1,63,118,W,L,W vs. New York Liberty 78-71,L @ Cleveland Rockers 71-78
1998,1998-06-11,Phoenix Mercury,73,Sacramento Monarchs,70,3.0,-3.0,1,0,63,119,L,W,L vs. Phoenix Mercury 70-73,W @ Sacramento Monarchs 73-70
1998,1998-06-13,Charlotte Sting,78,Detroit Shock,69,9.0,-9.0,1,0,64,120,L,W,L vs. Charlotte Sting 69-78,W @ Detroit Shock 78-69
1998,1998-06-13,New York Liberty,62,Houston Comets,73,-11.0,11.0,0,1,64,121,W,L,W vs. New York Liberty 73-62,L @ Houston Comets 62-73
1998,1998-06-13,Washington Mystics,77,Utah Starzz,78,-1.0,1.0,0,1,64,122,W,L,W vs. Washington Mystics 78-77,L @ Utah Starzz 77-78
1998,1998-06-14,Los Angeles Sparks,60,Phoenix Mercury,70,-10.0,10.0,0,1,65,123,W,L,W vs. Los Angeles Sparks 70-60,L @ Phoenix Mercury 60-70
1998,1998-06-15,New York Liberty,60,Utah Starzz,71,-11.0,11.0,0,1,66,124,W,L,W vs. New York Liberty 71-60,L @ Utah Starzz 60-71
1998,1998-06-15,Houston Comets,79,Charlotte Sting,65,14.0,-14.0,1,0,66,125,L,W,L vs. Houston Comets 65-79,W @ Charlotte Sting 79-65
1998,1998-06-15,Washington Mystics,54,Phoenix Mercury,69,-15.0,15.0,0,1,66,126,W,L,W vs. Washington Mystics 69-54,L @ Phoenix Mercury 54-69
1998,1998-06-15,Cleveland Rockers,96,Detroit Shock,85,11.0,-11.0,1,0,66,127,L,W,L vs. Cleveland Rockers 85-96,W @ Detroit Shock 96-85
1998,1998-06-16,Los Angeles Sparks,69,Sacramento Monarchs,73,-4.0,4.0,0,1,67,128,W,L,W vs. Los Angeles Sparks 73-69,L @ Sacramento Monarchs 69-73
1998,1998-06-18,New York Liberty,64,Sacramento Monarchs,48,16.0,-16.0,1,0,68,129,L,W,L vs. New York Liberty 48-64,W @ Sacramento Monarchs 64-48
1998,1998-06-18,Cleveland Rockers,69,Houston Comets,87,-18.0,18.0,0,1,68,130,W,L,W vs. Cleveland Rockers 87-69,L @ Houston Comets 69-87
1998,1998-06-18,Detroit Shock,67,Charlotte Sting,71,-4.0,4.0,0,1,68,131,W,L,W vs. Detroit Shock 71-67,L @ Charlotte Sting 67-71
1998,1998-06-19,Utah Starzz,76,Washington Mystics,85,-9.0,9.0,0,1,69,132,W,L,W vs. Utah Starzz 85-76,L @ Washington Mystics 76-85
1998,1998-06-19,New York Liberty,75,Los Angeles Sparks,78,-3.0,3.0,0,1,69,133,W,L,W vs. New York Liberty 78-75,L @ Los Angeles Sparks 75-78
1998,1998-06-20,Detroit Shock,66,Cleveland Rockers,68,-2.0,2.0,0,1,70,134,W,L,W vs. Detroit Shock 68-66,L @ Cleveland Rockers 66-68
1998,1998-06-20,Houston Comets,79,Sacramento Monarchs,68,11.0,-11.0,1,0,70,135,L,W,L vs. Houston Comets 68-79,W @ Sacramento Monarchs 79-68
1998,1998-06-21,Utah Starzz,64,New York Liberty,68,-4.0,4.0,0,1,71,136,W,L,W vs. Utah Starzz 68-64,L @ New York Liberty 64-68
1998,1998-06-21,Detroit Shock,70,Washington Mystics,57,13.0,-13.0,1,0,71,137,L,W,L vs. Detroit Shock 57-70,W @ Washington Mystics 70-57
1998,1998-06-21,Houston Comets,79,Los Angeles Sparks,63,16.0,-16.0,1,0,71,138,L,W,L vs. Houston Comets 63-79,W @ Los Angeles Sparks 79-63
1998,1998-06-21,Charlotte Sting,72,Phoenix Mercury,71,1.0,-1.0,1,0,71,139,L,W,L vs. Charlotte Sting 71-72,W @ Phoenix Mercury 72-71
1998,1998-06-22,Utah Starzz,72,Cleveland Rockers,88,-16.0,16.0,0,1,72,140,W,L,W vs. Utah Starzz 88-72,L @ Cleveland Rockers 72-88
1998,1998-06-23,Cleveland Rockers,57,New York Liberty,59,-2.0,2.0,0,1,73,141,W,L,W vs. Cleveland Rockers 59-57,L @ New York Liberty 57-59
1998,1998-06-23,Sacramento Monarchs,57,Detroit Shock,61,-4.0,4.0,0,1,73,142,W,L,W vs. Sacramento Monarchs 61-57,L @ Detroit Shock 57-61
1998,1998-06-24,Charlotte Sting,77,Los Angeles Sparks,73,4.0,-4.0,1,0,74,143,L,W,L vs. Charlotte Sting 73-77,W @ Los Angeles Sparks 77-73
1998,1998-06-24,Houston Comets,66,Phoenix Mercury,69,-3.0,3.0,0,1,74,144,W,L,W vs. Houston Comets 69-66,L @ Phoenix Mercury 66-69
1998,1998-06-25,Charlotte Sting,91,Utah Starzz,83,8.0,-8.0,1,0,75,145,L,W,L vs. Charlotte Sting 83-91,W @ Utah Starzz 91-83
1998,1998-06-25,Washington Mystics,71,Detroit Shock,79,-8.0,8.0,0,1,75,146,W,L,W vs. Washington Mystics 79-71,L @ Detroit Shock 71-79
1998,1998-06-26,Utah Starzz,63,Phoenix Mercury,96,-33.0,33.0,0,1,76,147,W,L,W vs. Utah Starzz 96-63,L @ Phoenix Mercury 63-96
1998,1998-06-26,Sacramento Monarchs,48,New York Liberty,62,-14.0,14.0,0,1,76,148,W,L,W vs. Sacramento Monarchs 62-48,L @ New York Liberty 48-62
1998,1998-06-27,Sacramento Monarchs,50,Charlotte Sting,58,-8.0,8.0,0,1,77,149,W,L,W vs. Sacramento Monarchs 58-50,L @ Charlotte Sting 50-58
1998,1998-06-27,Detroit Shock,84,Cleveland Rockers,73,11.0,-11.0,1,0,77,150,L,W,L vs. Detroit Shock 73-84,W @ Cleveland Rockers 84-73
1998,1998-06-27,Los Angeles Sparks,64,Houston Comets,75,-11.0,11.0,0,1,77,151,W,L,W vs. Los Angeles Sparks 75-64,L @ Houston Comets 64-75
1998,1998-06-28,Phoenix Mercury,86,Washington Mystics,69,17.0,-17.0,1,0,78,152,L,W,L vs. Phoenix Mercury 69-86,W @ Washington Mystics 86-69
1998,1998-06-29,Washington Mystics,48,Houston Comets,73,-25.0,25.0,0,1,79,153,W,L,W vs. Washington Mystics 73-48,L @ Houston Comets 48-73
1998,1998-06-29,Charlotte Sting,49,Detroit Shock,60,-11.0,11.0,0,1,79,154,W,L,W vs. Charlotte Sting 60-49,L @ Detroit Shock 49-60
1998,1998-06-29,Phoenix Mercury,68,New York Liberty,71,-3.0,3.0,0,1,79,155,W,L,W vs. Phoenix Mercury 71-68,L @ New York Liberty 68-71
1998,1998-06-30,Houston Comets,75,Utah Starzz,73,2.0,-2.0,1,0,80,156,L,W,L vs. Houston Comets 73-75,W @ Utah Starzz 75-73
1998,1998-06-30,Los Angeles Sparks,56,Sacramento Monarchs,58,-2.0,2.0,0,1,80,157,W,L,W vs. Los Angeles Sparks 58-56,L @ Sacramento Monarchs 56-58
1998,1998-07-01,New York Liberty,65,Detroit Shock,82,-17.0,17.0,0,1,81,158,W,L,W vs. New York Liberty 82-65,L @ Detroit Shock 65-82
1998,1998-07-01,Cleveland Rockers,92,Washington Mystics,80,12.0,-12.0,1,0,81,159,L,W,L vs. Cleveland Rockers 80-92,W @ Washington Mystics 92-80
1998,1998-07-02,Phoenix Mercury,76,Cleveland Rockers,61,15.0,-15.0,1,0,82,160,L,W,L vs. Phoenix Mercury 61-76,W @ Cleveland Rockers 76-61
1998,1998-07-02,Utah Starzz,58,Los Angeles Sparks,57,1.0,-1.0,1,0,82,161,L,W,L vs. Utah Starzz 57-58,W @ Los Angeles Sparks 58-57
1998,1998-07-03,Sacramento Monarchs,67,Houston Comets,84,-17.0,17.0,0,1,83,162,W,L,W vs. Sacramento Monarchs 84-67,L @ Houston Comets 67-84
1998,1998-07-03,Washington Mystics,60,New York Liberty,76,-16.0,16.0,0,1,83,163,W,L,W vs. Washington Mystics 76-60,L @ New York Liberty 60-76
1998,1998-07-04,Phoenix Mercury,66,Charlotte Sting,68,-2.0,2.0,0,1,84,164,W,L,W vs. Phoenix Mercury 68-66,L @ Charlotte Sting 66-68
1998,1998-07-05,New York Liberty,62,Washington Mystics,61,1.0,-1.0,1,0,85,165,L,W,L vs. New York Liberty 61-62,W @ Washington Mystics 62-61
1998,1998-07-05,Utah Starzz,66,Sacramento Monarchs,70,-4.0,4.0,0,1,85,166,W,L,W vs. Utah Starzz 70-66,L @ Sacramento Monarchs 66-70
1998,1998-07-06,Houston Comets,78,Cleveland Rockers,64,14.0,-14.0,1,0,86,167,L,W,L vs. Houston Comets 64-78,W @ Cleveland Rockers 78-64
1998,1998-07-06,Sacramento Monarchs,64,Utah Starzz,68,-4.0,4.0,0,1,86,168,W,L,W vs. Sacramento Monarchs 68-64,L @ Utah Starzz 64-68
1998,1998-07-06,Detroit Shock,56,New York Liberty,59,-3.0,3.0,0,1,86,169,W,L,W vs. Detroit Shock 59-56,L @ New York Liberty 56-59
1998,1998-07-07,Charlotte Sting,79,Los Angeles Sparks,86,-7.0,7.0,0,1,87,170,W,L,W vs. Charlotte Sting 86-79,L @ Los Angeles Sparks 79-86
1998,1998-07-08,Sacramento Monarchs,76,Los Angeles Sparks,71,5.0,-5.0,1,0,88,171,L,W,L vs. Sacramento Monarchs 71-76,W @ Los Angeles Sparks 76-71
1998,1998-07-08,Houston Comets,79,New York Liberty,54,25.0,-25.0,1,0,88,172,L,W,L vs. Houston Comets 54-79,W @ New York Liberty 79-54
1998,1998-07-08,Phoenix Mercury,78,Detroit Shock,76,2.0,-2.0,1,0,88,173,L,W,L vs. Phoenix Mercury 76-78,W @ Detroit Shock 78-76
1998,1998-07-08,Charlotte Sting,77,Utah Starzz,69,8.0,-8.0,1,0,88,174,L,W,L vs. Charlotte Sting 69-77,W @ Utah Starzz 77-69
1998,1998-07-08,Washington Mystics,65,Cleveland Rockers,77,-12.0,12.0,0,1,88,175,W,L,W vs. Washington Mystics 77-65,L @ Cleveland Rockers 65-77
1998,1998-07-09,Detroit Shock,66,Houston Comets,96,-30.0,30.0,0,1,89,176,W,L,W vs. Detroit Shock 96-66,L @ Houston Comets 66-96
1998,1998-07-10,Cleveland Rockers,60,Phoenix Mercury,76,-16.0,16.0,0,1,90,177,W,L,W vs. Cleveland Rockers 76-60,L @ Phoenix Mercury 60-76
1998,1998-07-10,Charlotte Sting,63,Sacramento Monarchs,55,8.0,-8.0,1,0,90,178,L,W,L vs. Charlotte Sting 55-63,W @ Sacramento Monarchs 63-55
1998,1998-07-11,Utah Starzz,68,Houston Comets,72,-4.0,4.0,0,1,91,179,W,L,W vs. Utah Starzz 72-68,L @ Houston Comets 68-72
1998,1998-07-11,Detroit Shock,53,Washington Mystics,78,-25.0,25.0,0,1,91,180,W,L,W vs. Detroit Shock 78-53,L @ Washington Mystics 53-78
1998,1998-07-12,Cleveland Rockers,66,Los Angeles Sparks,87,-21.0,21.0,0,1,92,181,W,L,W vs. Cleveland Rockers 87-66,L @ Los Angeles Sparks 66-87
1998,1998-07-12,Charlotte Sting,75,New York Liberty,57,18.0,-18.0,1,0,92,182,L,W,L vs. Charlotte Sting 57-75,W @ New York Liberty 75-57
1998,1998-07-13,Detroit Shock,74,Utah Starzz,67,7.0,-7.0,1,0,93,183,L,W,L vs. Detroit Shock 67-74,W @ Utah Starzz 74-67
1998,1998-07-13,Washington Mystics,67,Houston Comets,81,-14.0,14.0,0,1,93,184,W,L,W vs. Washington Mystics 81-67,L @ Houston Comets 67-81
1998,1998-07-13,Los Angeles Sparks,62,Phoenix Mercury,72,-10.0,10.0,0,1,93,185,W,L,W vs. Los Angeles Sparks 72-62,L @ Phoenix Mercury 62-72
1998,1998-07-14,Cleveland Rockers,61,Sacramento Monarchs,58,3.0,-3.0,1,0,94,186,L,W,L vs. Cleveland Rockers 58-61,W @ Sacramento Monarchs 61-58
1998,1998-07-15,Sacramento Monarchs,76,Los Angeles Sparks,81,-5.0,5.0,0,1,95,187,W,L,W vs. Sacramento Monarchs 81-76,L @ Los Angeles Sparks 76-81
1998,1998-07-15,Detroit Shock,60,Phoenix Mercury,73,-13.0,13.0,0,1,95,188,W,L,W vs. Detroit Shock 73-60,L @ Phoenix Mercury 60-73
1998,1998-07-15,New York Liberty,65,Charlotte Sting,72,-7.0,7.0,0,1,95,189,W,L,W vs. New York Liberty 72-65,L @ Charlotte Sting 65-72
1998,1998-07-16,New York Liberty,51,Cleveland Rockers,60,-9.0,9.0,0,1,96,190,W,L,W vs. New York Liberty 60-51,L @ Cleveland Rockers 51-60
1998,1998-07-17,Washington Mystics,56,Charlotte Sting,86,-30.0,30.0,0,1,97,191,W,L,W vs. Washington Mystics 86-56,L @ Charlotte Sting 56-86
1998,1998-07-17,Houston Comets,74,Los Angeles Sparks,68,6.0,-6.0,1,0,97,192,L,W,L vs. Houston Comets 68-74,W @ Los Angeles Sparks 74-68
1998,1998-07-17,Utah Starzz,67,Detroit Shock,79,-12.0,12.0,0,1,97,193,W,L,W vs. Utah Starzz 79-67,L @ Detroit Shock 67-79
1998,1998-07-18,New York Liberty,69,Phoenix Mercury,63,6.0,-6.0,1,0,98,194,L,W,L vs. New York Liberty 63-69,W @ Phoenix Mercury 69-63
1998,1998-07-18,Houston Comets,75,Sacramento Monarchs,44,31.0,-31.0,1,0,98,195,L,W,L vs. Houston Comets 44-75,W @ Sacramento Monarchs 75-44
1998,1998-07-18,Cleveland Rockers,57,Detroit Shock,72,-15.0,15.0,0,1,98,196,W,L,W vs. Cleveland Rockers 72-57,L @ Detroit Shock 57-72
1998,1998-07-19,Utah Starzz,99,Washington Mystics,88,11.0,-11.0,1,0,99,197,L,W,L vs. Utah Starzz 88-99,W @ Washington Mystics 99-88
1998,1998-07-19,Charlotte Sting,69,Cleveland Rockers,85,-16.0,16.0,0,1,99,198,W,L,W vs. Charlotte Sting 85-69,L @ Cleveland Rockers 69-85
1998,1998-07-20,Sacramento Monarchs,67,Phoenix Mercury,88,-21.0,21.0,0,1,100,199,W,L,W vs. Sacramento Monarchs 88-67,L @ Phoenix Mercury 67-88
1998,1998-07-21,Charlotte Sting,84,Washington Mystics,67,17.0,-17.0,1,0,101,200,L,W,L vs. Charlotte Sting 67-84,W @ Washington Mystics 84-67
1998,1998-07-21,Houston Comets,65,Phoenix Mercury,62,3.0,-3.0,1,0,101,201,L,W,L vs. Houston Comets 62-65,W @ Phoenix Mercury 65-62
1998,1998-07-21,New York Liberty,92,Los Angeles Sparks,77,15.0,-15.0,1,0,101,202,L,W,L vs. New York Liberty 77-92,W @ Los Angeles Sparks 92-77
1998,1998-07-22,Utah Starzz,61,Charlotte Sting,58,3.0,-3.0,1,0,102,203,L,W,L vs. Utah Starzz 58-61,W @ Charlotte Sting 61-58
1998,1998-07-22,Washington Mystics,61,Detroit Shock,76,-15.0,15.0,0,1,102,204,W,L,W vs. Washington Mystics 76-61,L @ Detroit Shock 61-76
1998,1998-07-23,Phoenix Mercury,68,Los Angeles Sparks,70,-2.0,2.0,0,1,103,205,W,L,W vs. Phoenix Mercury 70-68,L @ Los Angeles Sparks 68-70
1998,1998-07-24,New York Liberty,76,Sacramento Monarchs,54,22.0,-22.0,1,0,104,206,L,W,L vs. New York Liberty 54-76,W @ Sacramento Monarchs 76-54
1998,1998-07-25,Los Angeles Sparks,67,Detroit Shock,69,-2.0,2.0,0,1,105,207,W,L,W vs. Los Angeles Sparks 69-67,L @ Detroit Shock 67-69
1998,1998-07-25,Utah Starzz,59,Cleveland Rockers,69,-10.0,10.0,0,1,105,208,W,L,W vs. Utah Starzz 69-59,L @ Cleveland Rockers 59-69
1998,1998-07-25,Houston Comets,67,Charlotte Sting,58,9.0,-9.0,1,0,105,209,L,W,L vs. Houston Comets 58-67,W @ Charlotte Sting 67-58
1998,1998-07-26,Detroit Shock,62,New York Liberty,78,-16.0,16.0,0,1,106,210,W,L,W vs. Detroit Shock 78-62,L @ New York Liberty 62-78
1998,1998-07-26,Sacramento Monarchs,79,Washington Mystics,65,14.0,-14.0,1,0,106,211,L,W,L vs. Sacramento Monarchs 65-79,W @ Washington Mystics 79-65
1998,1998-07-27,Los Angeles Sparks,67,Cleveland Rockers,83,-16.0,16.0,0,1,107,212,W,L,W vs. Los Angeles Sparks 83-67,L @ Cleveland Rockers 67-83
1998,1998-07-27,Sacramento Monarchs,76,Charlotte Sting,70,6.0,-6.0,1,0,107,213,L,W,L vs. Sacramento Monarchs 70-76,W @ Charlotte Sting 76-70
1998,1998-07-27,Phoenix Mercury,80,Utah Starzz,90,-10.0,10.0,0,1,107,214,W,L,W vs. Phoenix Mercury 90-80,L @ Utah Starzz 80-90
1998,1998-07-28,Phoenix Mercury,62,Houston Comets,72,-10.0,10.0,0,1,108,215,W,L,W vs. Phoenix Mercury 72-62,L @ Houston Comets 62-72
1998,1998-07-29,Sacramento Monarchs,67,Cleveland Rockers,75,-8.0,8.0,0,1,109,216,W,L,W vs. Sacramento Monarchs 75-67,L @ Cleveland Rockers 67-75
1998,1998-07-29,Los Angeles Sparks,77,Washington Mystics,68,9.0,-9.0,1,0,109,217,L,W,L vs. Los Angeles Sparks 68-77,W @ Washington Mystics 77-68
1998,1998-07-30,Utah Starzz,65,Houston Comets,88,-23.0,23.0,0,1,110,218,W,L,W vs. Utah Starzz 88-65,L @ Houston Comets 65-88
1998,1998-07-30,Cleveland Rockers,64,Charlotte Sting,79,-15.0,15.0,0,1,110,219,W,L,W vs. Cleveland Rockers 79-64,L @ Charlotte Sting 64-79
1998,1998-07-31,Sacramento Monarchs,77,Detroit Shock,78,-1.0,1.0,0,1,111,220,W,L,W vs. Sacramento Monarchs 78-77,L @ Detroit Shock 77-78
1998,1998-07-31,Phoenix Mercury,56,Los Angeles Sparks,71,-15.0,15.0,0,1,111,221,W,L,W vs. Phoenix Mercury 71-56,L @ Los Angeles Sparks 56-71
1998,1998-08-01,Los Angeles Sparks,73,Utah Starzz,65,8.0,-8.0,1,0,112,222,L,W,L vs. Los Angeles Sparks 65-73,W @ Utah Starzz 73-65
1998,1998-08-01,New York Liberty,67,Washington Mystics,53,14.0,-14.0,1,0,112,223,L,W,L vs. New York Liberty 53-67,W @ Washington Mystics 67-53
1998,1998-08-01,Cleveland Rockers,74,Houston Comets,71,3.0,-3.0,1,0,112,224,L,W,L vs. Cleveland Rockers 71-74,W @ Houston Comets 74-71
1998,1998-08-02,Sacramento Monarchs,53,Houston Comets,70,-17.0,17.0,0,1,113,225,W,L,W vs. Sacramento Monarchs 70-53,L @ Houston Comets 53-70
1998,1998-08-02,Charlotte Sting,67,New York Liberty,85,-18.0,18.0,0,1,113,226,W,L,W vs. Charlotte Sting 85-67,L @ New York Liberty 67-85
1998,1998-08-03,Washington Mystics,72,Los Angeles Sparks,86,-14.0,14.0,0,1,114,227,W,L,W vs. Washington Mystics 86-72,L @ Los Angeles Sparks 72-86
1998,1998-08-03,Detroit Shock,68,Charlotte Sting,71,-3.0,3.0,0,1,114,228,W,L,W vs. Detroit Shock 71-68,L @ Charlotte Sting 68-71
1998,1998-08-04,Houston Comets,77,Utah Starzz,57,20.0,-20.0,1,0,115,229,L,W,L vs. Houston Comets 57-77,W @ Utah Starzz 77-57
1998,1998-08-04,Cleveland Rockers,72,Sacramento Monarchs,60,12.0,-12.0,1,0,115,230,L,W,L vs. Cleveland Rockers 60-72,W @ Sacramento Monarchs 72-60
1998,1998-08-04,Washington Mystics,59,Phoenix Mercury,88,-29.0,29.0,0,1,115,231,W,L,W vs. Washington Mystics 88-59,L @ Phoenix Mercury 59-88
1998,1998-08-05,Los Angeles Sparks,61,Detroit Shock,73,-12.0,12.0,0,1,116,232,W,L,W vs. Los Angeles Sparks 73-61,L @ Detroit Shock 61-73
1998,1998-08-05,New York Liberty,61,Charlotte Sting,69,-8.0,8.0,0,1,116,233,W,L,W vs. New York Liberty 69-61,L @ Charlotte Sting 61-69
1998,1998-08-06,Phoenix Mercury,64,Houston Comets,75,-11.0,11.0,0,1,117,234,W,L,W vs. Phoenix Mercury 75-64,L @ Houston Comets 64-75
1998,1998-08-06,Cleveland Rockers,79,Utah Starzz,69,10.0,-10.0,1,0,117,235,L,W,L vs. Cleveland Rockers 69-79,W @ Utah Starzz 79-69
1998,1998-08-07,Houston Comets,61,Detroit Shock,57,4.0,-4.0,1,0,118,236,L,W,L vs. Houston Comets 57-61,W @ Detroit Shock 61-57
1998,1998-08-07,Washington Mystics,55,Sacramento Monarchs,76,-21.0,21.0,0,1,118,237,W,L,W vs. Washington Mystics 76-55,L @ Sacramento Monarchs 55-76
1998,1998-08-08,Los Angeles Sparks,62,New York Liberty,80,-18.0,18.0,0,1,119,238,W,L,W vs. Los Angeles Sparks 80-62,L @ New York Liberty 62-80
1998,1998-08-08,Utah Starzz,62,Phoenix Mercury,68,-6.0,6.0,0,1,119,239,W,L,W vs. Utah Starzz 68-62,L @ Phoenix Mercury 62-68
1998,1998-08-08,Charlotte Sting,58,Cleveland Rockers,65,-7.0,7.0,0,1,119,240,W,L,W vs. Charlotte Sting 65-58,L @ Cleveland Rockers 58-65
1998,1998-08-09,Los Angeles Sparks,74,Washington Mystics,76,-2.0,2.0,0,1,120,241,W,L,W vs. Los Angeles Sparks 76-74,L @ Washington Mystics 74-76
1998,1998-08-10,Detroit Shock,77,Utah Starzz,73,4.0,-4.0,1,0,121,242,L,W,L vs. Detroit Shock 73-77,W @ Utah Starzz 77-73
1998,1998-08-10,Charlotte Sting,67,Houston Comets,70,-3.0,3.0,0,1,121,243,W,L,W vs. Charlotte Sting 70-67,L @ Houston Comets 67-70
1998,1998-08-10,Phoenix Mercury,82,Cleveland Rockers,80,2.0,-2.0,1,0,121,244,L,W,L vs. Phoenix Mercury 80-82,W @ Cleveland Rockers 82-80
1998,1998-08-11,Phoenix Mercury,78,New York Liberty,79,-1.0,1.0,0,1,122,245,W,L,W vs. Phoenix Mercury 79-78,L @ New York Liberty 78-79
1998,1998-08-11,Detroit Shock,50,Sacramento Monarchs,41,9.0,-9.0,1,0,122,246,L,W,L vs. Detroit Shock 41-50,W @ Sacramento Monarchs 50-41
1998,1998-08-12,Cleveland Rockers,75,Washington Mystics,55,20.0,-20.0,1,0,123,247,L,W,L vs. Cleveland Rockers 55-75,W @ Washington Mystics 75-55
1998,1998-08-12,Los Angeles Sparks,65,Charlotte Sting,52,13.0,-13.0,1,0,123,248,L,W,L vs. Los Angeles Sparks 52-65,W @ Charlotte Sting 65-52
1998,1998-08-12,Sacramento Monarchs,71,Utah Starzz,81,-10.0,10.0,0,1,123,249,W,L,W vs. Sacramento Monarchs 81-71,L @ Utah Starzz 71-81
1998,1998-08-13,Washington Mystics,45,New York Liberty,88,-43.0,43.0,0,1,124,250,W,L,W vs. Washington Mystics 88-45,L @ New York Liberty 45-88
1998,1998-08-14,Detroit Shock,59,Phoenix Mercury,84,-25.0,25.0,0,1,125,251,W,L,W vs. Detroit Shock 84-59,L @ Phoenix Mercury 59-84
1998,1998-08-14,Cleveland Rockers,85,Charlotte Sting,72,13.0,-13.0,1,0,125,252,L,W,L vs. Cleveland Rockers 72-85,W @ Charlotte Sting 85-72
1998,1998-08-14,Utah Starzz,67,Los Angeles Sparks,87,-20.0,20.0,0,1,125,253,W,L,W vs. Utah Starzz 87-67,L @ Los Angeles Sparks 67-87
1998,1998-08-15,Houston Comets,54,New York Liberty,70,-16.0,16.0,0,1,126,254,W,L,W vs. Houston Comets 70-54,L @ New York Liberty 54-70
1998,1998-08-15,Washington Mystics,71,Cleveland Rockers,90,-19.0,19.0,0,1,126,255,W,L,W vs. Washington Mystics 90-71,L @ Cleveland Rockers 71-90
1998,1998-08-15,Utah Starzz,55,Sacramento Monarchs,82,-27.0,27.0,0,1,126,256,W,L,W vs. Utah Starzz 82-55,L @ Sacramento Monarchs 55-82
1998,1998-08-16,Detroit Shock,77,Los Angeles Sparks,76,1.0,-1.0,1,0,127,257,L,W,L vs. Detroit Shock 76-77,W @ Los Angeles Sparks 77-76
1998,1998-08-16,Phoenix Mercury,85,Sacramento Monarchs,69,16.0,-16.0,1,0,127,258,L,W,L vs. Phoenix Mercury 69-85,W @ Sacramento Monarchs 85-69
1998,1998-08-17,Cleveland Rockers,70,New York Liberty,64,6.0,-6.0,1,0,128,259,L,W,L vs. Cleveland Rockers 64-70,W @ New York Liberty 70-64
1998,1998-08-17,Houston Comets,110,Washington Mystics,65,45.0,-45.0,1,0,128,260,L,W,L vs. Houston Comets 65-110,W @ Washington Mystics 110-65
1998,1998-08-17,Phoenix Mercury,75,Utah Starzz,64,11.0,-11.0,1,0,128,261,L,W,L vs. Phoenix Mercury 64-75,W @ Utah Starzz 75-64
1998,1998-08-19,New York Liberty,68,Detroit Shock,82,-14.0,14.0,0,1,129,262,W,L,W vs. New York Liberty 82-68,L @ Detroit Shock 68-82
1998,1998-08-19,Los Angeles Sparks,71,Houston Comets,80,-9.0,9.0,0,1,129,263,W,L,W vs. Los Angeles Sparks 80-71,L @ Houston Comets 71-80
1998,1998-08-19,Sacramento Monarchs,62,Phoenix Mercury,71,-9.0,9.0,0,1,129,264,W,L,W vs. Sacramento Monarchs 71-62,L @ Phoenix Mercury 62-71
1998,1998-08-19,Charlotte Sting,105,Washington Mystics,69,36.0,-36.0,1,0,129,265,L,W,L vs. Charlotte Sting 69-105,W @ Washington Mystics 105-69
1998,1998-08-22,Cleveland Rockers,68,Phoenix Mercury,78,-10.0,10.0,0,1,130,266,W,L,W vs. Cleveland Rockers 78-68,L @ Phoenix Mercury 68-78
1998,1998-08-22,Houston Comets,85,Charlotte Sting,71,14.0,-14.0,1,0,130,267,L,W,L vs. Houston Comets 71-85,W @ Charlotte Sting 85-71
1998,1998-08-24,Phoenix Mercury,66,Cleveland Rockers,67,-1.0,1.0,0,1,131,268,W,L,W vs. Phoenix Mercury 67-66,L @ Cleveland Rockers 66-67
1998,1998-08-24,Charlotte Sting,61,Houston Comets,77,-16.0,16.0,0,1,131,269,W,L,W vs. Charlotte Sting 77-61,L @ Houston Comets 61-77
1998,1998-08-25,Phoenix Mercury,71,Cleveland Rockers,60,11.0,-11.0,1,0,132,270,L,W,L vs. Phoenix Mercury 60-71,W @ Cleveland Rockers 71-60
1998,1998-08-27,Houston Comets,51,Phoenix Mercury,54,-3.0,3.0,0,1,133,271,W,L,W vs. Houston Comets 54-51,L @ Phoenix Mercury 51-54
1998,1998-08-29,Phoenix Mercury,69,Houston Comets,74,-5.0,5.0,0,1,134,272,W,L,W vs. Phoenix Mercury 74-69,L @ Houston Comets 69-74
1998,1998-09-01,Phoenix Mercury,71,Houston Comets,80,-9.0,9.0,0,1,135,273,W,L,W vs. Phoenix Mercury 80-71,L @ Houston Comets 71-80
1999,1999-06-10,Houston Comets,77,Orlando Miracle,63,14.0,-14.0,1,0,136,274,L,W,L vs. Houston Comets 63-77,W @ Orlando Miracle 77-63
1999,1999-06-10,Sacramento Monarchs,78,Los Angeles Sparks,100,-22.0,22.0,0,1,136,275,W,L,W vs. Sacramento Monarchs 100-78,L @ Los Angeles Sparks 78-100
1999,1999-06-10,Cleveland Rockers,60,New York Liberty,87,-27.0,27.0,0,1,136,276,W,L,W vs. Cleveland Rockers 87-60,L @ New York Liberty 60-87
1999,1999-06-10,Charlotte Sting,83,Washington Mystics,73,10.0,-10.0,1,0,136,277,L,W,L vs. Charlotte Sting 73-83,W @ Washington Mystics 83-73
1999,1999-06-12,Los Angeles Sparks,75,Cleveland Rockers,59,16.0,-16.0,1,0,137,278,L,W,L vs. Los Angeles Sparks 59-75,W @ Cleveland Rockers 75-59
1999,1999-06-12,Phoenix Mercury,85,Sacramento Monarchs,96,-11.0,11.0,0,1,137,279,W,L,W vs. Phoenix Mercury 96-85,L @ Sacramento Monarchs 85-96
1999,1999-06-12,Orlando Miracle,65,Utah Starzz,71,-6.0,6.0,0,1,137,280,W,L,W vs. Orlando Miracle 71-65,L @ Utah Starzz 65-71
1999,1999-06-12,Washington Mystics,63,Houston Comets,88,-25.0,25.0,0,1,137,281,W,L,W vs. Washington Mystics 88-63,L @ Houston Comets 63-88
1999,1999-06-12,Detroit Shock,51,Minnesota Lynx,68,-17.0,17.0,0,1,137,282,W,L,W vs. Detroit Shock 68-51,L @ Minnesota Lynx 51-68
1999,1999-06-12,New York Liberty,68,Charlotte Sting,57,11.0,-11.0,1,0,137,283,L,W,L vs. New York Liberty 57-68,W @ Charlotte Sting 68-57
1999,1999-06-14,Detroit Shock,73,Cleveland Rockers,71,2.0,-2.0,1,0,138,284,L,W,L vs. Detroit Shock 71-73,W @ Cleveland Rockers 73-71
1999,1999-06-14,Sacramento Monarchs,74,Phoenix Mercury,64,10.0,-10.0,1,0,138,285,L,W,L vs. Sacramento Monarchs 64-74,W @ Phoenix Mercury 74-64
1999,1999-06-14,Washington Mystics,83,New York Liberty,61,22.0,-22.0,1,0,138,286,L,W,L vs. Washington Mystics 61-83,W @ New York Liberty 83-61
1999,1999-06-14,Utah Starzz,54,Minnesota Lynx,78,-24.0,24.0,0,1,138,287,W,L,W vs. Utah Starzz 78-54,L @ Minnesota Lynx 54-78
1999,1999-06-15,Los Angeles Sparks,86,Orlando Miracle,88,-2.0,2.0,0,1,139,288,W,L,W vs. Los Angeles Sparks 88-86,L @ Orlando Miracle 86-88
1999,1999-06-17,Utah Starzz,73,Houston Comets,93,-20.0,20.0,0,1,140,289,W,L,W vs. Utah Starzz 93-73,L @ Houston Comets 73-93
1999,1999-06-17,Orlando Miracle,74,Detroit Shock,79,-5.0,5.0,0,1,140,290,W,L,W vs. Orlando Miracle 79-74,L @ Detroit Shock 74-79
1999,1999-06-17,Cleveland Rockers,50,Sacramento Monarchs,70,-20.0,20.0,0,1,140,291,W,L,W vs. Cleveland Rockers 70-50,L @ Sacramento Monarchs 50-70
1999,1999-06-18,Los Angeles Sparks,72,New York Liberty,84,-12.0,12.0,0,1,141,292,W,L,W vs. Los Angeles Sparks 84-72,L @ New York Liberty 72-84
1999,1999-06-18,Detroit Shock,76,Washington Mystics,69,7.0,-7.0,1,0,141,293,L,W,L vs. Detroit Shock 69-76,W @ Washington Mystics 76-69
1999,1999-06-19,Washington Mystics,68,Orlando Miracle,73,-5.0,5.0,0,1,142,294,W,L,W vs. Washington Mystics 73-68,L @ Orlando Miracle 68-73
1999,1999-06-19,Cleveland Rockers,67,Phoenix Mercury,76,-9.0,9.0,0,1,142,295,W,L,W vs. Cleveland Rockers 76-67,L @ Phoenix Mercury 67-76
1999,1999-06-19,Houston Comets,69,Minnesota Lynx,55,14.0,-14.0,1,0,142,296,L,W,L vs. Houston Comets 55-69,W @ Minnesota Lynx 69-55
1999,1999-06-19,Sacramento Monarchs,75,Utah Starzz,85,-10.0,10.0,0,1,142,297,W,L,W vs. Sacramento Monarchs 85-75,L @ Utah Starzz 75-85
1999,1999-06-19,Los Angeles Sparks,73,Charlotte Sting,69,4.0,-4.0,1,0,142,298,L,W,L vs. Los Angeles Sparks 69-73,W @ Charlotte Sting 73-69
1999,1999-06-20,Detroit Shock,62,New York Liberty,69,-7.0,7.0,0,1,143,299,W,L,W vs. Detroit Shock 69-62,L @ New York Liberty 62-69
1999,1999-06-21,Phoenix Mercury,76,Orlando Miracle,80,-4.0,4.0,0,1,144,300,W,L,W vs. Phoenix Mercury 80-76,L @ Orlando Miracle 76-80
1999,1999-06-22,Orlando Miracle,71,Cleveland Rockers,62,9.0,-9.0,1,0,145,301,L,W,L vs. Orlando Miracle 62-71,W @ Cleveland Rockers 71-62
1999,1999-06-22,Phoenix Mercury,79,Washington Mystics,76,3.0,-3.0,1,0,145,302,L,W,L vs. Phoenix Mercury 76-79,W @ Washington Mystics 79-76
1999,1999-06-22,Minnesota Lynx,62,Sacramento Monarchs,79,-17.0,17.0,0,1,145,303,W,L,W vs. Minnesota Lynx 79-62,L @ Sacramento Monarchs 62-79
1999,1999-06-22,Los Angeles Sparks,76,Houston Comets,84,-8.0,8.0,0,1,145,304,W,L,W vs. Los Angeles Sparks 84-76,L @ Houston Comets 76-84
1999,1999-06-22,Charlotte Sting,69,Detroit Shock,75,-6.0,6.0,0,1,145,305,W,L,W vs. Charlotte Sting 75-69,L @ Detroit Shock 69-75
1999,1999-06-24,Houston Comets,77,Detroit Shock,65,12.0,-12.0,1,0,146,306,L,W,L vs. Houston Comets 65-77,W @ Detroit Shock 77-65
1999,1999-06-24,Minnesota Lynx,86,Los Angeles Sparks,73,13.0,-13.0,1,0,146,307,L,W,L vs. Minnesota Lynx 73-86,W @ Los Angeles Sparks 86-73
1999,1999-06-24,Utah Starzz,69,Sacramento Monarchs,107,-38.0,38.0,0,1,146,308,W,L,W vs. Utah Starzz 107-69,L @ Sacramento Monarchs 69-107
1999,1999-06-24,Phoenix Mercury,72,Charlotte Sting,88,-16.0,16.0,0,1,146,309,W,L,W vs. Phoenix Mercury 88-72,L @ Charlotte Sting 72-88
1999,1999-06-25,Houston Comets,72,Washington Mystics,69,3.0,-3.0,1,0,147,310,L,W,L vs. Houston Comets 69-72,W @ Washington Mystics 72-69
1999,1999-06-25,Charlotte Sting,59,Cleveland Rockers,57,2.0,-2.0,1,0,147,311,L,W,L vs. Charlotte Sting 57-59,W @ Cleveland Rockers 59-57
1999,1999-06-26,Phoenix Mercury,66,Detroit Shock,60,6.0,-6.0,1,0,148,312,L,W,L vs. Phoenix Mercury 60-66,W @ Detroit Shock 66-60
1999,1999-06-26,Los Angeles Sparks,76,Sacramento Monarchs,73,3.0,-3.0,1,0,148,313,L,W,L vs. Los Angeles Sparks 73-76,W @ Sacramento Monarchs 76-73
1999,1999-06-26,Minnesota Lynx,72,Utah Starzz,62,10.0,-10.0,1,0,148,314,L,W,L vs. Minnesota Lynx 62-72,W @ Utah Starzz 72-62
1999,1999-06-26,Washington Mystics,65,Cleveland Rockers,76,-11.0,11.0,0,1,148,315,W,L,W vs. Washington Mystics 76-65,L @ Cleveland Rockers 65-76
1999,1999-06-27,Charlotte Sting,58,New York Liberty,72,-14.0,14.0,0,1,149,316,W,L,W vs. Charlotte Sting 72-58,L @ New York Liberty 58-72
1999,1999-06-28,Utah Starzz,70,Los Angeles Sparks,102,-32.0,32.0,0,1,150,317,W,L,W vs. Utah Starzz 102-70,L @ Los Angeles Sparks 70-102
1999,1999-06-28,Phoenix Mercury,51,Cleveland Rockers,70,-19.0,19.0,0,1,150,318,W,L,W vs. Phoenix Mercury 70-51,L @ Cleveland Rockers 51-70
1999,1999-06-28,New York Liberty,71,Detroit Shock,91,-20.0,20.0,0,1,150,319,W,L,W vs. New York Liberty 91-71,L @ Detroit Shock 71-91
1999,1999-06-28,Orlando Miracle,68,Houston Comets,66,2.0,-2.0,1,0,150,320,L,W,L vs. Orlando Miracle 66-68,W @ Houston Comets 68-66
1999,1999-06-29,Sacramento Monarchs,86,Minnesota Lynx,72,14.0,-14.0,1,0,151,321,L,W,L vs. Sacramento Monarchs 72-86,W @ Minnesota Lynx 86-72
1999,1999-06-30,Houston Comets,78,Utah Starzz,68,10.0,-10.0,1,0,152,322,L,W,L vs. Houston Comets 68-78,W @ Utah Starzz 78-68
1999,1999-06-30,Washington Mystics,68,Charlotte Sting,63,5.0,-5.0,1,0,152,323,L,W,L vs. Washington Mystics 63-68,W @ Charlotte Sting 68-63
1999,1999-07-01,Phoenix Mercury,67,New York Liberty,83,-16.0,16.0,0,1,153,324,W,L,W vs. Phoenix Mercury 83-67,L @ New York Liberty 67-83
1999,1999-07-01,Cleveland Rockers,64,Houston Comets,76,-12.0,12.0,0,1,153,325,W,L,W vs. Cleveland Rockers 76-64,L @ Houston Comets 64-76
1999,1999-07-01,Los Angeles Sparks,81,Minnesota Lynx,77,4.0,-4.0,1,0,153,326,L,W,L vs. Los Angeles Sparks 77-81,W @ Minnesota Lynx 81-77
1999,1999-07-02,Sacramento Monarchs,79,Washington Mystics,74,5.0,-5.0,1,0,154,327,L,W,L vs. Sacramento Monarchs 74-79,W @ Washington Mystics 79-74
1999,1999-07-02,Los Angeles Sparks,91,Detroit Shock,81,10.0,-10.0,1,0,154,328,L,W,L vs. Los Angeles Sparks 81-91,W @ Detroit Shock 91-81
1999,1999-07-02,Cleveland Rockers,68,Utah Starzz,83,-15.0,15.0,0,1,154,329,W,L,W vs. Cleveland Rockers 83-68,L @ Utah Starzz 68-83
1999,1999-07-03,Phoenix Mercury,47,Minnesota Lynx,56,-9.0,9.0,0,1,155,330,W,L,W vs. Phoenix Mercury 56-47,L @ Minnesota Lynx 47-56
1999,1999-07-03,Charlotte Sting,75,Orlando Miracle,58,17.0,-17.0,1,0,155,331,L,W,L vs. Charlotte Sting 58-75,W @ Orlando Miracle 75-58
1999,1999-07-03,New York Liberty,50,Houston Comets,65,-15.0,15.0,0,1,155,332,W,L,W vs. New York Liberty 65-50,L @ Houston Comets 50-65
1999,1999-07-04,Sacramento Monarchs,92,Detroit Shock,78,14.0,-14.0,1,0,156,333,L,W,L vs. Sacramento Monarchs 78-92,W @ Detroit Shock 92-78
1999,1999-07-05,Cleveland Rockers,72,Los Angeles Sparks,74,-2.0,2.0,0,1,157,334,W,L,W vs. Cleveland Rockers 74-72,L @ Los Angeles Sparks 72-74
1999,1999-07-05,Sacramento Monarchs,63,New York Liberty,76,-13.0,13.0,0,1,157,335,W,L,W vs. Sacramento Monarchs 76-63,L @ New York Liberty 63-76
1999,1999-07-06,Detroit Shock,94,Utah Starzz,104,-10.0,10.0,0,1,158,336,W,L,W vs. Detroit Shock 104-94,L @ Utah Starzz 94-104
1999,1999-07-06,New York Liberty,63,Washington Mystics,71,-8.0,8.0,0,1,158,337,W,L,W vs. New York Liberty 71-63,L @ Washington Mystics 63-71
1999,1999-07-06,Minnesota Lynx,54,Houston Comets,80,-26.0,26.0,0,1,158,338,W,L,W vs. Minnesota Lynx 80-54,L @ Houston Comets 54-80
1999,1999-07-07,Minnesota Lynx,71,Orlando Miracle,66,5.0,-5.0,1,0,159,339,L,W,L vs. Minnesota Lynx 66-71,W @ Orlando Miracle 71-66
1999,1999-07-07,Los Angeles Sparks,67,Phoenix Mercury,61,6.0,-6.0,1,0,159,340,L,W,L vs. Los Angeles Sparks 61-67,W @ Phoenix Mercury 67-61
1999,1999-07-07,Cleveland Rockers,62,Charlotte Sting,75,-13.0,13.0,0,1,159,341,W,L,W vs. Cleveland Rockers 75-62,L @ Charlotte Sting 62-75
1999,1999-07-08,Houston Comets,63,Sacramento Monarchs,74,-11.0,11.0,0,1,160,342,W,L,W vs. Houston Comets 74-63,L @ Sacramento Monarchs 63-74
1999,1999-07-08,Utah Starzz,81,Washington Mystics,65,16.0,-16.0,1,0,160,343,L,W,L vs. Utah Starzz 65-81,W @ Washington Mystics 81-65
1999,1999-07-08,New York Liberty,84,Cleveland Rockers,49,35.0,-35.0,1,0,160,344,L,W,L vs. New York Liberty 49-84,W @ Cleveland Rockers 84-49
1999,1999-07-09,Houston Comets,71,Phoenix Mercury,70,1.0,-1.0,1,0,161,345,L,W,L vs. Houston Comets 70-71,W @ Phoenix Mercury 71-70
1999,1999-07-09,Sacramento Monarchs,77,Los Angeles Sparks,72,5.0,-5.0,1,0,161,346,L,W,L vs. Sacramento Monarchs 72-77,W @ Los Angeles Sparks 77-72
1999,1999-07-09,Orlando Miracle,66,Charlotte Sting,61,5.0,-5.0,1,0,161,347,L,W,L vs. Orlando Miracle 61-66,W @ Charlotte Sting 66-61
1999,1999-07-10,Charlotte Sting,56,Cleveland Rockers,82,-26.0,26.0,0,1,162,348,W,L,W vs. Charlotte Sting 82-56,L @ Cleveland Rockers 56-82
1999,1999-07-10,Utah Starzz,56,Orlando Miracle,62,-6.0,6.0,0,1,162,349,W,L,W vs. Utah Starzz 62-56,L @ Orlando Miracle 56-62
1999,1999-07-10,Washington Mystics,83,Detroit Shock,78,5.0,-5.0,1,0,162,350,L,W,L vs. Washington Mystics 78-83,W @ Detroit Shock 83-78
1999,1999-07-11,Sacramento Monarchs,63,Houston Comets,68,-5.0,5.0,0,1,163,351,W,L,W vs. Sacramento Monarchs 68-63,L @ Houston Comets 63-68
1999,1999-07-11,Minnesota Lynx,58,New York Liberty,56,2.0,-2.0,1,0,163,352,L,W,L vs. Minnesota Lynx 56-58,W @ New York Liberty 58-56
1999,1999-07-11,Phoenix Mercury,58,Los Angeles Sparks,67,-9.0,9.0,0,1,163,353,W,L,W vs. Phoenix Mercury 67-58,L @ Los Angeles Sparks 58-67
1999,1999-07-12,Phoenix Mercury,80,Utah Starzz,66,14.0,-14.0,1,0,164,354,L,W,L vs. Phoenix Mercury 66-80,W @ Utah Starzz 80-66
1999,1999-07-12,Minnesota Lynx,55,Cleveland Rockers,67,-12.0,12.0,0,1,164,355,W,L,W vs. Minnesota Lynx 67-55,L @ Cleveland Rockers 55-67
1999,1999-07-12,Detroit Shock,76,Orlando Miracle,67,9.0,-9.0,1,0,164,356,L,W,L vs. Detroit Shock 67-76,W @ Orlando Miracle 76-67
1999,1999-07-12,Charlotte Sting,71,Washington Mystics,74,-3.0,3.0,0,1,164,357,W,L,W vs. Charlotte Sting 74-71,L @ Washington Mystics 71-74
1999,1999-07-16,Sacramento Monarchs,85,Cleveland Rockers,71,14.0,-14.0,1,0,165,358,L,W,L vs. Sacramento Monarchs 71-85,W @ Cleveland Rockers 85-71
1999,1999-07-16,Detroit Shock,78,Washington Mystics,68,10.0,-10.0,1,0,165,359,L,W,L vs. Detroit Shock 68-78,W @ Washington Mystics 78-68
1999,1999-07-16,Houston Comets,88,Utah Starzz,84,4.0,-4.0,1,0,165,360,L,W,L vs. Houston Comets 84-88,W @ Utah Starzz 88-84
1999,1999-07-16,Charlotte Sting,56,Orlando Miracle,50,6.0,-6.0,1,0,165,361,L,W,L vs. Charlotte Sting 50-56,W @ Orlando Miracle 56-50
1999,1999-07-17,Cleveland Rockers,61,Detroit Shock,77,-16.0,16.0,0,1,166,362,W,L,W vs. Cleveland Rockers 77-61,L @ Detroit Shock 61-77
1999,1999-07-17,Washington Mystics,56,Charlotte Sting,63,-7.0,7.0,0,1,166,363,W,L,W vs. Washington Mystics 63-56,L @ Charlotte Sting 56-63
1999,1999-07-17,New York Liberty,58,Minnesota Lynx,60,-2.0,2.0,0,1,166,364,W,L,W vs. New York Liberty 60-58,L @ Minnesota Lynx 58-60
1999,1999-07-17,Los Angeles Sparks,76,Phoenix Mercury,84,-8.0,8.0,0,1,166,365,W,L,W vs. Los Angeles Sparks 84-76,L @ Phoenix Mercury 76-84
1999,1999-07-17,Sacramento Monarchs,76,Orlando Miracle,70,6.0,-6.0,1,0,166,366,L,W,L vs. Sacramento Monarchs 70-76,W @ Orlando Miracle 76-70
1999,1999-07-18,Utah Starzz,82,New York Liberty,88,-6.0,6.0,0,1,167,367,W,L,W vs. Utah Starzz 88-82,L @ New York Liberty 82-88
1999,1999-07-18,Houston Comets,65,Los Angeles Sparks,78,-13.0,13.0,0,1,167,368,W,L,W vs. Houston Comets 78-65,L @ Los Angeles Sparks 65-78
1999,1999-07-19,Sacramento Monarchs,69,Minnesota Lynx,76,-7.0,7.0,0,1,168,369,W,L,W vs. Sacramento Monarchs 76-69,L @ Minnesota Lynx 69-76
1999,1999-07-19,Utah Starzz,66,Charlotte Sting,73,-7.0,7.0,0,1,168,370,W,L,W vs. Utah Starzz 73-66,L @ Charlotte Sting 66-73
1999,1999-07-19,Orlando Miracle,77,Washington Mystics,52,25.0,-25.0,1,0,168,371,L,W,L vs. Orlando Miracle 52-77,W @ Washington Mystics 77-52
1999,1999-07-19,Houston Comets,48,Phoenix Mercury,60,-12.0,12.0,0,1,168,372,W,L,W vs. Houston Comets 60-48,L @ Phoenix Mercury 48-60
1999,1999-07-20,Orlando Miracle,56,New York Liberty,61,-5.0,5.0,0,1,169,373,W,L,W vs. Orlando Miracle 61-56,L @ New York Liberty 56-61
1999,1999-07-21,Minnesota Lynx,76,Charlotte Sting,67,9.0,-9.0,1,0,170,374,L,W,L vs. Minnesota Lynx 67-76,W @ Charlotte Sting 76-67
1999,1999-07-21,Cleveland Rockers,85,Washington Mystics,68,17.0,-17.0,1,0,170,375,L,W,L vs. Cleveland Rockers 68-85,W @ Washington Mystics 85-68
1999,1999-07-21,Phoenix Mercury,63,Los Angeles Sparks,84,-21.0,21.0,0,1,170,376,W,L,W vs. Phoenix Mercury 84-63,L @ Los Angeles Sparks 63-84
1999,1999-07-21,Utah Starzz,77,Detroit Shock,86,-9.0,9.0,0,1,170,377,W,L,W vs. Utah Starzz 86-77,L @ Detroit Shock 77-86
1999,1999-07-22,New York Liberty,55,Sacramento Monarchs,71,-16.0,16.0,0,1,171,378,W,L,W vs. New York Liberty 71-55,L @ Sacramento Monarchs 55-71
1999,1999-07-23,Washington Mystics,60,Minnesota Lynx,55,5.0,-5.0,1,0,172,379,L,W,L vs. Washington Mystics 55-60,W @ Minnesota Lynx 60-55
1999,1999-07-23,Orlando Miracle,67,Phoenix Mercury,73,-6.0,6.0,0,1,172,380,W,L,W vs. Orlando Miracle 73-67,L @ Phoenix Mercury 67-73
1999,1999-07-23,Houston Comets,75,Charlotte Sting,62,13.0,-13.0,1,0,172,381,L,W,L vs. Houston Comets 62-75,W @ Charlotte Sting 75-62
1999,1999-07-23,Detroit Shock,69,Cleveland Rockers,60,9.0,-9.0,1,0,172,382,L,W,L vs. Detroit Shock 60-69,W @ Cleveland Rockers 69-60
1999,1999-07-24,Utah Starzz,76,Cleveland Rockers,70,6.0,-6.0,1,0,173,383,L,W,L vs. Utah Starzz 70-76,W @ Cleveland Rockers 76-70
1999,1999-07-24,New York Liberty,72,Los Angeles Sparks,75,-3.0,3.0,0,1,173,384,W,L,W vs. New York Liberty 75-72,L @ Los Angeles Sparks 72-75
1999,1999-07-24,Orlando Miracle,73,Sacramento Monarchs,64,9.0,-9.0,1,0,173,385,L,W,L vs. Orlando Miracle 64-73,W @ Sacramento Monarchs 73-64
1999,1999-07-25,Washington Mystics,59,Phoenix Mercury,72,-13.0,13.0,0,1,174,386,W,L,W vs. Washington Mystics 72-59,L @ Phoenix Mercury 59-72
1999,1999-07-25,Houston Comets,62,Minnesota Lynx,57,5.0,-5.0,1,0,174,387,L,W,L vs. Houston Comets 57-62,W @ Minnesota Lynx 62-57
1999,1999-07-25,Charlotte Sting,78,Detroit Shock,66,12.0,-12.0,1,0,174,388,L,W,L vs. Charlotte Sting 66-78,W @ Detroit Shock 78-66
1999,1999-07-26,Washington Mystics,61,Utah Starzz,73,-12.0,12.0,0,1,175,389,W,L,W vs. Washington Mystics 73-61,L @ Utah Starzz 61-73
1999,1999-07-26,Charlotte Sting,75,New York Liberty,69,6.0,-6.0,1,0,175,390,L,W,L vs. Charlotte Sting 69-75,W @ New York Liberty 75-69
1999,1999-07-27,Minnesota Lynx,61,Sacramento Monarchs,59,2.0,-2.0,1,0,176,391,L,W,L vs. Minnesota Lynx 59-61,W @ Sacramento Monarchs 61-59
1999,1999-07-27,Utah Starzz,73,Phoenix Mercury,86,-13.0,13.0,0,1,176,392,W,L,W vs. Utah Starzz 86-73,L @ Phoenix Mercury 73-86
1999,1999-07-27,Orlando Miracle,60,Los Angeles Sparks,81,-21.0,21.0,0,1,176,393,W,L,W vs. Orlando Miracle 81-60,L @ Los Angeles Sparks 60-81
1999,1999-07-27,Detroit Shock,46,Houston Comets,85,-39.0,39.0,0,1,176,394,W,L,W vs. Detroit Shock 85-46,L @ Houston Comets 46-85
1999,1999-07-28,Detroit Shock,65,Charlotte Sting,84,-19.0,19.0,0,1,177,395,W,L,W vs. Detroit Shock 84-65,L @ Charlotte Sting 65-84
1999,1999-07-29,Minnesota Lynx,46,Phoenix Mercury,79,-33.0,33.0,0,1,178,396,W,L,W vs. Minnesota Lynx 79-46,L @ Phoenix Mercury 46-79
1999,1999-07-29,Washington Mystics,54,Sacramento Monarchs,70,-16.0,16.0,0,1,178,397,W,L,W vs. Washington Mystics 70-54,L @ Sacramento Monarchs 54-70
1999,1999-07-29,Houston Comets,71,Cleveland Rockers,65,6.0,-6.0,1,0,178,398,L,W,L vs. Houston Comets 65-71,W @ Cleveland Rockers 71-65
1999,1999-07-29,New York Liberty,73,Orlando Miracle,65,8.0,-8.0,1,0,178,399,L,W,L vs. New York Liberty 65-73,W @ Orlando Miracle 73-65
1999,1999-07-30,New York Liberty,58,Charlotte Sting,62,-4.0,4.0,0,1,179,400,W,L,W vs. New York Liberty 62-58,L @ Charlotte Sting 58-62
1999,1999-07-30,Utah Starzz,77,Los Angeles Sparks,87,-10.0,10.0,0,1,179,401,W,L,W vs. Utah Starzz 87-77,L @ Los Angeles Sparks 77-87
1999,1999-07-31,Washington Mystics,64,Los Angeles Sparks,81,-17.0,17.0,0,1,180,402,W,L,W vs. Washington Mystics 81-64,L @ Los Angeles Sparks 64-81
1999,1999-07-31,Sacramento Monarchs,59,Utah Starzz,63,-4.0,4.0,0,1,180,403,W,L,W vs. Sacramento Monarchs 63-59,L @ Utah Starzz 59-63
1999,1999-07-31,Cleveland Rockers,55,Detroit Shock,53,2.0,-2.0,1,0,180,404,L,W,L vs. Cleveland Rockers 53-55,W @ Detroit Shock 55-53
1999,1999-07-31,Charlotte Sting,56,Minnesota Lynx,52,4.0,-4.0,1,0,180,405,L,W,L vs. Charlotte Sting 52-56,W @ Minnesota Lynx 56-52
1999,1999-07-31,Phoenix Mercury,70,Houston Comets,77,-7.0,7.0,0,1,180,406,W,L,W vs. Phoenix Mercury 77-70,L @ Houston Comets 70-77
1999,1999-08-01,Orlando Miracle,61,New York Liberty,74,-13.0,13.0,0,1,181,407,W,L,W vs. Orlando Miracle 74-61,L @ New York Liberty 61-74
1999,1999-08-02,Phoenix Mercury,56,Minnesota Lynx,73,-17.0,17.0,0,1,182,408,W,L,W vs. Phoenix Mercury 73-56,L @ Minnesota Lynx 56-73
1999,1999-08-02,Washington Mystics,75,Detroit Shock,70,5.0,-5.0,1,0,182,409,L,W,L vs. Washington Mystics 70-75,W @ Detroit Shock 75-70
1999,1999-08-02,Cleveland Rockers,56,Charlotte Sting,62,-6.0,6.0,0,1,182,410,W,L,W vs. Cleveland Rockers 62-56,L @ Charlotte Sting 56-62
1999,1999-08-02,Sacramento Monarchs,70,Houston Comets,75,-5.0,5.0,0,1,182,411,W,L,W vs. Sacramento Monarchs 75-70,L @ Houston Comets 70-75
1999,1999-08-03,New York Liberty,61,Utah Starzz,59,2.0,-2.0,1,0,183,412,L,W,L vs. New York Liberty 59-61,W @ Utah Starzz 61-59
1999,1999-08-04,Cleveland Rockers,62,Orlando Miracle,70,-8.0,8.0,0,1,184,413,W,L,W vs. Cleveland Rockers 70-62,L @ Orlando Miracle 62-70
1999,1999-08-04,Sacramento Monarchs,68,Charlotte Sting,62,6.0,-6.0,1,0,184,414,L,W,L vs. Sacramento Monarchs 62-68,W @ Charlotte Sting 68-62
1999,1999-08-04,Minnesota Lynx,56,Detroit Shock,59,-3.0,3.0,0,1,184,415,W,L,W vs. Minnesota Lynx 59-56,L @ Detroit Shock 56-59
1999,1999-08-05,Los Angeles Sparks,75,Utah Starzz,81,-6.0,6.0,0,1,185,416,W,L,W vs. Los Angeles Sparks 81-75,L @ Utah Starzz 75-81
1999,1999-08-05,Orlando Miracle,68,Washington Mystics,72,-4.0,4.0,0,1,185,417,W,L,W vs. Orlando Miracle 72-68,L @ Washington Mystics 68-72
1999,1999-08-06,Charlotte Sting,51,Houston Comets,81,-30.0,30.0,0,1,186,418,W,L,W vs. Charlotte Sting 81-51,L @ Houston Comets 51-81
1999,1999-08-06,Los Angeles Sparks,77,Minnesota Lynx,59,18.0,-18.0,1,0,186,419,L,W,L vs. Los Angeles Sparks 59-77,W @ Minnesota Lynx 77-59
1999,1999-08-06,New York Liberty,55,Phoenix Mercury,68,-13.0,13.0,0,1,186,420,W,L,W vs. New York Liberty 68-55,L @ Phoenix Mercury 55-68
1999,1999-08-06,Detroit Shock,58,Sacramento Monarchs,71,-13.0,13.0,0,1,186,421,W,L,W vs. Detroit Shock 71-58,L @ Sacramento Monarchs 58-71
1999,1999-08-07,Washington Mystics,63,Cleveland Rockers,62,1.0,-1.0,1,0,187,422,L,W,L vs. Washington Mystics 62-63,W @ Cleveland Rockers 63-62
1999,1999-08-07,Phoenix Mercury,60,Sacramento Monarchs,71,-11.0,11.0,0,1,187,423,W,L,W vs. Phoenix Mercury 71-60,L @ Sacramento Monarchs 60-71
1999,1999-08-07,Orlando Miracle,60,Charlotte Sting,64,-4.0,4.0,0,1,187,424,W,L,W vs. Orlando Miracle 64-60,L @ Charlotte Sting 60-64
1999,1999-08-07,Minnesota Lynx,70,Utah Starzz,80,-10.0,10.0,0,1,187,425,W,L,W vs. Minnesota Lynx 80-70,L @ Utah Starzz 70-80
1999,1999-08-08,Houston Comets,71,New York Liberty,74,-3.0,3.0,0,1,188,426,W,L,W vs. Houston Comets 74-71,L @ New York Liberty 71-74
1999,1999-08-08,Cleveland Rockers,45,Washington Mystics,80,-35.0,35.0,0,1,188,427,W,L,W vs. Cleveland Rockers 80-45,L @ Washington Mystics 45-80
1999,1999-08-09,Minnesota Lynx,55,Phoenix Mercury,64,-9.0,9.0,0,1,189,428,W,L,W vs. Minnesota Lynx 64-55,L @ Phoenix Mercury 55-64
1999,1999-08-09,Charlotte Sting,65,Utah Starzz,67,-2.0,2.0,0,1,189,429,W,L,W vs. Charlotte Sting 67-65,L @ Utah Starzz 65-67
1999,1999-08-09,Detroit Shock,84,Los Angeles Sparks,59,25.0,-25.0,1,0,189,430,L,W,L vs. Detroit Shock 59-84,W @ Los Angeles Sparks 84-59
1999,1999-08-09,New York Liberty,80,Orlando Miracle,75,5.0,-5.0,1,0,189,431,L,W,L vs. New York Liberty 75-80,W @ Orlando Miracle 80-75
1999,1999-08-10,Los Angeles Sparks,80,Sacramento Monarchs,82,-2.0,2.0,0,1,190,432,W,L,W vs. Los Angeles Sparks 82-80,L @ Sacramento Monarchs 80-82
1999,1999-08-11,New York Liberty,56,Washington Mystics,59,-3.0,3.0,0,1,191,433,W,L,W vs. New York Liberty 59-56,L @ Washington Mystics 56-59
1999,1999-08-11,Utah Starzz,73,Minnesota Lynx,83,-10.0,10.0,0,1,191,434,W,L,W vs. Utah Starzz 83-73,L @ Minnesota Lynx 73-83
1999,1999-08-11,Detroit Shock,57,Phoenix Mercury,68,-11.0,11.0,0,1,191,435,W,L,W vs. Detroit Shock 68-57,L @ Phoenix Mercury 57-68
1999,1999-08-12,Los Angeles Sparks,61,Houston Comets,83,-22.0,22.0,0,1,192,436,W,L,W vs. Los Angeles Sparks 83-61,L @ Houston Comets 61-83
1999,1999-08-12,Cleveland Rockers,54,Orlando Miracle,55,-1.0,1.0,0,1,192,437,W,L,W vs. Cleveland Rockers 55-54,L @ Orlando Miracle 54-55
1999,1999-08-13,New York Liberty,60,Detroit Shock,56,4.0,-4.0,1,0,193,438,L,W,L vs. New York Liberty 56-60,W @ Detroit Shock 60-56
1999,1999-08-13,Charlotte Sting,64,Sacramento Monarchs,78,-14.0,14.0,0,1,193,439,W,L,W vs. Charlotte Sting 78-64,L @ Sacramento Monarchs 64-78
1999,1999-08-13,Phoenix Mercury,64,Utah Starzz,67,-3.0,3.0,0,1,193,440,W,L,W vs. Phoenix Mercury 67-64,L @ Utah Starzz 64-67
1999,1999-08-14,Minnesota Lynx,53,Houston Comets,71,-18.0,18.0,0,1,194,441,W,L,W vs. Minnesota Lynx 71-53,L @ Houston Comets 53-71
1999,1999-08-14,Orlando Miracle,73,Cleveland Rockers,61,12.0,-12.0,1,0,194,442,L,W,L vs. Orlando Miracle 61-73,W @ Cleveland Rockers 73-61
1999,1999-08-14,Los Angeles Sparks,53,Washington Mystics,55,-2.0,2.0,0,1,194,443,W,L,W vs. Los Angeles Sparks 55-53,L @ Washington Mystics 53-55
1999,1999-08-14,Utah Starzz,97,Sacramento Monarchs,89,8.0,-8.0,1,0,194,444,L,W,L vs. Utah Starzz 89-97,W @ Sacramento Monarchs 97-89
1999,1999-08-15,Washington Mystics,54,Orlando Miracle,81,-27.0,27.0,0,1,195,445,W,L,W vs. Washington Mystics 81-54,L @ Orlando Miracle 54-81
1999,1999-08-15,Charlotte Sting,54,Phoenix Mercury,65,-11.0,11.0,0,1,195,446,W,L,W vs. Charlotte Sting 65-54,L @ Phoenix Mercury 54-65
1999,1999-08-15,Detroit Shock,63,New York Liberty,57,6.0,-6.0,1,0,195,447,L,W,L vs. Detroit Shock 57-63,W @ New York Liberty 63-57
1999,1999-08-16,Charlotte Sting,65,Los Angeles Sparks,76,-11.0,11.0,0,1,196,448,W,L,W vs. Charlotte Sting 76-65,L @ Los Angeles Sparks 65-76
1999,1999-08-16,Utah Starzz,71,Houston Comets,80,-9.0,9.0,0,1,196,449,W,L,W vs. Utah Starzz 80-71,L @ Houston Comets 71-80
1999,1999-08-16,Cleveland Rockers,50,Minnesota Lynx,57,-7.0,7.0,0,1,196,450,W,L,W vs. Cleveland Rockers 57-50,L @ Minnesota Lynx 50-57
1999,1999-08-17,Sacramento Monarchs,59,Phoenix Mercury,71,-12.0,12.0,0,1,197,451,W,L,W vs. Sacramento Monarchs 71-59,L @ Phoenix Mercury 59-71
1999,1999-08-17,Washington Mystics,54,New York Liberty,66,-12.0,12.0,0,1,197,452,W,L,W vs. Washington Mystics 66-54,L @ New York Liberty 54-66
1999,1999-08-18,Phoenix Mercury,60,Houston Comets,70,-10.0,10.0,0,1,198,453,W,L,W vs. Phoenix Mercury 70-60,L @ Houston Comets 60-70
1999,1999-08-18,Detroit Shock,81,Orlando Miracle,93,-12.0,12.0,0,1,198,454,W,L,W vs. Detroit Shock 93-81,L @ Orlando Miracle 81-93
1999,1999-08-18,Minnesota Lynx,54,Los Angeles Sparks,72,-18.0,18.0,0,1,198,455,W,L,W vs. Minnesota Lynx 72-54,L @ Los Angeles Sparks 54-72
1999,1999-08-19,Cleveland Rockers,55,New York Liberty,72,-17.0,17.0,0,1,199,456,W,L,W vs. Cleveland Rockers 72-55,L @ New York Liberty 55-72
1999,1999-08-20,Utah Starzz,70,Phoenix Mercury,62,8.0,-8.0,1,0,200,457,L,W,L vs. Utah Starzz 62-70,W @ Phoenix Mercury 70-62
1999,1999-08-20,Houston Comets,64,Los Angeles Sparks,68,-4.0,4.0,0,1,200,458,W,L,W vs. Houston Comets 68-64,L @ Los Angeles Sparks 64-68
1999,1999-08-20,Orlando Miracle,83,Minnesota Lynx,80,3.0,-3.0,1,0,200,459,L,W,L vs. Orlando Miracle 80-83,W @ Minnesota Lynx 83-80
1999,1999-08-20,Detroit Shock,58,Charlotte Sting,57,1.0,-1.0,1,0,200,460,L,W,L vs. Detroit Shock 57-58,W @ Charlotte Sting 58-57
1999,1999-08-21,New York Liberty,56,Cleveland Rockers,66,-10.0,10.0,0,1,201,461,W,L,W vs. New York Liberty 66-56,L @ Cleveland Rockers 56-66
1999,1999-08-21,Los Angeles Sparks,81,Utah Starzz,89,-8.0,8.0,0,1,201,462,W,L,W vs. Los Angeles Sparks 89-81,L @ Utah Starzz 81-89
1999,1999-08-21,Minnesota Lynx,48,Washington Mystics,45,3.0,-3.0,1,0,201,463,L,W,L vs. Minnesota Lynx 45-48,W @ Washington Mystics 48-45
1999,1999-08-21,Orlando Miracle,68,Detroit Shock,74,-6.0,6.0,0,1,201,464,W,L,W vs. Orlando Miracle 74-68,L @ Detroit Shock 68-74
1999,1999-08-21,Houston Comets,74,Sacramento Monarchs,65,9.0,-9.0,1,0,201,465,L,W,L vs. Houston Comets 65-74,W @ Sacramento Monarchs 74-65
1999,1999-08-24,Charlotte Sting,60,Detroit Shock,54,6.0,-6.0,1,0,202,466,L,W,L vs. Charlotte Sting 54-60,W @ Detroit Shock 60-54
1999,1999-08-24,Sacramento Monarchs,58,Los Angeles Sparks,71,-13.0,13.0,0,1,202,467,W,L,W vs. Sacramento Monarchs 71-58,L @ Los Angeles Sparks 58-71
1999,1999-08-26,Houston Comets,60,Los Angeles Sparks,75,-15.0,15.0,0,1,203,468,W,L,W vs. Houston Comets 75-60,L @ Los Angeles Sparks 60-75
1999,1999-08-27,New York Liberty,67,Charlotte Sting,78,-11.0,11.0,0,1,204,469,W,L,W vs. New York Liberty 78-67,L @ Charlotte Sting 67-78
1999,1999-08-29,Charlotte Sting,70,New York Liberty,74,-4.0,4.0,0,1,205,470,W,L,W vs. Charlotte Sting 74-70,L @ New York Liberty 70-74
1999,1999-08-29,Los Angeles Sparks,55,Houston Comets,83,-28.0,28.0,0,1,205,471,W,L,W vs. Los Angeles Sparks 83-55,L @ Houston Comets 55-83
1999,1999-08-30,Los Angeles Sparks,62,Houston Comets,72,-10.0,10.0,0,1,206,472,W,L,W vs. Los Angeles Sparks 72-62,L @ Houston Comets 62-72
1999,1999-08-30,Charlotte Sting,54,New York Liberty,69,-15.0,15.0,0,1,206,473,W,L,W vs. Charlotte Sting 69-54,L @ New York Liberty 54-69
1999,1999-09-02,Houston Comets,73,New York Liberty,60,13.0,-13.0,1,0,207,474,L,W,L vs. Houston Comets 60-73,W @ New York Liberty 73-60
1999,1999-09-04,New York Liberty,68,Houston Comets,67,1.0,-1.0,1,0,208,475,L,W,L vs. New York Liberty 67-68,W @ Houston Comets 68-67
1999,1999-09-05,New York Liberty,47,Houston Comets,59,-12.0,12.0,0,1,209,476,W,L,W vs. New York Liberty 59-47,L @ Houston Comets 47-59
2000,2000-05-29,New York Liberty,68,Houston Comets,84,-16.0,16.0,0,1,210,477,W,L,W vs. New York Liberty 84-68,L @ Houston Comets 68-84
2000,2000-05-31,New York Liberty,48,Phoenix Mercury,51,-3.0,3.0,0,1,211,478,W,L,W vs. New York Liberty 51-48,L @ Phoenix Mercury 48-51
2000,2000-05-31,Seattle Storm,60,Sacramento Monarchs,76,-16.0,16.0,0,1,211,479,W,L,W vs. Seattle Storm 76-60,L @ Sacramento Monarchs 60-76
2000,2000-05-31,Utah Starzz,62,Los Angeles Sparks,69,-7.0,7.0,0,1,211,480,W,L,W vs. Utah Starzz 69-62,L @ Los Angeles Sparks 62-69
2000,2000-05-31,Houston Comets,93,Portland Fire,89,4.0,-4.0,1,0,211,481,L,W,L vs. Houston Comets 89-93,W @ Portland Fire 93-89
2000,2000-05-31,Orlando Miracle,66,Washington Mystics,92,-26.0,26.0,0,1,211,482,W,L,W vs. Orlando Miracle 92-66,L @ Washington Mystics 66-92
2000,2000-05-31,Cleveland Rockers,62,Minnesota Lynx,73,-11.0,11.0,0,1,211,483,W,L,W vs. Cleveland Rockers 73-62,L @ Minnesota Lynx 62-73
2000,2000-06-01,Indiana Fever,57,Miami Sol,54,3.0,-3.0,1,0,212,484,L,W,L vs. Indiana Fever 54-57,W @ Miami Sol 57-54
2000,2000-06-01,Minnesota Lynx,74,Utah Starzz,83,-9.0,9.0,0,1,212,485,W,L,W vs. Minnesota Lynx 83-74,L @ Utah Starzz 74-83
2000,2000-06-01,Charlotte Sting,79,Orlando Miracle,82,-3.0,3.0,0,1,212,486,W,L,W vs. Charlotte Sting 82-79,L @ Orlando Miracle 79-82
2000,2000-06-01,Houston Comets,77,Seattle Storm,47,30.0,-30.0,1,0,212,487,L,W,L vs. Houston Comets 47-77,W @ Seattle Storm 77-47
2000,2000-06-03,Orlando Miracle,88,Indiana Fever,82,6.0,-6.0,1,0,213,488,L,W,L vs. Orlando Miracle 82-88,W @ Indiana Fever 88-82
2000,2000-06-03,Miami Sol,74,Charlotte Sting,63,11.0,-11.0,1,0,213,489,L,W,L vs. Miami Sol 63-74,W @ Charlotte Sting 74-63
2000,2000-06-03,Phoenix Mercury,80,Houston Comets,62,18.0,-18.0,1,0,213,490,L,W,L vs. Phoenix Mercury 62-80,W @ Houston Comets 80-62
2000,2000-06-03,Washington Mystics,49,Cleveland Rockers,72,-23.0,23.0,0,1,213,491,W,L,W vs. Washington Mystics 72-49,L @ Cleveland Rockers 49-72
2000,2000-06-03,Los Angeles Sparks,82,Minnesota Lynx,75,7.0,-7.0,1,0,213,492,L,W,L vs. Los Angeles Sparks 75-82,W @ Minnesota Lynx 82-75
2000,2000-06-03,Portland Fire,65,Seattle Storm,58,7.0,-7.0,1,0,213,493,L,W,L vs. Portland Fire 58-65,W @ Seattle Storm 65-58
2000,2000-06-03,Utah Starzz,76,New York Liberty,87,-11.0,11.0,0,1,213,494,W,L,W vs. Utah Starzz 87-76,L @ New York Liberty 76-87
2000,2000-06-03,Sacramento Monarchs,74,Detroit Shock,77,-3.0,3.0,0,1,213,495,W,L,W vs. Sacramento Monarchs 77-74,L @ Detroit Shock 74-77
2000,2000-06-04,New York Liberty,67,Washington Mystics,79,-12.0,12.0,0,1,214,496,W,L,W vs. New York Liberty 79-67,L @ Washington Mystics 67-79
2000,2000-06-05,Sacramento Monarchs,68,Orlando Miracle,75,-7.0,7.0,0,1,215,497,W,L,W vs. Sacramento Monarchs 75-68,L @ Orlando Miracle 68-75
2000,2000-06-05,Cleveland Rockers,69,Charlotte Sting,53,16.0,-16.0,1,0,215,498,L,W,L vs. Cleveland Rockers 53-69,W @ Charlotte Sting 69-53
2000,2000-06-05,Miami Sol,59,Indiana Fever,80,-21.0,21.0,0,1,215,499,W,L,W vs. Miami Sol 80-59,L @ Indiana Fever 59-80
2000,2000-06-05,Detroit Shock,68,Minnesota Lynx,88,-20.0,20.0,0,1,215,500,W,L,W vs. Detroit Shock 88-68,L @ Minnesota Lynx 68-88
2000,2000-06-06,Portland Fire,57,Los Angeles Sparks,70,-13.0,13.0,0,1,216,501,W,L,W vs. Portland Fire 70-57,L @ Los Angeles Sparks 57-70
2000,2000-06-06,Phoenix Mercury,61,Utah Starzz,76,-15.0,15.0,0,1,216,502,W,L,W vs. Phoenix Mercury 76-61,L @ Utah Starzz 61-76
2000,2000-06-06,Sacramento Monarchs,70,Houston Comets,78,-8.0,8.0,0,1,216,503,W,L,W vs. Sacramento Monarchs 78-70,L @ Houston Comets 70-78
2000,2000-06-07,Orlando Miracle,79,Cleveland Rockers,83,-4.0,4.0,0,1,217,504,W,L,W vs. Orlando Miracle 83-79,L @ Cleveland Rockers 79-83
2000,2000-06-07,Seattle Storm,49,Phoenix Mercury,82,-33.0,33.0,0,1,217,505,W,L,W vs. Seattle Storm 82-49,L @ Phoenix Mercury 49-82
2000,2000-06-07,New York Liberty,73,Detroit Shock,69,4.0,-4.0,1,0,217,506,L,W,L vs. New York Liberty 69-73,W @ Detroit Shock 73-69
2000,2000-06-07,Houston Comets,81,Washington Mystics,54,27.0,-27.0,1,0,217,507,L,W,L vs. Houston Comets 54-81,W @ Washington Mystics 81-54
2000,2000-06-08,Minnesota Lynx,71,Orlando Miracle,57,14.0,-14.0,1,0,218,508,L,W,L vs. Minnesota Lynx 57-71,W @ Orlando Miracle 71-57
2000,2000-06-08,Utah Starzz,81,Portland Fire,72,9.0,-9.0,1,0,218,509,L,W,L vs. Utah Starzz 72-81,W @ Portland Fire 81-72
2000,2000-06-08,Washington Mystics,73,Miami Sol,51,22.0,-22.0,1,0,218,510,L,W,L vs. Washington Mystics 51-73,W @ Miami Sol 73-51
2000,2000-06-09,Seattle Storm,67,Charlotte Sting,62,5.0,-5.0,1,0,219,511,L,W,L vs. Seattle Storm 62-67,W @ Charlotte Sting 67-62
2000,2000-06-09,Indiana Fever,76,Detroit Shock,80,-4.0,4.0,0,1,219,512,W,L,W vs. Indiana Fever 80-76,L @ Detroit Shock 76-80
2000,2000-06-09,Sacramento Monarchs,77,New York Liberty,56,21.0,-21.0,1,0,219,513,L,W,L vs. Sacramento Monarchs 56-77,W @ New York Liberty 77-56
2000,2000-06-10,New York Liberty,70,Indiana Fever,62,8.0,-8.0,1,0,220,514,L,W,L vs. New York Liberty 62-70,W @ Indiana Fever 70-62
2000,2000-06-10,Houston Comets,73,Utah Starzz,71,2.0,-2.0,1,0,220,515,L,W,L vs. Houston Comets 71-73,W @ Utah Starzz 73-71
2000,2000-06-10,Minnesota Lynx,66,Miami Sol,55,11.0,-11.0,1,0,220,516,L,W,L vs. Minnesota Lynx 55-66,W @ Miami Sol 66-55
2000,2000-06-10,Phoenix Mercury,57,Los Angeles Sparks,76,-19.0,19.0,0,1,220,517,W,L,W vs. Phoenix Mercury 76-57,L @ Los Angeles Sparks 57-76
2000,2000-06-10,Orlando Miracle,74,Charlotte Sting,71,3.0,-3.0,1,0,220,518,L,W,L vs. Orlando Miracle 71-74,W @ Charlotte Sting 74-71
2000,2000-06-10,Seattle Storm,49,Cleveland Rockers,61,-12.0,12.0,0,1,220,519,W,L,W vs. Seattle Storm 61-49,L @ Cleveland Rockers 49-61
2000,2000-06-11,Los Angeles Sparks,68,Sacramento Monarchs,75,-7.0,7.0,0,1,221,520,W,L,W vs. Los Angeles Sparks 75-68,L @ Sacramento Monarchs 68-75
2000,2000-06-12,Charlotte Sting,78,Detroit Shock,67,11.0,-11.0,1,0,222,521,L,W,L vs. Charlotte Sting 67-78,W @ Detroit Shock 78-67
2000,2000-06-12,Cleveland Rockers,83,Indiana Fever,70,13.0,-13.0,1,0,222,522,L,W,L vs. Cleveland Rockers 70-83,W @ Indiana Fever 83-70
2000,2000-06-12,Utah Starzz,85,Houston Comets,107,-22.0,22.0,0,1,222,523,W,L,W vs. Utah Starzz 107-85,L @ Houston Comets 85-107
2000,2000-06-13,Detroit Shock,61,Miami Sol,74,-13.0,13.0,0,1,223,524,W,L,W vs. Detroit Shock 74-61,L @ Miami Sol 61-74
2000,2000-06-13,Washington Mystics,57,New York Liberty,56,1.0,-1.0,1,0,223,525,L,W,L vs. Washington Mystics 56-57,W @ New York Liberty 57-56
2000,2000-06-13,Orlando Miracle,88,Utah Starzz,80,8.0,-8.0,1,0,223,526,L,W,L vs. Orlando Miracle 80-88,W @ Utah Starzz 88-80
2000,2000-06-13,Los Angeles Sparks,59,Seattle Storm,69,-10.0,10.0,0,1,223,527,W,L,W vs. Los Angeles Sparks 69-59,L @ Seattle Storm 59-69
2000,2000-06-13,Phoenix Mercury,75,Portland Fire,69,6.0,-6.0,1,0,223,528,L,W,L vs. Phoenix Mercury 69-75,W @ Portland Fire 75-69
2000,2000-06-14,Portland Fire,80,Phoenix Mercury,81,-1.0,1.0,0,1,224,529,W,L,W vs. Portland Fire 81-80,L @ Phoenix Mercury 80-81
2000,2000-06-15,Orlando Miracle,66,Minnesota Lynx,72,-6.0,6.0,0,1,225,530,W,L,W vs. Orlando Miracle 72-66,L @ Minnesota Lynx 66-72
2000,2000-06-15,Sacramento Monarchs,54,Seattle Storm,50,4.0,-4.0,1,0,225,531,L,W,L vs. Sacramento Monarchs 50-54,W @ Seattle Storm 54-50
2000,2000-06-15,Miami Sol,53,Houston Comets,77,-24.0,24.0,0,1,225,532,W,L,W vs. Miami Sol 77-53,L @ Houston Comets 53-77
2000,2000-06-15,Charlotte Sting,68,Utah Starzz,96,-28.0,28.0,0,1,225,533,W,L,W vs. Charlotte Sting 96-68,L @ Utah Starzz 68-96
2000,2000-06-16,Detroit Shock,93,Cleveland Rockers,81,12.0,-12.0,1,0,226,534,L,W,L vs. Detroit Shock 81-93,W @ Cleveland Rockers 93-81
2000,2000-06-17,Indiana Fever,79,Orlando Miracle,54,25.0,-25.0,1,0,227,535,L,W,L vs. Indiana Fever 54-79,W @ Orlando Miracle 79-54
2000,2000-06-17,Los Angeles Sparks,94,Portland Fire,81,13.0,-13.0,1,0,227,536,L,W,L vs. Los Angeles Sparks 81-94,W @ Portland Fire 94-81
2000,2000-06-17,Charlotte Sting,63,Sacramento Monarchs,74,-11.0,11.0,0,1,227,537,W,L,W vs. Charlotte Sting 74-63,L @ Sacramento Monarchs 63-74
2000,2000-06-17,Cleveland Rockers,48,Miami Sol,55,-7.0,7.0,0,1,227,538,W,L,W vs. Cleveland Rockers 55-48,L @ Miami Sol 48-55
2000,2000-06-17,Minnesota Lynx,69,Phoenix Mercury,62,7.0,-7.0,1,0,227,539,L,W,L vs. Minnesota Lynx 62-69,W @ Phoenix Mercury 69-62
2000,2000-06-17,Washington Mystics,67,Utah Starzz,70,-3.0,3.0,0,1,227,540,W,L,W vs. Washington Mystics 70-67,L @ Utah Starzz 67-70
2000,2000-06-18,Miami Sol,52,New York Liberty,58,-6.0,6.0,0,1,228,541,W,L,W vs. Miami Sol 58-52,L @ New York Liberty 52-58
2000,2000-06-18,Utah Starzz,56,Seattle Storm,53,3.0,-3.0,1,0,228,542,L,W,L vs. Utah Starzz 53-56,W @ Seattle Storm 56-53
2000,2000-06-18,Indiana Fever,74,Detroit Shock,111,-37.0,37.0,0,1,228,543,W,L,W vs. Indiana Fever 111-74,L @ Detroit Shock 74-111
2000,2000-06-18,Minnesota Lynx,66,Houston Comets,78,-12.0,12.0,0,1,228,544,W,L,W vs. Minnesota Lynx 78-66,L @ Houston Comets 66-78
2000,2000-06-18,Charlotte Sting,62,Los Angeles Sparks,70,-8.0,8.0,0,1,228,545,W,L,W vs. Charlotte Sting 70-62,L @ Los Angeles Sparks 62-70
2000,2000-06-19,Sacramento Monarchs,70,Cleveland Rockers,81,-11.0,11.0,0,1,229,546,W,L,W vs. Sacramento Monarchs 81-70,L @ Cleveland Rockers 70-81
2000,2000-06-19,Detroit Shock,55,Washington Mystics,80,-25.0,25.0,0,1,229,547,W,L,W vs. Detroit Shock 80-55,L @ Washington Mystics 55-80
2000,2000-06-20,Houston Comets,84,Los Angeles Sparks,90,-6.0,6.0,0,1,230,548,W,L,W vs. Houston Comets 90-84,L @ Los Angeles Sparks 84-90
2000,2000-06-20,Charlotte Sting,87,Portland Fire,85,2.0,-2.0,1,0,230,549,L,W,L vs. Charlotte Sting 85-87,W @ Portland Fire 87-85
2000,2000-06-20,Seattle Storm,63,Utah Starzz,66,-3.0,3.0,0,1,230,550,W,L,W vs. Seattle Storm 66-63,L @ Utah Starzz 63-66
2000,2000-06-20,Phoenix Mercury,74,Minnesota Lynx,55,19.0,-19.0,1,0,230,551,L,W,L vs. Phoenix Mercury 55-74,W @ Minnesota Lynx 74-55
2000,2000-06-21,Sacramento Monarchs,70,Indiana Fever,58,12.0,-12.0,1,0,231,552,L,W,L vs. Sacramento Monarchs 58-70,W @ Indiana Fever 70-58
2000,2000-06-21,Miami Sol,57,Washington Mystics,55,2.0,-2.0,1,0,231,553,L,W,L vs. Miami Sol 55-57,W @ Washington Mystics 57-55
2000,2000-06-21,Detroit Shock,67,New York Liberty,63,4.0,-4.0,1,0,231,554,L,W,L vs. Detroit Shock 63-67,W @ New York Liberty 67-63
2000,2000-06-22,Utah Starzz,64,Minnesota Lynx,86,-22.0,22.0,0,1,232,555,W,L,W vs. Utah Starzz 86-64,L @ Minnesota Lynx 64-86
2000,2000-06-22,Cleveland Rockers,64,Orlando Miracle,77,-13.0,13.0,0,1,232,556,W,L,W vs. Cleveland Rockers 77-64,L @ Orlando Miracle 64-77
2000,2000-06-22,Phoenix Mercury,90,Charlotte Sting,57,33.0,-33.0,1,0,232,557,L,W,L vs. Phoenix Mercury 57-90,W @ Charlotte Sting 90-57
2000,2000-06-23,Los Angeles Sparks,68,Miami Sol,54,14.0,-14.0,1,0,233,558,L,W,L vs. Los Angeles Sparks 54-68,W @ Miami Sol 68-54
2000,2000-06-23,Seattle Storm,61,Portland Fire,72,-11.0,11.0,0,1,233,559,W,L,W vs. Seattle Storm 72-61,L @ Portland Fire 61-72
2000,2000-06-23,Houston Comets,83,Utah Starzz,66,17.0,-17.0,1,0,233,560,L,W,L vs. Houston Comets 66-83,W @ Utah Starzz 83-66
2000,2000-06-23,New York Liberty,69,Indiana Fever,60,9.0,-9.0,1,0,233,561,L,W,L vs. New York Liberty 60-69,W @ Indiana Fever 69-60
2000,2000-06-23,Sacramento Monarchs,84,Washington Mystics,69,15.0,-15.0,1,0,233,562,L,W,L vs. Sacramento Monarchs 69-84,W @ Washington Mystics 84-69
2000,2000-06-24,Phoenix Mercury,67,Miami Sol,44,23.0,-23.0,1,0,234,563,L,W,L vs. Phoenix Mercury 44-67,W @ Miami Sol 67-44
2000,2000-06-24,Minnesota Lynx,60,Cleveland Rockers,57,3.0,-3.0,1,0,234,564,L,W,L vs. Minnesota Lynx 57-60,W @ Cleveland Rockers 60-57
2000,2000-06-24,Washington Mystics,76,Detroit Shock,70,6.0,-6.0,1,0,234,565,L,W,L vs. Washington Mystics 70-76,W @ Detroit Shock 76-70
2000,2000-06-24,Charlotte Sting,68,Orlando Miracle,69,-1.0,1.0,0,1,234,566,W,L,W vs. Charlotte Sting 69-68,L @ Orlando Miracle 68-69
2000,2000-06-24,Indiana Fever,67,Houston Comets,93,-26.0,26.0,0,1,234,567,W,L,W vs. Indiana Fever 93-67,L @ Houston Comets 67-93
2000,2000-06-25,Detroit Shock,84,Charlotte Sting,81,3.0,-3.0,1,0,235,568,L,W,L vs. Detroit Shock 81-84,W @ Charlotte Sting 84-81
2000,2000-06-25,Portland Fire,76,Sacramento Monarchs,92,-16.0,16.0,0,1,235,569,W,L,W vs. Portland Fire 92-76,L @ Sacramento Monarchs 76-92
2000,2000-06-25,Los Angeles Sparks,72,New York Liberty,67,5.0,-5.0,1,0,235,570,L,W,L vs. Los Angeles Sparks 67-72,W @ New York Liberty 72-67
2000,2000-06-25,Phoenix Mercury,61,Cleveland Rockers,64,-3.0,3.0,0,1,235,571,W,L,W vs. Phoenix Mercury 64-61,L @ Cleveland Rockers 61-64
2000,2000-06-26,Los Angeles Sparks,74,Washington Mystics,72,2.0,-2.0,1,0,236,572,L,W,L vs. Los Angeles Sparks 72-74,W @ Washington Mystics 74-72
2000,2000-06-26,Houston Comets,70,Orlando Miracle,58,12.0,-12.0,1,0,236,573,L,W,L vs. Houston Comets 58-70,W @ Orlando Miracle 70-58
2000,2000-06-26,Sacramento Monarchs,80,Utah Starzz,89,-9.0,9.0,0,1,236,574,W,L,W vs. Sacramento Monarchs 89-80,L @ Utah Starzz 80-89
2000,2000-06-28,Cleveland Rockers,69,Portland Fire,80,-11.0,11.0,0,1,237,575,W,L,W vs. Cleveland Rockers 80-69,L @ Portland Fire 69-80
2000,2000-06-28,Miami Sol,53,Orlando Miracle,61,-8.0,8.0,0,1,237,576,W,L,W vs. Miami Sol 61-53,L @ Orlando Miracle 53-61
2000,2000-06-28,Houston Comets,76,Charlotte Sting,66,10.0,-10.0,1,0,237,577,L,W,L vs. Houston Comets 66-76,W @ Charlotte Sting 76-66
2000,2000-06-28,Detroit Shock,82,Seattle Storm,78,4.0,-4.0,1,0,237,578,L,W,L vs. Detroit Shock 78-82,W @ Seattle Storm 82-78
2000,2000-06-28,Minnesota Lynx,74,Sacramento Monarchs,82,-8.0,8.0,0,1,237,579,W,L,W vs. Minnesota Lynx 82-74,L @ Sacramento Monarchs 74-82
2000,2000-06-28,Phoenix Mercury,69,New York Liberty,82,-13.0,13.0,0,1,237,580,W,L,W vs. Phoenix Mercury 82-69,L @ New York Liberty 69-82
2000,2000-06-28,Los Angeles Sparks,82,Indiana Fever,73,9.0,-9.0,1,0,237,581,L,W,L vs. Los Angeles Sparks 73-82,W @ Indiana Fever 82-73
2000,2000-06-30,Phoenix Mercury,66,Washington Mystics,57,9.0,-9.0,1,0,238,582,L,W,L vs. Phoenix Mercury 57-66,W @ Washington Mystics 66-57
2000,2000-06-30,Orlando Miracle,66,Miami Sol,63,3.0,-3.0,1,0,238,583,L,W,L vs. Orlando Miracle 63-66,W @ Miami Sol 66-63
2000,2000-06-30,Utah Starzz,62,Sacramento Monarchs,85,-23.0,23.0,0,1,238,584,W,L,W vs. Utah Starzz 85-62,L @ Sacramento Monarchs 62-85
2000,2000-06-30,Portland Fire,39,Houston Comets,79,-40.0,40.0,0,1,238,585,W,L,W vs. Portland Fire 79-39,L @ Houston Comets 39-79
2000,2000-06-30,Minnesota Lynx,65,Seattle Storm,53,12.0,-12.0,1,0,238,586,L,W,L vs. Minnesota Lynx 53-65,W @ Seattle Storm 65-53
2000,2000-06-30,Indiana Fever,70,New York Liberty,72,-2.0,2.0,0,1,238,587,W,L,W vs. Indiana Fever 72-70,L @ New York Liberty 70-72
2000,2000-07-01,Detroit Shock,96,Sacramento Monarchs,108,-12.0,12.0,0,1,239,588,W,L,W vs. Detroit Shock 108-96,L @ Sacramento Monarchs 96-108
2000,2000-07-01,Washington Mystics,78,Charlotte Sting,74,4.0,-4.0,1,0,239,589,L,W,L vs. Washington Mystics 74-78,W @ Charlotte Sting 78-74
2000,2000-07-01,Miami Sol,54,Indiana Fever,52,2.0,-2.0,1,0,239,590,L,W,L vs. Miami Sol 52-54,W @ Indiana Fever 54-52
2000,2000-07-01,Cleveland Rockers,67,Los Angeles Sparks,75,-8.0,8.0,0,1,239,591,W,L,W vs. Cleveland Rockers 75-67,L @ Los Angeles Sparks 67-75
2000,2000-07-01,New York Liberty,57,Orlando Miracle,69,-12.0,12.0,0,1,239,592,W,L,W vs. New York Liberty 69-57,L @ Orlando Miracle 57-69
2000,2000-07-01,Utah Starzz,81,Seattle Storm,60,21.0,-21.0,1,0,239,593,L,W,L vs. Utah Starzz 60-81,W @ Seattle Storm 81-60
2000,2000-07-02,Phoenix Mercury,58,Houston Comets,69,-11.0,11.0,0,1,240,594,W,L,W vs. Phoenix Mercury 69-58,L @ Houston Comets 58-69
2000,2000-07-02,Portland Fire,75,Minnesota Lynx,81,-6.0,6.0,0,1,240,595,W,L,W vs. Portland Fire 81-75,L @ Minnesota Lynx 75-81
2000,2000-07-02,Detroit Shock,63,Los Angeles Sparks,85,-22.0,22.0,0,1,240,596,W,L,W vs. Detroit Shock 85-63,L @ Los Angeles Sparks 63-85
2000,2000-07-03,Washington Mystics,60,Seattle Storm,55,5.0,-5.0,1,0,241,597,L,W,L vs. Washington Mystics 55-60,W @ Seattle Storm 60-55
2000,2000-07-03,New York Liberty,65,Cleveland Rockers,66,-1.0,1.0,0,1,241,598,W,L,W vs. New York Liberty 66-65,L @ Cleveland Rockers 65-66
2000,2000-07-03,Portland Fire,68,Indiana Fever,64,4.0,-4.0,1,0,241,599,L,W,L vs. Portland Fire 64-68,W @ Indiana Fever 68-64
2000,2000-07-05,Seattle Storm,67,Minnesota Lynx,60,7.0,-7.0,1,0,242,600,L,W,L vs. Seattle Storm 60-67,W @ Minnesota Lynx 67-60
2000,2000-07-05,Los Angeles Sparks,76,Sacramento Monarchs,61,15.0,-15.0,1,0,242,601,L,W,L vs. Los Angeles Sparks 61-76,W @ Sacramento Monarchs 76-61
2000,2000-07-05,Portland Fire,45,New York Liberty,62,-17.0,17.0,0,1,242,602,W,L,W vs. Portland Fire 62-45,L @ New York Liberty 45-62
2000,2000-07-05,Miami Sol,70,Charlotte Sting,76,-6.0,6.0,0,1,242,603,W,L,W vs. Miami Sol 76-70,L @ Charlotte Sting 70-76
2000,2000-07-06,Washington Mystics,70,Los Angeles Sparks,79,-9.0,9.0,0,1,243,604,W,L,W vs. Washington Mystics 79-70,L @ Los Angeles Sparks 70-79
2000,2000-07-06,Seattle Storm,50,Houston Comets,80,-30.0,30.0,0,1,243,605,W,L,W vs. Seattle Storm 80-50,L @ Houston Comets 50-80
2000,2000-07-06,Indiana Fever,60,Orlando Miracle,72,-12.0,12.0,0,1,243,606,W,L,W vs. Indiana Fever 72-60,L @ Orlando Miracle 60-72
2000,2000-07-06,Detroit Shock,69,Phoenix Mercury,83,-14.0,14.0,0,1,243,607,W,L,W vs. Detroit Shock 83-69,L @ Phoenix Mercury 69-83
2000,2000-07-07,Detroit Shock,73,Utah Starzz,69,4.0,-4.0,1,0,244,608,L,W,L vs. Detroit Shock 69-73,W @ Utah Starzz 73-69
2000,2000-07-07,Sacramento Monarchs,63,Portland Fire,60,3.0,-3.0,1,0,244,609,L,W,L vs. Sacramento Monarchs 60-63,W @ Portland Fire 63-60
2000,2000-07-07,New York Liberty,76,Minnesota Lynx,70,6.0,-6.0,1,0,244,610,L,W,L vs. New York Liberty 70-76,W @ Minnesota Lynx 76-70
2000,2000-07-07,Cleveland Rockers,46,Miami Sol,49,-3.0,3.0,0,1,244,611,W,L,W vs. Cleveland Rockers 49-46,L @ Miami Sol 46-49
2000,2000-07-07,Charlotte Sting,71,Houston Comets,86,-15.0,15.0,0,1,244,612,W,L,W vs. Charlotte Sting 86-71,L @ Houston Comets 71-86
2000,2000-07-08,Phoenix Mercury,66,Indiana Fever,65,1.0,-1.0,1,0,245,613,L,W,L vs. Phoenix Mercury 65-66,W @ Indiana Fever 66-65
2000,2000-07-08,Seattle Storm,53,Orlando Miracle,64,-11.0,11.0,0,1,245,614,W,L,W vs. Seattle Storm 64-53,L @ Orlando Miracle 53-64
2000,2000-07-08,Washington Mystics,56,Sacramento Monarchs,78,-22.0,22.0,0,1,245,615,W,L,W vs. Washington Mystics 78-56,L @ Sacramento Monarchs 56-78
2000,2000-07-08,Cleveland Rockers,80,Charlotte Sting,59,21.0,-21.0,1,0,245,616,L,W,L vs. Cleveland Rockers 59-80,W @ Charlotte Sting 80-59
2000,2000-07-08,Miami Sol,51,New York Liberty,63,-12.0,12.0,0,1,245,617,W,L,W vs. Miami Sol 63-51,L @ New York Liberty 51-63
2000,2000-07-09,Washington Mystics,58,Portland Fire,75,-17.0,17.0,0,1,246,618,W,L,W vs. Washington Mystics 75-58,L @ Portland Fire 58-75
2000,2000-07-09,Utah Starzz,72,Los Angeles Sparks,92,-20.0,20.0,0,1,246,619,W,L,W vs. Utah Starzz 92-72,L @ Los Angeles Sparks 72-92
2000,2000-07-09,Orlando Miracle,68,Detroit Shock,62,6.0,-6.0,1,0,246,620,L,W,L vs. Orlando Miracle 62-68,W @ Detroit Shock 68-62
2000,2000-07-09,Houston Comets,70,Minnesota Lynx,60,10.0,-10.0,1,0,246,621,L,W,L vs. Houston Comets 60-70,W @ Minnesota Lynx 70-60
2000,2000-07-10,Seattle Storm,42,Miami Sol,59,-17.0,17.0,0,1,247,622,W,L,W vs. Seattle Storm 59-42,L @ Miami Sol 42-59
2000,2000-07-10,Charlotte Sting,65,Cleveland Rockers,72,-7.0,7.0,0,1,247,623,W,L,W vs. Charlotte Sting 72-65,L @ Cleveland Rockers 65-72
2000,2000-07-11,Portland Fire,80,Los Angeles Sparks,77,3.0,-3.0,1,0,248,624,L,W,L vs. Portland Fire 77-80,W @ Los Angeles Sparks 80-77
2000,2000-07-11,Minnesota Lynx,54,Phoenix Mercury,64,-10.0,10.0,0,1,248,625,W,L,W vs. Minnesota Lynx 64-54,L @ Phoenix Mercury 54-64
2000,2000-07-12,Seattle Storm,56,Detroit Shock,61,-5.0,5.0,0,1,249,626,W,L,W vs. Seattle Storm 61-56,L @ Detroit Shock 56-61
2000,2000-07-12,Orlando Miracle,72,Cleveland Rockers,74,-2.0,2.0,0,1,249,627,W,L,W vs. Orlando Miracle 74-72,L @ Cleveland Rockers 72-74
2000,2000-07-12,Charlotte Sting,70,New York Liberty,84,-14.0,14.0,0,1,249,628,W,L,W vs. Charlotte Sting 84-70,L @ New York Liberty 70-84
2000,2000-07-12,Portland Fire,67,Utah Starzz,76,-9.0,9.0,0,1,249,629,W,L,W vs. Portland Fire 76-67,L @ Utah Starzz 67-76
2000,2000-07-12,Sacramento Monarchs,62,Houston Comets,77,-15.0,15.0,0,1,249,630,W,L,W vs. Sacramento Monarchs 77-62,L @ Houston Comets 62-77
2000,2000-07-12,Indiana Fever,81,Washington Mystics,58,23.0,-23.0,1,0,249,631,L,W,L vs. Indiana Fever 58-81,W @ Washington Mystics 81-58
2000,2000-07-13,Washington Mystics,60,Miami Sol,48,12.0,-12.0,1,0,250,632,L,W,L vs. Washington Mystics 48-60,W @ Miami Sol 60-48
2000,2000-07-13,Sacramento Monarchs,64,Phoenix Mercury,72,-8.0,8.0,0,1,250,633,W,L,W vs. Sacramento Monarchs 72-64,L @ Phoenix Mercury 64-72
2000,2000-07-14,Phoenix Mercury,84,Utah Starzz,87,-3.0,3.0,0,1,251,634,W,L,W vs. Phoenix Mercury 87-84,L @ Utah Starzz 84-87
2000,2000-07-14,Houston Comets,58,Los Angeles Sparks,63,-5.0,5.0,0,1,251,635,W,L,W vs. Houston Comets 63-58,L @ Los Angeles Sparks 58-63
2000,2000-07-14,Minnesota Lynx,54,Portland Fire,65,-11.0,11.0,0,1,251,636,W,L,W vs. Minnesota Lynx 65-54,L @ Portland Fire 54-65
2000,2000-07-14,Miami Sol,50,Detroit Shock,80,-30.0,30.0,0,1,251,637,W,L,W vs. Miami Sol 80-50,L @ Detroit Shock 50-80
2000,2000-07-14,New York Liberty,55,Orlando Miracle,51,4.0,-4.0,1,0,251,638,L,W,L vs. New York Liberty 51-55,W @ Orlando Miracle 55-51
2000,2000-07-14,Seattle Storm,45,Indiana Fever,64,-19.0,19.0,0,1,251,639,W,L,W vs. Seattle Storm 64-45,L @ Indiana Fever 45-64
2000,2000-07-15,Indiana Fever,55,Cleveland Rockers,79,-24.0,24.0,0,1,252,640,W,L,W vs. Indiana Fever 79-55,L @ Cleveland Rockers 55-79
2000,2000-07-15,Utah Starzz,75,Sacramento Monarchs,69,6.0,-6.0,1,0,252,641,L,W,L vs. Utah Starzz 69-75,W @ Sacramento Monarchs 75-69
2000,2000-07-15,Minnesota Lynx,57,Los Angeles Sparks,58,-1.0,1.0,0,1,252,642,W,L,W vs. Minnesota Lynx 58-57,L @ Los Angeles Sparks 57-58
2000,2000-07-15,Charlotte Sting,76,Washington Mystics,73,3.0,-3.0,1,0,252,643,L,W,L vs. Charlotte Sting 73-76,W @ Washington Mystics 76-73
2000,2000-07-19,Detroit Shock,78,Orlando Miracle,88,-10.0,10.0,0,1,253,644,W,L,W vs. Detroit Shock 88-78,L @ Orlando Miracle 78-88
2000,2000-07-19,Utah Starzz,76,Phoenix Mercury,86,-10.0,10.0,0,1,253,645,W,L,W vs. Utah Starzz 86-76,L @ Phoenix Mercury 76-86
2000,2000-07-19,New York Liberty,78,Seattle Storm,55,23.0,-23.0,1,0,253,646,L,W,L vs. New York Liberty 55-78,W @ Seattle Storm 78-55
2000,2000-07-19,Portland Fire,62,Miami Sol,69,-7.0,7.0,0,1,253,647,W,L,W vs. Portland Fire 69-62,L @ Miami Sol 62-69
2000,2000-07-20,Indiana Fever,74,Washington Mystics,85,-11.0,11.0,0,1,254,648,W,L,W vs. Indiana Fever 85-74,L @ Washington Mystics 74-85
2000,2000-07-20,Minnesota Lynx,56,Sacramento Monarchs,73,-17.0,17.0,0,1,254,649,W,L,W vs. Minnesota Lynx 73-56,L @ Sacramento Monarchs 56-73
2000,2000-07-20,Houston Comets,74,Cleveland Rockers,56,18.0,-18.0,1,0,254,650,L,W,L vs. Houston Comets 56-74,W @ Cleveland Rockers 74-56
2000,2000-07-20,New York Liberty,66,Los Angeles Sparks,82,-16.0,16.0,0,1,254,651,W,L,W vs. New York Liberty 82-66,L @ Los Angeles Sparks 66-82
2000,2000-07-21,Orlando Miracle,59,Washington Mystics,61,-2.0,2.0,0,1,255,652,W,L,W vs. Orlando Miracle 61-59,L @ Washington Mystics 59-61
2000,2000-07-21,Minnesota Lynx,61,Seattle Storm,67,-6.0,6.0,0,1,255,653,W,L,W vs. Minnesota Lynx 67-61,L @ Seattle Storm 61-67
2000,2000-07-21,Houston Comets,76,Detroit Shock,74,2.0,-2.0,1,0,255,654,L,W,L vs. Houston Comets 74-76,W @ Detroit Shock 76-74
2000,2000-07-21,Portland Fire,64,Charlotte Sting,73,-9.0,9.0,0,1,255,655,W,L,W vs. Portland Fire 73-64,L @ Charlotte Sting 64-73
2000,2000-07-21,Utah Starzz,65,Miami Sol,76,-11.0,11.0,0,1,255,656,W,L,W vs. Utah Starzz 76-65,L @ Miami Sol 65-76
2000,2000-07-21,Los Angeles Sparks,74,Phoenix Mercury,68,6.0,-6.0,1,0,255,657,L,W,L vs. Los Angeles Sparks 68-74,W @ Phoenix Mercury 74-68
2000,2000-07-22,Charlotte Sting,59,Indiana Fever,80,-21.0,21.0,0,1,256,658,W,L,W vs. Charlotte Sting 80-59,L @ Indiana Fever 59-80
2000,2000-07-22,Phoenix Mercury,60,Sacramento Monarchs,61,-1.0,1.0,0,1,256,659,W,L,W vs. Phoenix Mercury 61-60,L @ Sacramento Monarchs 60-61
2000,2000-07-22,Miami Sol,47,Cleveland Rockers,76,-29.0,29.0,0,1,256,660,W,L,W vs. Miami Sol 76-47,L @ Cleveland Rockers 47-76
2000,2000-07-23,Sacramento Monarchs,68,Los Angeles Sparks,73,-5.0,5.0,0,1,257,661,W,L,W vs. Sacramento Monarchs 73-68,L @ Los Angeles Sparks 68-73
2000,2000-07-23,Utah Starzz,69,Orlando Miracle,66,3.0,-3.0,1,0,257,662,L,W,L vs. Utah Starzz 66-69,W @ Orlando Miracle 69-66
2000,2000-07-23,Houston Comets,64,New York Liberty,69,-5.0,5.0,0,1,257,663,W,L,W vs. Houston Comets 69-64,L @ New York Liberty 64-69
2000,2000-07-23,Portland Fire,63,Minnesota Lynx,80,-17.0,17.0,0,1,257,664,W,L,W vs. Portland Fire 80-63,L @ Minnesota Lynx 63-80
2000,2000-07-24,Portland Fire,61,Detroit Shock,57,4.0,-4.0,1,0,258,665,L,W,L vs. Portland Fire 57-61,W @ Detroit Shock 61-57
2000,2000-07-24,New York Liberty,78,Washington Mystics,64,14.0,-14.0,1,0,258,666,L,W,L vs. New York Liberty 64-78,W @ Washington Mystics 78-64
2000,2000-07-24,Cleveland Rockers,57,Phoenix Mercury,67,-10.0,10.0,0,1,258,667,W,L,W vs. Cleveland Rockers 67-57,L @ Phoenix Mercury 57-67
2000,2000-07-24,Indiana Fever,78,Charlotte Sting,82,-4.0,4.0,0,1,258,668,W,L,W vs. Indiana Fever 82-78,L @ Charlotte Sting 78-82
2000,2000-07-25,Seattle Storm,53,Houston Comets,79,-26.0,26.0,0,1,259,669,W,L,W vs. Seattle Storm 79-53,L @ Houston Comets 53-79
2000,2000-07-25,Orlando Miracle,63,Los Angeles Sparks,78,-15.0,15.0,0,1,259,670,W,L,W vs. Orlando Miracle 78-63,L @ Los Angeles Sparks 63-78
2000,2000-07-26,Sacramento Monarchs,73,Portland Fire,70,3.0,-3.0,1,0,260,671,L,W,L vs. Sacramento Monarchs 70-73,W @ Portland Fire 73-70
2000,2000-07-26,Cleveland Rockers,77,Utah Starzz,84,-7.0,7.0,0,1,260,672,W,L,W vs. Cleveland Rockers 84-77,L @ Utah Starzz 77-84
2000,2000-07-26,Miami Sol,62,Detroit Shock,78,-16.0,16.0,0,1,260,673,W,L,W vs. Miami Sol 78-62,L @ Detroit Shock 62-78
2000,2000-07-26,Indiana Fever,65,Phoenix Mercury,79,-14.0,14.0,0,1,260,674,W,L,W vs. Indiana Fever 79-65,L @ Phoenix Mercury 65-79
2000,2000-07-26,Washington Mystics,80,Charlotte Sting,87,-7.0,7.0,0,1,260,675,W,L,W vs. Washington Mystics 87-80,L @ Charlotte Sting 80-87
2000,2000-07-27,Orlando Miracle,66,Sacramento Monarchs,73,-7.0,7.0,0,1,261,676,W,L,W vs. Orlando Miracle 73-66,L @ Sacramento Monarchs 66-73
2000,2000-07-27,Seattle Storm,63,Los Angeles Sparks,76,-13.0,13.0,0,1,261,677,W,L,W vs. Seattle Storm 76-63,L @ Los Angeles Sparks 63-76
2000,2000-07-28,Detroit Shock,60,Cleveland Rockers,80,-20.0,20.0,0,1,262,678,W,L,W vs. Detroit Shock 80-60,L @ Cleveland Rockers 60-80
2000,2000-07-28,Miami Sol,44,Minnesota Lynx,68,-24.0,24.0,0,1,262,679,W,L,W vs. Miami Sol 68-44,L @ Minnesota Lynx 44-68
2000,2000-07-28,New York Liberty,66,Charlotte Sting,56,10.0,-10.0,1,0,262,680,L,W,L vs. New York Liberty 56-66,W @ Charlotte Sting 66-56
2000,2000-07-28,Indiana Fever,73,Portland Fire,58,15.0,-15.0,1,0,262,681,L,W,L vs. Indiana Fever 58-73,W @ Portland Fire 73-58
2000,2000-07-28,Phoenix Mercury,65,Seattle Storm,55,10.0,-10.0,1,0,262,682,L,W,L vs. Phoenix Mercury 55-65,W @ Seattle Storm 65-55
2000,2000-07-29,Indiana Fever,71,Utah Starzz,79,-8.0,8.0,0,1,263,683,W,L,W vs. Indiana Fever 79-71,L @ Utah Starzz 71-79
2000,2000-07-29,Charlotte Sting,72,Detroit Shock,75,-3.0,3.0,0,1,263,684,W,L,W vs. Charlotte Sting 75-72,L @ Detroit Shock 72-75
2000,2000-07-29,Minnesota Lynx,87,Washington Mystics,85,2.0,-2.0,1,0,263,685,L,W,L vs. Minnesota Lynx 85-87,W @ Washington Mystics 87-85
2000,2000-07-29,Cleveland Rockers,67,New York Liberty,81,-14.0,14.0,0,1,263,686,W,L,W vs. Cleveland Rockers 81-67,L @ New York Liberty 67-81
2000,2000-07-29,Los Angeles Sparks,84,Houston Comets,74,10.0,-10.0,1,0,263,687,L,W,L vs. Los Angeles Sparks 74-84,W @ Houston Comets 84-74
2000,2000-07-30,Miami Sol,64,Seattle Storm,51,13.0,-13.0,1,0,264,688,L,W,L vs. Miami Sol 51-64,W @ Seattle Storm 64-51
2000,2000-07-30,Orlando Miracle,55,Portland Fire,76,-21.0,21.0,0,1,264,689,W,L,W vs. Orlando Miracle 76-55,L @ Portland Fire 55-76
2000,2000-07-30,Sacramento Monarchs,70,Phoenix Mercury,63,7.0,-7.0,1,0,264,690,L,W,L vs. Sacramento Monarchs 63-70,W @ Phoenix Mercury 70-63
2000,2000-07-31,Los Angeles Sparks,73,Minnesota Lynx,66,7.0,-7.0,1,0,265,691,L,W,L vs. Los Angeles Sparks 66-73,W @ Minnesota Lynx 73-66
2000,2000-07-31,Cleveland Rockers,76,Detroit Shock,65,11.0,-11.0,1,0,265,692,L,W,L vs. Cleveland Rockers 65-76,W @ Detroit Shock 76-65
2000,2000-07-31,Charlotte Sting,56,New York Liberty,81,-25.0,25.0,0,1,265,693,W,L,W vs. Charlotte Sting 81-56,L @ New York Liberty 56-81
2000,2000-08-01,Miami Sol,50,Portland Fire,54,-4.0,4.0,0,1,266,694,W,L,W vs. Miami Sol 54-50,L @ Portland Fire 50-54
2000,2000-08-01,Washington Mystics,60,Houston Comets,68,-8.0,8.0,0,1,266,695,W,L,W vs. Washington Mystics 68-60,L @ Houston Comets 60-68
2000,2000-08-01,Indiana Fever,60,Seattle Storm,66,-6.0,6.0,0,1,266,696,W,L,W vs. Indiana Fever 66-60,L @ Seattle Storm 60-66
2000,2000-08-01,Orlando Miracle,77,Phoenix Mercury,84,-7.0,7.0,0,1,266,697,W,L,W vs. Orlando Miracle 84-77,L @ Phoenix Mercury 77-84
2000,2000-08-02,Los Angeles Sparks,84,Detroit Shock,81,3.0,-3.0,1,0,267,698,L,W,L vs. Los Angeles Sparks 81-84,W @ Detroit Shock 84-81
2000,2000-08-02,Utah Starzz,72,Minnesota Lynx,62,10.0,-10.0,1,0,267,699,L,W,L vs. Utah Starzz 62-72,W @ Minnesota Lynx 72-62
2000,2000-08-02,Miami Sol,55,Sacramento Monarchs,73,-18.0,18.0,0,1,267,700,W,L,W vs. Miami Sol 73-55,L @ Sacramento Monarchs 55-73
2000,2000-08-03,Seattle Storm,63,Phoenix Mercury,85,-22.0,22.0,0,1,268,701,W,L,W vs. Seattle Storm 85-63,L @ Phoenix Mercury 63-85
2000,2000-08-03,Utah Starzz,71,Cleveland Rockers,74,-3.0,3.0,0,1,268,702,W,L,W vs. Utah Starzz 74-71,L @ Cleveland Rockers 71-74
2000,2000-08-03,Washington Mystics,75,Indiana Fever,71,4.0,-4.0,1,0,268,703,L,W,L vs. Washington Mystics 71-75,W @ Indiana Fever 75-71
2000,2000-08-04,Orlando Miracle,57,New York Liberty,70,-13.0,13.0,0,1,269,704,W,L,W vs. Orlando Miracle 70-57,L @ New York Liberty 57-70
2000,2000-08-04,Detroit Shock,72,Washington Mystics,96,-24.0,24.0,0,1,269,705,W,L,W vs. Detroit Shock 96-72,L @ Washington Mystics 72-96
2000,2000-08-04,Sacramento Monarchs,74,Minnesota Lynx,63,11.0,-11.0,1,0,269,706,L,W,L vs. Sacramento Monarchs 63-74,W @ Minnesota Lynx 74-63
2000,2000-08-04,Houston Comets,81,Portland Fire,56,25.0,-25.0,1,0,269,707,L,W,L vs. Houston Comets 56-81,W @ Portland Fire 81-56
2000,2000-08-04,Charlotte Sting,50,Miami Sol,60,-10.0,10.0,0,1,269,708,W,L,W vs. Charlotte Sting 60-50,L @ Miami Sol 50-60
2000,2000-08-04,Cleveland Rockers,75,Indiana Fever,87,-12.0,12.0,0,1,269,709,W,L,W vs. Cleveland Rockers 87-75,L @ Indiana Fever 75-87
2000,2000-08-05,Utah Starzz,82,Charlotte Sting,84,-2.0,2.0,0,1,270,710,W,L,W vs. Utah Starzz 84-82,L @ Charlotte Sting 82-84
2000,2000-08-05,Los Angeles Sparks,77,Phoenix Mercury,63,14.0,-14.0,1,0,270,711,L,W,L vs. Los Angeles Sparks 63-77,W @ Phoenix Mercury 77-63
2000,2000-08-06,Houston Comets,76,Sacramento Monarchs,63,13.0,-13.0,1,0,271,712,L,W,L vs. Houston Comets 63-76,W @ Sacramento Monarchs 76-63
2000,2000-08-06,Washington Mystics,60,Cleveland Rockers,77,-17.0,17.0,0,1,271,713,W,L,W vs. Washington Mystics 77-60,L @ Cleveland Rockers 60-77
2000,2000-08-06,Detroit Shock,63,Orlando Miracle,92,-29.0,29.0,0,1,271,714,W,L,W vs. Detroit Shock 92-63,L @ Orlando Miracle 63-92
2000,2000-08-06,Indiana Fever,75,Minnesota Lynx,80,-5.0,5.0,0,1,271,715,W,L,W vs. Indiana Fever 80-75,L @ Minnesota Lynx 75-80
2000,2000-08-06,New York Liberty,41,Miami Sol,57,-16.0,16.0,0,1,271,716,W,L,W vs. New York Liberty 57-41,L @ Miami Sol 41-57
2000,2000-08-06,Portland Fire,58,Seattle Storm,66,-8.0,8.0,0,1,271,717,W,L,W vs. Portland Fire 66-58,L @ Seattle Storm 58-66
2000,2000-08-07,Detroit Shock,74,Indiana Fever,63,11.0,-11.0,1,0,272,718,L,W,L vs. Detroit Shock 63-74,W @ Indiana Fever 74-63
2000,2000-08-07,Portland Fire,73,Utah Starzz,83,-10.0,10.0,0,1,272,719,W,L,W vs. Portland Fire 83-73,L @ Utah Starzz 73-83
2000,2000-08-07,Houston Comets,71,Phoenix Mercury,54,17.0,-17.0,1,0,272,720,L,W,L vs. Houston Comets 54-71,W @ Phoenix Mercury 71-54
2000,2000-08-07,Washington Mystics,57,Orlando Miracle,65,-8.0,8.0,0,1,272,721,W,L,W vs. Washington Mystics 65-57,L @ Orlando Miracle 57-65
2000,2000-08-08,Los Angeles Sparks,60,Seattle Storm,52,8.0,-8.0,1,0,273,722,L,W,L vs. Los Angeles Sparks 52-60,W @ Seattle Storm 60-52
2000,2000-08-08,Cleveland Rockers,44,New York Liberty,57,-13.0,13.0,0,1,273,723,W,L,W vs. Cleveland Rockers 57-44,L @ New York Liberty 44-57
2000,2000-08-08,Minnesota Lynx,76,Charlotte Sting,67,9.0,-9.0,1,0,273,724,L,W,L vs. Minnesota Lynx 67-76,W @ Charlotte Sting 76-67
2000,2000-08-09,Minnesota Lynx,64,Houston Comets,77,-13.0,13.0,0,1,274,725,W,L,W vs. Minnesota Lynx 77-64,L @ Houston Comets 64-77
2000,2000-08-09,New York Liberty,63,Detroit Shock,66,-3.0,3.0,0,1,274,726,W,L,W vs. New York Liberty 66-63,L @ Detroit Shock 63-66
2000,2000-08-09,Orlando Miracle,64,Miami Sol,68,-4.0,4.0,0,1,274,727,W,L,W vs. Orlando Miracle 68-64,L @ Miami Sol 64-68
2000,2000-08-09,Charlotte Sting,51,Indiana Fever,67,-16.0,16.0,0,1,274,728,W,L,W vs. Charlotte Sting 67-51,L @ Indiana Fever 51-67
2000,2000-08-09,Phoenix Mercury,68,Portland Fire,60,8.0,-8.0,1,0,274,729,L,W,L vs. Phoenix Mercury 60-68,W @ Portland Fire 68-60
2000,2000-08-09,Los Angeles Sparks,77,Utah Starzz,89,-12.0,12.0,0,1,274,730,W,L,W vs. Los Angeles Sparks 89-77,L @ Utah Starzz 77-89
2000,2000-08-09,Seattle Storm,46,Sacramento Monarchs,79,-33.0,33.0,0,1,274,731,W,L,W vs. Seattle Storm 79-46,L @ Sacramento Monarchs 46-79
2000,2000-08-09,Cleveland Rockers,48,Washington Mystics,60,-12.0,12.0,0,1,274,732,W,L,W vs. Cleveland Rockers 60-48,L @ Washington Mystics 48-60
2000,2000-08-11,Cleveland Rockers,55,Orlando Miracle,62,-7.0,7.0,0,1,275,733,W,L,W vs. Cleveland Rockers 62-55,L @ Orlando Miracle 55-62
2000,2000-08-11,Los Angeles Sparks,86,Phoenix Mercury,71,15.0,-15.0,1,0,275,734,L,W,L vs. Los Angeles Sparks 71-86,W @ Phoenix Mercury 86-71
2000,2000-08-12,New York Liberty,72,Washington Mystics,63,9.0,-9.0,1,0,276,735,L,W,L vs. New York Liberty 63-72,W @ Washington Mystics 72-63
2000,2000-08-12,Houston Comets,72,Sacramento Monarchs,64,8.0,-8.0,1,0,276,736,L,W,L vs. Houston Comets 64-72,W @ Sacramento Monarchs 72-64
2000,2000-08-13,Orlando Miracle,54,Cleveland Rockers,63,-9.0,9.0,0,1,277,737,W,L,W vs. Orlando Miracle 63-54,L @ Cleveland Rockers 54-63
2000,2000-08-13,Phoenix Mercury,76,Los Angeles Sparks,101,-25.0,25.0,0,1,277,738,W,L,W vs. Phoenix Mercury 101-76,L @ Los Angeles Sparks 76-101
2000,2000-08-14,Washington Mystics,57,New York Liberty,78,-21.0,21.0,0,1,278,739,W,L,W vs. Washington Mystics 78-57,L @ New York Liberty 57-78
2000,2000-08-14,Sacramento Monarchs,70,Houston Comets,75,-5.0,5.0,0,1,278,740,W,L,W vs. Sacramento Monarchs 75-70,L @ Houston Comets 70-75
2000,2000-08-15,Orlando Miracle,43,Cleveland Rockers,72,-29.0,29.0,0,1,279,741,W,L,W vs. Orlando Miracle 72-43,L @ Cleveland Rockers 43-72
2000,2000-08-17,Los Angeles Sparks,56,Houston Comets,77,-21.0,21.0,0,1,280,742,W,L,W vs. Los Angeles Sparks 77-56,L @ Houston Comets 56-77
2000,2000-08-17,New York Liberty,43,Cleveland Rockers,56,-13.0,13.0,0,1,280,743,W,L,W vs. New York Liberty 56-43,L @ Cleveland Rockers 43-56
2000,2000-08-20,Houston Comets,74,Los Angeles Sparks,69,5.0,-5.0,1,0,281,744,L,W,L vs. Houston Comets 69-74,W @ Los Angeles Sparks 74-69
2000,2000-08-20,Cleveland Rockers,45,New York Liberty,51,-6.0,6.0,0,1,281,745,W,L,W vs. Cleveland Rockers 51-45,L @ New York Liberty 45-51
2000,2000-08-21,Cleveland Rockers,67,New York Liberty,81,-14.0,14.0,0,1,282,746,W,L,W vs. Cleveland Rockers 81-67,L @ New York Liberty 67-81
2000,2000-08-24,Houston Comets,59,New York Liberty,52,7.0,-7.0,1,0,283,747,L,W,L vs. Houston Comets 52-59,W @ New York Liberty 59-52
2000,2000-08-26,New York Liberty,73,Houston Comets,79,-6.0,6.0,0,1,284,748,W,L,W vs. New York Liberty 79-73,L @ Houston Comets 73-79
2001,2001-05-28,Los Angeles Sparks,66,Houston Comets,63,3.0,-3.0,1,0,285,749,L,W,L vs. Los Angeles Sparks 63-66,W @ Houston Comets 66-63
2001,2001-05-30,Utah Starzz,81,Phoenix Mercury,62,19.0,-19.0,1,0,286,750,L,W,L vs. Utah Starzz 62-81,W @ Phoenix Mercury 81-62
2001,2001-05-31,Minnesota Lynx,82,Portland Fire,65,17.0,-17.0,1,0,287,751,L,W,L vs. Minnesota Lynx 65-82,W @ Portland Fire 82-65
2001,2001-05-31,New York Liberty,59,Miami Sol,68,-9.0,9.0,0,1,287,752,W,L,W vs. New York Liberty 68-59,L @ Miami Sol 59-68
2001,2001-05-31,Houston Comets,82,Indiana Fever,78,4.0,-4.0,1,0,287,753,L,W,L vs. Houston Comets 78-82,W @ Indiana Fever 82-78
2001,2001-05-31,Phoenix Mercury,70,Seattle Storm,83,-13.0,13.0,0,1,287,754,W,L,W vs. Phoenix Mercury 83-70,L @ Seattle Storm 70-83
2001,2001-05-31,Washington Mystics,34,Cleveland Rockers,69,-35.0,35.0,0,1,287,755,W,L,W vs. Washington Mystics 69-34,L @ Cleveland Rockers 34-69
2001,2001-06-01,Los Angeles Sparks,68,Orlando Miracle,62,6.0,-6.0,1,0,288,756,L,W,L vs. Los Angeles Sparks 62-68,W @ Orlando Miracle 68-62
2001,2001-06-02,Portland Fire,76,Utah Starzz,71,5.0,-5.0,1,0,289,757,L,W,L vs. Portland Fire 71-76,W @ Utah Starzz 76-71
2001,2001-06-02,Phoenix Mercury,89,Minnesota Lynx,80,9.0,-9.0,1,0,289,758,L,W,L vs. Phoenix Mercury 80-89,W @ Minnesota Lynx 89-80
2001,2001-06-02,Cleveland Rockers,65,Sacramento Monarchs,70,-5.0,5.0,0,1,289,759,W,L,W vs. Cleveland Rockers 70-65,L @ Sacramento Monarchs 65-70
2001,2001-06-02,Houston Comets,74,Detroit Shock,73,1.0,-1.0,1,0,289,760,L,W,L vs. Houston Comets 73-74,W @ Detroit Shock 74-73
2001,2001-06-02,Indiana Fever,58,New York Liberty,75,-17.0,17.0,0,1,289,761,W,L,W vs. Indiana Fever 75-58,L @ New York Liberty 58-75
2001,2001-06-02,Los Angeles Sparks,76,Charlotte Sting,67,9.0,-9.0,1,0,289,762,L,W,L vs. Los Angeles Sparks 67-76,W @ Charlotte Sting 76-67
2001,2001-06-03,Seattle Storm,63,Washington Mystics,68,-5.0,5.0,0,1,290,763,W,L,W vs. Seattle Storm 68-63,L @ Washington Mystics 63-68
2001,2001-06-04,Phoenix Mercury,69,Portland Fire,71,-2.0,2.0,0,1,291,764,W,L,W vs. Phoenix Mercury 71-69,L @ Portland Fire 69-71
2001,2001-06-04,Seattle Storm,74,Indiana Fever,71,3.0,-3.0,1,0,291,765,L,W,L vs. Seattle Storm 71-74,W @ Indiana Fever 74-71
2001,2001-06-04,Sacramento Monarchs,80,New York Liberty,63,17.0,-17.0,1,0,291,766,L,W,L vs. Sacramento Monarchs 63-80,W @ New York Liberty 80-63
2001,2001-06-05,Houston Comets,72,Utah Starzz,68,4.0,-4.0,1,0,292,767,L,W,L vs. Houston Comets 68-72,W @ Utah Starzz 72-68
2001,2001-06-05,Sacramento Monarchs,72,Washington Mystics,75,-3.0,3.0,0,1,292,768,W,L,W vs. Sacramento Monarchs 75-72,L @ Washington Mystics 72-75
2001,2001-06-05,Orlando Miracle,92,Detroit Shock,71,21.0,-21.0,1,0,292,769,L,W,L vs. Orlando Miracle 71-92,W @ Detroit Shock 92-71
2001,2001-06-05,Cleveland Rockers,50,Los Angeles Sparks,58,-8.0,8.0,0,1,292,770,W,L,W vs. Cleveland Rockers 58-50,L @ Los Angeles Sparks 50-58
2001,2001-06-05,Indiana Fever,61,Miami Sol,63,-2.0,2.0,0,1,292,771,W,L,W vs. Indiana Fever 63-61,L @ Miami Sol 61-63
2001,2001-06-05,Charlotte Sting,69,Phoenix Mercury,76,-7.0,7.0,0,1,292,772,W,L,W vs. Charlotte Sting 76-69,L @ Phoenix Mercury 69-76
2001,2001-06-07,Detroit Shock,66,Houston Comets,87,-21.0,21.0,0,1,293,773,W,L,W vs. Detroit Shock 87-66,L @ Houston Comets 66-87
2001,2001-06-07,Orlando Miracle,79,Utah Starzz,82,-3.0,3.0,0,1,293,774,W,L,W vs. Orlando Miracle 82-79,L @ Utah Starzz 79-82
2001,2001-06-07,Miami Sol,70,Seattle Storm,57,13.0,-13.0,1,0,293,775,L,W,L vs. Miami Sol 57-70,W @ Seattle Storm 70-57
2001,2001-06-07,New York Liberty,49,Cleveland Rockers,67,-18.0,18.0,0,1,293,776,W,L,W vs. New York Liberty 67-49,L @ Cleveland Rockers 49-67
2001,2001-06-07,Charlotte Sting,65,Sacramento Monarchs,77,-12.0,12.0,0,1,293,777,W,L,W vs. Charlotte Sting 77-65,L @ Sacramento Monarchs 65-77
2001,2001-06-09,Los Angeles Sparks,62,Minnesota Lynx,60,2.0,-2.0,1,0,294,778,L,W,L vs. Los Angeles Sparks 60-62,W @ Minnesota Lynx 62-60
2001,2001-06-09,Seattle Storm,73,Utah Starzz,65,8.0,-8.0,1,0,294,779,L,W,L vs. Seattle Storm 65-73,W @ Utah Starzz 73-65
2001,2001-06-09,Indiana Fever,76,Cleveland Rockers,86,-10.0,10.0,0,1,294,780,W,L,W vs. Indiana Fever 86-76,L @ Cleveland Rockers 76-86
2001,2001-06-09,Charlotte Sting,86,Orlando Miracle,79,7.0,-7.0,1,0,294,781,L,W,L vs. Charlotte Sting 79-86,W @ Orlando Miracle 86-79
2001,2001-06-09,Miami Sol,71,Sacramento Monarchs,67,4.0,-4.0,1,0,294,782,L,W,L vs. Miami Sol 67-71,W @ Sacramento Monarchs 71-67
2001,2001-06-10,New York Liberty,81,Washington Mystics,80,1.0,-1.0,1,0,295,783,L,W,L vs. New York Liberty 80-81,W @ Washington Mystics 81-80
2001,2001-06-10,Houston Comets,60,Phoenix Mercury,58,2.0,-2.0,1,0,295,784,L,W,L vs. Houston Comets 58-60,W @ Phoenix Mercury 60-58
2001,2001-06-12,Cleveland Rockers,62,Portland Fire,67,-5.0,5.0,0,1,296,785,W,L,W vs. Cleveland Rockers 67-62,L @ Portland Fire 62-67
2001,2001-06-12,Sacramento Monarchs,64,Phoenix Mercury,78,-14.0,14.0,0,1,296,786,W,L,W vs. Sacramento Monarchs 78-64,L @ Phoenix Mercury 64-78
2001,2001-06-12,Orlando Miracle,63,Seattle Storm,70,-7.0,7.0,0,1,296,787,W,L,W vs. Orlando Miracle 70-63,L @ Seattle Storm 63-70
2001,2001-06-12,Charlotte Sting,70,New York Liberty,79,-9.0,9.0,0,1,296,788,W,L,W vs. Charlotte Sting 79-70,L @ New York Liberty 70-79
2001,2001-06-12,Detroit Shock,68,Miami Sol,67,1.0,-1.0,1,0,296,789,L,W,L vs. Detroit Shock 67-68,W @ Miami Sol 68-67
2001,2001-06-12,Indiana Fever,65,Minnesota Lynx,60,5.0,-5.0,1,0,296,790,L,W,L vs. Indiana Fever 60-65,W @ Minnesota Lynx 65-60
2001,2001-06-14,Cleveland Rockers,58,Seattle Storm,36,22.0,-22.0,1,0,297,791,L,W,L vs. Cleveland Rockers 36-58,W @ Seattle Storm 58-36
2001,2001-06-14,Orlando Miracle,68,Los Angeles Sparks,84,-16.0,16.0,0,1,297,792,W,L,W vs. Orlando Miracle 84-68,L @ Los Angeles Sparks 68-84
2001,2001-06-14,Utah Starzz,73,Charlotte Sting,59,14.0,-14.0,1,0,297,793,L,W,L vs. Utah Starzz 59-73,W @ Charlotte Sting 73-59
2001,2001-06-14,Phoenix Mercury,59,Sacramento Monarchs,81,-22.0,22.0,0,1,297,794,W,L,W vs. Phoenix Mercury 81-59,L @ Sacramento Monarchs 59-81
2001,2001-06-14,Washington Mystics,65,Detroit Shock,80,-15.0,15.0,0,1,297,795,W,L,W vs. Washington Mystics 80-65,L @ Detroit Shock 65-80
2001,2001-06-16,Detroit Shock,72,Charlotte Sting,69,3.0,-3.0,1,0,298,796,L,W,L vs. Detroit Shock 69-72,W @ Charlotte Sting 72-69
2001,2001-06-16,Orlando Miracle,68,Phoenix Mercury,72,-4.0,4.0,0,1,298,797,W,L,W vs. Orlando Miracle 72-68,L @ Phoenix Mercury 68-72
2001,2001-06-16,Minnesota Lynx,65,Indiana Fever,67,-2.0,2.0,0,1,298,798,W,L,W vs. Minnesota Lynx 67-65,L @ Indiana Fever 65-67
2001,2001-06-16,Portland Fire,81,Sacramento Monarchs,74,7.0,-7.0,1,0,298,799,L,W,L vs. Portland Fire 74-81,W @ Sacramento Monarchs 81-74
2001,2001-06-16,Washington Mystics,63,New York Liberty,86,-23.0,23.0,0,1,298,800,W,L,W vs. Washington Mystics 86-63,L @ New York Liberty 63-86
2001,2001-06-16,Los Angeles Sparks,73,Seattle Storm,60,13.0,-13.0,1,0,298,801,L,W,L vs. Los Angeles Sparks 60-73,W @ Seattle Storm 73-60
2001,2001-06-16,Miami Sol,53,Cleveland Rockers,70,-17.0,17.0,0,1,298,802,W,L,W vs. Miami Sol 70-53,L @ Cleveland Rockers 53-70
2001,2001-06-17,Minnesota Lynx,71,Detroit Shock,63,8.0,-8.0,1,0,299,803,L,W,L vs. Minnesota Lynx 63-71,W @ Detroit Shock 71-63
2001,2001-06-17,Cleveland Rockers,57,Washington Mystics,55,2.0,-2.0,1,0,299,804,L,W,L vs. Cleveland Rockers 55-57,W @ Washington Mystics 57-55
2001,2001-06-17,Portland Fire,75,Los Angeles Sparks,90,-15.0,15.0,0,1,299,805,W,L,W vs. Portland Fire 90-75,L @ Los Angeles Sparks 75-90
2001,2001-06-17,New York Liberty,55,Miami Sol,48,7.0,-7.0,1,0,299,806,L,W,L vs. New York Liberty 48-55,W @ Miami Sol 55-48
2001,2001-06-18,Charlotte Sting,52,Seattle Storm,60,-8.0,8.0,0,1,300,807,W,L,W vs. Charlotte Sting 60-52,L @ Seattle Storm 52-60
2001,2001-06-18,Orlando Miracle,72,Indiana Fever,65,7.0,-7.0,1,0,300,808,L,W,L vs. Orlando Miracle 65-72,W @ Indiana Fever 72-65
2001,2001-06-19,New York Liberty,65,Sacramento Monarchs,56,9.0,-9.0,1,0,301,809,L,W,L vs. New York Liberty 56-65,W @ Sacramento Monarchs 65-56
2001,2001-06-19,Seattle Storm,43,Portland Fire,58,-15.0,15.0,0,1,301,810,W,L,W vs. Seattle Storm 58-43,L @ Portland Fire 43-58
2001,2001-06-19,Charlotte Sting,69,Los Angeles Sparks,73,-4.0,4.0,0,1,301,811,W,L,W vs. Charlotte Sting 73-69,L @ Los Angeles Sparks 69-73
2001,2001-06-21,New York Liberty,95,Phoenix Mercury,70,25.0,-25.0,1,0,302,812,L,W,L vs. New York Liberty 70-95,W @ Phoenix Mercury 95-70
2001,2001-06-21,Miami Sol,74,Washington Mystics,63,11.0,-11.0,1,0,302,813,L,W,L vs. Miami Sol 63-74,W @ Washington Mystics 74-63
2001,2001-06-21,Los Angeles Sparks,65,Houston Comets,69,-4.0,4.0,0,1,302,814,W,L,W vs. Los Angeles Sparks 69-65,L @ Houston Comets 65-69
2001,2001-06-21,Sacramento Monarchs,87,Utah Starzz,75,12.0,-12.0,1,0,302,815,L,W,L vs. Sacramento Monarchs 75-87,W @ Utah Starzz 87-75
2001,2001-06-22,Los Angeles Sparks,70,Cleveland Rockers,74,-4.0,4.0,0,1,303,816,W,L,W vs. Los Angeles Sparks 74-70,L @ Cleveland Rockers 70-74
2001,2001-06-22,Detroit Shock,56,Indiana Fever,77,-21.0,21.0,0,1,303,817,W,L,W vs. Detroit Shock 77-56,L @ Indiana Fever 56-77
2001,2001-06-22,Charlotte Sting,62,Portland Fire,66,-4.0,4.0,0,1,303,818,W,L,W vs. Charlotte Sting 66-62,L @ Portland Fire 62-66
2001,2001-06-22,Miami Sol,57,Minnesota Lynx,63,-6.0,6.0,0,1,303,819,W,L,W vs. Miami Sol 63-57,L @ Minnesota Lynx 57-63
2001,2001-06-22,Seattle Storm,58,Phoenix Mercury,55,3.0,-3.0,1,0,303,820,L,W,L vs. Seattle Storm 55-58,W @ Phoenix Mercury 58-55
2001,2001-06-23,Sacramento Monarchs,56,Houston Comets,70,-14.0,14.0,0,1,304,821,W,L,W vs. Sacramento Monarchs 70-56,L @ Houston Comets 56-70
2001,2001-06-23,Minnesota Lynx,80,Utah Starzz,87,-7.0,7.0,0,1,304,822,W,L,W vs. Minnesota Lynx 87-80,L @ Utah Starzz 80-87
2001,2001-06-23,Indiana Fever,74,Detroit Shock,70,4.0,-4.0,1,0,304,823,L,W,L vs. Indiana Fever 70-74,W @ Detroit Shock 74-70
2001,2001-06-23,Washington Mystics,59,Orlando Miracle,67,-8.0,8.0,0,1,304,824,W,L,W vs. Washington Mystics 67-59,L @ Orlando Miracle 59-67
2001,2001-06-24,Sacramento Monarchs,85,Charlotte Sting,82,3.0,-3.0,1,0,305,825,L,W,L vs. Sacramento Monarchs 82-85,W @ Charlotte Sting 85-82
2001,2001-06-24,Portland Fire,57,Houston Comets,67,-10.0,10.0,0,1,305,826,W,L,W vs. Portland Fire 67-57,L @ Houston Comets 57-67
2001,2001-06-24,Los Angeles Sparks,69,New York Liberty,82,-13.0,13.0,0,1,305,827,W,L,W vs. Los Angeles Sparks 82-69,L @ New York Liberty 69-82
2001,2001-06-24,Cleveland Rockers,54,Miami Sol,35,19.0,-19.0,1,0,305,828,L,W,L vs. Cleveland Rockers 35-54,W @ Miami Sol 54-35
2001,2001-06-25,New York Liberty,54,Orlando Miracle,67,-13.0,13.0,0,1,306,829,W,L,W vs. New York Liberty 67-54,L @ Orlando Miracle 54-67
2001,2001-06-25,Minnesota Lynx,55,Washington Mystics,51,4.0,-4.0,1,0,306,830,L,W,L vs. Minnesota Lynx 51-55,W @ Washington Mystics 55-51
2001,2001-06-25,Seattle Storm,65,Utah Starzz,47,18.0,-18.0,1,0,306,831,L,W,L vs. Seattle Storm 47-65,W @ Utah Starzz 65-47
2001,2001-06-26,Portland Fire,57,Cleveland Rockers,61,-4.0,4.0,0,1,307,832,W,L,W vs. Portland Fire 61-57,L @ Cleveland Rockers 57-61
2001,2001-06-26,Los Angeles Sparks,98,Detroit Shock,89,9.0,-9.0,1,0,307,833,L,W,L vs. Los Angeles Sparks 89-98,W @ Detroit Shock 98-89
2001,2001-06-27,Washington Mystics,63,Houston Comets,76,-13.0,13.0,0,1,308,834,W,L,W vs. Washington Mystics 76-63,L @ Houston Comets 63-76
2001,2001-06-27,Utah Starzz,68,Miami Sol,63,5.0,-5.0,1,0,308,835,L,W,L vs. Utah Starzz 63-68,W @ Miami Sol 68-63
2001,2001-06-27,Portland Fire,68,Indiana Fever,65,3.0,-3.0,1,0,308,836,L,W,L vs. Portland Fire 65-68,W @ Indiana Fever 68-65
2001,2001-06-27,Cleveland Rockers,65,Orlando Miracle,41,24.0,-24.0,1,0,308,837,L,W,L vs. Cleveland Rockers 41-65,W @ Orlando Miracle 65-41
2001,2001-06-27,Detroit Shock,50,Charlotte Sting,74,-24.0,24.0,0,1,308,838,W,L,W vs. Detroit Shock 74-50,L @ Charlotte Sting 50-74
2001,2001-06-28,Seattle Storm,59,Minnesota Lynx,68,-9.0,9.0,0,1,309,839,W,L,W vs. Seattle Storm 68-59,L @ Minnesota Lynx 59-68
2001,2001-06-28,Houston Comets,54,Sacramento Monarchs,64,-10.0,10.0,0,1,309,840,W,L,W vs. Houston Comets 64-54,L @ Sacramento Monarchs 54-64
2001,2001-06-29,Utah Starzz,64,Washington Mystics,74,-10.0,10.0,0,1,310,841,W,L,W vs. Utah Starzz 74-64,L @ Washington Mystics 64-74
2001,2001-06-29,Charlotte Sting,75,Indiana Fever,67,8.0,-8.0,1,0,310,842,L,W,L vs. Charlotte Sting 67-75,W @ Indiana Fever 75-67
2001,2001-06-29,Phoenix Mercury,71,Detroit Shock,75,-4.0,4.0,0,1,310,843,W,L,W vs. Phoenix Mercury 75-71,L @ Detroit Shock 71-75
2001,2001-06-29,Portland Fire,74,Miami Sol,72,2.0,-2.0,1,0,310,844,L,W,L vs. Portland Fire 72-74,W @ Miami Sol 74-72
2001,2001-06-30,Sacramento Monarchs,65,Seattle Storm,59,6.0,-6.0,1,0,311,845,L,W,L vs. Sacramento Monarchs 59-65,W @ Seattle Storm 65-59
2001,2001-06-30,Orlando Miracle,60,New York Liberty,72,-12.0,12.0,0,1,311,846,W,L,W vs. Orlando Miracle 72-60,L @ New York Liberty 60-72
2001,2001-06-30,Houston Comets,59,Minnesota Lynx,52,7.0,-7.0,1,0,311,847,L,W,L vs. Houston Comets 52-59,W @ Minnesota Lynx 59-52
2001,2001-06-30,Cleveland Rockers,55,Charlotte Sting,58,-3.0,3.0,0,1,311,848,W,L,W vs. Cleveland Rockers 58-55,L @ Charlotte Sting 55-58
2001,2001-07-01,Phoenix Mercury,78,Indiana Fever,86,-8.0,8.0,0,1,312,849,W,L,W vs. Phoenix Mercury 86-78,L @ Indiana Fever 78-86
2001,2001-07-01,Miami Sol,60,Los Angeles Sparks,86,-26.0,26.0,0,1,312,850,W,L,W vs. Miami Sol 86-60,L @ Los Angeles Sparks 60-86
2001,2001-07-01,Minnesota Lynx,47,Cleveland Rockers,52,-5.0,5.0,0,1,312,851,W,L,W vs. Minnesota Lynx 52-47,L @ Cleveland Rockers 47-52
2001,2001-07-01,Orlando Miracle,64,Washington Mystics,76,-12.0,12.0,0,1,312,852,W,L,W vs. Orlando Miracle 76-64,L @ Washington Mystics 64-76
2001,2001-07-02,Portland Fire,67,Houston Comets,74,-7.0,7.0,0,1,313,853,W,L,W vs. Portland Fire 74-67,L @ Houston Comets 67-74
2001,2001-07-02,Miami Sol,69,Utah Starzz,59,10.0,-10.0,1,0,313,854,L,W,L vs. Miami Sol 59-69,W @ Utah Starzz 69-59
2001,2001-07-02,Detroit Shock,60,New York Liberty,66,-6.0,6.0,0,1,313,855,W,L,W vs. Detroit Shock 66-60,L @ New York Liberty 60-66
2001,2001-07-03,Washington Mystics,72,Seattle Storm,69,3.0,-3.0,1,0,314,856,L,W,L vs. Washington Mystics 69-72,W @ Seattle Storm 72-69
2001,2001-07-03,New York Liberty,61,Charlotte Sting,66,-5.0,5.0,0,1,314,857,W,L,W vs. New York Liberty 66-61,L @ Charlotte Sting 61-66
2001,2001-07-03,Utah Starzz,71,Los Angeles Sparks,84,-13.0,13.0,0,1,314,858,W,L,W vs. Utah Starzz 84-71,L @ Los Angeles Sparks 71-84
2001,2001-07-03,Sacramento Monarchs,91,Minnesota Lynx,52,39.0,-39.0,1,0,314,859,L,W,L vs. Sacramento Monarchs 52-91,W @ Minnesota Lynx 91-52
2001,2001-07-04,Miami Sol,47,Phoenix Mercury,60,-13.0,13.0,0,1,315,860,W,L,W vs. Miami Sol 60-47,L @ Phoenix Mercury 47-60
2001,2001-07-04,Seattle Storm,61,Portland Fire,56,5.0,-5.0,1,0,315,861,L,W,L vs. Seattle Storm 56-61,W @ Portland Fire 61-56
2001,2001-07-05,Phoenix Mercury,50,Los Angeles Sparks,73,-23.0,23.0,0,1,316,862,W,L,W vs. Phoenix Mercury 73-50,L @ Los Angeles Sparks 50-73
2001,2001-07-06,New York Liberty,70,Minnesota Lynx,57,13.0,-13.0,1,0,317,863,L,W,L vs. New York Liberty 57-70,W @ Minnesota Lynx 70-57
2001,2001-07-06,Charlotte Sting,67,Detroit Shock,50,17.0,-17.0,1,0,317,864,L,W,L vs. Charlotte Sting 50-67,W @ Detroit Shock 67-50
2001,2001-07-06,Cleveland Rockers,69,Utah Starzz,73,-4.0,4.0,0,1,317,865,W,L,W vs. Cleveland Rockers 73-69,L @ Utah Starzz 69-73
2001,2001-07-06,Sacramento Monarchs,75,Orlando Miracle,68,7.0,-7.0,1,0,317,866,L,W,L vs. Sacramento Monarchs 68-75,W @ Orlando Miracle 75-68
2001,2001-07-06,Indiana Fever,64,Houston Comets,79,-15.0,15.0,0,1,317,867,W,L,W vs. Indiana Fever 79-64,L @ Houston Comets 64-79
2001,2001-07-06,Washington Mystics,58,Portland Fire,69,-11.0,11.0,0,1,317,868,W,L,W vs. Washington Mystics 69-58,L @ Portland Fire 58-69
2001,2001-07-07,Washington Mystics,52,Phoenix Mercury,66,-14.0,14.0,0,1,318,869,W,L,W vs. Washington Mystics 66-52,L @ Phoenix Mercury 52-66
2001,2001-07-07,Sacramento Monarchs,54,Miami Sol,66,-12.0,12.0,0,1,318,870,W,L,W vs. Sacramento Monarchs 66-54,L @ Miami Sol 54-66
2001,2001-07-07,Seattle Storm,38,Charlotte Sting,48,-10.0,10.0,0,1,318,871,W,L,W vs. Seattle Storm 48-38,L @ Charlotte Sting 38-48
2001,2001-07-08,Minnesota Lynx,95,Los Angeles Sparks,100,-5.0,5.0,0,1,319,872,W,L,W vs. Minnesota Lynx 100-95,L @ Los Angeles Sparks 95-100
2001,2001-07-08,Detroit Shock,67,Orlando Miracle,73,-6.0,6.0,0,1,319,873,W,L,W vs. Detroit Shock 73-67,L @ Orlando Miracle 67-73
2001,2001-07-08,New York Liberty,58,Indiana Fever,56,2.0,-2.0,1,0,319,874,L,W,L vs. New York Liberty 56-58,W @ Indiana Fever 58-56
2001,2001-07-08,Cleveland Rockers,63,Houston Comets,53,10.0,-10.0,1,0,319,875,L,W,L vs. Cleveland Rockers 53-63,W @ Houston Comets 63-53
2001,2001-07-08,Utah Starzz,65,Portland Fire,63,2.0,-2.0,1,0,319,876,L,W,L vs. Utah Starzz 63-65,W @ Portland Fire 65-63
2001,2001-07-09,Indiana Fever,65,New York Liberty,72,-7.0,7.0,0,1,320,877,W,L,W vs. Indiana Fever 72-65,L @ New York Liberty 65-72
2001,2001-07-10,Houston Comets,76,Sacramento Monarchs,78,-2.0,2.0,0,1,321,878,W,L,W vs. Houston Comets 78-76,L @ Sacramento Monarchs 76-78
2001,2001-07-10,Miami Sol,65,Orlando Miracle,63,2.0,-2.0,1,0,321,879,L,W,L vs. Miami Sol 63-65,W @ Orlando Miracle 65-63
2001,2001-07-10,Portland Fire,52,Minnesota Lynx,73,-21.0,21.0,0,1,321,880,W,L,W vs. Portland Fire 73-52,L @ Minnesota Lynx 52-73
2001,2001-07-10,Los Angeles Sparks,79,Utah Starzz,67,12.0,-12.0,1,0,321,881,L,W,L vs. Los Angeles Sparks 67-79,W @ Utah Starzz 79-67
2001,2001-07-10,Seattle Storm,53,Cleveland Rockers,59,-6.0,6.0,0,1,321,882,W,L,W vs. Seattle Storm 59-53,L @ Cleveland Rockers 53-59
2001,2001-07-11,Cleveland Rockers,76,Indiana Fever,58,18.0,-18.0,1,0,322,883,L,W,L vs. Cleveland Rockers 58-76,W @ Indiana Fever 76-58
2001,2001-07-11,Detroit Shock,64,Washington Mystics,52,12.0,-12.0,1,0,322,884,L,W,L vs. Detroit Shock 52-64,W @ Washington Mystics 64-52
2001,2001-07-11,Seattle Storm,53,New York Liberty,67,-14.0,14.0,0,1,322,885,W,L,W vs. Seattle Storm 67-53,L @ New York Liberty 53-67
2001,2001-07-11,Los Angeles Sparks,75,Phoenix Mercury,61,14.0,-14.0,1,0,322,886,L,W,L vs. Los Angeles Sparks 61-75,W @ Phoenix Mercury 75-61
2001,2001-07-12,Utah Starzz,67,Sacramento Monarchs,69,-2.0,2.0,0,1,323,887,W,L,W vs. Utah Starzz 69-67,L @ Sacramento Monarchs 67-69
2001,2001-07-12,Orlando Miracle,72,Charlotte Sting,69,3.0,-3.0,1,0,323,888,L,W,L vs. Orlando Miracle 69-72,W @ Charlotte Sting 72-69
2001,2001-07-12,Houston Comets,71,Portland Fire,57,14.0,-14.0,1,0,323,889,L,W,L vs. Houston Comets 57-71,W @ Portland Fire 71-57
2001,2001-07-13,Houston Comets,58,Seattle Storm,55,3.0,-3.0,1,0,324,890,L,W,L vs. Houston Comets 55-58,W @ Seattle Storm 58-55
2001,2001-07-13,Phoenix Mercury,61,Cleveland Rockers,69,-8.0,8.0,0,1,324,891,W,L,W vs. Phoenix Mercury 69-61,L @ Cleveland Rockers 61-69
2001,2001-07-13,Miami Sol,56,Detroit Shock,55,1.0,-1.0,1,0,324,892,L,W,L vs. Miami Sol 55-56,W @ Detroit Shock 56-55
2001,2001-07-13,Orlando Miracle,60,Indiana Fever,74,-14.0,14.0,0,1,324,893,W,L,W vs. Orlando Miracle 74-60,L @ Indiana Fever 60-74
2001,2001-07-13,Minnesota Lynx,64,New York Liberty,67,-3.0,3.0,0,1,324,894,W,L,W vs. Minnesota Lynx 67-64,L @ New York Liberty 64-67
2001,2001-07-14,Indiana Fever,58,Charlotte Sting,71,-13.0,13.0,0,1,325,895,W,L,W vs. Indiana Fever 71-58,L @ Charlotte Sting 58-71
2001,2001-07-14,Phoenix Mercury,80,Minnesota Lynx,67,13.0,-13.0,1,0,325,896,L,W,L vs. Phoenix Mercury 67-80,W @ Minnesota Lynx 80-67
2001,2001-07-14,Detroit Shock,51,Miami Sol,66,-15.0,15.0,0,1,325,897,W,L,W vs. Detroit Shock 66-51,L @ Miami Sol 51-66
2001,2001-07-14,Sacramento Monarchs,57,Utah Starzz,69,-12.0,12.0,0,1,325,898,W,L,W vs. Sacramento Monarchs 69-57,L @ Utah Starzz 57-69
2001,2001-07-14,Los Angeles Sparks,62,Washington Mystics,50,12.0,-12.0,1,0,325,899,L,W,L vs. Los Angeles Sparks 50-62,W @ Washington Mystics 62-50
2001,2001-07-18,Charlotte Sting,48,Miami Sol,68,-20.0,20.0,0,1,326,900,W,L,W vs. Charlotte Sting 68-48,L @ Miami Sol 48-68
2001,2001-07-18,Seattle Storm,58,Minnesota Lynx,68,-10.0,10.0,0,1,326,901,W,L,W vs. Seattle Storm 68-58,L @ Minnesota Lynx 58-68
2001,2001-07-18,New York Liberty,80,Detroit Shock,67,13.0,-13.0,1,0,326,902,L,W,L vs. New York Liberty 67-80,W @ Detroit Shock 80-67
2001,2001-07-18,Utah Starzz,61,Indiana Fever,57,4.0,-4.0,1,0,326,903,L,W,L vs. Utah Starzz 57-61,W @ Indiana Fever 61-57
2001,2001-07-18,Houston Comets,52,Orlando Miracle,57,-5.0,5.0,0,1,326,904,W,L,W vs. Houston Comets 57-52,L @ Orlando Miracle 52-57
2001,2001-07-19,Portland Fire,58,Phoenix Mercury,60,-2.0,2.0,0,1,327,905,W,L,W vs. Portland Fire 60-58,L @ Phoenix Mercury 58-60
2001,2001-07-19,Los Angeles Sparks,83,Sacramento Monarchs,68,15.0,-15.0,1,0,327,906,L,W,L vs. Los Angeles Sparks 68-83,W @ Sacramento Monarchs 83-68
2001,2001-07-19,New York Liberty,60,Cleveland Rockers,65,-5.0,5.0,0,1,327,907,W,L,W vs. New York Liberty 65-60,L @ Cleveland Rockers 60-65
2001,2001-07-20,Houston Comets,50,Miami Sol,64,-14.0,14.0,0,1,328,908,W,L,W vs. Houston Comets 64-50,L @ Miami Sol 50-64
2001,2001-07-20,Portland Fire,56,Seattle Storm,49,7.0,-7.0,1,0,328,909,L,W,L vs. Portland Fire 49-56,W @ Seattle Storm 56-49
2001,2001-07-20,Orlando Miracle,65,Charlotte Sting,72,-7.0,7.0,0,1,328,910,W,L,W vs. Orlando Miracle 72-65,L @ Charlotte Sting 65-72
2001,2001-07-20,Washington Mystics,65,Indiana Fever,73,-8.0,8.0,0,1,328,911,W,L,W vs. Washington Mystics 73-65,L @ Indiana Fever 65-73
2001,2001-07-21,Charlotte Sting,41,Cleveland Rockers,56,-15.0,15.0,0,1,329,912,W,L,W vs. Charlotte Sting 56-41,L @ Cleveland Rockers 41-56
2001,2001-07-21,Seattle Storm,79,Los Angeles Sparks,85,-6.0,6.0,0,1,329,913,W,L,W vs. Seattle Storm 85-79,L @ Los Angeles Sparks 79-85
2001,2001-07-21,Minnesota Lynx,49,Orlando Miracle,71,-22.0,22.0,0,1,329,914,W,L,W vs. Minnesota Lynx 71-49,L @ Orlando Miracle 49-71
2001,2001-07-21,Detroit Shock,52,Sacramento Monarchs,66,-14.0,14.0,0,1,329,915,W,L,W vs. Detroit Shock 66-52,L @ Sacramento Monarchs 52-66
2001,2001-07-21,Utah Starzz,50,Phoenix Mercury,59,-9.0,9.0,0,1,329,916,W,L,W vs. Utah Starzz 59-50,L @ Phoenix Mercury 50-59
2001,2001-07-22,Detroit Shock,80,Portland Fire,77,3.0,-3.0,1,0,330,917,L,W,L vs. Detroit Shock 77-80,W @ Portland Fire 80-77
2001,2001-07-22,Indiana Fever,61,Washington Mystics,69,-8.0,8.0,0,1,330,918,W,L,W vs. Indiana Fever 69-61,L @ Washington Mystics 61-69
2001,2001-07-22,Miami Sol,68,New York Liberty,52,16.0,-16.0,1,0,330,919,L,W,L vs. Miami Sol 52-68,W @ New York Liberty 68-52
2001,2001-07-23,Houston Comets,51,Minnesota Lynx,46,5.0,-5.0,1,0,331,920,L,W,L vs. Houston Comets 46-51,W @ Minnesota Lynx 51-46
2001,2001-07-24,Washington Mystics,63,Orlando Miracle,71,-8.0,8.0,0,1,332,921,W,L,W vs. Washington Mystics 71-63,L @ Orlando Miracle 63-71
2001,2001-07-24,Indiana Fever,66,Charlotte Sting,75,-9.0,9.0,0,1,332,922,W,L,W vs. Indiana Fever 75-66,L @ Charlotte Sting 66-75
2001,2001-07-24,New York Liberty,68,Portland Fire,86,-18.0,18.0,0,1,332,923,W,L,W vs. New York Liberty 86-68,L @ Portland Fire 68-86
2001,2001-07-24,Detroit Shock,69,Seattle Storm,74,-5.0,5.0,0,1,332,924,W,L,W vs. Detroit Shock 74-69,L @ Seattle Storm 69-74
2001,2001-07-24,Utah Starzz,76,Houston Comets,67,9.0,-9.0,1,0,332,925,L,W,L vs. Utah Starzz 67-76,W @ Houston Comets 76-67
2001,2001-07-25,Sacramento Monarchs,78,Los Angeles Sparks,80,-2.0,2.0,0,1,333,926,W,L,W vs. Sacramento Monarchs 80-78,L @ Los Angeles Sparks 78-80
2001,2001-07-25,Miami Sol,48,Cleveland Rockers,52,-4.0,4.0,0,1,333,927,W,L,W vs. Miami Sol 52-48,L @ Cleveland Rockers 48-52
2001,2001-07-26,Detroit Shock,62,Phoenix Mercury,63,-1.0,1.0,0,1,334,928,W,L,W vs. Detroit Shock 63-62,L @ Phoenix Mercury 62-63
2001,2001-07-26,Washington Mystics,60,Charlotte Sting,62,-2.0,2.0,0,1,334,929,W,L,W vs. Washington Mystics 62-60,L @ Charlotte Sting 60-62
2001,2001-07-26,New York Liberty,63,Utah Starzz,71,-8.0,8.0,0,1,334,930,W,L,W vs. New York Liberty 71-63,L @ Utah Starzz 63-71
2001,2001-07-27,Orlando Miracle,63,Miami Sol,71,-8.0,8.0,0,1,335,931,W,L,W vs. Orlando Miracle 71-63,L @ Miami Sol 63-71
2001,2001-07-27,Indiana Fever,67,Cleveland Rockers,63,4.0,-4.0,1,0,335,932,L,W,L vs. Indiana Fever 63-67,W @ Cleveland Rockers 67-63
2001,2001-07-27,Washington Mystics,62,Minnesota Lynx,60,2.0,-2.0,1,0,335,933,L,W,L vs. Washington Mystics 60-62,W @ Minnesota Lynx 62-60
2001,2001-07-27,Portland Fire,62,Sacramento Monarchs,85,-23.0,23.0,0,1,335,934,W,L,W vs. Portland Fire 85-62,L @ Sacramento Monarchs 62-85
2001,2001-07-27,Phoenix Mercury,56,Seattle Storm,54,2.0,-2.0,1,0,335,935,L,W,L vs. Phoenix Mercury 54-56,W @ Seattle Storm 56-54
2001,2001-07-28,Minnesota Lynx,60,Utah Starzz,68,-8.0,8.0,0,1,336,936,W,L,W vs. Minnesota Lynx 68-60,L @ Utah Starzz 60-68
2001,2001-07-28,Los Angeles Sparks,88,Portland Fire,83,5.0,-5.0,1,0,336,937,L,W,L vs. Los Angeles Sparks 83-88,W @ Portland Fire 88-83
2001,2001-07-28,Miami Sol,69,Indiana Fever,63,6.0,-6.0,1,0,336,938,L,W,L vs. Miami Sol 63-69,W @ Indiana Fever 69-63
2001,2001-07-28,Cleveland Rockers,57,Detroit Shock,50,7.0,-7.0,1,0,336,939,L,W,L vs. Cleveland Rockers 50-57,W @ Detroit Shock 57-50
2001,2001-07-28,New York Liberty,64,Houston Comets,61,3.0,-3.0,1,0,336,940,L,W,L vs. New York Liberty 61-64,W @ Houston Comets 64-61
2001,2001-07-29,Charlotte Sting,42,Washington Mystics,55,-13.0,13.0,0,1,337,941,W,L,W vs. Charlotte Sting 55-42,L @ Washington Mystics 42-55
2001,2001-07-29,Orlando Miracle,62,Detroit Shock,64,-2.0,2.0,0,1,337,942,W,L,W vs. Orlando Miracle 64-62,L @ Detroit Shock 62-64
2001,2001-07-29,Phoenix Mercury,47,Sacramento Monarchs,63,-16.0,16.0,0,1,337,943,W,L,W vs. Phoenix Mercury 63-47,L @ Sacramento Monarchs 47-63
2001,2001-07-30,Orlando Miracle,47,Cleveland Rockers,65,-18.0,18.0,0,1,338,944,W,L,W vs. Orlando Miracle 65-47,L @ Cleveland Rockers 47-65
2001,2001-07-30,Utah Starzz,79,Portland Fire,73,6.0,-6.0,1,0,338,945,L,W,L vs. Utah Starzz 73-79,W @ Portland Fire 79-73
2001,2001-07-30,Seattle Storm,51,Houston Comets,55,-4.0,4.0,0,1,338,946,W,L,W vs. Seattle Storm 55-51,L @ Houston Comets 51-55
2001,2001-07-30,Minnesota Lynx,69,Los Angeles Sparks,78,-9.0,9.0,0,1,338,947,W,L,W vs. Minnesota Lynx 78-69,L @ Los Angeles Sparks 69-78
2001,2001-07-31,Miami Sol,45,Charlotte Sting,63,-18.0,18.0,0,1,339,948,W,L,W vs. Miami Sol 63-45,L @ Charlotte Sting 45-63
2001,2001-08-01,Utah Starzz,71,Houston Comets,63,8.0,-8.0,1,0,340,949,L,W,L vs. Utah Starzz 63-71,W @ Houston Comets 71-63
2001,2001-08-01,Detroit Shock,63,New York Liberty,66,-3.0,3.0,0,1,340,950,W,L,W vs. Detroit Shock 66-63,L @ New York Liberty 63-66
2001,2001-08-01,Portland Fire,63,Orlando Miracle,65,-2.0,2.0,0,1,340,951,W,L,W vs. Portland Fire 65-63,L @ Orlando Miracle 63-65
2001,2001-08-01,Washington Mystics,64,Indiana Fever,70,-6.0,6.0,0,1,340,952,W,L,W vs. Washington Mystics 70-64,L @ Indiana Fever 64-70
2001,2001-08-01,Minnesota Lynx,68,Phoenix Mercury,63,5.0,-5.0,1,0,340,953,L,W,L vs. Minnesota Lynx 63-68,W @ Phoenix Mercury 68-63
2001,2001-08-02,Sacramento Monarchs,62,Los Angeles Sparks,67,-5.0,5.0,0,1,341,954,W,L,W vs. Sacramento Monarchs 67-62,L @ Los Angeles Sparks 62-67
2001,2001-08-03,Indiana Fever,69,Sacramento Monarchs,81,-12.0,12.0,0,1,342,955,W,L,W vs. Indiana Fever 81-69,L @ Sacramento Monarchs 69-81
2001,2001-08-03,Phoenix Mercury,61,Miami Sol,72,-11.0,11.0,0,1,342,956,W,L,W vs. Phoenix Mercury 72-61,L @ Miami Sol 61-72
2001,2001-08-03,Utah Starzz,64,Seattle Storm,61,3.0,-3.0,1,0,342,957,L,W,L vs. Utah Starzz 61-64,W @ Seattle Storm 64-61
2001,2001-08-03,Orlando Miracle,60,Houston Comets,72,-12.0,12.0,0,1,342,958,W,L,W vs. Orlando Miracle 72-60,L @ Houston Comets 60-72
2001,2001-08-03,Portland Fire,50,Washington Mystics,64,-14.0,14.0,0,1,342,959,W,L,W vs. Portland Fire 64-50,L @ Washington Mystics 50-64
2001,2001-08-03,Charlotte Sting,72,Minnesota Lynx,64,8.0,-8.0,1,0,342,960,L,W,L vs. Charlotte Sting 64-72,W @ Minnesota Lynx 72-64
2001,2001-08-04,Seattle Storm,60,Los Angeles Sparks,79,-19.0,19.0,0,1,343,961,W,L,W vs. Seattle Storm 79-60,L @ Los Angeles Sparks 60-79
2001,2001-08-04,Houston Comets,49,Charlotte Sting,54,-5.0,5.0,0,1,343,962,W,L,W vs. Houston Comets 54-49,L @ Charlotte Sting 49-54
2001,2001-08-04,Indiana Fever,54,Utah Starzz,65,-11.0,11.0,0,1,343,963,W,L,W vs. Indiana Fever 65-54,L @ Utah Starzz 54-65
2001,2001-08-04,Portland Fire,65,Detroit Shock,70,-5.0,5.0,0,1,343,964,W,L,W vs. Portland Fire 70-65,L @ Detroit Shock 65-70
2001,2001-08-04,Cleveland Rockers,58,New York Liberty,43,15.0,-15.0,1,0,343,965,L,W,L vs. Cleveland Rockers 43-58,W @ New York Liberty 58-43
2001,2001-08-05,Phoenix Mercury,69,Orlando Miracle,78,-9.0,9.0,0,1,344,966,W,L,W vs. Phoenix Mercury 78-69,L @ Orlando Miracle 69-78
2001,2001-08-05,Sacramento Monarchs,76,Minnesota Lynx,79,-3.0,3.0,0,1,344,967,W,L,W vs. Sacramento Monarchs 79-76,L @ Minnesota Lynx 76-79
2001,2001-08-05,Washington Mystics,44,Miami Sol,52,-8.0,8.0,0,1,344,968,W,L,W vs. Washington Mystics 52-44,L @ Miami Sol 44-52
2001,2001-08-06,Charlotte Sting,65,Washington Mystics,60,5.0,-5.0,1,0,345,969,L,W,L vs. Charlotte Sting 60-65,W @ Washington Mystics 65-60
2001,2001-08-06,Indiana Fever,66,Los Angeles Sparks,81,-15.0,15.0,0,1,345,970,W,L,W vs. Indiana Fever 81-66,L @ Los Angeles Sparks 66-81
2001,2001-08-06,Phoenix Mercury,48,Houston Comets,62,-14.0,14.0,0,1,345,971,W,L,W vs. Phoenix Mercury 62-48,L @ Houston Comets 48-62
2001,2001-08-07,Utah Starzz,76,Detroit Shock,69,7.0,-7.0,1,0,346,972,L,W,L vs. Utah Starzz 69-76,W @ Detroit Shock 76-69
2001,2001-08-07,Minnesota Lynx,59,Sacramento Monarchs,76,-17.0,17.0,0,1,346,973,W,L,W vs. Minnesota Lynx 76-59,L @ Sacramento Monarchs 59-76
2001,2001-08-07,Cleveland Rockers,67,Orlando Miracle,74,-7.0,7.0,0,1,346,974,W,L,W vs. Cleveland Rockers 74-67,L @ Orlando Miracle 67-74
2001,2001-08-08,Miami Sol,42,Washington Mystics,36,6.0,-6.0,1,0,347,975,L,W,L vs. Miami Sol 36-42,W @ Washington Mystics 42-36
2001,2001-08-08,Detroit Shock,66,Cleveland Rockers,73,-7.0,7.0,0,1,347,976,W,L,W vs. Detroit Shock 73-66,L @ Cleveland Rockers 66-73
2001,2001-08-08,Utah Starzz,63,New York Liberty,82,-19.0,19.0,0,1,347,977,W,L,W vs. Utah Starzz 82-63,L @ New York Liberty 63-82
2001,2001-08-08,Minnesota Lynx,70,Portland Fire,58,12.0,-12.0,1,0,347,978,L,W,L vs. Minnesota Lynx 58-70,W @ Portland Fire 70-58
2001,2001-08-08,Houston Comets,55,Seattle Storm,72,-17.0,17.0,0,1,347,979,W,L,W vs. Houston Comets 72-55,L @ Seattle Storm 55-72
2001,2001-08-08,Phoenix Mercury,67,Los Angeles Sparks,79,-12.0,12.0,0,1,347,980,W,L,W vs. Phoenix Mercury 79-67,L @ Los Angeles Sparks 67-79
2001,2001-08-10,Minnesota Lynx,65,Seattle Storm,51,14.0,-14.0,1,0,348,981,L,W,L vs. Minnesota Lynx 51-65,W @ Seattle Storm 65-51
2001,2001-08-10,Washington Mystics,63,Detroit Shock,69,-6.0,6.0,0,1,348,982,W,L,W vs. Washington Mystics 69-63,L @ Detroit Shock 63-69
2001,2001-08-10,Orlando Miracle,67,New York Liberty,77,-10.0,10.0,0,1,348,983,W,L,W vs. Orlando Miracle 77-67,L @ New York Liberty 67-77
2001,2001-08-10,Phoenix Mercury,57,Utah Starzz,69,-12.0,12.0,0,1,348,984,W,L,W vs. Phoenix Mercury 69-57,L @ Utah Starzz 57-69
2001,2001-08-10,Indiana Fever,67,Miami Sol,72,-5.0,5.0,0,1,348,985,W,L,W vs. Indiana Fever 72-67,L @ Miami Sol 67-72
2001,2001-08-10,Charlotte Sting,55,Cleveland Rockers,53,2.0,-2.0,1,0,348,986,L,W,L vs. Charlotte Sting 53-55,W @ Cleveland Rockers 55-53
2001,2001-08-11,New York Liberty,60,Charlotte Sting,80,-20.0,20.0,0,1,349,987,W,L,W vs. New York Liberty 80-60,L @ Charlotte Sting 60-80
2001,2001-08-11,Houston Comets,54,Los Angeles Sparks,65,-11.0,11.0,0,1,349,988,W,L,W vs. Houston Comets 65-54,L @ Los Angeles Sparks 54-65
2001,2001-08-11,Seattle Storm,61,Sacramento Monarchs,81,-20.0,20.0,0,1,349,989,W,L,W vs. Seattle Storm 81-61,L @ Sacramento Monarchs 61-81
2001,2001-08-11,Portland Fire,62,Phoenix Mercury,73,-11.0,11.0,0,1,349,990,W,L,W vs. Portland Fire 73-62,L @ Phoenix Mercury 62-73
2001,2001-08-11,Miami Sol,75,Orlando Miracle,64,11.0,-11.0,1,0,349,991,L,W,L vs. Miami Sol 64-75,W @ Orlando Miracle 75-64
2001,2001-08-12,Utah Starzz,62,Minnesota Lynx,69,-7.0,7.0,0,1,350,992,W,L,W vs. Utah Starzz 69-62,L @ Minnesota Lynx 62-69
2001,2001-08-12,Cleveland Rockers,49,Washington Mystics,57,-8.0,8.0,0,1,350,993,W,L,W vs. Cleveland Rockers 57-49,L @ Washington Mystics 49-57
2001,2001-08-12,Detroit Shock,66,Indiana Fever,83,-17.0,17.0,0,1,350,994,W,L,W vs. Detroit Shock 83-66,L @ Indiana Fever 66-83
2001,2001-08-12,Sacramento Monarchs,64,Portland Fire,58,6.0,-6.0,1,0,350,995,L,W,L vs. Sacramento Monarchs 58-64,W @ Portland Fire 64-58
2001,2001-08-13,Los Angeles Sparks,78,Utah Starzz,80,-2.0,2.0,0,1,351,996,W,L,W vs. Los Angeles Sparks 80-78,L @ Utah Starzz 78-80
2001,2001-08-13,Minnesota Lynx,60,Houston Comets,74,-14.0,14.0,0,1,351,997,W,L,W vs. Minnesota Lynx 74-60,L @ Houston Comets 60-74
2001,2001-08-14,Los Angeles Sparks,67,Portland Fire,58,9.0,-9.0,1,0,352,998,L,W,L vs. Los Angeles Sparks 58-67,W @ Portland Fire 67-58
2001,2001-08-14,Charlotte Sting,48,Miami Sol,41,7.0,-7.0,1,0,352,999,L,W,L vs. Charlotte Sting 41-48,W @ Miami Sol 48-41
2001,2001-08-14,Sacramento Monarchs,72,Seattle Storm,62,10.0,-10.0,1,0,352,1000,L,W,L vs. Sacramento Monarchs 62-72,W @ Seattle Storm 72-62
2001,2001-08-14,Cleveland Rockers,65,Detroit Shock,76,-11.0,11.0,0,1,352,1001,W,L,W vs. Cleveland Rockers 76-65,L @ Detroit Shock 65-76
2001,2001-08-14,Houston Comets,38,Phoenix Mercury,56,-18.0,18.0,0,1,352,1002,W,L,W vs. Houston Comets 56-38,L @ Phoenix Mercury 38-56
2001,2001-08-14,Washington Mystics,56,New York Liberty,71,-15.0,15.0,0,1,352,1003,W,L,W vs. Washington Mystics 71-56,L @ New York Liberty 56-71
2001,2001-08-14,Indiana Fever,72,Orlando Miracle,78,-6.0,6.0,0,1,352,1004,W,L,W vs. Indiana Fever 78-72,L @ Orlando Miracle 72-78
2001,2001-08-16,Cleveland Rockers,46,Charlotte Sting,53,-7.0,7.0,0,1,353,1005,W,L,W vs. Cleveland Rockers 53-46,L @ Charlotte Sting 46-53
2001,2001-08-17,Sacramento Monarchs,89,Utah Starzz,65,24.0,-24.0,1,0,354,1006,L,W,L vs. Sacramento Monarchs 65-89,W @ Utah Starzz 89-65
2001,2001-08-17,New York Liberty,62,Miami Sol,46,16.0,-16.0,1,0,354,1007,L,W,L vs. New York Liberty 46-62,W @ Miami Sol 62-46
2001,2001-08-18,Los Angeles Sparks,64,Houston Comets,59,5.0,-5.0,1,0,355,1008,L,W,L vs. Los Angeles Sparks 59-64,W @ Houston Comets 64-59
2001,2001-08-18,Charlotte Sting,51,Cleveland Rockers,69,-18.0,18.0,0,1,355,1009,W,L,W vs. Charlotte Sting 69-51,L @ Cleveland Rockers 51-69
2001,2001-08-19,Miami Sol,53,New York Liberty,50,3.0,-3.0,1,0,356,1010,L,W,L vs. Miami Sol 50-53,W @ New York Liberty 53-50
2001,2001-08-19,Utah Starzz,66,Sacramento Monarchs,71,-5.0,5.0,0,1,356,1011,W,L,W vs. Utah Starzz 71-66,L @ Sacramento Monarchs 66-71
2001,2001-08-20,Houston Comets,58,Los Angeles Sparks,70,-12.0,12.0,0,1,357,1012,W,L,W vs. Houston Comets 70-58,L @ Los Angeles Sparks 58-70
2001,2001-08-20,Charlotte Sting,72,Cleveland Rockers,64,8.0,-8.0,1,0,357,1013,L,W,L vs. Charlotte Sting 64-72,W @ Cleveland Rockers 72-64
2001,2001-08-21,Miami Sol,61,New York Liberty,72,-11.0,11.0,0,1,358,1014,W,L,W vs. Miami Sol 72-61,L @ New York Liberty 61-72
2001,2001-08-24,New York Liberty,61,Charlotte Sting,57,4.0,-4.0,1,0,359,1015,L,W,L vs. New York Liberty 57-61,W @ Charlotte Sting 61-57
2001,2001-08-24,Los Angeles Sparks,74,Sacramento Monarchs,73,1.0,-1.0,1,0,359,1016,L,W,L vs. Los Angeles Sparks 73-74,W @ Sacramento Monarchs 74-73
2001,2001-08-26,Charlotte Sting,62,New York Liberty,53,9.0,-9.0,1,0,360,1017,L,W,L vs. Charlotte Sting 53-62,W @ New York Liberty 62-53
2001,2001-08-26,Sacramento Monarchs,80,Los Angeles Sparks,60,20.0,-20.0,1,0,360,1018,L,W,L vs. Sacramento Monarchs 60-80,W @ Los Angeles Sparks 80-60
2001,2001-08-27,Sacramento Monarchs,62,Los Angeles Sparks,93,-31.0,31.0,0,1,361,1019,W,L,W vs. Sacramento Monarchs 93-62,L @ Los Angeles Sparks 62-93
2001,2001-08-27,Charlotte Sting,48,New York Liberty,44,4.0,-4.0,1,0,361,1020,L,W,L vs. Charlotte Sting 44-48,W @ New York Liberty 48-44
2001,2001-08-30,Los Angeles Sparks,75,Charlotte Sting,66,9.0,-9.0,1,0,362,1021,L,W,L vs. Los Angeles Sparks 66-75,W @ Charlotte Sting 75-66
2001,2001-09-01,Charlotte Sting,54,Los Angeles Sparks,82,-28.0,28.0,0,1,363,1022,W,L,W vs. Charlotte Sting 82-54,L @ Los Angeles Sparks 54-82
2002,2002-05-25,Utah Starzz,79,Minnesota Lynx,75,4.0,-4.0,1,0,364,1023,L,W,L vs. Utah Starzz 75-79,W @ Minnesota Lynx 79-75
2002,2002-05-25,New York Liberty,64,Los Angeles Sparks,72,-8.0,8.0,0,1,364,1024,W,L,W vs. New York Liberty 72-64,L @ Los Angeles Sparks 64-72
2002,2002-05-27,Los Angeles Sparks,68,Houston Comets,55,13.0,-13.0,1,0,365,1025,L,W,L vs. Los Angeles Sparks 55-68,W @ Houston Comets 68-55
2002,2002-05-28,Minnesota Lynx,66,Miami Sol,63,3.0,-3.0,1,0,366,1026,L,W,L vs. Minnesota Lynx 63-66,W @ Miami Sol 66-63
2002,2002-05-29,New York Liberty,84,Portland Fire,62,22.0,-22.0,1,0,367,1027,L,W,L vs. New York Liberty 62-84,W @ Portland Fire 84-62
2002,2002-05-29,Phoenix Mercury,56,Houston Comets,61,-5.0,5.0,0,1,367,1028,W,L,W vs. Phoenix Mercury 61-56,L @ Houston Comets 56-61
2002,2002-05-30,New York Liberty,78,Seattle Storm,61,17.0,-17.0,1,0,368,1029,L,W,L vs. New York Liberty 61-78,W @ Seattle Storm 78-61
2002,2002-05-30,Portland Fire,64,Utah Starzz,69,-5.0,5.0,0,1,368,1030,W,L,W vs. Portland Fire 69-64,L @ Utah Starzz 64-69
2002,2002-05-30,Los Angeles Sparks,69,Miami Sol,65,4.0,-4.0,1,0,368,1031,L,W,L vs. Los Angeles Sparks 65-69,W @ Miami Sol 69-65
2002,2002-05-30,Detroit Shock,66,Orlando Miracle,80,-14.0,14.0,0,1,368,1032,W,L,W vs. Detroit Shock 80-66,L @ Orlando Miracle 66-80
2002,2002-06-01,Utah Starzz,66,Phoenix Mercury,71,-5.0,5.0,0,1,369,1033,W,L,W vs. Utah Starzz 71-66,L @ Phoenix Mercury 66-71
2002,2002-06-01,Orlando Miracle,82,Washington Mystics,93,-11.0,11.0,0,1,369,1034,W,L,W vs. Orlando Miracle 93-82,L @ Washington Mystics 82-93
2002,2002-06-01,Los Angeles Sparks,87,Charlotte Sting,94,-7.0,7.0,0,1,369,1035,W,L,W vs. Los Angeles Sparks 94-87,L @ Charlotte Sting 87-94
2002,2002-06-01,Detroit Shock,62,Indiana Fever,79,-17.0,17.0,0,1,369,1036,W,L,W vs. Detroit Shock 79-62,L @ Indiana Fever 62-79
2002,2002-06-01,Minnesota Lynx,63,Sacramento Monarchs,61,2.0,-2.0,1,0,369,1037,L,W,L vs. Minnesota Lynx 61-63,W @ Sacramento Monarchs 63-61
2002,2002-06-01,Houston Comets,69,Cleveland Rockers,65,4.0,-4.0,1,0,369,1038,L,W,L vs. Houston Comets 65-69,W @ Cleveland Rockers 69-65
2002,2002-06-02,Seattle Storm,57,Portland Fire,47,10.0,-10.0,1,0,370,1039,L,W,L vs. Seattle Storm 47-57,W @ Portland Fire 57-47
2002,2002-06-02,Indiana Fever,78,Detroit Shock,65,13.0,-13.0,1,0,370,1040,L,W,L vs. Indiana Fever 65-78,W @ Detroit Shock 78-65
2002,2002-06-02,Miami Sol,52,New York Liberty,58,-6.0,6.0,0,1,370,1041,W,L,W vs. Miami Sol 58-52,L @ New York Liberty 52-58
2002,2002-06-03,Washington Mystics,65,Phoenix Mercury,71,-6.0,6.0,0,1,371,1042,W,L,W vs. Washington Mystics 71-65,L @ Phoenix Mercury 65-71
2002,2002-06-03,Portland Fire,72,Los Angeles Sparks,89,-17.0,17.0,0,1,371,1043,W,L,W vs. Portland Fire 89-72,L @ Los Angeles Sparks 72-89
2002,2002-06-03,Houston Comets,52,Charlotte Sting,67,-15.0,15.0,0,1,371,1044,W,L,W vs. Houston Comets 67-52,L @ Charlotte Sting 52-67
2002,2002-06-04,Washington Mystics,97,Utah Starzz,89,8.0,-8.0,1,0,372,1045,L,W,L vs. Washington Mystics 89-97,W @ Utah Starzz 97-89
2002,2002-06-04,Orlando Miracle,71,Miami Sol,69,2.0,-2.0,1,0,372,1046,L,W,L vs. Orlando Miracle 69-71,W @ Miami Sol 71-69
2002,2002-06-04,Minnesota Lynx,68,Seattle Storm,78,-10.0,10.0,0,1,372,1047,W,L,W vs. Minnesota Lynx 78-68,L @ Seattle Storm 68-78
2002,2002-06-05,Houston Comets,56,Indiana Fever,45,11.0,-11.0,1,0,373,1048,L,W,L vs. Houston Comets 45-56,W @ Indiana Fever 56-45
2002,2002-06-05,Detroit Shock,59,New York Liberty,60,-1.0,1.0,0,1,373,1049,W,L,W vs. Detroit Shock 60-59,L @ New York Liberty 59-60
2002,2002-06-06,Detroit Shock,55,Cleveland Rockers,72,-17.0,17.0,0,1,374,1050,W,L,W vs. Detroit Shock 72-55,L @ Cleveland Rockers 55-72
2002,2002-06-06,Charlotte Sting,59,Seattle Storm,65,-6.0,6.0,0,1,374,1051,W,L,W vs. Charlotte Sting 65-59,L @ Seattle Storm 59-65
2002,2002-06-06,Sacramento Monarchs,73,Portland Fire,86,-13.0,13.0,0,1,374,1052,W,L,W vs. Sacramento Monarchs 86-73,L @ Portland Fire 73-86
2002,2002-06-07,Indiana Fever,68,Washington Mystics,89,-21.0,21.0,0,1,375,1053,W,L,W vs. Indiana Fever 89-68,L @ Washington Mystics 68-89
2002,2002-06-08,New York Liberty,62,Indiana Fever,71,-9.0,9.0,0,1,376,1054,W,L,W vs. New York Liberty 71-62,L @ Indiana Fever 62-71
2002,2002-06-08,Charlotte Sting,64,Utah Starzz,69,-5.0,5.0,0,1,376,1055,W,L,W vs. Charlotte Sting 69-64,L @ Utah Starzz 64-69
2002,2002-06-08,Los Angeles Sparks,76,Minnesota Lynx,72,4.0,-4.0,1,0,376,1056,L,W,L vs. Los Angeles Sparks 72-76,W @ Minnesota Lynx 76-72
2002,2002-06-08,Cleveland Rockers,99,Orlando Miracle,103,-4.0,4.0,0,1,376,1057,W,L,W vs. Cleveland Rockers 103-99,L @ Orlando Miracle 99-103
2002,2002-06-09,Miami Sol,67,Washington Mystics,76,-9.0,9.0,0,1,377,1058,W,L,W vs. Miami Sol 76-67,L @ Washington Mystics 67-76
2002,2002-06-09,Utah Starzz,71,Seattle Storm,68,3.0,-3.0,1,0,377,1059,L,W,L vs. Utah Starzz 68-71,W @ Seattle Storm 71-68
2002,2002-06-09,Sacramento Monarchs,62,Houston Comets,75,-13.0,13.0,0,1,377,1060,W,L,W vs. Sacramento Monarchs 75-62,L @ Houston Comets 62-75
2002,2002-06-09,New York Liberty,70,Detroit Shock,63,7.0,-7.0,1,0,377,1061,L,W,L vs. New York Liberty 63-70,W @ Detroit Shock 70-63
2002,2002-06-09,Charlotte Sting,77,Phoenix Mercury,80,-3.0,3.0,0,1,377,1062,W,L,W vs. Charlotte Sting 80-77,L @ Phoenix Mercury 77-80
2002,2002-06-11,Portland Fire,70,Seattle Storm,63,7.0,-7.0,1,0,378,1063,L,W,L vs. Portland Fire 63-70,W @ Seattle Storm 70-63
2002,2002-06-11,Charlotte Sting,66,Houston Comets,78,-12.0,12.0,0,1,378,1064,W,L,W vs. Charlotte Sting 78-66,L @ Houston Comets 66-78
2002,2002-06-11,New York Liberty,71,Utah Starzz,68,3.0,-3.0,1,0,378,1065,L,W,L vs. New York Liberty 68-71,W @ Utah Starzz 71-68
2002,2002-06-11,Sacramento Monarchs,63,Minnesota Lynx,72,-9.0,9.0,0,1,378,1066,W,L,W vs. Sacramento Monarchs 72-63,L @ Minnesota Lynx 63-72
2002,2002-06-11,Cleveland Rockers,65,Miami Sol,74,-9.0,9.0,0,1,378,1067,W,L,W vs. Cleveland Rockers 74-65,L @ Miami Sol 65-74
2002,2002-06-11,Indiana Fever,75,Orlando Miracle,69,6.0,-6.0,1,0,378,1068,L,W,L vs. Indiana Fever 69-75,W @ Orlando Miracle 75-69
2002,2002-06-11,Detroit Shock,80,Los Angeles Sparks,90,-10.0,10.0,0,1,378,1069,W,L,W vs. Detroit Shock 90-80,L @ Los Angeles Sparks 80-90
2002,2002-06-13,Detroit Shock,67,Phoenix Mercury,70,-3.0,3.0,0,1,379,1070,W,L,W vs. Detroit Shock 70-67,L @ Phoenix Mercury 67-70
2002,2002-06-13,Portland Fire,46,Minnesota Lynx,60,-14.0,14.0,0,1,379,1071,W,L,W vs. Portland Fire 60-46,L @ Minnesota Lynx 46-60
2002,2002-06-13,Houston Comets,64,Washington Mystics,70,-6.0,6.0,0,1,379,1072,W,L,W vs. Houston Comets 70-64,L @ Washington Mystics 64-70
2002,2002-06-13,Indiana Fever,64,Charlotte Sting,75,-11.0,11.0,0,1,379,1073,W,L,W vs. Indiana Fever 75-64,L @ Charlotte Sting 64-75
2002,2002-06-13,New York Liberty,77,Sacramento Monarchs,78,-1.0,1.0,0,1,379,1074,W,L,W vs. New York Liberty 78-77,L @ Sacramento Monarchs 77-78
2002,2002-06-14,Washington Mystics,69,Cleveland Rockers,63,6.0,-6.0,1,0,380,1075,L,W,L vs. Washington Mystics 63-69,W @ Cleveland Rockers 69-63
2002,2002-06-14,Seattle Storm,90,Phoenix Mercury,82,8.0,-8.0,1,0,380,1076,L,W,L vs. Seattle Storm 82-90,W @ Phoenix Mercury 90-82
2002,2002-06-15,Cleveland Rockers,79,Indiana Fever,68,11.0,-11.0,1,0,381,1077,L,W,L vs. Cleveland Rockers 68-79,W @ Indiana Fever 79-68
2002,2002-06-15,Los Angeles Sparks,72,Sacramento Monarchs,66,6.0,-6.0,1,0,381,1078,L,W,L vs. Los Angeles Sparks 66-72,W @ Sacramento Monarchs 72-66
2002,2002-06-15,Seattle Storm,54,Utah Starzz,61,-7.0,7.0,0,1,381,1079,W,L,W vs. Seattle Storm 61-54,L @ Utah Starzz 54-61
2002,2002-06-15,Miami Sol,69,Orlando Miracle,65,4.0,-4.0,1,0,381,1080,L,W,L vs. Miami Sol 65-69,W @ Orlando Miracle 69-65
2002,2002-06-15,Detroit Shock,60,Portland Fire,67,-7.0,7.0,0,1,381,1081,W,L,W vs. Detroit Shock 67-60,L @ Portland Fire 60-67
2002,2002-06-15,Minnesota Lynx,50,Houston Comets,51,-1.0,1.0,0,1,381,1082,W,L,W vs. Minnesota Lynx 51-50,L @ Houston Comets 50-51
2002,2002-06-16,Charlotte Sting,53,New York Liberty,54,-1.0,1.0,0,1,382,1083,W,L,W vs. Charlotte Sting 54-53,L @ New York Liberty 53-54
2002,2002-06-18,Orlando Miracle,71,New York Liberty,62,9.0,-9.0,1,0,383,1084,L,W,L vs. Orlando Miracle 62-71,W @ New York Liberty 71-62
2002,2002-06-18,Detroit Shock,67,Washington Mystics,75,-8.0,8.0,0,1,383,1085,W,L,W vs. Detroit Shock 75-67,L @ Washington Mystics 67-75
2002,2002-06-18,Sacramento Monarchs,63,Phoenix Mercury,78,-15.0,15.0,0,1,383,1086,W,L,W vs. Sacramento Monarchs 78-63,L @ Phoenix Mercury 63-78
2002,2002-06-18,Minnesota Lynx,51,Portland Fire,59,-8.0,8.0,0,1,383,1087,W,L,W vs. Minnesota Lynx 59-51,L @ Portland Fire 51-59
2002,2002-06-18,Houston Comets,53,Miami Sol,46,7.0,-7.0,1,0,383,1088,L,W,L vs. Houston Comets 46-53,W @ Miami Sol 53-46
2002,2002-06-18,Indiana Fever,71,Utah Starzz,79,-8.0,8.0,0,1,383,1089,W,L,W vs. Indiana Fever 79-71,L @ Utah Starzz 71-79
2002,2002-06-18,Los Angeles Sparks,80,Seattle Storm,68,12.0,-12.0,1,0,383,1090,L,W,L vs. Los Angeles Sparks 68-80,W @ Seattle Storm 80-68
2002,2002-06-19,Washington Mystics,64,Charlotte Sting,78,-14.0,14.0,0,1,384,1091,W,L,W vs. Washington Mystics 78-64,L @ Charlotte Sting 64-78
2002,2002-06-19,Orlando Miracle,66,Cleveland Rockers,62,4.0,-4.0,1,0,384,1092,L,W,L vs. Orlando Miracle 62-66,W @ Cleveland Rockers 66-62
2002,2002-06-20,Seattle Storm,64,Sacramento Monarchs,72,-8.0,8.0,0,1,385,1093,W,L,W vs. Seattle Storm 72-64,L @ Sacramento Monarchs 64-72
2002,2002-06-20,Indiana Fever,81,Portland Fire,72,9.0,-9.0,1,0,385,1094,L,W,L vs. Indiana Fever 72-81,W @ Portland Fire 81-72
2002,2002-06-21,Minnesota Lynx,64,Los Angeles Sparks,73,-9.0,9.0,0,1,386,1095,W,L,W vs. Minnesota Lynx 73-64,L @ Los Angeles Sparks 64-73
2002,2002-06-21,Orlando Miracle,80,Detroit Shock,59,21.0,-21.0,1,0,386,1096,L,W,L vs. Orlando Miracle 59-80,W @ Detroit Shock 80-59
2002,2002-06-21,Washington Mystics,65,Miami Sol,60,5.0,-5.0,1,0,386,1097,L,W,L vs. Washington Mystics 60-65,W @ Miami Sol 65-60
2002,2002-06-21,New York Liberty,69,Cleveland Rockers,80,-11.0,11.0,0,1,386,1098,W,L,W vs. New York Liberty 80-69,L @ Cleveland Rockers 69-80
2002,2002-06-21,Indiana Fever,51,Seattle Storm,63,-12.0,12.0,0,1,386,1099,W,L,W vs. Indiana Fever 63-51,L @ Seattle Storm 51-63
2002,2002-06-21,Phoenix Mercury,59,Houston Comets,61,-2.0,2.0,0,1,386,1100,W,L,W vs. Phoenix Mercury 61-59,L @ Houston Comets 59-61
2002,2002-06-22,Miami Sol,63,Charlotte Sting,76,-13.0,13.0,0,1,387,1101,W,L,W vs. Miami Sol 76-63,L @ Charlotte Sting 63-76
2002,2002-06-22,Utah Starzz,77,Sacramento Monarchs,61,16.0,-16.0,1,0,387,1102,L,W,L vs. Utah Starzz 61-77,W @ Sacramento Monarchs 77-61
2002,2002-06-23,Sacramento Monarchs,60,Seattle Storm,86,-26.0,26.0,0,1,388,1103,W,L,W vs. Sacramento Monarchs 86-60,L @ Seattle Storm 60-86
2002,2002-06-23,Cleveland Rockers,45,Washington Mystics,63,-18.0,18.0,0,1,388,1104,W,L,W vs. Cleveland Rockers 63-45,L @ Washington Mystics 45-63
2002,2002-06-23,Minnesota Lynx,61,Phoenix Mercury,70,-9.0,9.0,0,1,388,1105,W,L,W vs. Minnesota Lynx 70-61,L @ Phoenix Mercury 61-70
2002,2002-06-23,New York Liberty,65,Orlando Miracle,77,-12.0,12.0,0,1,388,1106,W,L,W vs. New York Liberty 77-65,L @ Orlando Miracle 65-77
2002,2002-06-23,Houston Comets,71,Portland Fire,58,13.0,-13.0,1,0,388,1107,L,W,L vs. Houston Comets 58-71,W @ Portland Fire 71-58
2002,2002-06-25,Portland Fire,83,Utah Starzz,86,-3.0,3.0,0,1,389,1108,W,L,W vs. Portland Fire 86-83,L @ Utah Starzz 83-86
2002,2002-06-25,Washington Mystics,87,Sacramento Monarchs,86,1.0,-1.0,1,0,389,1109,L,W,L vs. Washington Mystics 86-87,W @ Sacramento Monarchs 87-86
2002,2002-06-25,Houston Comets,73,Minnesota Lynx,55,18.0,-18.0,1,0,389,1110,L,W,L vs. Houston Comets 55-73,W @ Minnesota Lynx 73-55
2002,2002-06-25,Miami Sol,50,Cleveland Rockers,71,-21.0,21.0,0,1,389,1111,W,L,W vs. Miami Sol 71-50,L @ Cleveland Rockers 50-71
2002,2002-06-25,Indiana Fever,55,New York Liberty,74,-19.0,19.0,0,1,389,1112,W,L,W vs. Indiana Fever 74-55,L @ New York Liberty 55-74
2002,2002-06-25,Phoenix Mercury,66,Los Angeles Sparks,89,-23.0,23.0,0,1,389,1113,W,L,W vs. Phoenix Mercury 89-66,L @ Los Angeles Sparks 66-89
2002,2002-06-26,Charlotte Sting,80,Detroit Shock,73,7.0,-7.0,1,0,390,1114,L,W,L vs. Charlotte Sting 73-80,W @ Detroit Shock 80-73
2002,2002-06-26,Seattle Storm,53,Phoenix Mercury,62,-9.0,9.0,0,1,390,1115,W,L,W vs. Seattle Storm 62-53,L @ Phoenix Mercury 53-62
2002,2002-06-26,Orlando Miracle,57,Portland Fire,64,-7.0,7.0,0,1,390,1116,W,L,W vs. Orlando Miracle 64-57,L @ Portland Fire 57-64
2002,2002-06-27,Washington Mystics,69,Los Angeles Sparks,73,-4.0,4.0,0,1,391,1117,W,L,W vs. Washington Mystics 73-69,L @ Los Angeles Sparks 69-73
2002,2002-06-27,Sacramento Monarchs,50,Cleveland Rockers,73,-23.0,23.0,0,1,391,1118,W,L,W vs. Sacramento Monarchs 73-50,L @ Cleveland Rockers 50-73
2002,2002-06-27,Orlando Miracle,71,Seattle Storm,73,-2.0,2.0,0,1,391,1119,W,L,W vs. Orlando Miracle 73-71,L @ Seattle Storm 71-73
2002,2002-06-28,Cleveland Rockers,67,New York Liberty,58,9.0,-9.0,1,0,392,1120,L,W,L vs. Cleveland Rockers 58-67,W @ New York Liberty 67-58
2002,2002-06-28,Los Angeles Sparks,84,Phoenix Mercury,72,12.0,-12.0,1,0,392,1121,L,W,L vs. Los Angeles Sparks 72-84,W @ Phoenix Mercury 84-72
2002,2002-06-28,Sacramento Monarchs,60,Indiana Fever,67,-7.0,7.0,0,1,392,1122,W,L,W vs. Sacramento Monarchs 67-60,L @ Indiana Fever 60-67
2002,2002-06-28,Washington Mystics,66,Portland Fire,72,-6.0,6.0,0,1,392,1123,W,L,W vs. Washington Mystics 72-66,L @ Portland Fire 66-72
2002,2002-06-28,Utah Starzz,57,Houston Comets,73,-16.0,16.0,0,1,392,1124,W,L,W vs. Utah Starzz 73-57,L @ Houston Comets 57-73
2002,2002-06-28,Miami Sol,78,Detroit Shock,74,4.0,-4.0,1,0,392,1125,L,W,L vs. Miami Sol 74-78,W @ Detroit Shock 78-74
2002,2002-06-29,Orlando Miracle,59,Minnesota Lynx,67,-8.0,8.0,0,1,393,1126,W,L,W vs. Orlando Miracle 67-59,L @ Minnesota Lynx 59-67
2002,2002-06-30,Charlotte Sting,55,Washington Mystics,56,-1.0,1.0,0,1,394,1127,W,L,W vs. Charlotte Sting 56-55,L @ Washington Mystics 55-56
2002,2002-06-30,Indiana Fever,59,Miami Sol,65,-6.0,6.0,0,1,394,1128,W,L,W vs. Indiana Fever 65-59,L @ Miami Sol 59-65
2002,2002-06-30,Utah Starzz,79,Cleveland Rockers,62,17.0,-17.0,1,0,394,1129,L,W,L vs. Utah Starzz 62-79,W @ Cleveland Rockers 79-62
2002,2002-06-30,Sacramento Monarchs,60,Detroit Shock,71,-11.0,11.0,0,1,394,1130,W,L,W vs. Sacramento Monarchs 71-60,L @ Detroit Shock 60-71
2002,2002-06-30,Houston Comets,60,Los Angeles Sparks,58,2.0,-2.0,1,0,394,1131,L,W,L vs. Houston Comets 58-60,W @ Los Angeles Sparks 60-58
2002,2002-06-30,Portland Fire,54,New York Liberty,44,10.0,-10.0,1,0,394,1132,L,W,L vs. Portland Fire 44-54,W @ New York Liberty 54-44
2002,2002-07-01,Phoenix Mercury,68,Charlotte Sting,90,-22.0,22.0,0,1,395,1133,W,L,W vs. Phoenix Mercury 90-68,L @ Charlotte Sting 68-90
2002,2002-07-01,Detroit Shock,80,Minnesota Lynx,85,-5.0,5.0,0,1,395,1134,W,L,W vs. Detroit Shock 85-80,L @ Minnesota Lynx 80-85
2002,2002-07-02,Seattle Storm,63,New York Liberty,74,-11.0,11.0,0,1,396,1135,W,L,W vs. Seattle Storm 74-63,L @ New York Liberty 63-74
2002,2002-07-02,Portland Fire,68,Cleveland Rockers,64,4.0,-4.0,1,0,396,1136,L,W,L vs. Portland Fire 64-68,W @ Cleveland Rockers 68-64
2002,2002-07-03,Washington Mystics,64,Minnesota Lynx,63,1.0,-1.0,1,0,397,1137,L,W,L vs. Washington Mystics 63-64,W @ Minnesota Lynx 64-63
2002,2002-07-03,Houston Comets,78,Utah Starzz,67,11.0,-11.0,1,0,397,1138,L,W,L vs. Houston Comets 67-78,W @ Utah Starzz 78-67
2002,2002-07-03,Indiana Fever,71,Orlando Miracle,79,-8.0,8.0,0,1,397,1139,W,L,W vs. Indiana Fever 79-71,L @ Orlando Miracle 71-79
2002,2002-07-03,Portland Fire,76,Charlotte Sting,73,3.0,-3.0,1,0,397,1140,L,W,L vs. Portland Fire 73-76,W @ Charlotte Sting 76-73
2002,2002-07-03,Phoenix Mercury,61,Miami Sol,86,-25.0,25.0,0,1,397,1141,W,L,W vs. Phoenix Mercury 86-61,L @ Miami Sol 61-86
2002,2002-07-05,Sacramento Monarchs,65,Los Angeles Sparks,87,-22.0,22.0,0,1,398,1142,W,L,W vs. Sacramento Monarchs 87-65,L @ Los Angeles Sparks 65-87
2002,2002-07-05,Seattle Storm,73,Cleveland Rockers,65,8.0,-8.0,1,0,398,1143,L,W,L vs. Seattle Storm 65-73,W @ Cleveland Rockers 73-65
2002,2002-07-05,Charlotte Sting,72,Miami Sol,68,4.0,-4.0,1,0,398,1144,L,W,L vs. Charlotte Sting 68-72,W @ Miami Sol 72-68
2002,2002-07-05,Minnesota Lynx,56,Utah Starzz,87,-31.0,31.0,0,1,398,1145,W,L,W vs. Minnesota Lynx 87-56,L @ Utah Starzz 56-87
2002,2002-07-06,Phoenix Mercury,70,Orlando Miracle,72,-2.0,2.0,0,1,399,1146,W,L,W vs. Phoenix Mercury 72-70,L @ Orlando Miracle 70-72
2002,2002-07-06,Detroit Shock,40,Houston Comets,61,-21.0,21.0,0,1,399,1147,W,L,W vs. Detroit Shock 61-40,L @ Houston Comets 40-61
2002,2002-07-06,Washington Mystics,45,Indiana Fever,50,-5.0,5.0,0,1,399,1148,W,L,W vs. Washington Mystics 50-45,L @ Indiana Fever 45-50
2002,2002-07-06,Cleveland Rockers,67,Charlotte Sting,78,-11.0,11.0,0,1,399,1149,W,L,W vs. Cleveland Rockers 78-67,L @ Charlotte Sting 67-78
2002,2002-07-07,Seattle Storm,61,Miami Sol,65,-4.0,4.0,0,1,400,1150,W,L,W vs. Seattle Storm 65-61,L @ Miami Sol 61-65
2002,2002-07-07,Sacramento Monarchs,59,Portland Fire,74,-15.0,15.0,0,1,400,1151,W,L,W vs. Sacramento Monarchs 74-59,L @ Portland Fire 59-74
2002,2002-07-07,Utah Starzz,75,Los Angeles Sparks,102,-27.0,27.0,0,1,400,1152,W,L,W vs. Utah Starzz 102-75,L @ Los Angeles Sparks 75-102
2002,2002-07-08,Phoenix Mercury,71,New York Liberty,77,-6.0,6.0,0,1,401,1153,W,L,W vs. Phoenix Mercury 77-71,L @ New York Liberty 71-77
2002,2002-07-08,Cleveland Rockers,57,Indiana Fever,68,-11.0,11.0,0,1,401,1154,W,L,W vs. Cleveland Rockers 68-57,L @ Indiana Fever 57-68
2002,2002-07-08,Detroit Shock,76,Utah Starzz,94,-18.0,18.0,0,1,401,1155,W,L,W vs. Detroit Shock 94-76,L @ Utah Starzz 76-94
2002,2002-07-08,Washington Mystics,63,Orlando Miracle,51,12.0,-12.0,1,0,401,1156,L,W,L vs. Washington Mystics 51-63,W @ Orlando Miracle 63-51
2002,2002-07-09,Phoenix Mercury,54,Washington Mystics,68,-14.0,14.0,0,1,402,1157,W,L,W vs. Phoenix Mercury 68-54,L @ Washington Mystics 54-68
2002,2002-07-09,Miami Sol,66,Charlotte Sting,55,11.0,-11.0,1,0,402,1158,L,W,L vs. Miami Sol 55-66,W @ Charlotte Sting 66-55
2002,2002-07-09,Seattle Storm,59,Houston Comets,67,-8.0,8.0,0,1,402,1159,W,L,W vs. Seattle Storm 67-59,L @ Houston Comets 59-67
2002,2002-07-10,Utah Starzz,82,Indiana Fever,69,13.0,-13.0,1,0,403,1160,L,W,L vs. Utah Starzz 69-82,W @ Indiana Fever 82-69
2002,2002-07-10,New York Liberty,63,Detroit Shock,66,-3.0,3.0,0,1,403,1161,W,L,W vs. New York Liberty 66-63,L @ Detroit Shock 63-66
2002,2002-07-10,Portland Fire,75,Minnesota Lynx,72,3.0,-3.0,1,0,403,1162,L,W,L vs. Portland Fire 72-75,W @ Minnesota Lynx 75-72
2002,2002-07-11,Cleveland Rockers,69,Sacramento Monarchs,71,-2.0,2.0,0,1,404,1163,W,L,W vs. Cleveland Rockers 71-69,L @ Sacramento Monarchs 69-71
2002,2002-07-11,Los Angeles Sparks,60,Seattle Storm,79,-19.0,19.0,0,1,404,1164,W,L,W vs. Los Angeles Sparks 79-60,L @ Seattle Storm 60-79
2002,2002-07-11,Houston Comets,52,Phoenix Mercury,58,-6.0,6.0,0,1,404,1165,W,L,W vs. Houston Comets 58-52,L @ Phoenix Mercury 52-58
2002,2002-07-12,Charlotte Sting,72,Orlando Miracle,67,5.0,-5.0,1,0,405,1166,L,W,L vs. Charlotte Sting 67-72,W @ Orlando Miracle 72-67
2002,2002-07-12,Houston Comets,74,Sacramento Monarchs,60,14.0,-14.0,1,0,405,1167,L,W,L vs. Houston Comets 60-74,W @ Sacramento Monarchs 74-60
2002,2002-07-12,Cleveland Rockers,62,Seattle Storm,58,4.0,-4.0,1,0,405,1168,L,W,L vs. Cleveland Rockers 58-62,W @ Seattle Storm 62-58
2002,2002-07-12,Miami Sol,68,Indiana Fever,62,6.0,-6.0,1,0,405,1169,L,W,L vs. Miami Sol 62-68,W @ Indiana Fever 68-62
2002,2002-07-12,Minnesota Lynx,69,Detroit Shock,72,-3.0,3.0,0,1,405,1170,W,L,W vs. Minnesota Lynx 72-69,L @ Detroit Shock 69-72
2002,2002-07-12,Los Angeles Sparks,82,Portland Fire,76,6.0,-6.0,1,0,405,1171,L,W,L vs. Los Angeles Sparks 76-82,W @ Portland Fire 82-76
2002,2002-07-13,Orlando Miracle,56,Miami Sol,70,-14.0,14.0,0,1,406,1172,W,L,W vs. Orlando Miracle 70-56,L @ Miami Sol 56-70
2002,2002-07-13,Phoenix Mercury,66,Utah Starzz,75,-9.0,9.0,0,1,406,1173,W,L,W vs. Phoenix Mercury 75-66,L @ Utah Starzz 66-75
2002,2002-07-13,New York Liberty,67,Washington Mystics,53,14.0,-14.0,1,0,406,1174,L,W,L vs. New York Liberty 53-67,W @ Washington Mystics 67-53
2002,2002-07-13,Minnesota Lynx,60,Charlotte Sting,63,-3.0,3.0,0,1,406,1175,W,L,W vs. Minnesota Lynx 63-60,L @ Charlotte Sting 60-63
2002,2002-07-17,Orlando Miracle,62,Charlotte Sting,89,-27.0,27.0,0,1,407,1176,W,L,W vs. Orlando Miracle 89-62,L @ Charlotte Sting 62-89
2002,2002-07-17,Houston Comets,67,Utah Starzz,75,-8.0,8.0,0,1,407,1177,W,L,W vs. Houston Comets 75-67,L @ Utah Starzz 67-75
2002,2002-07-17,Sacramento Monarchs,78,Miami Sol,62,16.0,-16.0,1,0,407,1178,L,W,L vs. Sacramento Monarchs 62-78,W @ Miami Sol 78-62
2002,2002-07-17,Los Angeles Sparks,73,Indiana Fever,58,15.0,-15.0,1,0,407,1179,L,W,L vs. Los Angeles Sparks 58-73,W @ Indiana Fever 73-58
2002,2002-07-17,Cleveland Rockers,58,Minnesota Lynx,48,10.0,-10.0,1,0,407,1180,L,W,L vs. Cleveland Rockers 48-58,W @ Minnesota Lynx 58-48
2002,2002-07-17,Phoenix Mercury,61,Portland Fire,73,-12.0,12.0,0,1,407,1181,W,L,W vs. Phoenix Mercury 73-61,L @ Portland Fire 61-73
2002,2002-07-18,Los Angeles Sparks,59,New York Liberty,72,-13.0,13.0,0,1,408,1182,W,L,W vs. Los Angeles Sparks 72-59,L @ New York Liberty 59-72
2002,2002-07-18,Detroit Shock,59,Washington Mystics,63,-4.0,4.0,0,1,408,1183,W,L,W vs. Detroit Shock 63-59,L @ Washington Mystics 59-63
2002,2002-07-19,New York Liberty,70,Indiana Fever,62,8.0,-8.0,1,0,409,1184,L,W,L vs. New York Liberty 62-70,W @ Indiana Fever 70-62
2002,2002-07-19,Sacramento Monarchs,51,Charlotte Sting,70,-19.0,19.0,0,1,409,1185,W,L,W vs. Sacramento Monarchs 70-51,L @ Charlotte Sting 51-70
2002,2002-07-19,Miami Sol,61,Minnesota Lynx,58,3.0,-3.0,1,0,409,1186,L,W,L vs. Miami Sol 58-61,W @ Minnesota Lynx 61-58
2002,2002-07-19,Houston Comets,60,Portland Fire,70,-10.0,10.0,0,1,409,1187,W,L,W vs. Houston Comets 70-60,L @ Portland Fire 60-70
2002,2002-07-19,Utah Starzz,73,Orlando Miracle,84,-11.0,11.0,0,1,409,1188,W,L,W vs. Utah Starzz 84-73,L @ Orlando Miracle 73-84
2002,2002-07-19,Phoenix Mercury,48,Seattle Storm,89,-41.0,41.0,0,1,409,1189,W,L,W vs. Phoenix Mercury 89-48,L @ Seattle Storm 48-89
2002,2002-07-20,Los Angeles Sparks,63,Cleveland Rockers,50,13.0,-13.0,1,0,410,1190,L,W,L vs. Los Angeles Sparks 50-63,W @ Cleveland Rockers 63-50
2002,2002-07-20,Houston Comets,56,Seattle Storm,54,2.0,-2.0,1,0,410,1191,L,W,L vs. Houston Comets 54-56,W @ Seattle Storm 56-54
2002,2002-07-20,Utah Starzz,83,Washington Mystics,73,10.0,-10.0,1,0,410,1192,L,W,L vs. Utah Starzz 73-83,W @ Washington Mystics 83-73
2002,2002-07-20,Miami Sol,48,Detroit Shock,69,-21.0,21.0,0,1,410,1193,W,L,W vs. Miami Sol 69-48,L @ Detroit Shock 48-69
2002,2002-07-21,Portland Fire,87,Phoenix Mercury,75,12.0,-12.0,1,0,411,1194,L,W,L vs. Portland Fire 75-87,W @ Phoenix Mercury 87-75
2002,2002-07-21,Orlando Miracle,60,Sacramento Monarchs,62,-2.0,2.0,0,1,411,1195,W,L,W vs. Orlando Miracle 62-60,L @ Sacramento Monarchs 60-62
2002,2002-07-22,Charlotte Sting,72,Indiana Fever,73,-1.0,1.0,0,1,412,1196,W,L,W vs. Charlotte Sting 73-72,L @ Indiana Fever 72-73
2002,2002-07-22,Orlando Miracle,84,Los Angeles Sparks,92,-8.0,8.0,0,1,412,1197,W,L,W vs. Orlando Miracle 92-84,L @ Los Angeles Sparks 84-92
2002,2002-07-22,Cleveland Rockers,52,New York Liberty,73,-21.0,21.0,0,1,412,1198,W,L,W vs. Cleveland Rockers 73-52,L @ New York Liberty 52-73
2002,2002-07-23,Utah Starzz,86,Detroit Shock,75,11.0,-11.0,1,0,413,1199,L,W,L vs. Utah Starzz 75-86,W @ Detroit Shock 86-75
2002,2002-07-23,New York Liberty,46,Miami Sol,54,-8.0,8.0,0,1,413,1200,W,L,W vs. New York Liberty 54-46,L @ Miami Sol 46-54
2002,2002-07-23,Seattle Storm,54,Houston Comets,66,-12.0,12.0,0,1,413,1201,W,L,W vs. Seattle Storm 66-54,L @ Houston Comets 54-66
2002,2002-07-24,Portland Fire,69,Los Angeles Sparks,73,-4.0,4.0,0,1,414,1202,W,L,W vs. Portland Fire 73-69,L @ Los Angeles Sparks 69-73
2002,2002-07-24,Utah Starzz,62,Minnesota Lynx,70,-8.0,8.0,0,1,414,1203,W,L,W vs. Utah Starzz 70-62,L @ Minnesota Lynx 62-70
2002,2002-07-24,Charlotte Sting,73,Cleveland Rockers,66,7.0,-7.0,1,0,414,1204,L,W,L vs. Charlotte Sting 66-73,W @ Cleveland Rockers 73-66
2002,2002-07-25,Miami Sol,60,Houston Comets,69,-9.0,9.0,0,1,415,1205,W,L,W vs. Miami Sol 69-60,L @ Houston Comets 60-69
2002,2002-07-25,Portland Fire,80,Sacramento Monarchs,81,-1.0,1.0,0,1,415,1206,W,L,W vs. Portland Fire 81-80,L @ Sacramento Monarchs 80-81
2002,2002-07-25,Washington Mystics,58,Detroit Shock,64,-6.0,6.0,0,1,415,1207,W,L,W vs. Washington Mystics 64-58,L @ Detroit Shock 58-64
2002,2002-07-25,Cleveland Rockers,83,Charlotte Sting,73,10.0,-10.0,1,0,415,1208,L,W,L vs. Cleveland Rockers 73-83,W @ Charlotte Sting 83-73
2002,2002-07-25,Seattle Storm,79,Orlando Miracle,76,3.0,-3.0,1,0,415,1209,L,W,L vs. Seattle Storm 76-79,W @ Orlando Miracle 79-76
2002,2002-07-26,Minnesota Lynx,63,Indiana Fever,73,-10.0,10.0,0,1,416,1210,W,L,W vs. Minnesota Lynx 73-63,L @ Indiana Fever 63-73
2002,2002-07-26,Phoenix Mercury,61,Utah Starzz,74,-13.0,13.0,0,1,416,1211,W,L,W vs. Phoenix Mercury 74-61,L @ Utah Starzz 61-74
2002,2002-07-27,Detroit Shock,74,Charlotte Sting,66,8.0,-8.0,1,0,417,1212,L,W,L vs. Detroit Shock 66-74,W @ Charlotte Sting 74-66
2002,2002-07-27,Miami Sol,61,Portland Fire,71,-10.0,10.0,0,1,417,1213,W,L,W vs. Miami Sol 71-61,L @ Portland Fire 61-71
2002,2002-07-27,Seattle Storm,80,Washington Mystics,71,9.0,-9.0,1,0,417,1214,L,W,L vs. Seattle Storm 71-80,W @ Washington Mystics 80-71
2002,2002-07-27,Sacramento Monarchs,79,Phoenix Mercury,64,15.0,-15.0,1,0,417,1215,L,W,L vs. Sacramento Monarchs 64-79,W @ Phoenix Mercury 79-64
2002,2002-07-28,Houston Comets,56,New York Liberty,62,-6.0,6.0,0,1,418,1216,W,L,W vs. Houston Comets 62-56,L @ New York Liberty 56-62
2002,2002-07-28,Seattle Storm,72,Detroit Shock,59,13.0,-13.0,1,0,418,1217,L,W,L vs. Seattle Storm 59-72,W @ Detroit Shock 72-59
2002,2002-07-28,Indiana Fever,62,Los Angeles Sparks,80,-18.0,18.0,0,1,418,1218,W,L,W vs. Indiana Fever 80-62,L @ Los Angeles Sparks 62-80
2002,2002-07-28,Orlando Miracle,76,Cleveland Rockers,70,6.0,-6.0,1,0,418,1219,L,W,L vs. Orlando Miracle 70-76,W @ Cleveland Rockers 76-70
2002,2002-07-28,Minnesota Lynx,56,Sacramento Monarchs,66,-10.0,10.0,0,1,418,1220,W,L,W vs. Minnesota Lynx 66-56,L @ Sacramento Monarchs 56-66
2002,2002-07-29,Minnesota Lynx,45,Phoenix Mercury,57,-12.0,12.0,0,1,419,1221,W,L,W vs. Minnesota Lynx 57-45,L @ Phoenix Mercury 45-57
2002,2002-07-30,Miami Sol,82,Los Angeles Sparks,73,9.0,-9.0,1,0,420,1222,L,W,L vs. Miami Sol 73-82,W @ Los Angeles Sparks 82-73
2002,2002-07-30,Indiana Fever,65,Sacramento Monarchs,74,-9.0,9.0,0,1,420,1223,W,L,W vs. Indiana Fever 74-65,L @ Sacramento Monarchs 65-74
2002,2002-07-30,Orlando Miracle,70,Washington Mystics,55,15.0,-15.0,1,0,420,1224,L,W,L vs. Orlando Miracle 55-70,W @ Washington Mystics 70-55
2002,2002-07-30,Portland Fire,59,Houston Comets,89,-30.0,30.0,0,1,420,1225,W,L,W vs. Portland Fire 89-59,L @ Houston Comets 59-89
2002,2002-07-31,Indiana Fever,58,Phoenix Mercury,56,2.0,-2.0,1,0,421,1226,L,W,L vs. Indiana Fever 56-58,W @ Phoenix Mercury 58-56
2002,2002-07-31,Miami Sol,76,Utah Starzz,81,-5.0,5.0,0,1,421,1227,W,L,W vs. Miami Sol 81-76,L @ Utah Starzz 76-81
2002,2002-07-31,Minnesota Lynx,63,Seattle Storm,75,-12.0,12.0,0,1,421,1228,W,L,W vs. Minnesota Lynx 75-63,L @ Seattle Storm 63-75
2002,2002-08-01,Utah Starzz,71,Sacramento Monarchs,80,-9.0,9.0,0,1,422,1229,W,L,W vs. Utah Starzz 80-71,L @ Sacramento Monarchs 71-80
2002,2002-08-01,Charlotte Sting,63,Orlando Miracle,65,-2.0,2.0,0,1,422,1230,W,L,W vs. Charlotte Sting 65-63,L @ Orlando Miracle 63-65
2002,2002-08-01,Seattle Storm,81,Los Angeles Sparks,76,5.0,-5.0,1,0,422,1231,L,W,L vs. Seattle Storm 76-81,W @ Los Angeles Sparks 81-76
2002,2002-08-01,Cleveland Rockers,68,Detroit Shock,66,2.0,-2.0,1,0,422,1232,L,W,L vs. Cleveland Rockers 66-68,W @ Detroit Shock 68-66
2002,2002-08-02,Portland Fire,67,Washington Mystics,65,2.0,-2.0,1,0,423,1233,L,W,L vs. Portland Fire 65-67,W @ Washington Mystics 67-65
2002,2002-08-02,Phoenix Mercury,51,Minnesota Lynx,75,-24.0,24.0,0,1,423,1234,W,L,W vs. Phoenix Mercury 75-51,L @ Minnesota Lynx 51-75
2002,2002-08-02,Miami Sol,54,New York Liberty,66,-12.0,12.0,0,1,423,1235,W,L,W vs. Miami Sol 66-54,L @ New York Liberty 54-66
2002,2002-08-03,Orlando Miracle,62,Houston Comets,69,-7.0,7.0,0,1,424,1236,W,L,W vs. Orlando Miracle 69-62,L @ Houston Comets 62-69
2002,2002-08-03,Los Angeles Sparks,81,Sacramento Monarchs,71,10.0,-10.0,1,0,424,1237,L,W,L vs. Los Angeles Sparks 71-81,W @ Sacramento Monarchs 81-71
2002,2002-08-03,Charlotte Sting,48,Indiana Fever,69,-21.0,21.0,0,1,424,1238,W,L,W vs. Charlotte Sting 69-48,L @ Indiana Fever 48-69
2002,2002-08-03,Detroit Shock,68,Cleveland Rockers,57,11.0,-11.0,1,0,424,1239,L,W,L vs. Detroit Shock 57-68,W @ Cleveland Rockers 68-57
2002,2002-08-04,Phoenix Mercury,75,Detroit Shock,91,-16.0,16.0,0,1,425,1240,W,L,W vs. Phoenix Mercury 91-75,L @ Detroit Shock 75-91
2002,2002-08-04,Portland Fire,61,Orlando Miracle,63,-2.0,2.0,0,1,425,1241,W,L,W vs. Portland Fire 63-61,L @ Orlando Miracle 61-63
2002,2002-08-04,New York Liberty,71,Charlotte Sting,58,13.0,-13.0,1,0,425,1242,L,W,L vs. New York Liberty 58-71,W @ Charlotte Sting 71-58
2002,2002-08-04,Washington Mystics,50,Miami Sol,55,-5.0,5.0,0,1,425,1243,W,L,W vs. Washington Mystics 55-50,L @ Miami Sol 50-55
2002,2002-08-04,Utah Starzz,86,Los Angeles Sparks,90,-4.0,4.0,0,1,425,1244,W,L,W vs. Utah Starzz 90-86,L @ Los Angeles Sparks 86-90
2002,2002-08-04,Seattle Storm,60,Minnesota Lynx,73,-13.0,13.0,0,1,425,1245,W,L,W vs. Seattle Storm 73-60,L @ Minnesota Lynx 60-73
2002,2002-08-06,Minnesota Lynx,52,New York Liberty,49,3.0,-3.0,1,0,426,1246,L,W,L vs. Minnesota Lynx 49-52,W @ New York Liberty 52-49
2002,2002-08-06,Cleveland Rockers,54,Houston Comets,67,-13.0,13.0,0,1,426,1247,W,L,W vs. Cleveland Rockers 67-54,L @ Houston Comets 54-67
2002,2002-08-06,Phoenix Mercury,70,Sacramento Monarchs,73,-3.0,3.0,0,1,426,1248,W,L,W vs. Phoenix Mercury 73-70,L @ Sacramento Monarchs 70-73
2002,2002-08-06,Indiana Fever,64,Washington Mystics,55,9.0,-9.0,1,0,426,1249,L,W,L vs. Indiana Fever 55-64,W @ Washington Mystics 64-55
2002,2002-08-06,Charlotte Sting,76,Detroit Shock,65,11.0,-11.0,1,0,426,1250,L,W,L vs. Charlotte Sting 65-76,W @ Detroit Shock 76-65
2002,2002-08-06,Utah Starzz,82,Portland Fire,69,13.0,-13.0,1,0,426,1251,L,W,L vs. Utah Starzz 69-82,W @ Portland Fire 82-69
2002,2002-08-07,Orlando Miracle,63,Indiana Fever,70,-7.0,7.0,0,1,427,1252,W,L,W vs. Orlando Miracle 70-63,L @ Indiana Fever 63-70
2002,2002-08-07,Cleveland Rockers,57,Phoenix Mercury,59,-2.0,2.0,0,1,427,1253,W,L,W vs. Cleveland Rockers 59-57,L @ Phoenix Mercury 57-59
2002,2002-08-08,Washington Mystics,65,New York Liberty,54,11.0,-11.0,1,0,428,1254,L,W,L vs. Washington Mystics 54-65,W @ New York Liberty 65-54
2002,2002-08-08,Sacramento Monarchs,82,Orlando Miracle,72,10.0,-10.0,1,0,428,1255,L,W,L vs. Sacramento Monarchs 72-82,W @ Orlando Miracle 82-72
2002,2002-08-08,Houston Comets,67,Los Angeles Sparks,64,3.0,-3.0,1,0,428,1256,L,W,L vs. Houston Comets 64-67,W @ Los Angeles Sparks 67-64
2002,2002-08-09,Portland Fire,74,Seattle Storm,83,-9.0,9.0,0,1,429,1257,W,L,W vs. Portland Fire 83-74,L @ Seattle Storm 74-83
2002,2002-08-09,Los Angeles Sparks,85,Utah Starzz,77,8.0,-8.0,1,0,429,1258,L,W,L vs. Los Angeles Sparks 77-85,W @ Utah Starzz 85-77
2002,2002-08-09,Indiana Fever,54,Detroit Shock,55,-1.0,1.0,0,1,429,1259,W,L,W vs. Indiana Fever 55-54,L @ Detroit Shock 54-55
2002,2002-08-09,Cleveland Rockers,59,Miami Sol,65,-6.0,6.0,0,1,429,1260,W,L,W vs. Cleveland Rockers 65-59,L @ Miami Sol 59-65
2002,2002-08-09,New York Liberty,74,Washington Mystics,66,8.0,-8.0,1,0,429,1261,L,W,L vs. New York Liberty 66-74,W @ Washington Mystics 74-66
2002,2002-08-09,Charlotte Sting,68,Minnesota Lynx,62,6.0,-6.0,1,0,429,1262,L,W,L vs. Charlotte Sting 62-68,W @ Minnesota Lynx 68-62
2002,2002-08-10,Sacramento Monarchs,61,Houston Comets,59,2.0,-2.0,1,0,430,1263,L,W,L vs. Sacramento Monarchs 59-61,W @ Houston Comets 61-59
2002,2002-08-11,Phoenix Mercury,73,Portland Fire,70,3.0,-3.0,1,0,431,1264,L,W,L vs. Phoenix Mercury 70-73,W @ Portland Fire 73-70
2002,2002-08-11,Los Angeles Sparks,69,Minnesota Lynx,58,11.0,-11.0,1,0,431,1265,L,W,L vs. Los Angeles Sparks 58-69,W @ Minnesota Lynx 69-58
2002,2002-08-11,Washington Mystics,60,Cleveland Rockers,54,6.0,-6.0,1,0,431,1266,L,W,L vs. Washington Mystics 54-60,W @ Cleveland Rockers 60-54
2002,2002-08-11,Miami Sol,63,Indiana Fever,77,-14.0,14.0,0,1,431,1267,W,L,W vs. Miami Sol 77-63,L @ Indiana Fever 63-77
2002,2002-08-11,Charlotte Sting,71,New York Liberty,58,13.0,-13.0,1,0,431,1268,L,W,L vs. Charlotte Sting 58-71,W @ New York Liberty 71-58
2002,2002-08-11,Detroit Shock,58,Orlando Miracle,71,-13.0,13.0,0,1,431,1269,W,L,W vs. Detroit Shock 71-58,L @ Orlando Miracle 58-71
2002,2002-08-11,Utah Starzz,57,Seattle Storm,74,-17.0,17.0,0,1,431,1270,W,L,W vs. Utah Starzz 74-57,L @ Seattle Storm 57-74
2002,2002-08-12,Sacramento Monarchs,79,Utah Starzz,81,-2.0,2.0,0,1,432,1271,W,L,W vs. Sacramento Monarchs 81-79,L @ Utah Starzz 79-81
2002,2002-08-13,Los Angeles Sparks,63,Phoenix Mercury,56,7.0,-7.0,1,0,433,1272,L,W,L vs. Los Angeles Sparks 56-63,W @ Phoenix Mercury 63-56
2002,2002-08-13,Washington Mystics,57,Charlotte Sting,67,-10.0,10.0,0,1,433,1273,W,L,W vs. Washington Mystics 67-57,L @ Charlotte Sting 57-67
2002,2002-08-13,Indiana Fever,60,Cleveland Rockers,56,4.0,-4.0,1,0,433,1274,L,W,L vs. Indiana Fever 56-60,W @ Cleveland Rockers 60-56
2002,2002-08-13,Minnesota Lynx,51,Houston Comets,63,-12.0,12.0,0,1,433,1275,W,L,W vs. Minnesota Lynx 63-51,L @ Houston Comets 51-63
2002,2002-08-13,Detroit Shock,56,Miami Sol,61,-5.0,5.0,0,1,433,1276,W,L,W vs. Detroit Shock 61-56,L @ Miami Sol 56-61
2002,2002-08-13,Seattle Storm,51,Sacramento Monarchs,59,-8.0,8.0,0,1,433,1277,W,L,W vs. Seattle Storm 59-51,L @ Sacramento Monarchs 51-59
2002,2002-08-13,New York Liberty,63,Orlando Miracle,70,-7.0,7.0,0,1,433,1278,W,L,W vs. New York Liberty 70-63,L @ Orlando Miracle 63-70
2002,2002-08-15,Los Angeles Sparks,78,Seattle Storm,61,17.0,-17.0,1,0,434,1279,L,W,L vs. Los Angeles Sparks 61-78,W @ Seattle Storm 78-61
2002,2002-08-15,Charlotte Sting,62,Washington Mystics,74,-12.0,12.0,0,1,434,1280,W,L,W vs. Charlotte Sting 74-62,L @ Washington Mystics 62-74
2002,2002-08-16,New York Liberty,55,Indiana Fever,73,-18.0,18.0,0,1,435,1281,W,L,W vs. New York Liberty 73-55,L @ Indiana Fever 55-73
2002,2002-08-16,Houston Comets,59,Utah Starzz,66,-7.0,7.0,0,1,435,1282,W,L,W vs. Houston Comets 66-59,L @ Utah Starzz 59-66
2002,2002-08-17,Washington Mystics,62,Charlotte Sting,59,3.0,-3.0,1,0,436,1283,L,W,L vs. Washington Mystics 59-62,W @ Charlotte Sting 62-59
2002,2002-08-17,Seattle Storm,59,Los Angeles Sparks,69,-10.0,10.0,0,1,436,1284,W,L,W vs. Seattle Storm 69-59,L @ Los Angeles Sparks 59-69
2002,2002-08-18,Utah Starzz,77,Houston Comets,83,-6.0,6.0,0,1,437,1285,W,L,W vs. Utah Starzz 83-77,L @ Houston Comets 77-83
2002,2002-08-18,Indiana Fever,65,New York Liberty,84,-19.0,19.0,0,1,437,1286,W,L,W vs. Indiana Fever 84-65,L @ New York Liberty 65-84
2002,2002-08-20,Utah Starzz,75,Houston Comets,72,3.0,-3.0,1,0,438,1287,L,W,L vs. Utah Starzz 72-75,W @ Houston Comets 75-72
2002,2002-08-20,Indiana Fever,60,New York Liberty,75,-15.0,15.0,0,1,438,1288,W,L,W vs. Indiana Fever 75-60,L @ New York Liberty 60-75
2002,2002-08-22,Los Angeles Sparks,75,Utah Starzz,67,8.0,-8.0,1,0,439,1289,L,W,L vs. Los Angeles Sparks 67-75,W @ Utah Starzz 75-67
2002,2002-08-22,New York Liberty,74,Washington Mystics,79,-5.0,5.0,0,1,439,1290,W,L,W vs. New York Liberty 79-74,L @ Washington Mystics 74-79
2002,2002-08-24,Utah Starzz,77,Los Angeles Sparks,103,-26.0,26.0,0,1,440,1291,W,L,W vs. Utah Starzz 103-77,L @ Los Angeles Sparks 77-103
2002,2002-08-24,Washington Mystics,79,New York Liberty,96,-17.0,17.0,0,1,440,1292,W,L,W vs. Washington Mystics 96-79,L @ New York Liberty 79-96
2002,2002-08-25,Washington Mystics,57,New York Liberty,64,-7.0,7.0,0,1,441,1293,W,L,W vs. Washington Mystics 64-57,L @ New York Liberty 57-64
2002,2002-08-29,Los Angeles Sparks,71,New York Liberty,63,8.0,-8.0,1,0,442,1294,L,W,L vs. Los Angeles Sparks 63-71,W @ New York Liberty 71-63
2002,2002-08-31,New York Liberty,66,Los Angeles Sparks,69,-3.0,3.0,0,1,443,1295,W,L,W vs. New York Liberty 69-66,L @ Los Angeles Sparks 66-69
2003,2003-05-22,Seattle Storm,64,Houston Comets,75,-11.0,11.0,0,1,444,1296,W,L,W vs. Seattle Storm 75-64,L @ Houston Comets 64-75
2003,2003-05-22,Sacramento Monarchs,65,Phoenix Mercury,56,9.0,-9.0,1,0,444,1297,L,W,L vs. Sacramento Monarchs 56-65,W @ Phoenix Mercury 65-56
2003,2003-05-23,Washington Mystics,74,Charlotte Sting,70,4.0,-4.0,1,0,445,1298,L,W,L vs. Washington Mystics 70-74,W @ Charlotte Sting 74-70
2003,2003-05-24,Sacramento Monarchs,71,Minnesota Lynx,72,-1.0,1.0,0,1,446,1299,W,L,W vs. Sacramento Monarchs 72-71,L @ Minnesota Lynx 71-72
2003,2003-05-24,Houston Comets,69,Phoenix Mercury,62,7.0,-7.0,1,0,446,1300,L,W,L vs. Houston Comets 62-69,W @ Phoenix Mercury 69-62
2003,2003-05-24,Los Angeles Sparks,82,Connecticut Sun,73,9.0,-9.0,1,0,446,1301,L,W,L vs. Los Angeles Sparks 73-82,W @ Connecticut Sun 82-73
2003,2003-05-24,Seattle Storm,56,San Antonio Silver Stars,65,-9.0,9.0,0,1,446,1302,W,L,W vs. Seattle Storm 65-56,L @ San Antonio Silver Stars 56-65
2003,2003-05-27,Los Angeles Sparks,79,Cleveland Rockers,71,8.0,-8.0,1,0,447,1303,L,W,L vs. Los Angeles Sparks 71-79,W @ Cleveland Rockers 79-71
2003,2003-05-28,Los Angeles Sparks,83,Minnesota Lynx,80,3.0,-3.0,1,0,448,1304,L,W,L vs. Los Angeles Sparks 80-83,W @ Minnesota Lynx 83-80
2003,2003-05-28,San Antonio Silver Stars,50,Phoenix Mercury,51,-1.0,1.0,0,1,448,1305,W,L,W vs. San Antonio Silver Stars 51-50,L @ Phoenix Mercury 50-51
2003,2003-05-29,Indiana Fever,57,Charlotte Sting,66,-9.0,9.0,0,1,449,1306,W,L,W vs. Indiana Fever 66-57,L @ Charlotte Sting 57-66
2003,2003-05-30,Los Angeles Sparks,77,Seattle Storm,74,3.0,-3.0,1,0,450,1307,L,W,L vs. Los Angeles Sparks 74-77,W @ Seattle Storm 77-74
2003,2003-05-30,Connecticut Sun,91,Houston Comets,83,8.0,-8.0,1,0,450,1308,L,W,L vs. Connecticut Sun 83-91,W @ Houston Comets 91-83
2003,2003-05-30,Minnesota Lynx,75,San Antonio Silver Stars,65,10.0,-10.0,1,0,450,1309,L,W,L vs. Minnesota Lynx 65-75,W @ San Antonio Silver Stars 75-65
2003,2003-05-30,Phoenix Mercury,49,Sacramento Monarchs,69,-20.0,20.0,0,1,450,1310,W,L,W vs. Phoenix Mercury 69-49,L @ Sacramento Monarchs 49-69
2003,2003-05-31,Washington Mystics,60,Indiana Fever,71,-11.0,11.0,0,1,451,1311,W,L,W vs. Washington Mystics 71-60,L @ Indiana Fever 60-71
2003,2003-05-31,New York Liberty,50,Cleveland Rockers,74,-24.0,24.0,0,1,451,1312,W,L,W vs. New York Liberty 74-50,L @ Cleveland Rockers 50-74
2003,2003-05-31,Charlotte Sting,70,Detroit Shock,67,3.0,-3.0,1,0,451,1313,L,W,L vs. Charlotte Sting 67-70,W @ Detroit Shock 70-67
2003,2003-06-01,Washington Mystics,57,New York Liberty,70,-13.0,13.0,0,1,452,1314,W,L,W vs. Washington Mystics 70-57,L @ New York Liberty 57-70
2003,2003-06-01,Houston Comets,64,Minnesota Lynx,68,-4.0,4.0,0,1,452,1315,W,L,W vs. Houston Comets 68-64,L @ Minnesota Lynx 64-68
2003,2003-06-01,Connecticut Sun,83,San Antonio Silver Stars,64,19.0,-19.0,1,0,452,1316,L,W,L vs. Connecticut Sun 64-83,W @ San Antonio Silver Stars 83-64
2003,2003-06-03,Sacramento Monarchs,56,Seattle Storm,70,-14.0,14.0,0,1,453,1317,W,L,W vs. Sacramento Monarchs 70-56,L @ Seattle Storm 56-70
2003,2003-06-03,Phoenix Mercury,51,Houston Comets,66,-15.0,15.0,0,1,453,1318,W,L,W vs. Phoenix Mercury 66-51,L @ Houston Comets 51-66
2003,2003-06-04,San Antonio Silver Stars,52,Charlotte Sting,67,-15.0,15.0,0,1,454,1319,W,L,W vs. San Antonio Silver Stars 67-52,L @ Charlotte Sting 52-67
2003,2003-06-05,Connecticut Sun,89,Detroit Shock,103,-14.0,14.0,0,1,455,1320,W,L,W vs. Connecticut Sun 103-89,L @ Detroit Shock 89-103
2003,2003-06-05,Phoenix Mercury,55,San Antonio Silver Stars,70,-15.0,15.0,0,1,455,1321,W,L,W vs. Phoenix Mercury 70-55,L @ San Antonio Silver Stars 55-70
2003,2003-06-05,Sacramento Monarchs,61,Los Angeles Sparks,63,-2.0,2.0,0,1,455,1322,W,L,W vs. Sacramento Monarchs 63-61,L @ Los Angeles Sparks 61-63
2003,2003-06-06,New York Liberty,70,Minnesota Lynx,60,10.0,-10.0,1,0,456,1323,L,W,L vs. New York Liberty 60-70,W @ Minnesota Lynx 70-60
2003,2003-06-06,Houston Comets,58,Charlotte Sting,69,-11.0,11.0,0,1,456,1324,W,L,W vs. Houston Comets 69-58,L @ Charlotte Sting 58-69
2003,2003-06-06,Cleveland Rockers,63,Washington Mystics,53,10.0,-10.0,1,0,456,1325,L,W,L vs. Cleveland Rockers 53-63,W @ Washington Mystics 63-53
2003,2003-06-07,New York Liberty,66,Indiana Fever,86,-20.0,20.0,0,1,457,1326,W,L,W vs. New York Liberty 86-66,L @ Indiana Fever 66-86
2003,2003-06-07,Detroit Shock,74,San Antonio Silver Stars,55,19.0,-19.0,1,0,457,1327,L,W,L vs. Detroit Shock 55-74,W @ San Antonio Silver Stars 74-55
2003,2003-06-07,Phoenix Mercury,57,Seattle Storm,66,-9.0,9.0,0,1,457,1328,W,L,W vs. Phoenix Mercury 66-57,L @ Seattle Storm 57-66
2003,2003-06-07,Los Angeles Sparks,79,Sacramento Monarchs,61,18.0,-18.0,1,0,457,1329,L,W,L vs. Los Angeles Sparks 61-79,W @ Sacramento Monarchs 79-61
2003,2003-06-07,Houston Comets,58,Connecticut Sun,65,-7.0,7.0,0,1,457,1330,W,L,W vs. Houston Comets 65-58,L @ Connecticut Sun 58-65
2003,2003-06-07,Charlotte Sting,57,Cleveland Rockers,67,-10.0,10.0,0,1,457,1331,W,L,W vs. Charlotte Sting 67-57,L @ Cleveland Rockers 57-67
2003,2003-06-10,Minnesota Lynx,75,Los Angeles Sparks,76,-1.0,1.0,0,1,458,1332,W,L,W vs. Minnesota Lynx 76-75,L @ Los Angeles Sparks 75-76
2003,2003-06-10,Cleveland Rockers,65,New York Liberty,73,-8.0,8.0,0,1,458,1333,W,L,W vs. Cleveland Rockers 73-65,L @ New York Liberty 65-73
2003,2003-06-10,San Antonio Silver Stars,72,Washington Mystics,79,-7.0,7.0,0,1,458,1334,W,L,W vs. San Antonio Silver Stars 79-72,L @ Washington Mystics 72-79
2003,2003-06-10,Sacramento Monarchs,66,Houston Comets,71,-5.0,5.0,0,1,458,1335,W,L,W vs. Sacramento Monarchs 71-66,L @ Houston Comets 66-71
2003,2003-06-10,Indiana Fever,51,Seattle Storm,78,-27.0,27.0,0,1,458,1336,W,L,W vs. Indiana Fever 78-51,L @ Seattle Storm 51-78
2003,2003-06-12,Charlotte Sting,58,Phoenix Mercury,50,8.0,-8.0,1,0,459,1337,L,W,L vs. Charlotte Sting 50-58,W @ Phoenix Mercury 58-50
2003,2003-06-12,Minnesota Lynx,55,Sacramento Monarchs,68,-13.0,13.0,0,1,459,1338,W,L,W vs. Minnesota Lynx 68-55,L @ Sacramento Monarchs 55-68
2003,2003-06-12,Indiana Fever,66,Los Angeles Sparks,74,-8.0,8.0,0,1,459,1339,W,L,W vs. Indiana Fever 74-66,L @ Los Angeles Sparks 66-74
2003,2003-06-13,Washington Mystics,70,Connecticut Sun,84,-14.0,14.0,0,1,460,1340,W,L,W vs. Washington Mystics 84-70,L @ Connecticut Sun 70-84
2003,2003-06-14,Detroit Shock,93,Washington Mystics,56,37.0,-37.0,1,0,461,1341,L,W,L vs. Detroit Shock 56-93,W @ Washington Mystics 93-56
2003,2003-06-14,Houston Comets,61,Phoenix Mercury,76,-15.0,15.0,0,1,461,1342,W,L,W vs. Houston Comets 76-61,L @ Phoenix Mercury 61-76
2003,2003-06-14,Minnesota Lynx,77,Seattle Storm,72,5.0,-5.0,1,0,461,1343,L,W,L vs. Minnesota Lynx 72-77,W @ Seattle Storm 77-72
2003,2003-06-14,Charlotte Sting,52,San Antonio Silver Stars,62,-10.0,10.0,0,1,461,1344,W,L,W vs. Charlotte Sting 62-52,L @ San Antonio Silver Stars 52-62
2003,2003-06-14,Los Angeles Sparks,67,New York Liberty,60,7.0,-7.0,1,0,461,1345,L,W,L vs. Los Angeles Sparks 60-67,W @ New York Liberty 67-60
2003,2003-06-14,Connecticut Sun,56,Cleveland Rockers,84,-28.0,28.0,0,1,461,1346,W,L,W vs. Connecticut Sun 84-56,L @ Cleveland Rockers 56-84
2003,2003-06-14,Indiana Fever,79,Sacramento Monarchs,67,12.0,-12.0,1,0,461,1347,L,W,L vs. Indiana Fever 67-79,W @ Sacramento Monarchs 79-67
2003,2003-06-17,Houston Comets,77,Minnesota Lynx,68,9.0,-9.0,1,0,462,1348,L,W,L vs. Houston Comets 68-77,W @ Minnesota Lynx 77-68
2003,2003-06-17,Sacramento Monarchs,61,New York Liberty,70,-9.0,9.0,0,1,462,1349,W,L,W vs. Sacramento Monarchs 70-61,L @ New York Liberty 61-70
2003,2003-06-17,Seattle Storm,61,Phoenix Mercury,60,1.0,-1.0,1,0,462,1350,L,W,L vs. Seattle Storm 60-61,W @ Phoenix Mercury 61-60
2003,2003-06-17,Charlotte Sting,60,Indiana Fever,71,-11.0,11.0,0,1,462,1351,W,L,W vs. Charlotte Sting 71-60,L @ Indiana Fever 60-71
2003,2003-06-17,Los Angeles Sparks,78,Detroit Shock,87,-9.0,9.0,0,1,462,1352,W,L,W vs. Los Angeles Sparks 87-78,L @ Detroit Shock 78-87
2003,2003-06-18,Sacramento Monarchs,69,Washington Mystics,61,8.0,-8.0,1,0,463,1353,L,W,L vs. Sacramento Monarchs 61-69,W @ Washington Mystics 69-61
2003,2003-06-18,Cleveland Rockers,57,Connecticut Sun,70,-13.0,13.0,0,1,463,1354,W,L,W vs. Cleveland Rockers 70-57,L @ Connecticut Sun 57-70
2003,2003-06-19,Seattle Storm,69,Los Angeles Sparks,67,2.0,-2.0,1,0,464,1355,L,W,L vs. Seattle Storm 67-69,W @ Los Angeles Sparks 69-67
2003,2003-06-20,Washington Mystics,74,Cleveland Rockers,79,-5.0,5.0,0,1,465,1356,W,L,W vs. Washington Mystics 79-74,L @ Cleveland Rockers 74-79
2003,2003-06-20,Minnesota Lynx,72,Charlotte Sting,76,-4.0,4.0,0,1,465,1357,W,L,W vs. Minnesota Lynx 76-72,L @ Charlotte Sting 72-76
2003,2003-06-20,Houston Comets,69,San Antonio Silver Stars,76,-7.0,7.0,0,1,465,1358,W,L,W vs. Houston Comets 76-69,L @ San Antonio Silver Stars 69-76
2003,2003-06-20,Connecticut Sun,74,Indiana Fever,84,-10.0,10.0,0,1,465,1359,W,L,W vs. Connecticut Sun 84-74,L @ Indiana Fever 74-84
2003,2003-06-20,New York Liberty,83,Detroit Shock,88,-5.0,5.0,0,1,465,1360,W,L,W vs. New York Liberty 88-83,L @ Detroit Shock 83-88
2003,2003-06-21,Cleveland Rockers,62,Houston Comets,63,-1.0,1.0,0,1,466,1361,W,L,W vs. Cleveland Rockers 63-62,L @ Houston Comets 62-63
2003,2003-06-21,Los Angeles Sparks,54,Phoenix Mercury,48,6.0,-6.0,1,0,466,1362,L,W,L vs. Los Angeles Sparks 48-54,W @ Phoenix Mercury 54-48
2003,2003-06-21,Seattle Storm,64,Sacramento Monarchs,69,-5.0,5.0,0,1,466,1363,W,L,W vs. Seattle Storm 69-64,L @ Sacramento Monarchs 64-69
2003,2003-06-21,Indiana Fever,58,Minnesota Lynx,66,-8.0,8.0,0,1,466,1364,W,L,W vs. Indiana Fever 66-58,L @ Minnesota Lynx 58-66
2003,2003-06-22,Charlotte Sting,57,New York Liberty,69,-12.0,12.0,0,1,467,1365,W,L,W vs. Charlotte Sting 69-57,L @ New York Liberty 57-69
2003,2003-06-22,San Antonio Silver Stars,53,Seattle Storm,93,-40.0,40.0,0,1,467,1366,W,L,W vs. San Antonio Silver Stars 93-53,L @ Seattle Storm 53-93
2003,2003-06-22,Detroit Shock,82,Connecticut Sun,73,9.0,-9.0,1,0,467,1367,L,W,L vs. Detroit Shock 73-82,W @ Connecticut Sun 82-73
2003,2003-06-24,Indiana Fever,60,Detroit Shock,68,-8.0,8.0,0,1,468,1368,W,L,W vs. Indiana Fever 68-60,L @ Detroit Shock 60-68
2003,2003-06-24,San Antonio Silver Stars,60,Sacramento Monarchs,57,3.0,-3.0,1,0,468,1369,L,W,L vs. San Antonio Silver Stars 57-60,W @ Sacramento Monarchs 60-57
2003,2003-06-24,Los Angeles Sparks,71,Houston Comets,62,9.0,-9.0,1,0,468,1370,L,W,L vs. Los Angeles Sparks 62-71,W @ Houston Comets 71-62
2003,2003-06-24,Connecticut Sun,65,Washington Mystics,63,2.0,-2.0,1,0,468,1371,L,W,L vs. Connecticut Sun 63-65,W @ Washington Mystics 65-63
2003,2003-06-25,Phoenix Mercury,64,New York Liberty,70,-6.0,6.0,0,1,469,1372,W,L,W vs. Phoenix Mercury 70-64,L @ New York Liberty 64-70
2003,2003-06-25,Cleveland Rockers,50,Charlotte Sting,61,-11.0,11.0,0,1,469,1373,W,L,W vs. Cleveland Rockers 61-50,L @ Charlotte Sting 50-61
2003,2003-06-26,Indiana Fever,94,Connecticut Sun,90,4.0,-4.0,1,0,470,1374,L,W,L vs. Indiana Fever 90-94,W @ Connecticut Sun 94-90
2003,2003-06-26,Los Angeles Sparks,67,San Antonio Silver Stars,58,9.0,-9.0,1,0,470,1375,L,W,L vs. Los Angeles Sparks 58-67,W @ San Antonio Silver Stars 67-58
2003,2003-06-27,Detroit Shock,75,New York Liberty,69,6.0,-6.0,1,0,471,1376,L,W,L vs. Detroit Shock 69-75,W @ New York Liberty 75-69
2003,2003-06-27,Seattle Storm,71,Cleveland Rockers,59,12.0,-12.0,1,0,471,1377,L,W,L vs. Seattle Storm 59-71,W @ Cleveland Rockers 71-59
2003,2003-06-27,Phoenix Mercury,59,Minnesota Lynx,67,-8.0,8.0,0,1,471,1378,W,L,W vs. Phoenix Mercury 67-59,L @ Minnesota Lynx 59-67
2003,2003-06-28,Phoenix Mercury,68,Detroit Shock,65,3.0,-3.0,1,0,472,1379,L,W,L vs. Phoenix Mercury 65-68,W @ Detroit Shock 68-65
2003,2003-06-28,Connecticut Sun,55,Charlotte Sting,69,-14.0,14.0,0,1,472,1380,W,L,W vs. Connecticut Sun 69-55,L @ Charlotte Sting 55-69
2003,2003-06-28,Sacramento Monarchs,69,Los Angeles Sparks,60,9.0,-9.0,1,0,472,1381,L,W,L vs. Sacramento Monarchs 60-69,W @ Los Angeles Sparks 69-60
2003,2003-06-28,Seattle Storm,70,Indiana Fever,79,-9.0,9.0,0,1,472,1382,W,L,W vs. Seattle Storm 79-70,L @ Indiana Fever 70-79
2003,2003-06-28,San Antonio Silver Stars,49,Houston Comets,64,-15.0,15.0,0,1,472,1383,W,L,W vs. San Antonio Silver Stars 64-49,L @ Houston Comets 49-64
2003,2003-06-29,Indiana Fever,53,Cleveland Rockers,66,-13.0,13.0,0,1,473,1384,W,L,W vs. Indiana Fever 66-53,L @ Cleveland Rockers 53-66
2003,2003-06-29,Minnesota Lynx,59,Washington Mystics,50,9.0,-9.0,1,0,473,1385,L,W,L vs. Minnesota Lynx 50-59,W @ Washington Mystics 59-50
2003,2003-06-30,Seattle Storm,83,Charlotte Sting,71,12.0,-12.0,1,0,474,1386,L,W,L vs. Seattle Storm 71-83,W @ Charlotte Sting 83-71
2003,2003-07-01,San Antonio Silver Stars,88,Detroit Shock,99,-11.0,11.0,0,1,475,1387,W,L,W vs. San Antonio Silver Stars 99-88,L @ Detroit Shock 88-99
2003,2003-07-01,Connecticut Sun,64,New York Liberty,90,-26.0,26.0,0,1,475,1388,W,L,W vs. Connecticut Sun 90-64,L @ New York Liberty 64-90
2003,2003-07-01,Minnesota Lynx,69,Houston Comets,71,-2.0,2.0,0,1,475,1389,W,L,W vs. Minnesota Lynx 71-69,L @ Houston Comets 69-71
2003,2003-07-02,Phoenix Mercury,68,Indiana Fever,79,-11.0,11.0,0,1,476,1390,W,L,W vs. Phoenix Mercury 79-68,L @ Indiana Fever 68-79
2003,2003-07-02,Washington Mystics,62,Sacramento Monarchs,83,-21.0,21.0,0,1,476,1391,W,L,W vs. Washington Mystics 83-62,L @ Sacramento Monarchs 62-83
2003,2003-07-02,Cleveland Rockers,57,Connecticut Sun,64,-7.0,7.0,0,1,476,1392,W,L,W vs. Cleveland Rockers 64-57,L @ Connecticut Sun 57-64
2003,2003-07-03,Charlotte Sting,92,Detroit Shock,79,13.0,-13.0,1,0,477,1393,L,W,L vs. Charlotte Sting 79-92,W @ Detroit Shock 92-79
2003,2003-07-03,Washington Mystics,72,Seattle Storm,76,-4.0,4.0,0,1,477,1394,W,L,W vs. Washington Mystics 76-72,L @ Seattle Storm 72-76
2003,2003-07-04,Sacramento Monarchs,67,Connecticut Sun,69,-2.0,2.0,0,1,478,1395,W,L,W vs. Sacramento Monarchs 69-67,L @ Connecticut Sun 67-69
2003,2003-07-05,Cleveland Rockers,79,Minnesota Lynx,71,8.0,-8.0,1,0,479,1396,L,W,L vs. Cleveland Rockers 71-79,W @ Minnesota Lynx 79-71
2003,2003-07-05,Sacramento Monarchs,65,Charlotte Sting,67,-2.0,2.0,0,1,479,1397,W,L,W vs. Sacramento Monarchs 67-65,L @ Charlotte Sting 65-67
2003,2003-07-05,Washington Mystics,54,Houston Comets,76,-22.0,22.0,0,1,479,1398,W,L,W vs. Washington Mystics 76-54,L @ Houston Comets 54-76
2003,2003-07-05,Seattle Storm,75,Los Angeles Sparks,84,-9.0,9.0,0,1,479,1399,W,L,W vs. Seattle Storm 84-75,L @ Los Angeles Sparks 75-84
2003,2003-07-05,Phoenix Mercury,70,San Antonio Silver Stars,81,-11.0,11.0,0,1,479,1400,W,L,W vs. Phoenix Mercury 81-70,L @ San Antonio Silver Stars 70-81
2003,2003-07-06,Detroit Shock,54,Indiana Fever,85,-31.0,31.0,0,1,480,1401,W,L,W vs. Detroit Shock 85-54,L @ Indiana Fever 54-85
2003,2003-07-06,New York Liberty,58,Connecticut Sun,62,-4.0,4.0,0,1,480,1402,W,L,W vs. New York Liberty 62-58,L @ Connecticut Sun 58-62
2003,2003-07-07,Charlotte Sting,62,Washington Mystics,56,6.0,-6.0,1,0,481,1403,L,W,L vs. Charlotte Sting 56-62,W @ Washington Mystics 62-56
2003,2003-07-07,Cleveland Rockers,75,Los Angeles Sparks,81,-6.0,6.0,0,1,481,1404,W,L,W vs. Cleveland Rockers 81-75,L @ Los Angeles Sparks 75-81
2003,2003-07-08,Connecticut Sun,50,Detroit Shock,66,-16.0,16.0,0,1,482,1405,W,L,W vs. Connecticut Sun 66-50,L @ Detroit Shock 50-66
2003,2003-07-08,Indiana Fever,56,Houston Comets,60,-4.0,4.0,0,1,482,1406,W,L,W vs. Indiana Fever 60-56,L @ Houston Comets 56-60
2003,2003-07-08,Sacramento Monarchs,59,Minnesota Lynx,77,-18.0,18.0,0,1,482,1407,W,L,W vs. Sacramento Monarchs 77-59,L @ Minnesota Lynx 59-77
2003,2003-07-09,Los Angeles Sparks,97,Washington Mystics,91,6.0,-6.0,1,0,483,1408,L,W,L vs. Los Angeles Sparks 91-97,W @ Washington Mystics 97-91
2003,2003-07-10,Connecticut Sun,75,Minnesota Lynx,83,-8.0,8.0,0,1,484,1409,W,L,W vs. Connecticut Sun 83-75,L @ Minnesota Lynx 75-83
2003,2003-07-10,San Antonio Silver Stars,76,Sacramento Monarchs,89,-13.0,13.0,0,1,484,1410,W,L,W vs. San Antonio Silver Stars 89-76,L @ Sacramento Monarchs 76-89
2003,2003-07-10,New York Liberty,69,Indiana Fever,76,-7.0,7.0,0,1,484,1411,W,L,W vs. New York Liberty 76-69,L @ Indiana Fever 69-76
2003,2003-07-10,Cleveland Rockers,68,Phoenix Mercury,67,1.0,-1.0,1,0,484,1412,L,W,L vs. Cleveland Rockers 67-68,W @ Phoenix Mercury 68-67
2003,2003-07-10,Detroit Shock,58,Charlotte Sting,65,-7.0,7.0,0,1,484,1413,W,L,W vs. Detroit Shock 65-58,L @ Charlotte Sting 58-65
2003,2003-07-15,Phoenix Mercury,77,Los Angeles Sparks,80,-3.0,3.0,0,1,485,1414,W,L,W vs. Phoenix Mercury 80-77,L @ Los Angeles Sparks 77-80
2003,2003-07-15,Washington Mystics,77,New York Liberty,64,13.0,-13.0,1,0,485,1415,L,W,L vs. Washington Mystics 64-77,W @ New York Liberty 77-64
2003,2003-07-15,Sacramento Monarchs,66,Cleveland Rockers,57,9.0,-9.0,1,0,485,1416,L,W,L vs. Sacramento Monarchs 57-66,W @ Cleveland Rockers 66-57
2003,2003-07-15,Houston Comets,55,Seattle Storm,69,-14.0,14.0,0,1,485,1417,W,L,W vs. Houston Comets 69-55,L @ Seattle Storm 55-69
2003,2003-07-16,Detroit Shock,70,Indiana Fever,68,2.0,-2.0,1,0,486,1418,L,W,L vs. Detroit Shock 68-70,W @ Indiana Fever 70-68
2003,2003-07-16,San Antonio Silver Stars,78,Minnesota Lynx,85,-7.0,7.0,0,1,486,1419,W,L,W vs. San Antonio Silver Stars 85-78,L @ Minnesota Lynx 78-85
2003,2003-07-17,Sacramento Monarchs,62,San Antonio Silver Stars,60,2.0,-2.0,1,0,487,1420,L,W,L vs. Sacramento Monarchs 60-62,W @ San Antonio Silver Stars 62-60
2003,2003-07-17,Charlotte Sting,60,Washington Mystics,68,-8.0,8.0,0,1,487,1421,W,L,W vs. Charlotte Sting 68-60,L @ Washington Mystics 60-68
2003,2003-07-17,Minnesota Lynx,61,Cleveland Rockers,70,-9.0,9.0,0,1,487,1422,W,L,W vs. Minnesota Lynx 70-61,L @ Cleveland Rockers 61-70
2003,2003-07-17,Seattle Storm,67,Connecticut Sun,65,2.0,-2.0,1,0,487,1423,L,W,L vs. Seattle Storm 65-67,W @ Connecticut Sun 67-65
2003,2003-07-18,Seattle Storm,61,Detroit Shock,74,-13.0,13.0,0,1,488,1424,W,L,W vs. Seattle Storm 74-61,L @ Detroit Shock 61-74
2003,2003-07-18,Houston Comets,79,Los Angeles Sparks,74,5.0,-5.0,1,0,488,1425,L,W,L vs. Houston Comets 74-79,W @ Los Angeles Sparks 79-74
2003,2003-07-18,Charlotte Sting,48,New York Liberty,56,-8.0,8.0,0,1,488,1426,W,L,W vs. Charlotte Sting 56-48,L @ New York Liberty 48-56
2003,2003-07-19,Detroit Shock,58,Cleveland Rockers,57,1.0,-1.0,1,0,489,1427,L,W,L vs. Detroit Shock 57-58,W @ Cleveland Rockers 58-57
2003,2003-07-19,Connecticut Sun,75,Phoenix Mercury,67,8.0,-8.0,1,0,489,1428,L,W,L vs. Connecticut Sun 67-75,W @ Phoenix Mercury 75-67
2003,2003-07-19,Washington Mystics,85,San Antonio Silver Stars,77,8.0,-8.0,1,0,489,1429,L,W,L vs. Washington Mystics 77-85,W @ San Antonio Silver Stars 85-77
2003,2003-07-19,Houston Comets,74,Sacramento Monarchs,71,3.0,-3.0,1,0,489,1430,L,W,L vs. Houston Comets 71-74,W @ Sacramento Monarchs 74-71
2003,2003-07-20,Indiana Fever,65,New York Liberty,73,-8.0,8.0,0,1,490,1431,W,L,W vs. Indiana Fever 73-65,L @ New York Liberty 65-73
2003,2003-07-20,Seattle Storm,58,Minnesota Lynx,69,-11.0,11.0,0,1,490,1432,W,L,W vs. Seattle Storm 69-58,L @ Minnesota Lynx 58-69
2003,2003-07-20,Connecticut Sun,76,Los Angeles Sparks,73,3.0,-3.0,1,0,490,1433,L,W,L vs. Connecticut Sun 73-76,W @ Los Angeles Sparks 76-73
2003,2003-07-20,Cleveland Rockers,59,Charlotte Sting,57,2.0,-2.0,1,0,490,1434,L,W,L vs. Cleveland Rockers 57-59,W @ Charlotte Sting 59-57
2003,2003-07-22,Cleveland Rockers,71,Detroit Shock,74,-3.0,3.0,0,1,491,1435,W,L,W vs. Cleveland Rockers 74-71,L @ Detroit Shock 71-74
2003,2003-07-22,Washington Mystics,73,Los Angeles Sparks,77,-4.0,4.0,0,1,491,1436,W,L,W vs. Washington Mystics 77-73,L @ Los Angeles Sparks 73-77
2003,2003-07-23,San Antonio Silver Stars,47,Indiana Fever,81,-34.0,34.0,0,1,492,1437,W,L,W vs. San Antonio Silver Stars 81-47,L @ Indiana Fever 47-81
2003,2003-07-23,Minnesota Lynx,70,Connecticut Sun,84,-14.0,14.0,0,1,492,1438,W,L,W vs. Minnesota Lynx 84-70,L @ Connecticut Sun 70-84
2003,2003-07-23,New York Liberty,65,Seattle Storm,75,-10.0,10.0,0,1,492,1439,W,L,W vs. New York Liberty 75-65,L @ Seattle Storm 65-75
2003,2003-07-24,New York Liberty,53,Sacramento Monarchs,67,-14.0,14.0,0,1,493,1440,W,L,W vs. New York Liberty 67-53,L @ Sacramento Monarchs 53-67
2003,2003-07-24,Phoenix Mercury,65,Los Angeles Sparks,82,-17.0,17.0,0,1,493,1441,W,L,W vs. Phoenix Mercury 82-65,L @ Los Angeles Sparks 65-82
2003,2003-07-24,Indiana Fever,80,Washington Mystics,75,5.0,-5.0,1,0,493,1442,L,W,L vs. Indiana Fever 75-80,W @ Washington Mystics 80-75
2003,2003-07-24,Detroit Shock,61,Charlotte Sting,67,-6.0,6.0,0,1,493,1443,W,L,W vs. Detroit Shock 67-61,L @ Charlotte Sting 61-67
2003,2003-07-25,San Antonio Silver Stars,54,Minnesota Lynx,81,-27.0,27.0,0,1,494,1444,W,L,W vs. San Antonio Silver Stars 81-54,L @ Minnesota Lynx 54-81
2003,2003-07-25,Phoenix Mercury,53,Seattle Storm,82,-29.0,29.0,0,1,494,1445,W,L,W vs. Phoenix Mercury 82-53,L @ Seattle Storm 53-82
2003,2003-07-26,Seattle Storm,63,Sacramento Monarchs,76,-13.0,13.0,0,1,495,1446,W,L,W vs. Seattle Storm 76-63,L @ Sacramento Monarchs 63-76
2003,2003-07-26,New York Liberty,53,Houston Comets,61,-8.0,8.0,0,1,495,1447,W,L,W vs. New York Liberty 61-53,L @ Houston Comets 53-61
2003,2003-07-26,Charlotte Sting,70,Connecticut Sun,74,-4.0,4.0,0,1,495,1448,W,L,W vs. Charlotte Sting 74-70,L @ Connecticut Sun 70-74
2003,2003-07-26,Washington Mystics,78,Cleveland Rockers,89,-11.0,11.0,0,1,495,1449,W,L,W vs. Washington Mystics 89-78,L @ Cleveland Rockers 78-89
2003,2003-07-26,Minnesota Lynx,70,Indiana Fever,65,5.0,-5.0,1,0,495,1450,L,W,L vs. Minnesota Lynx 65-70,W @ Indiana Fever 70-65
2003,2003-07-27,Washington Mystics,71,Detroit Shock,81,-10.0,10.0,0,1,496,1451,W,L,W vs. Washington Mystics 81-71,L @ Detroit Shock 71-81
2003,2003-07-27,Cleveland Rockers,55,San Antonio Silver Stars,64,-9.0,9.0,0,1,496,1452,W,L,W vs. Cleveland Rockers 64-55,L @ San Antonio Silver Stars 55-64
2003,2003-07-29,New York Liberty,59,Phoenix Mercury,66,-7.0,7.0,0,1,497,1453,W,L,W vs. New York Liberty 66-59,L @ Phoenix Mercury 59-66
2003,2003-07-29,Detroit Shock,77,Cleveland Rockers,65,12.0,-12.0,1,0,497,1454,L,W,L vs. Detroit Shock 65-77,W @ Cleveland Rockers 77-65
2003,2003-07-29,Minnesota Lynx,58,Houston Comets,73,-15.0,15.0,0,1,497,1455,W,L,W vs. Minnesota Lynx 73-58,L @ Houston Comets 58-73
2003,2003-07-29,Indiana Fever,92,Washington Mystics,91,1.0,-1.0,1,0,497,1456,L,W,L vs. Indiana Fever 91-92,W @ Washington Mystics 92-91
2003,2003-07-30,San Antonio Silver Stars,70,Los Angeles Sparks,62,8.0,-8.0,1,0,498,1457,L,W,L vs. San Antonio Silver Stars 62-70,W @ Los Angeles Sparks 70-62
2003,2003-07-31,Charlotte Sting,54,Seattle Storm,69,-15.0,15.0,0,1,499,1458,W,L,W vs. Charlotte Sting 69-54,L @ Seattle Storm 54-69
2003,2003-07-31,Los Angeles Sparks,75,Sacramento Monarchs,83,-8.0,8.0,0,1,499,1459,W,L,W vs. Los Angeles Sparks 83-75,L @ Sacramento Monarchs 75-83
2003,2003-08-01,Houston Comets,53,San Antonio Silver Stars,63,-10.0,10.0,0,1,500,1460,W,L,W vs. Houston Comets 63-53,L @ San Antonio Silver Stars 53-63
2003,2003-08-01,Washington Mystics,48,Connecticut Sun,45,3.0,-3.0,1,0,500,1461,L,W,L vs. Washington Mystics 45-48,W @ Connecticut Sun 48-45
2003,2003-08-01,Detroit Shock,62,New York Liberty,60,2.0,-2.0,1,0,500,1462,L,W,L vs. Detroit Shock 60-62,W @ New York Liberty 62-60
2003,2003-08-01,Phoenix Mercury,56,Cleveland Rockers,73,-17.0,17.0,0,1,500,1463,W,L,W vs. Phoenix Mercury 73-56,L @ Cleveland Rockers 56-73
2003,2003-08-02,Indiana Fever,58,Detroit Shock,72,-14.0,14.0,0,1,501,1464,W,L,W vs. Indiana Fever 72-58,L @ Detroit Shock 58-72
2003,2003-08-02,Charlotte Sting,84,Los Angeles Sparks,73,11.0,-11.0,1,0,501,1465,L,W,L vs. Charlotte Sting 73-84,W @ Los Angeles Sparks 84-73
2003,2003-08-02,Seattle Storm,71,Minnesota Lynx,73,-2.0,2.0,0,1,501,1466,W,L,W vs. Seattle Storm 73-71,L @ Minnesota Lynx 71-73
2003,2003-08-02,San Antonio Silver Stars,55,Houston Comets,64,-9.0,9.0,0,1,501,1467,W,L,W vs. San Antonio Silver Stars 64-55,L @ Houston Comets 55-64
2003,2003-08-03,Indiana Fever,55,Connecticut Sun,66,-11.0,11.0,0,1,502,1468,W,L,W vs. Indiana Fever 66-55,L @ Connecticut Sun 55-66
2003,2003-08-03,Cleveland Rockers,48,New York Liberty,60,-12.0,12.0,0,1,502,1469,W,L,W vs. Cleveland Rockers 60-48,L @ New York Liberty 48-60
2003,2003-08-03,Charlotte Sting,60,Sacramento Monarchs,76,-16.0,16.0,0,1,502,1470,W,L,W vs. Charlotte Sting 76-60,L @ Sacramento Monarchs 60-76
2003,2003-08-03,Phoenix Mercury,70,Washington Mystics,69,1.0,-1.0,1,0,502,1471,L,W,L vs. Phoenix Mercury 69-70,W @ Washington Mystics 70-69
2003,2003-08-04,Phoenix Mercury,56,Minnesota Lynx,61,-5.0,5.0,0,1,503,1472,W,L,W vs. Phoenix Mercury 61-56,L @ Minnesota Lynx 56-61
2003,2003-08-05,Sacramento Monarchs,47,Houston Comets,74,-27.0,27.0,0,1,504,1473,W,L,W vs. Sacramento Monarchs 74-47,L @ Houston Comets 47-74
2003,2003-08-05,Detroit Shock,78,Connecticut Sun,61,17.0,-17.0,1,0,504,1474,L,W,L vs. Detroit Shock 61-78,W @ Connecticut Sun 78-61
2003,2003-08-05,San Antonio Silver Stars,60,New York Liberty,69,-9.0,9.0,0,1,504,1475,W,L,W vs. San Antonio Silver Stars 69-60,L @ New York Liberty 60-69
2003,2003-08-06,Minnesota Lynx,49,Phoenix Mercury,56,-7.0,7.0,0,1,505,1476,W,L,W vs. Minnesota Lynx 56-49,L @ Phoenix Mercury 49-56
2003,2003-08-06,Detroit Shock,81,Washington Mystics,92,-11.0,11.0,0,1,505,1477,W,L,W vs. Detroit Shock 92-81,L @ Washington Mystics 81-92
2003,2003-08-06,Los Angeles Sparks,56,Seattle Storm,92,-36.0,36.0,0,1,505,1478,W,L,W vs. Los Angeles Sparks 92-56,L @ Seattle Storm 56-92
2003,2003-08-07,New York Liberty,54,Charlotte Sting,65,-11.0,11.0,0,1,506,1479,W,L,W vs. New York Liberty 65-54,L @ Charlotte Sting 54-65
2003,2003-08-07,Sacramento Monarchs,86,San Antonio Silver Stars,61,25.0,-25.0,1,0,506,1480,L,W,L vs. Sacramento Monarchs 61-86,W @ San Antonio Silver Stars 86-61
2003,2003-08-07,Houston Comets,68,Indiana Fever,55,13.0,-13.0,1,0,506,1481,L,W,L vs. Houston Comets 55-68,W @ Indiana Fever 68-55
2003,2003-08-08,Minnesota Lynx,65,Seattle Storm,68,-3.0,3.0,0,1,507,1482,W,L,W vs. Minnesota Lynx 68-65,L @ Seattle Storm 65-68
2003,2003-08-08,Los Angeles Sparks,67,Phoenix Mercury,64,3.0,-3.0,1,0,507,1483,L,W,L vs. Los Angeles Sparks 64-67,W @ Phoenix Mercury 67-64
2003,2003-08-08,Houston Comets,66,Detroit Shock,56,10.0,-10.0,1,0,507,1484,L,W,L vs. Houston Comets 56-66,W @ Detroit Shock 66-56
2003,2003-08-09,Connecticut Sun,68,Charlotte Sting,69,-1.0,1.0,0,1,508,1485,W,L,W vs. Connecticut Sun 69-68,L @ Charlotte Sting 68-69
2003,2003-08-09,Los Angeles Sparks,52,San Antonio Silver Stars,69,-17.0,17.0,0,1,508,1486,W,L,W vs. Los Angeles Sparks 69-52,L @ San Antonio Silver Stars 52-69
2003,2003-08-09,Cleveland Rockers,66,Indiana Fever,62,4.0,-4.0,1,0,508,1487,L,W,L vs. Cleveland Rockers 62-66,W @ Indiana Fever 66-62
2003,2003-08-09,Minnesota Lynx,77,Sacramento Monarchs,73,4.0,-4.0,1,0,508,1488,L,W,L vs. Minnesota Lynx 73-77,W @ Sacramento Monarchs 77-73
2003,2003-08-09,New York Liberty,65,Washington Mystics,56,9.0,-9.0,1,0,508,1489,L,W,L vs. New York Liberty 56-65,W @ Washington Mystics 65-56
2003,2003-08-10,Indiana Fever,67,Cleveland Rockers,71,-4.0,4.0,0,1,509,1490,W,L,W vs. Indiana Fever 71-67,L @ Cleveland Rockers 67-71
2003,2003-08-10,Phoenix Mercury,46,Houston Comets,69,-23.0,23.0,0,1,509,1491,W,L,W vs. Phoenix Mercury 69-46,L @ Houston Comets 46-69
2003,2003-08-10,New York Liberty,87,Detroit Shock,90,-3.0,3.0,0,1,509,1492,W,L,W vs. New York Liberty 90-87,L @ Detroit Shock 87-90
2003,2003-08-12,New York Liberty,74,Connecticut Sun,73,1.0,-1.0,1,0,510,1493,L,W,L vs. New York Liberty 73-74,W @ Connecticut Sun 74-73
2003,2003-08-12,San Antonio Silver Stars,87,Seattle Storm,77,10.0,-10.0,1,0,510,1494,L,W,L vs. San Antonio Silver Stars 77-87,W @ Seattle Storm 87-77
2003,2003-08-12,Washington Mystics,84,Indiana Fever,80,4.0,-4.0,1,0,510,1495,L,W,L vs. Washington Mystics 80-84,W @ Indiana Fever 84-80
2003,2003-08-13,Detroit Shock,78,Phoenix Mercury,76,2.0,-2.0,1,0,511,1496,L,W,L vs. Detroit Shock 76-78,W @ Phoenix Mercury 78-76
2003,2003-08-14,Los Angeles Sparks,87,Minnesota Lynx,83,4.0,-4.0,1,0,512,1497,L,W,L vs. Los Angeles Sparks 83-87,W @ Minnesota Lynx 87-83
2003,2003-08-14,Washington Mystics,76,Charlotte Sting,69,7.0,-7.0,1,0,512,1498,L,W,L vs. Washington Mystics 69-76,W @ Charlotte Sting 76-69
2003,2003-08-15,Detroit Shock,63,Sacramento Monarchs,75,-12.0,12.0,0,1,513,1499,W,L,W vs. Detroit Shock 75-63,L @ Sacramento Monarchs 63-75
2003,2003-08-15,Seattle Storm,50,Phoenix Mercury,64,-14.0,14.0,0,1,513,1500,W,L,W vs. Seattle Storm 64-50,L @ Phoenix Mercury 50-64
2003,2003-08-16,Cleveland Rockers,72,Washington Mystics,68,4.0,-4.0,1,0,514,1501,L,W,L vs. Cleveland Rockers 68-72,W @ Washington Mystics 72-68
2003,2003-08-16,Connecticut Sun,84,New York Liberty,71,13.0,-13.0,1,0,514,1502,L,W,L vs. Connecticut Sun 71-84,W @ New York Liberty 84-71
2003,2003-08-16,Charlotte Sting,63,Indiana Fever,69,-6.0,6.0,0,1,514,1503,W,L,W vs. Charlotte Sting 69-63,L @ Indiana Fever 63-69
2003,2003-08-16,Sacramento Monarchs,65,Phoenix Mercury,61,4.0,-4.0,1,0,514,1504,L,W,L vs. Sacramento Monarchs 61-65,W @ Phoenix Mercury 65-61
2003,2003-08-16,Minnesota Lynx,73,San Antonio Silver Stars,64,9.0,-9.0,1,0,514,1505,L,W,L vs. Minnesota Lynx 64-73,W @ San Antonio Silver Stars 73-64
2003,2003-08-16,Los Angeles Sparks,64,Houston Comets,63,1.0,-1.0,1,0,514,1506,L,W,L vs. Los Angeles Sparks 63-64,W @ Houston Comets 64-63
2003,2003-08-17,New York Liberty,71,Cleveland Rockers,54,17.0,-17.0,1,0,515,1507,L,W,L vs. New York Liberty 54-71,W @ Cleveland Rockers 71-54
2003,2003-08-17,Detroit Shock,95,Seattle Storm,86,9.0,-9.0,1,0,515,1508,L,W,L vs. Detroit Shock 86-95,W @ Seattle Storm 95-86
2003,2003-08-18,Houston Comets,64,New York Liberty,67,-3.0,3.0,0,1,516,1509,W,L,W vs. Houston Comets 67-64,L @ New York Liberty 64-67
2003,2003-08-19,Seattle Storm,47,Houston Comets,52,-5.0,5.0,0,1,517,1510,W,L,W vs. Seattle Storm 52-47,L @ Houston Comets 47-52
2003,2003-08-19,Connecticut Sun,52,Cleveland Rockers,69,-17.0,17.0,0,1,517,1511,W,L,W vs. Connecticut Sun 69-52,L @ Cleveland Rockers 52-69
2003,2003-08-20,Indiana Fever,50,Charlotte Sting,80,-30.0,30.0,0,1,518,1512,W,L,W vs. Indiana Fever 80-50,L @ Charlotte Sting 50-80
2003,2003-08-20,Minnesota Lynx,69,Phoenix Mercury,66,3.0,-3.0,1,0,518,1513,L,W,L vs. Minnesota Lynx 66-69,W @ Phoenix Mercury 69-66
2003,2003-08-20,Seattle Storm,70,San Antonio Silver Stars,78,-8.0,8.0,0,1,518,1514,W,L,W vs. Seattle Storm 78-70,L @ San Antonio Silver Stars 70-78
2003,2003-08-21,Houston Comets,54,Sacramento Monarchs,62,-8.0,8.0,0,1,519,1515,W,L,W vs. Houston Comets 62-54,L @ Sacramento Monarchs 54-62
2003,2003-08-21,Minnesota Lynx,65,Los Angeles Sparks,88,-23.0,23.0,0,1,519,1516,W,L,W vs. Minnesota Lynx 88-65,L @ Los Angeles Sparks 65-88
2003,2003-08-21,New York Liberty,65,Washington Mystics,60,5.0,-5.0,1,0,519,1517,L,W,L vs. New York Liberty 60-65,W @ Washington Mystics 65-60
2003,2003-08-21,Cleveland Rockers,56,Detroit Shock,71,-15.0,15.0,0,1,519,1518,W,L,W vs. Cleveland Rockers 71-56,L @ Detroit Shock 56-71
2003,2003-08-22,Charlotte Sting,55,Connecticut Sun,63,-8.0,8.0,0,1,520,1519,W,L,W vs. Charlotte Sting 63-55,L @ Connecticut Sun 55-63
2003,2003-08-22,Indiana Fever,64,New York Liberty,51,13.0,-13.0,1,0,520,1520,L,W,L vs. Indiana Fever 51-64,W @ New York Liberty 64-51
2003,2003-08-22,San Antonio Silver Stars,62,Phoenix Mercury,89,-27.0,27.0,0,1,520,1521,W,L,W vs. San Antonio Silver Stars 89-62,L @ Phoenix Mercury 62-89
2003,2003-08-23,San Antonio Silver Stars,70,Los Angeles Sparks,83,-13.0,13.0,0,1,521,1522,W,L,W vs. San Antonio Silver Stars 83-70,L @ Los Angeles Sparks 70-83
2003,2003-08-23,Connecticut Sun,74,Washington Mystics,67,7.0,-7.0,1,0,521,1523,L,W,L vs. Connecticut Sun 67-74,W @ Washington Mystics 74-67
2003,2003-08-23,Cleveland Rockers,46,Indiana Fever,59,-13.0,13.0,0,1,521,1524,W,L,W vs. Cleveland Rockers 59-46,L @ Indiana Fever 46-59
2003,2003-08-23,Detroit Shock,86,Minnesota Lynx,77,9.0,-9.0,1,0,521,1525,L,W,L vs. Detroit Shock 77-86,W @ Minnesota Lynx 86-77
2003,2003-08-23,Houston Comets,64,Seattle Storm,71,-7.0,7.0,0,1,521,1526,W,L,W vs. Houston Comets 71-64,L @ Seattle Storm 64-71
2003,2003-08-23,Phoenix Mercury,54,Sacramento Monarchs,61,-7.0,7.0,0,1,521,1527,W,L,W vs. Phoenix Mercury 61-54,L @ Sacramento Monarchs 54-61
2003,2003-08-24,New York Liberty,59,Charlotte Sting,61,-2.0,2.0,0,1,522,1528,W,L,W vs. New York Liberty 61-59,L @ Charlotte Sting 59-61
2003,2003-08-25,Connecticut Sun,72,Indiana Fever,62,10.0,-10.0,1,0,523,1529,L,W,L vs. Connecticut Sun 62-72,W @ Indiana Fever 72-62
2003,2003-08-25,Charlotte Sting,66,Cleveland Rockers,75,-9.0,9.0,0,1,523,1530,W,L,W vs. Charlotte Sting 75-66,L @ Cleveland Rockers 66-75
2003,2003-08-25,Washington Mystics,60,Detroit Shock,68,-8.0,8.0,0,1,523,1531,W,L,W vs. Washington Mystics 68-60,L @ Detroit Shock 60-68
2003,2003-08-25,Sacramento Monarchs,57,Seattle Storm,70,-13.0,13.0,0,1,523,1532,W,L,W vs. Sacramento Monarchs 70-57,L @ Seattle Storm 57-70
2003,2003-08-25,Houston Comets,64,Los Angeles Sparks,67,-3.0,3.0,0,1,523,1533,W,L,W vs. Houston Comets 67-64,L @ Los Angeles Sparks 64-67
2003,2003-08-28,Charlotte Sting,66,Connecticut Sun,68,-2.0,2.0,0,1,524,1534,W,L,W vs. Charlotte Sting 68-66,L @ Connecticut Sun 66-68
2003,2003-08-28,Los Angeles Sparks,72,Minnesota Lynx,74,-2.0,2.0,0,1,524,1535,W,L,W vs. Los Angeles Sparks 74-72,L @ Minnesota Lynx 72-74
2003,2003-08-29,Houston Comets,59,Sacramento Monarchs,65,-6.0,6.0,0,1,525,1536,W,L,W vs. Houston Comets 65-59,L @ Sacramento Monarchs 59-65
2003,2003-08-29,Detroit Shock,76,Cleveland Rockers,74,2.0,-2.0,1,0,525,1537,L,W,L vs. Detroit Shock 74-76,W @ Cleveland Rockers 76-74
2003,2003-08-30,Connecticut Sun,68,Charlotte Sting,62,6.0,-6.0,1,0,526,1538,L,W,L vs. Connecticut Sun 62-68,W @ Charlotte Sting 68-62
2003,2003-08-30,Minnesota Lynx,69,Los Angeles Sparks,80,-11.0,11.0,0,1,526,1539,W,L,W vs. Minnesota Lynx 80-69,L @ Los Angeles Sparks 69-80
2003,2003-08-31,Sacramento Monarchs,48,Houston Comets,69,-21.0,21.0,0,1,527,1540,W,L,W vs. Sacramento Monarchs 69-48,L @ Houston Comets 48-69
2003,2003-08-31,Cleveland Rockers,66,Detroit Shock,59,7.0,-7.0,1,0,527,1541,L,W,L vs. Cleveland Rockers 59-66,W @ Detroit Shock 66-59
2003,2003-09-01,Minnesota Lynx,64,Los Angeles Sparks,74,-10.0,10.0,0,1,528,1542,W,L,W vs. Minnesota Lynx 74-64,L @ Los Angeles Sparks 64-74
2003,2003-09-02,Cleveland Rockers,63,Detroit Shock,77,-14.0,14.0,0,1,529,1543,W,L,W vs. Cleveland Rockers 77-63,L @ Detroit Shock 63-77
2003,2003-09-02,Sacramento Monarchs,70,Houston Comets,68,2.0,-2.0,1,0,529,1544,L,W,L vs. Sacramento Monarchs 68-70,W @ Houston Comets 70-68
2003,2003-09-05,Detroit Shock,73,Connecticut Sun,63,10.0,-10.0,1,0,530,1545,L,W,L vs. Detroit Shock 63-73,W @ Connecticut Sun 73-63
2003,2003-09-05,Los Angeles Sparks,69,Sacramento Monarchs,77,-8.0,8.0,0,1,530,1546,W,L,W vs. Los Angeles Sparks 77-69,L @ Sacramento Monarchs 69-77
2003,2003-09-07,Sacramento Monarchs,54,Los Angeles Sparks,79,-25.0,25.0,0,1,531,1547,W,L,W vs. Sacramento Monarchs 79-54,L @ Los Angeles Sparks 54-79
2003,2003-09-07,Connecticut Sun,73,Detroit Shock,79,-6.0,6.0,0,1,531,1548,W,L,W vs. Connecticut Sun 79-73,L @ Detroit Shock 73-79
2003,2003-09-08,Sacramento Monarchs,63,Los Angeles Sparks,66,-3.0,3.0,0,1,532,1549,W,L,W vs. Sacramento Monarchs 66-63,L @ Los Angeles Sparks 63-66
2003,2003-09-12,Detroit Shock,63,Los Angeles Sparks,75,-12.0,12.0,0,1,533,1550,W,L,W vs. Detroit Shock 75-63,L @ Los Angeles Sparks 63-75
2003,2003-09-14,Los Angeles Sparks,61,Detroit Shock,62,-1.0,1.0,0,1,534,1551,W,L,W vs. Los Angeles Sparks 62-61,L @ Detroit Shock 61-62
2003,2003-09-16,Los Angeles Sparks,78,Detroit Shock,83,-5.0,5.0,0,1,535,1552,W,L,W vs. Los Angeles Sparks 83-78,L @ Detroit Shock 78-83
2004,2004-05-20,San Antonio Silver Stars,64,Houston Comets,55,9.0,-9.0,1,0,536,1553,L,W,L vs. San Antonio Silver Stars 55-64,W @ Houston Comets 64-55
2004,2004-05-20,Minnesota Lynx,85,Seattle Storm,88,-3.0,3.0,0,1,536,1554,W,L,W vs. Minnesota Lynx 88-85,L @ Seattle Storm 85-88
2004,2004-05-20,Sacramento Monarchs,72,Phoenix Mercury,66,6.0,-6.0,1,0,536,1555,L,W,L vs. Sacramento Monarchs 66-72,W @ Phoenix Mercury 72-66
2004,2004-05-21,New York Liberty,67,Indiana Fever,69,-2.0,2.0,0,1,537,1556,W,L,W vs. New York Liberty 69-67,L @ Indiana Fever 67-69
2004,2004-05-21,Houston Comets,60,Charlotte Sting,53,7.0,-7.0,1,0,537,1557,L,W,L vs. Houston Comets 53-60,W @ Charlotte Sting 60-53
2004,2004-05-22,Minnesota Lynx,69,Sacramento Monarchs,61,8.0,-8.0,1,0,538,1558,L,W,L vs. Minnesota Lynx 61-69,W @ Sacramento Monarchs 69-61
2004,2004-05-22,Charlotte Sting,71,Washington Mystics,68,3.0,-3.0,1,0,538,1559,L,W,L vs. Charlotte Sting 68-71,W @ Washington Mystics 71-68
2004,2004-05-22,Phoenix Mercury,65,Connecticut Sun,58,7.0,-7.0,1,0,538,1560,L,W,L vs. Phoenix Mercury 58-65,W @ Connecticut Sun 65-58
2004,2004-05-22,Los Angeles Sparks,67,Seattle Storm,93,-26.0,26.0,0,1,538,1561,W,L,W vs. Los Angeles Sparks 93-67,L @ Seattle Storm 67-93
2004,2004-05-22,Detroit Shock,73,San Antonio Silver Stars,60,13.0,-13.0,1,0,538,1562,L,W,L vs. Detroit Shock 60-73,W @ San Antonio Silver Stars 73-60
2004,2004-05-23,Houston Comets,62,New York Liberty,68,-6.0,6.0,0,1,539,1563,W,L,W vs. Houston Comets 68-62,L @ New York Liberty 62-68
2004,2004-05-23,Washington Mystics,68,Indiana Fever,67,1.0,-1.0,1,0,539,1564,L,W,L vs. Washington Mystics 67-68,W @ Indiana Fever 68-67
2004,2004-05-25,Houston Comets,68,Connecticut Sun,57,11.0,-11.0,1,0,540,1565,L,W,L vs. Houston Comets 57-68,W @ Connecticut Sun 68-57
2004,2004-05-25,Los Angeles Sparks,95,Washington Mystics,79,16.0,-16.0,1,0,540,1566,L,W,L vs. Los Angeles Sparks 79-95,W @ Washington Mystics 95-79
2004,2004-05-26,Detroit Shock,52,New York Liberty,64,-12.0,12.0,0,1,541,1567,W,L,W vs. Detroit Shock 64-52,L @ New York Liberty 52-64
2004,2004-05-26,Minnesota Lynx,44,San Antonio Silver Stars,56,-12.0,12.0,0,1,541,1568,W,L,W vs. Minnesota Lynx 56-44,L @ San Antonio Silver Stars 44-56
2004,2004-05-27,Los Angeles Sparks,73,Connecticut Sun,82,-9.0,9.0,0,1,542,1569,W,L,W vs. Los Angeles Sparks 82-73,L @ Connecticut Sun 73-82
2004,2004-05-28,Washington Mystics,62,Minnesota Lynx,73,-11.0,11.0,0,1,543,1570,W,L,W vs. Washington Mystics 73-62,L @ Minnesota Lynx 62-73
2004,2004-05-28,Indiana Fever,41,Charlotte Sting,63,-22.0,22.0,0,1,543,1571,W,L,W vs. Indiana Fever 63-41,L @ Charlotte Sting 41-63
2004,2004-05-28,Sacramento Monarchs,63,San Antonio Silver Stars,72,-9.0,9.0,0,1,543,1572,W,L,W vs. Sacramento Monarchs 72-63,L @ San Antonio Silver Stars 63-72
2004,2004-05-28,Seattle Storm,76,Phoenix Mercury,84,-8.0,8.0,0,1,543,1573,W,L,W vs. Seattle Storm 84-76,L @ Phoenix Mercury 76-84
2004,2004-05-29,Los Angeles Sparks,63,Detroit Shock,60,3.0,-3.0,1,0,544,1574,L,W,L vs. Los Angeles Sparks 60-63,W @ Detroit Shock 63-60
2004,2004-05-30,Sacramento Monarchs,57,Houston Comets,63,-6.0,6.0,0,1,545,1575,W,L,W vs. Sacramento Monarchs 63-57,L @ Houston Comets 57-63
2004,2004-05-30,New York Liberty,68,Minnesota Lynx,64,4.0,-4.0,1,0,545,1576,L,W,L vs. New York Liberty 64-68,W @ Minnesota Lynx 68-64
2004,2004-06-01,New York Liberty,63,Charlotte Sting,53,10.0,-10.0,1,0,546,1577,L,W,L vs. New York Liberty 53-63,W @ Charlotte Sting 63-53
2004,2004-06-01,Indiana Fever,79,San Antonio Silver Stars,60,19.0,-19.0,1,0,546,1578,L,W,L vs. Indiana Fever 60-79,W @ San Antonio Silver Stars 79-60
2004,2004-06-01,Houston Comets,63,Phoenix Mercury,73,-10.0,10.0,0,1,546,1579,W,L,W vs. Houston Comets 73-63,L @ Phoenix Mercury 63-73
2004,2004-06-01,Seattle Storm,70,Los Angeles Sparks,73,-3.0,3.0,0,1,546,1580,W,L,W vs. Seattle Storm 73-70,L @ Los Angeles Sparks 70-73
2004,2004-06-02,Washington Mystics,65,Detroit Shock,63,2.0,-2.0,1,0,547,1581,L,W,L vs. Washington Mystics 63-65,W @ Detroit Shock 65-63
2004,2004-06-03,San Antonio Silver Stars,47,Minnesota Lynx,55,-8.0,8.0,0,1,548,1582,W,L,W vs. San Antonio Silver Stars 55-47,L @ Minnesota Lynx 47-55
2004,2004-06-03,New York Liberty,71,Houston Comets,62,9.0,-9.0,1,0,548,1583,L,W,L vs. New York Liberty 62-71,W @ Houston Comets 71-62
2004,2004-06-03,Charlotte Sting,62,Connecticut Sun,71,-9.0,9.0,0,1,548,1584,W,L,W vs. Charlotte Sting 71-62,L @ Connecticut Sun 62-71
2004,2004-06-03,Phoenix Mercury,45,Seattle Storm,72,-27.0,27.0,0,1,548,1585,W,L,W vs. Phoenix Mercury 72-45,L @ Seattle Storm 45-72
2004,2004-06-03,Los Angeles Sparks,51,Sacramento Monarchs,68,-17.0,17.0,0,1,548,1586,W,L,W vs. Los Angeles Sparks 68-51,L @ Sacramento Monarchs 51-68
2004,2004-06-04,Connecticut Sun,72,Washington Mystics,63,9.0,-9.0,1,0,549,1587,L,W,L vs. Connecticut Sun 63-72,W @ Washington Mystics 72-63
2004,2004-06-05,New York Liberty,62,San Antonio Silver Stars,57,5.0,-5.0,1,0,550,1588,L,W,L vs. New York Liberty 57-62,W @ San Antonio Silver Stars 62-57
2004,2004-06-05,Seattle Storm,65,Sacramento Monarchs,63,2.0,-2.0,1,0,550,1589,L,W,L vs. Seattle Storm 63-65,W @ Sacramento Monarchs 65-63
2004,2004-06-05,Phoenix Mercury,68,Minnesota Lynx,76,-8.0,8.0,0,1,550,1590,W,L,W vs. Phoenix Mercury 76-68,L @ Minnesota Lynx 68-76
2004,2004-06-05,Charlotte Sting,57,Indiana Fever,70,-13.0,13.0,0,1,550,1591,W,L,W vs. Charlotte Sting 70-57,L @ Indiana Fever 57-70
2004,2004-06-05,Los Angeles Sparks,71,Houston Comets,75,-4.0,4.0,0,1,550,1592,W,L,W vs. Los Angeles Sparks 75-71,L @ Houston Comets 71-75
2004,2004-06-06,Detroit Shock,74,Connecticut Sun,73,1.0,-1.0,1,0,551,1593,L,W,L vs. Detroit Shock 73-74,W @ Connecticut Sun 74-73
2004,2004-06-09,Charlotte Sting,68,Los Angeles Sparks,82,-14.0,14.0,0,1,552,1594,W,L,W vs. Charlotte Sting 82-68,L @ Los Angeles Sparks 68-82
2004,2004-06-09,Connecticut Sun,59,Phoenix Mercury,75,-16.0,16.0,0,1,552,1595,W,L,W vs. Connecticut Sun 75-59,L @ Phoenix Mercury 59-75
2004,2004-06-09,Detroit Shock,83,Indiana Fever,79,4.0,-4.0,1,0,552,1596,L,W,L vs. Detroit Shock 79-83,W @ Indiana Fever 83-79
2004,2004-06-09,San Antonio Silver Stars,47,Houston Comets,59,-12.0,12.0,0,1,552,1597,W,L,W vs. San Antonio Silver Stars 59-47,L @ Houston Comets 47-59
2004,2004-06-11,Minnesota Lynx,55,Los Angeles Sparks,69,-14.0,14.0,0,1,553,1598,W,L,W vs. Minnesota Lynx 69-55,L @ Los Angeles Sparks 55-69
2004,2004-06-11,Charlotte Sting,59,Phoenix Mercury,51,8.0,-8.0,1,0,553,1599,L,W,L vs. Charlotte Sting 51-59,W @ Phoenix Mercury 59-51
2004,2004-06-11,Connecticut Sun,63,Seattle Storm,68,-5.0,5.0,0,1,553,1600,W,L,W vs. Connecticut Sun 68-63,L @ Seattle Storm 63-68
2004,2004-06-11,Indiana Fever,72,New York Liberty,68,4.0,-4.0,1,0,553,1601,L,W,L vs. Indiana Fever 68-72,W @ New York Liberty 72-68
2004,2004-06-11,Detroit Shock,74,Washington Mystics,60,14.0,-14.0,1,0,553,1602,L,W,L vs. Detroit Shock 60-74,W @ Washington Mystics 74-60
2004,2004-06-12,Indiana Fever,68,Detroit Shock,72,-4.0,4.0,0,1,554,1603,W,L,W vs. Indiana Fever 72-68,L @ Detroit Shock 68-72
2004,2004-06-12,Connecticut Sun,83,Sacramento Monarchs,76,7.0,-7.0,1,0,554,1604,L,W,L vs. Connecticut Sun 76-83,W @ Sacramento Monarchs 83-76
2004,2004-06-12,Houston Comets,69,San Antonio Silver Stars,66,3.0,-3.0,1,0,554,1605,L,W,L vs. Houston Comets 66-69,W @ San Antonio Silver Stars 69-66
2004,2004-06-13,New York Liberty,60,Washington Mystics,62,-2.0,2.0,0,1,555,1606,W,L,W vs. New York Liberty 62-60,L @ Washington Mystics 60-62
2004,2004-06-14,Connecticut Sun,74,Los Angeles Sparks,76,-2.0,2.0,0,1,556,1607,W,L,W vs. Connecticut Sun 76-74,L @ Los Angeles Sparks 74-76
2004,2004-06-15,San Antonio Silver Stars,57,Charlotte Sting,59,-2.0,2.0,0,1,557,1608,W,L,W vs. San Antonio Silver Stars 59-57,L @ Charlotte Sting 57-59
2004,2004-06-15,Seattle Storm,86,New York Liberty,62,24.0,-24.0,1,0,557,1609,L,W,L vs. Seattle Storm 62-86,W @ New York Liberty 86-62
2004,2004-06-16,Sacramento Monarchs,50,Indiana Fever,63,-13.0,13.0,0,1,558,1610,W,L,W vs. Sacramento Monarchs 63-50,L @ Indiana Fever 50-63
2004,2004-06-17,Sacramento Monarchs,60,Minnesota Lynx,50,10.0,-10.0,1,0,559,1611,L,W,L vs. Sacramento Monarchs 50-60,W @ Minnesota Lynx 60-50
2004,2004-06-17,San Antonio Silver Stars,60,Washington Mystics,76,-16.0,16.0,0,1,559,1612,W,L,W vs. San Antonio Silver Stars 76-60,L @ Washington Mystics 60-76
2004,2004-06-18,Los Angeles Sparks,76,Phoenix Mercury,74,2.0,-2.0,1,0,560,1613,L,W,L vs. Los Angeles Sparks 74-76,W @ Phoenix Mercury 76-74
2004,2004-06-18,Seattle Storm,69,Houston Comets,63,6.0,-6.0,1,0,560,1614,L,W,L vs. Seattle Storm 63-69,W @ Houston Comets 69-63
2004,2004-06-18,Charlotte Sting,63,Connecticut Sun,58,5.0,-5.0,1,0,560,1615,L,W,L vs. Charlotte Sting 58-63,W @ Connecticut Sun 63-58
2004,2004-06-19,Houston Comets,58,Minnesota Lynx,66,-8.0,8.0,0,1,561,1616,W,L,W vs. Houston Comets 66-58,L @ Minnesota Lynx 58-66
2004,2004-06-19,Seattle Storm,74,San Antonio Silver Stars,61,13.0,-13.0,1,0,561,1617,L,W,L vs. Seattle Storm 61-74,W @ San Antonio Silver Stars 74-61
2004,2004-06-19,Detroit Shock,84,Sacramento Monarchs,74,10.0,-10.0,1,0,561,1618,L,W,L vs. Detroit Shock 74-84,W @ Sacramento Monarchs 84-74
2004,2004-06-19,New York Liberty,65,Indiana Fever,70,-5.0,5.0,0,1,561,1619,W,L,W vs. New York Liberty 70-65,L @ Indiana Fever 65-70
2004,2004-06-20,Washington Mystics,65,Connecticut Sun,75,-10.0,10.0,0,1,562,1620,W,L,W vs. Washington Mystics 75-65,L @ Connecticut Sun 65-75
2004,2004-06-20,Los Angeles Sparks,63,Charlotte Sting,68,-5.0,5.0,0,1,562,1621,W,L,W vs. Los Angeles Sparks 68-63,L @ Charlotte Sting 63-68
2004,2004-06-22,Los Angeles Sparks,65,New York Liberty,49,16.0,-16.0,1,0,563,1622,L,W,L vs. Los Angeles Sparks 49-65,W @ New York Liberty 65-49
2004,2004-06-22,Connecticut Sun,63,Indiana Fever,58,5.0,-5.0,1,0,563,1623,L,W,L vs. Connecticut Sun 58-63,W @ Indiana Fever 63-58
2004,2004-06-22,Minnesota Lynx,46,Phoenix Mercury,69,-23.0,23.0,0,1,563,1624,W,L,W vs. Minnesota Lynx 69-46,L @ Phoenix Mercury 46-69
2004,2004-06-22,Houston Comets,63,Seattle Storm,57,6.0,-6.0,1,0,563,1625,L,W,L vs. Houston Comets 57-63,W @ Seattle Storm 63-57
2004,2004-06-22,Washington Mystics,78,Detroit Shock,72,6.0,-6.0,1,0,563,1626,L,W,L vs. Washington Mystics 72-78,W @ Detroit Shock 78-72
2004,2004-06-23,Detroit Shock,65,Charlotte Sting,60,5.0,-5.0,1,0,564,1627,L,W,L vs. Detroit Shock 60-65,W @ Charlotte Sting 65-60
2004,2004-06-24,Minnesota Lynx,57,San Antonio Silver Stars,70,-13.0,13.0,0,1,565,1628,W,L,W vs. Minnesota Lynx 70-57,L @ San Antonio Silver Stars 57-70
2004,2004-06-24,New York Liberty,60,Phoenix Mercury,72,-12.0,12.0,0,1,565,1629,W,L,W vs. New York Liberty 72-60,L @ Phoenix Mercury 60-72
2004,2004-06-25,Detroit Shock,67,Connecticut Sun,71,-4.0,4.0,0,1,566,1630,W,L,W vs. Detroit Shock 71-67,L @ Connecticut Sun 67-71
2004,2004-06-25,Los Angeles Sparks,67,Indiana Fever,71,-4.0,4.0,0,1,566,1631,W,L,W vs. Los Angeles Sparks 71-67,L @ Indiana Fever 67-71
2004,2004-06-25,Houston Comets,55,Sacramento Monarchs,61,-6.0,6.0,0,1,566,1632,W,L,W vs. Houston Comets 61-55,L @ Sacramento Monarchs 55-61
2004,2004-06-26,San Antonio Silver Stars,80,Phoenix Mercury,72,8.0,-8.0,1,0,567,1633,L,W,L vs. San Antonio Silver Stars 72-80,W @ Phoenix Mercury 80-72
2004,2004-06-26,New York Liberty,67,Seattle Storm,62,5.0,-5.0,1,0,567,1634,L,W,L vs. New York Liberty 62-67,W @ Seattle Storm 67-62
2004,2004-06-26,Indiana Fever,37,Charlotte Sting,46,-9.0,9.0,0,1,567,1635,W,L,W vs. Indiana Fever 46-37,L @ Charlotte Sting 37-46
2004,2004-06-27,Connecticut Sun,74,Detroit Shock,72,2.0,-2.0,1,0,568,1636,L,W,L vs. Connecticut Sun 72-74,W @ Detroit Shock 74-72
2004,2004-06-27,Washington Mystics,67,Houston Comets,72,-5.0,5.0,0,1,568,1637,W,L,W vs. Washington Mystics 72-67,L @ Houston Comets 67-72
2004,2004-06-27,Phoenix Mercury,57,Sacramento Monarchs,63,-6.0,6.0,0,1,568,1638,W,L,W vs. Phoenix Mercury 63-57,L @ Sacramento Monarchs 57-63
2004,2004-06-27,Los Angeles Sparks,83,Minnesota Lynx,67,16.0,-16.0,1,0,568,1639,L,W,L vs. Los Angeles Sparks 67-83,W @ Minnesota Lynx 83-67
2004,2004-06-29,Indiana Fever,69,Detroit Shock,68,1.0,-1.0,1,0,569,1640,L,W,L vs. Indiana Fever 68-69,W @ Detroit Shock 69-68
2004,2004-06-29,Phoenix Mercury,77,San Antonio Silver Stars,65,12.0,-12.0,1,0,569,1641,L,W,L vs. Phoenix Mercury 65-77,W @ San Antonio Silver Stars 77-65
2004,2004-06-29,New York Liberty,65,Los Angeles Sparks,69,-4.0,4.0,0,1,569,1642,W,L,W vs. New York Liberty 69-65,L @ Los Angeles Sparks 65-69
2004,2004-06-30,Washington Mystics,69,Connecticut Sun,78,-9.0,9.0,0,1,570,1643,W,L,W vs. Washington Mystics 78-69,L @ Connecticut Sun 69-78
2004,2004-06-30,Houston Comets,50,Minnesota Lynx,58,-8.0,8.0,0,1,570,1644,W,L,W vs. Houston Comets 58-50,L @ Minnesota Lynx 50-58
2004,2004-07-01,San Antonio Silver Stars,52,Seattle Storm,76,-24.0,24.0,0,1,571,1645,W,L,W vs. San Antonio Silver Stars 76-52,L @ Seattle Storm 52-76
2004,2004-07-01,Phoenix Mercury,71,Charlotte Sting,59,12.0,-12.0,1,0,571,1646,L,W,L vs. Phoenix Mercury 59-71,W @ Charlotte Sting 71-59
2004,2004-07-01,Indiana Fever,64,Washington Mystics,69,-5.0,5.0,0,1,571,1647,W,L,W vs. Indiana Fever 69-64,L @ Washington Mystics 64-69
2004,2004-07-01,New York Liberty,47,Sacramento Monarchs,73,-26.0,26.0,0,1,571,1648,W,L,W vs. New York Liberty 73-47,L @ Sacramento Monarchs 47-73
2004,2004-07-02,San Antonio Silver Stars,80,Los Angeles Sparks,87,-7.0,7.0,0,1,572,1649,W,L,W vs. San Antonio Silver Stars 87-80,L @ Los Angeles Sparks 80-87
2004,2004-07-03,Detroit Shock,70,Minnesota Lynx,78,-8.0,8.0,0,1,573,1650,W,L,W vs. Detroit Shock 78-70,L @ Minnesota Lynx 70-78
2004,2004-07-03,Phoenix Mercury,60,Indiana Fever,61,-1.0,1.0,0,1,573,1651,W,L,W vs. Phoenix Mercury 61-60,L @ Indiana Fever 60-61
2004,2004-07-03,Charlotte Sting,62,Houston Comets,55,7.0,-7.0,1,0,573,1652,L,W,L vs. Charlotte Sting 55-62,W @ Houston Comets 62-55
2004,2004-07-03,Sacramento Monarchs,61,Seattle Storm,75,-14.0,14.0,0,1,573,1653,W,L,W vs. Sacramento Monarchs 75-61,L @ Seattle Storm 61-75
2004,2004-07-06,Houston Comets,63,Detroit Shock,82,-19.0,19.0,0,1,574,1654,W,L,W vs. Houston Comets 82-63,L @ Detroit Shock 63-82
2004,2004-07-06,Indiana Fever,77,Connecticut Sun,79,-2.0,2.0,0,1,574,1655,W,L,W vs. Indiana Fever 79-77,L @ Connecticut Sun 77-79
2004,2004-07-06,Sacramento Monarchs,66,New York Liberty,73,-7.0,7.0,0,1,574,1656,W,L,W vs. Sacramento Monarchs 73-66,L @ New York Liberty 66-73
2004,2004-07-07,Phoenix Mercury,71,Los Angeles Sparks,73,-2.0,2.0,0,1,575,1657,W,L,W vs. Phoenix Mercury 73-71,L @ Los Angeles Sparks 71-73
2004,2004-07-07,Seattle Storm,69,Washington Mystics,72,-3.0,3.0,0,1,575,1658,W,L,W vs. Seattle Storm 72-69,L @ Washington Mystics 69-72
2004,2004-07-08,Seattle Storm,67,Charlotte Sting,70,-3.0,3.0,0,1,576,1659,W,L,W vs. Seattle Storm 70-67,L @ Charlotte Sting 67-70
2004,2004-07-08,Washington Mystics,71,New York Liberty,54,17.0,-17.0,1,0,576,1660,L,W,L vs. Washington Mystics 54-71,W @ New York Liberty 71-54
2004,2004-07-08,Minnesota Lynx,56,Indiana Fever,58,-2.0,2.0,0,1,576,1661,W,L,W vs. Minnesota Lynx 58-56,L @ Indiana Fever 56-58
2004,2004-07-09,Phoenix Mercury,59,Minnesota Lynx,61,-2.0,2.0,0,1,577,1662,W,L,W vs. Phoenix Mercury 61-59,L @ Minnesota Lynx 59-61
2004,2004-07-09,Los Angeles Sparks,66,San Antonio Silver Stars,61,5.0,-5.0,1,0,577,1663,L,W,L vs. Los Angeles Sparks 61-66,W @ San Antonio Silver Stars 66-61
2004,2004-07-09,Sacramento Monarchs,85,Connecticut Sun,70,15.0,-15.0,1,0,577,1664,L,W,L vs. Sacramento Monarchs 70-85,W @ Connecticut Sun 85-70
2004,2004-07-10,Los Angeles Sparks,59,Houston Comets,56,3.0,-3.0,1,0,578,1665,L,W,L vs. Los Angeles Sparks 56-59,W @ Houston Comets 59-56
2004,2004-07-10,Seattle Storm,65,Detroit Shock,70,-5.0,5.0,0,1,578,1666,W,L,W vs. Seattle Storm 70-65,L @ Detroit Shock 65-70
2004,2004-07-10,Washington Mystics,65,Charlotte Sting,67,-2.0,2.0,0,1,578,1667,W,L,W vs. Washington Mystics 67-65,L @ Charlotte Sting 65-67
2004,2004-07-11,Connecticut Sun,65,Indiana Fever,61,4.0,-4.0,1,0,579,1668,L,W,L vs. Connecticut Sun 61-65,W @ Indiana Fever 65-61
2004,2004-07-11,Phoenix Mercury,69,New York Liberty,77,-8.0,8.0,0,1,579,1669,W,L,W vs. Phoenix Mercury 77-69,L @ New York Liberty 69-77
2004,2004-07-11,Sacramento Monarchs,73,Minnesota Lynx,83,-10.0,10.0,0,1,579,1670,W,L,W vs. Sacramento Monarchs 83-73,L @ Minnesota Lynx 73-83
2004,2004-07-12,San Antonio Silver Stars,59,Seattle Storm,75,-16.0,16.0,0,1,580,1671,W,L,W vs. San Antonio Silver Stars 75-59,L @ Seattle Storm 59-75
2004,2004-07-12,Sacramento Monarchs,67,Detroit Shock,51,16.0,-16.0,1,0,580,1672,L,W,L vs. Sacramento Monarchs 51-67,W @ Detroit Shock 67-51
2004,2004-07-14,Houston Comets,62,Indiana Fever,70,-8.0,8.0,0,1,581,1673,W,L,W vs. Houston Comets 70-62,L @ Indiana Fever 62-70
2004,2004-07-14,Connecticut Sun,63,Minnesota Lynx,66,-3.0,3.0,0,1,581,1674,W,L,W vs. Connecticut Sun 66-63,L @ Minnesota Lynx 63-66
2004,2004-07-15,Minnesota Lynx,69,New York Liberty,66,3.0,-3.0,1,0,582,1675,L,W,L vs. Minnesota Lynx 66-69,W @ New York Liberty 69-66
2004,2004-07-15,Detroit Shock,61,Houston Comets,97,-36.0,36.0,0,1,582,1676,W,L,W vs. Detroit Shock 97-61,L @ Houston Comets 61-97
2004,2004-07-15,Charlotte Sting,54,Washington Mystics,68,-14.0,14.0,0,1,582,1677,W,L,W vs. Charlotte Sting 68-54,L @ Washington Mystics 54-68
2004,2004-07-15,Connecticut Sun,67,San Antonio Silver Stars,78,-11.0,11.0,0,1,582,1678,W,L,W vs. Connecticut Sun 78-67,L @ San Antonio Silver Stars 67-78
2004,2004-07-15,Seattle Storm,66,Sacramento Monarchs,63,3.0,-3.0,1,0,582,1679,L,W,L vs. Seattle Storm 63-66,W @ Sacramento Monarchs 66-63
2004,2004-07-16,Detroit Shock,73,Indiana Fever,85,-12.0,12.0,0,1,583,1680,W,L,W vs. Detroit Shock 85-73,L @ Indiana Fever 73-85
2004,2004-07-17,Washington Mystics,83,Seattle Storm,85,-2.0,2.0,0,1,584,1681,W,L,W vs. Washington Mystics 85-83,L @ Seattle Storm 83-85
2004,2004-07-17,Connecticut Sun,56,Houston Comets,72,-16.0,16.0,0,1,584,1682,W,L,W vs. Connecticut Sun 72-56,L @ Houston Comets 56-72
2004,2004-07-17,Sacramento Monarchs,79,Los Angeles Sparks,70,9.0,-9.0,1,0,584,1683,L,W,L vs. Sacramento Monarchs 70-79,W @ Los Angeles Sparks 79-70
2004,2004-07-18,Charlotte Sting,58,New York Liberty,75,-17.0,17.0,0,1,585,1684,W,L,W vs. Charlotte Sting 75-58,L @ New York Liberty 58-75
2004,2004-07-18,San Antonio Silver Stars,71,Detroit Shock,77,-6.0,6.0,0,1,585,1685,W,L,W vs. San Antonio Silver Stars 77-71,L @ Detroit Shock 71-77
2004,2004-07-18,Washington Mystics,71,Sacramento Monarchs,81,-10.0,10.0,0,1,585,1686,W,L,W vs. Washington Mystics 81-71,L @ Sacramento Monarchs 71-81
2004,2004-07-18,Minnesota Lynx,63,Phoenix Mercury,60,3.0,-3.0,1,0,585,1687,L,W,L vs. Minnesota Lynx 60-63,W @ Phoenix Mercury 63-60
2004,2004-07-19,Indiana Fever,51,Los Angeles Sparks,82,-31.0,31.0,0,1,586,1688,W,L,W vs. Indiana Fever 82-51,L @ Los Angeles Sparks 51-82
2004,2004-07-20,New York Liberty,80,Charlotte Sting,74,6.0,-6.0,1,0,587,1689,L,W,L vs. New York Liberty 74-80,W @ Charlotte Sting 80-74
2004,2004-07-21,Connecticut Sun,78,Detroit Shock,68,10.0,-10.0,1,0,588,1690,L,W,L vs. Connecticut Sun 68-78,W @ Detroit Shock 78-68
2004,2004-07-21,San Antonio Silver Stars,55,Phoenix Mercury,87,-32.0,32.0,0,1,588,1691,W,L,W vs. San Antonio Silver Stars 87-55,L @ Phoenix Mercury 55-87
2004,2004-07-21,Washington Mystics,76,Los Angeles Sparks,96,-20.0,20.0,0,1,588,1692,W,L,W vs. Washington Mystics 96-76,L @ Los Angeles Sparks 76-96
2004,2004-07-22,Phoenix Mercury,71,Sacramento Monarchs,69,2.0,-2.0,1,0,589,1693,L,W,L vs. Phoenix Mercury 69-71,W @ Sacramento Monarchs 71-69
2004,2004-07-22,Indiana Fever,54,Seattle Storm,59,-5.0,5.0,0,1,589,1694,W,L,W vs. Indiana Fever 59-54,L @ Seattle Storm 54-59
2004,2004-07-22,Minnesota Lynx,68,Connecticut Sun,52,16.0,-16.0,1,0,589,1695,L,W,L vs. Minnesota Lynx 52-68,W @ Connecticut Sun 68-52
2004,2004-07-23,Minnesota Lynx,61,Washington Mystics,65,-4.0,4.0,0,1,590,1696,W,L,W vs. Minnesota Lynx 65-61,L @ Washington Mystics 61-65
2004,2004-07-23,Houston Comets,67,Los Angeles Sparks,70,-3.0,3.0,0,1,590,1697,W,L,W vs. Houston Comets 70-67,L @ Los Angeles Sparks 67-70
2004,2004-07-23,Charlotte Sting,53,Detroit Shock,63,-10.0,10.0,0,1,590,1698,W,L,W vs. Charlotte Sting 63-53,L @ Detroit Shock 53-63
2004,2004-07-24,Houston Comets,63,Seattle Storm,67,-4.0,4.0,0,1,591,1699,W,L,W vs. Houston Comets 67-63,L @ Seattle Storm 63-67
2004,2004-07-24,San Antonio Silver Stars,55,Connecticut Sun,69,-14.0,14.0,0,1,591,1700,W,L,W vs. San Antonio Silver Stars 69-55,L @ Connecticut Sun 55-69
2004,2004-07-24,Indiana Fever,56,Phoenix Mercury,71,-15.0,15.0,0,1,591,1701,W,L,W vs. Indiana Fever 71-56,L @ Phoenix Mercury 56-71
2004,2004-07-24,Detroit Shock,69,New York Liberty,78,-9.0,9.0,0,1,591,1702,W,L,W vs. Detroit Shock 78-69,L @ New York Liberty 69-78
2004,2004-07-24,Washington Mystics,41,Charlotte Sting,70,-29.0,29.0,0,1,591,1703,W,L,W vs. Washington Mystics 70-41,L @ Charlotte Sting 41-70
2004,2004-07-25,Indiana Fever,62,Sacramento Monarchs,71,-9.0,9.0,0,1,592,1704,W,L,W vs. Indiana Fever 71-62,L @ Sacramento Monarchs 62-71
2004,2004-07-27,Seattle Storm,55,Houston Comets,80,-25.0,25.0,0,1,593,1705,W,L,W vs. Seattle Storm 80-55,L @ Houston Comets 55-80
2004,2004-07-28,San Antonio Silver Stars,53,Minnesota Lynx,66,-13.0,13.0,0,1,594,1706,W,L,W vs. San Antonio Silver Stars 66-53,L @ Minnesota Lynx 53-66
2004,2004-07-28,Charlotte Sting,63,Indiana Fever,53,10.0,-10.0,1,0,594,1707,L,W,L vs. Charlotte Sting 53-63,W @ Indiana Fever 63-53
2004,2004-07-28,Detroit Shock,73,Washington Mystics,65,8.0,-8.0,1,0,594,1708,L,W,L vs. Detroit Shock 65-73,W @ Washington Mystics 73-65
2004,2004-07-29,Los Angeles Sparks,85,Sacramento Monarchs,80,5.0,-5.0,1,0,595,1709,L,W,L vs. Los Angeles Sparks 80-85,W @ Sacramento Monarchs 85-80
2004,2004-07-30,Seattle Storm,70,Minnesota Lynx,55,15.0,-15.0,1,0,596,1710,L,W,L vs. Seattle Storm 55-70,W @ Minnesota Lynx 70-55
2004,2004-07-30,New York Liberty,79,Detroit Shock,88,-9.0,9.0,0,1,596,1711,W,L,W vs. New York Liberty 88-79,L @ Detroit Shock 79-88
2004,2004-07-30,Connecticut Sun,68,Washington Mystics,69,-1.0,1.0,0,1,596,1712,W,L,W vs. Connecticut Sun 69-68,L @ Washington Mystics 68-69
2004,2004-07-30,Phoenix Mercury,68,San Antonio Silver Stars,59,9.0,-9.0,1,0,596,1713,L,W,L vs. Phoenix Mercury 59-68,W @ San Antonio Silver Stars 68-59
2004,2004-07-31,Indiana Fever,54,Houston Comets,62,-8.0,8.0,0,1,597,1714,W,L,W vs. Indiana Fever 62-54,L @ Houston Comets 54-62
2004,2004-07-31,Charlotte Sting,61,Sacramento Monarchs,62,-1.0,1.0,0,1,597,1715,W,L,W vs. Charlotte Sting 62-61,L @ Sacramento Monarchs 61-62
2004,2004-07-31,Connecticut Sun,66,New York Liberty,80,-14.0,14.0,0,1,597,1716,W,L,W vs. Connecticut Sun 80-66,L @ New York Liberty 66-80
2004,2004-07-31,Los Angeles Sparks,79,San Antonio Silver Stars,67,12.0,-12.0,1,0,597,1717,L,W,L vs. Los Angeles Sparks 67-79,W @ San Antonio Silver Stars 79-67
2004,2004-08-01,Phoenix Mercury,62,Washington Mystics,82,-20.0,20.0,0,1,598,1718,W,L,W vs. Phoenix Mercury 82-62,L @ Washington Mystics 62-82
2004,2004-08-01,Minnesota Lynx,59,Detroit Shock,58,1.0,-1.0,1,0,598,1719,L,W,L vs. Minnesota Lynx 58-59,W @ Detroit Shock 59-58
2004,2004-08-01,Charlotte Sting,55,Seattle Storm,87,-32.0,32.0,0,1,598,1720,W,L,W vs. Charlotte Sting 87-55,L @ Seattle Storm 55-87
2004,2004-09-01,Phoenix Mercury,63,Detroit Shock,58,5.0,-5.0,1,0,599,1721,L,W,L vs. Phoenix Mercury 58-63,W @ Detroit Shock 63-58
2004,2004-09-01,Minnesota Lynx,72,Houston Comets,64,8.0,-8.0,1,0,599,1722,L,W,L vs. Minnesota Lynx 64-72,W @ Houston Comets 72-64
2004,2004-09-01,San Antonio Silver Stars,69,Los Angeles Sparks,77,-8.0,8.0,0,1,599,1723,W,L,W vs. San Antonio Silver Stars 77-69,L @ Los Angeles Sparks 69-77
2004,2004-09-01,Sacramento Monarchs,73,Seattle Storm,65,8.0,-8.0,1,0,599,1724,L,W,L vs. Sacramento Monarchs 65-73,W @ Seattle Storm 73-65
2004,2004-09-01,Indiana Fever,75,Washington Mystics,58,17.0,-17.0,1,0,599,1725,L,W,L vs. Indiana Fever 58-75,W @ Washington Mystics 75-58
2004,2004-09-01,Connecticut Sun,55,Charlotte Sting,62,-7.0,7.0,0,1,599,1726,W,L,W vs. Connecticut Sun 62-55,L @ Charlotte Sting 55-62
2004,2004-09-02,Charlotte Sting,52,New York Liberty,56,-4.0,4.0,0,1,600,1727,W,L,W vs. Charlotte Sting 56-52,L @ New York Liberty 52-56
2004,2004-09-02,San Antonio Silver Stars,64,Sacramento Monarchs,66,-2.0,2.0,0,1,600,1728,W,L,W vs. San Antonio Silver Stars 66-64,L @ Sacramento Monarchs 64-66
2004,2004-09-03,New York Liberty,43,Connecticut Sun,61,-18.0,18.0,0,1,601,1729,W,L,W vs. New York Liberty 61-43,L @ Connecticut Sun 43-61
2004,2004-09-03,Seattle Storm,81,Los Angeles Sparks,82,-1.0,1.0,0,1,601,1730,W,L,W vs. Seattle Storm 82-81,L @ Los Angeles Sparks 81-82
2004,2004-09-03,Indiana Fever,69,Minnesota Lynx,61,8.0,-8.0,1,0,601,1731,L,W,L vs. Indiana Fever 61-69,W @ Minnesota Lynx 69-61
2004,2004-09-03,Phoenix Mercury,70,Houston Comets,60,10.0,-10.0,1,0,601,1732,L,W,L vs. Phoenix Mercury 60-70,W @ Houston Comets 70-60
2004,2004-09-04,Sacramento Monarchs,80,San Antonio Silver Stars,70,10.0,-10.0,1,0,602,1733,L,W,L vs. Sacramento Monarchs 70-80,W @ San Antonio Silver Stars 80-70
2004,2004-09-04,Washington Mystics,42,Indiana Fever,69,-27.0,27.0,0,1,602,1734,W,L,W vs. Washington Mystics 69-42,L @ Indiana Fever 42-69
2004,2004-09-04,Detroit Shock,66,Charlotte Sting,58,8.0,-8.0,1,0,602,1735,L,W,L vs. Detroit Shock 58-66,W @ Charlotte Sting 66-58
2004,2004-09-04,Seattle Storm,55,Phoenix Mercury,63,-8.0,8.0,0,1,602,1736,W,L,W vs. Seattle Storm 63-55,L @ Phoenix Mercury 55-63
2004,2004-09-07,Sacramento Monarchs,63,Washington Mystics,67,-4.0,4.0,0,1,603,1737,W,L,W vs. Sacramento Monarchs 67-63,L @ Washington Mystics 63-67
2004,2004-09-08,Detroit Shock,67,Seattle Storm,86,-19.0,19.0,0,1,604,1738,W,L,W vs. Detroit Shock 86-67,L @ Seattle Storm 67-86
2004,2004-09-08,Charlotte Sting,72,Minnesota Lynx,68,4.0,-4.0,1,0,604,1739,L,W,L vs. Charlotte Sting 68-72,W @ Minnesota Lynx 72-68
2004,2004-09-08,Los Angeles Sparks,58,Phoenix Mercury,72,-14.0,14.0,0,1,604,1740,W,L,W vs. Los Angeles Sparks 72-58,L @ Phoenix Mercury 58-72
2004,2004-09-09,Houston Comets,72,San Antonio Silver Stars,77,-5.0,5.0,0,1,605,1741,W,L,W vs. Houston Comets 77-72,L @ San Antonio Silver Stars 72-77
2004,2004-09-09,Sacramento Monarchs,69,Charlotte Sting,74,-5.0,5.0,0,1,605,1742,W,L,W vs. Sacramento Monarchs 74-69,L @ Charlotte Sting 69-74
2004,2004-09-09,New York Liberty,59,Washington Mystics,71,-12.0,12.0,0,1,605,1743,W,L,W vs. New York Liberty 71-59,L @ Washington Mystics 59-71
2004,2004-09-09,Detroit Shock,63,Los Angeles Sparks,81,-18.0,18.0,0,1,605,1744,W,L,W vs. Detroit Shock 81-63,L @ Los Angeles Sparks 63-81
2004,2004-09-10,Seattle Storm,61,Minnesota Lynx,64,-3.0,3.0,0,1,606,1745,W,L,W vs. Seattle Storm 64-61,L @ Minnesota Lynx 61-64
2004,2004-09-10,Connecticut Sun,77,New York Liberty,66,11.0,-11.0,1,0,606,1746,L,W,L vs. Connecticut Sun 66-77,W @ New York Liberty 77-66
2004,2004-09-10,San Antonio Silver Stars,82,Indiana Fever,65,17.0,-17.0,1,0,606,1747,L,W,L vs. San Antonio Silver Stars 65-82,W @ Indiana Fever 82-65
2004,2004-09-11,Minnesota Lynx,50,Charlotte Sting,60,-10.0,10.0,0,1,607,1748,W,L,W vs. Minnesota Lynx 60-50,L @ Charlotte Sting 50-60
2004,2004-09-11,Detroit Shock,80,Phoenix Mercury,72,8.0,-8.0,1,0,607,1749,L,W,L vs. Detroit Shock 72-80,W @ Phoenix Mercury 80-72
2004,2004-09-12,Houston Comets,63,Washington Mystics,75,-12.0,12.0,0,1,608,1750,W,L,W vs. Houston Comets 75-63,L @ Washington Mystics 63-75
2004,2004-09-12,Seattle Storm,64,Connecticut Sun,71,-7.0,7.0,0,1,608,1751,W,L,W vs. Seattle Storm 71-64,L @ Connecticut Sun 64-71
2004,2004-09-12,Sacramento Monarchs,52,Los Angeles Sparks,65,-13.0,13.0,0,1,608,1752,W,L,W vs. Sacramento Monarchs 65-52,L @ Los Angeles Sparks 52-65
2004,2004-09-12,San Antonio Silver Stars,62,New York Liberty,64,-2.0,2.0,0,1,608,1753,W,L,W vs. San Antonio Silver Stars 64-62,L @ New York Liberty 62-64
2004,2004-09-13,Seattle Storm,76,Indiana Fever,70,6.0,-6.0,1,0,609,1754,L,W,L vs. Seattle Storm 70-76,W @ Indiana Fever 76-70
2004,2004-09-14,New York Liberty,71,Detroit Shock,82,-11.0,11.0,0,1,610,1755,W,L,W vs. New York Liberty 82-71,L @ Detroit Shock 71-82
2004,2004-09-14,Minnesota Lynx,59,Houston Comets,70,-11.0,11.0,0,1,610,1756,W,L,W vs. Minnesota Lynx 70-59,L @ Houston Comets 59-70
2004,2004-09-14,Phoenix Mercury,60,Los Angeles Sparks,73,-13.0,13.0,0,1,610,1757,W,L,W vs. Phoenix Mercury 73-60,L @ Los Angeles Sparks 60-73
2004,2004-09-15,Washington Mystics,84,San Antonio Silver Stars,73,11.0,-11.0,1,0,611,1758,L,W,L vs. Washington Mystics 73-84,W @ San Antonio Silver Stars 84-73
2004,2004-09-15,Phoenix Mercury,58,Seattle Storm,73,-15.0,15.0,0,1,611,1759,W,L,W vs. Phoenix Mercury 73-58,L @ Seattle Storm 58-73
2004,2004-09-15,Connecticut Sun,81,Charlotte Sting,67,14.0,-14.0,1,0,611,1760,L,W,L vs. Connecticut Sun 67-81,W @ Charlotte Sting 81-67
2004,2004-09-16,Sacramento Monarchs,71,Houston Comets,62,9.0,-9.0,1,0,612,1761,L,W,L vs. Sacramento Monarchs 62-71,W @ Houston Comets 71-62
2004,2004-09-16,Indiana Fever,71,New York Liberty,77,-6.0,6.0,0,1,612,1762,W,L,W vs. Indiana Fever 77-71,L @ New York Liberty 71-77
2004,2004-09-17,Minnesota Lynx,78,Los Angeles Sparks,66,12.0,-12.0,1,0,613,1763,L,W,L vs. Minnesota Lynx 66-78,W @ Los Angeles Sparks 78-66
2004,2004-09-17,Washington Mystics,74,Phoenix Mercury,67,7.0,-7.0,1,0,613,1764,L,W,L vs. Washington Mystics 67-74,W @ Phoenix Mercury 74-67
2004,2004-09-17,Charlotte Sting,65,San Antonio Silver Stars,82,-17.0,17.0,0,1,613,1765,W,L,W vs. Charlotte Sting 82-65,L @ San Antonio Silver Stars 65-82
2004,2004-09-17,New York Liberty,69,Connecticut Sun,66,3.0,-3.0,1,0,613,1766,L,W,L vs. New York Liberty 66-69,W @ Connecticut Sun 69-66
2004,2004-09-18,Los Angeles Sparks,83,Seattle Storm,80,3.0,-3.0,1,0,614,1767,L,W,L vs. Los Angeles Sparks 80-83,W @ Seattle Storm 83-80
2004,2004-09-18,Houston Comets,48,Sacramento Monarchs,68,-20.0,20.0,0,1,614,1768,W,L,W vs. Houston Comets 68-48,L @ Sacramento Monarchs 48-68
2004,2004-09-19,Charlotte Sting,54,Detroit Shock,68,-14.0,14.0,0,1,615,1769,W,L,W vs. Charlotte Sting 68-54,L @ Detroit Shock 54-68
2004,2004-09-19,Houston Comets,64,Phoenix Mercury,78,-14.0,14.0,0,1,615,1770,W,L,W vs. Houston Comets 78-64,L @ Phoenix Mercury 64-78
2004,2004-09-19,Washington Mystics,75,New York Liberty,79,-4.0,4.0,0,1,615,1771,W,L,W vs. Washington Mystics 79-75,L @ New York Liberty 75-79
2004,2004-09-19,Minnesota Lynx,63,Sacramento Monarchs,72,-9.0,9.0,0,1,615,1772,W,L,W vs. Minnesota Lynx 72-63,L @ Sacramento Monarchs 63-72
2004,2004-09-19,Indiana Fever,60,Connecticut Sun,80,-20.0,20.0,0,1,615,1773,W,L,W vs. Indiana Fever 80-60,L @ Connecticut Sun 60-80
2004,2004-09-24,New York Liberty,75,Detroit Shock,62,13.0,-13.0,1,0,616,1774,L,W,L vs. New York Liberty 62-75,W @ Detroit Shock 75-62
2004,2004-09-24,Los Angeles Sparks,52,Sacramento Monarchs,72,-20.0,20.0,0,1,616,1775,W,L,W vs. Los Angeles Sparks 72-52,L @ Sacramento Monarchs 52-72
2004,2004-09-25,Seattle Storm,70,Minnesota Lynx,58,12.0,-12.0,1,0,617,1776,L,W,L vs. Seattle Storm 58-70,W @ Minnesota Lynx 70-58
2004,2004-09-25,Connecticut Sun,59,Washington Mystics,67,-8.0,8.0,0,1,617,1777,W,L,W vs. Connecticut Sun 67-59,L @ Washington Mystics 59-67
2004,2004-09-26,Sacramento Monarchs,57,Los Angeles Sparks,71,-14.0,14.0,0,1,618,1778,W,L,W vs. Sacramento Monarchs 71-57,L @ Los Angeles Sparks 57-71
2004,2004-09-26,Detroit Shock,76,New York Liberty,66,10.0,-10.0,1,0,618,1779,L,W,L vs. Detroit Shock 66-76,W @ New York Liberty 76-66
2004,2004-09-27,Washington Mystics,70,Connecticut Sun,80,-10.0,10.0,0,1,619,1780,W,L,W vs. Washington Mystics 80-70,L @ Connecticut Sun 70-80
2004,2004-09-27,Minnesota Lynx,54,Seattle Storm,64,-10.0,10.0,0,1,619,1781,W,L,W vs. Minnesota Lynx 64-54,L @ Seattle Storm 54-64
2004,2004-09-28,Detroit Shock,64,New York Liberty,66,-2.0,2.0,0,1,620,1782,W,L,W vs. Detroit Shock 66-64,L @ New York Liberty 64-66
2004,2004-09-28,Sacramento Monarchs,73,Los Angeles Sparks,58,15.0,-15.0,1,0,620,1783,L,W,L vs. Sacramento Monarchs 58-73,W @ Los Angeles Sparks 73-58
2004,2004-09-29,Washington Mystics,56,Connecticut Sun,76,-20.0,20.0,0,1,621,1784,W,L,W vs. Washington Mystics 76-56,L @ Connecticut Sun 56-76
2004,2004-10-01,Seattle Storm,72,Sacramento Monarchs,74,-2.0,2.0,0,1,622,1785,W,L,W vs. Seattle Storm 74-72,L @ Sacramento Monarchs 72-74
2004,2004-10-01,Connecticut Sun,61,New York Liberty,51,10.0,-10.0,1,0,622,1786,L,W,L vs. Connecticut Sun 51-61,W @ New York Liberty 61-51
2004,2004-10-03,Sacramento Monarchs,54,Seattle Storm,66,-12.0,12.0,0,1,623,1787,W,L,W vs. Sacramento Monarchs 66-54,L @ Seattle Storm 54-66
2004,2004-10-03,New York Liberty,57,Connecticut Sun,60,-3.0,3.0,0,1,623,1788,W,L,W vs. New York Liberty 60-57,L @ Connecticut Sun 57-60
2004,2004-10-05,Sacramento Monarchs,62,Seattle Storm,82,-20.0,20.0,0,1,624,1789,W,L,W vs. Sacramento Monarchs 82-62,L @ Seattle Storm 62-82
2004,2004-10-08,Seattle Storm,64,Connecticut Sun,68,-4.0,4.0,0,1,625,1790,W,L,W vs. Seattle Storm 68-64,L @ Connecticut Sun 64-68
2004,2004-10-10,Connecticut Sun,65,Seattle Storm,67,-2.0,2.0,0,1,626,1791,W,L,W vs. Connecticut Sun 67-65,L @ Seattle Storm 65-67
2004,2004-10-12,Connecticut Sun,60,Seattle Storm,74,-14.0,14.0,0,1,627,1792,W,L,W vs. Connecticut Sun 74-60,L @ Seattle Storm 60-74
2005,2005-05-21,Sacramento Monarchs,77,Phoenix Mercury,72,5.0,-5.0,1,0,628,1793,L,W,L vs. Sacramento Monarchs 72-77,W @ Phoenix Mercury 77-72
2005,2005-05-21,Washington Mystics,60,Charlotte Sting,42,18.0,-18.0,1,0,628,1794,L,W,L vs. Washington Mystics 42-60,W @ Charlotte Sting 60-42
2005,2005-05-21,Connecticut Sun,67,Detroit Shock,78,-11.0,11.0,0,1,628,1795,W,L,W vs. Connecticut Sun 78-67,L @ Detroit Shock 67-78
2005,2005-05-21,Los Angeles Sparks,68,Seattle Storm,50,18.0,-18.0,1,0,628,1796,L,W,L vs. Los Angeles Sparks 50-68,W @ Seattle Storm 68-50
2005,2005-05-21,Houston Comets,78,San Antonio Silver Stars,70,8.0,-8.0,1,0,628,1797,L,W,L vs. Houston Comets 70-78,W @ San Antonio Silver Stars 78-70
2005,2005-05-22,Detroit Shock,78,New York Liberty,71,7.0,-7.0,1,0,629,1798,L,W,L vs. Detroit Shock 71-78,W @ New York Liberty 78-71
2005,2005-05-22,Minnesota Lynx,65,Houston Comets,79,-14.0,14.0,0,1,629,1799,W,L,W vs. Minnesota Lynx 79-65,L @ Houston Comets 65-79
2005,2005-05-22,Connecticut Sun,69,Washington Mystics,67,2.0,-2.0,1,0,629,1800,L,W,L vs. Connecticut Sun 67-69,W @ Washington Mystics 69-67
2005,2005-05-22,Charlotte Sting,58,Indiana Fever,68,-10.0,10.0,0,1,629,1801,W,L,W vs. Charlotte Sting 68-58,L @ Indiana Fever 58-68
2005,2005-05-24,San Antonio Silver Stars,65,Detroit Shock,74,-9.0,9.0,0,1,630,1802,W,L,W vs. San Antonio Silver Stars 74-65,L @ Detroit Shock 65-74
2005,2005-05-24,Phoenix Mercury,76,Indiana Fever,83,-7.0,7.0,0,1,630,1803,W,L,W vs. Phoenix Mercury 83-76,L @ Indiana Fever 76-83
2005,2005-05-25,Los Angeles Sparks,65,Minnesota Lynx,68,-3.0,3.0,0,1,631,1804,W,L,W vs. Los Angeles Sparks 68-65,L @ Minnesota Lynx 65-68
2005,2005-05-26,Phoenix Mercury,68,Charlotte Sting,58,10.0,-10.0,1,0,632,1805,L,W,L vs. Phoenix Mercury 58-68,W @ Charlotte Sting 68-58
2005,2005-05-26,Indiana Fever,67,New York Liberty,59,8.0,-8.0,1,0,632,1806,L,W,L vs. Indiana Fever 59-67,W @ New York Liberty 67-59
2005,2005-05-26,Los Angeles Sparks,84,Washington Mystics,75,9.0,-9.0,1,0,632,1807,L,W,L vs. Los Angeles Sparks 75-84,W @ Washington Mystics 84-75
2005,2005-05-27,Houston Comets,69,Seattle Storm,79,-10.0,10.0,0,1,633,1808,W,L,W vs. Houston Comets 79-69,L @ Seattle Storm 69-79
2005,2005-05-27,Sacramento Monarchs,71,San Antonio Silver Stars,67,4.0,-4.0,1,0,633,1809,L,W,L vs. Sacramento Monarchs 67-71,W @ San Antonio Silver Stars 71-67
2005,2005-05-28,Phoenix Mercury,68,Connecticut Sun,85,-17.0,17.0,0,1,634,1810,W,L,W vs. Phoenix Mercury 85-68,L @ Connecticut Sun 68-85
2005,2005-05-28,Los Angeles Sparks,75,Charlotte Sting,84,-9.0,9.0,0,1,634,1811,W,L,W vs. Los Angeles Sparks 84-75,L @ Charlotte Sting 75-84
2005,2005-05-29,Sacramento Monarchs,67,Minnesota Lynx,66,1.0,-1.0,1,0,635,1812,L,W,L vs. Sacramento Monarchs 66-67,W @ Minnesota Lynx 67-66
2005,2005-05-29,Indiana Fever,78,Houston Comets,86,-8.0,8.0,0,1,635,1813,W,L,W vs. Indiana Fever 86-78,L @ Houston Comets 78-86
2005,2005-05-29,San Antonio Silver Stars,51,Seattle Storm,79,-28.0,28.0,0,1,635,1814,W,L,W vs. San Antonio Silver Stars 79-51,L @ Seattle Storm 51-79
2005,2005-05-31,San Antonio Silver Stars,70,Los Angeles Sparks,81,-11.0,11.0,0,1,636,1815,W,L,W vs. San Antonio Silver Stars 81-70,L @ Los Angeles Sparks 70-81
2005,2005-06-01,Sacramento Monarchs,60,Indiana Fever,61,-1.0,1.0,0,1,637,1816,W,L,W vs. Sacramento Monarchs 61-60,L @ Indiana Fever 60-61
2005,2005-06-01,New York Liberty,77,Washington Mystics,68,9.0,-9.0,1,0,637,1817,L,W,L vs. New York Liberty 68-77,W @ Washington Mystics 77-68
2005,2005-06-02,Charlotte Sting,62,San Antonio Silver Stars,69,-7.0,7.0,0,1,638,1818,W,L,W vs. Charlotte Sting 69-62,L @ San Antonio Silver Stars 62-69
2005,2005-06-02,Seattle Storm,78,Phoenix Mercury,67,11.0,-11.0,1,0,638,1819,L,W,L vs. Seattle Storm 67-78,W @ Phoenix Mercury 78-67
2005,2005-06-03,New York Liberty,66,Detroit Shock,68,-2.0,2.0,0,1,639,1820,W,L,W vs. New York Liberty 68-66,L @ Detroit Shock 66-68
2005,2005-06-03,Minnesota Lynx,71,Washington Mystics,74,-3.0,3.0,0,1,639,1821,W,L,W vs. Minnesota Lynx 74-71,L @ Washington Mystics 71-74
2005,2005-06-04,Phoenix Mercury,57,Houston Comets,59,-2.0,2.0,0,1,640,1822,W,L,W vs. Phoenix Mercury 59-57,L @ Houston Comets 57-59
2005,2005-06-04,Los Angeles Sparks,53,Sacramento Monarchs,81,-28.0,28.0,0,1,640,1823,W,L,W vs. Los Angeles Sparks 81-53,L @ Sacramento Monarchs 53-81
2005,2005-06-04,Charlotte Sting,67,Minnesota Lynx,73,-6.0,6.0,0,1,640,1824,W,L,W vs. Charlotte Sting 73-67,L @ Minnesota Lynx 67-73
2005,2005-06-04,San Antonio Silver Stars,69,Connecticut Sun,80,-11.0,11.0,0,1,640,1825,W,L,W vs. San Antonio Silver Stars 80-69,L @ Connecticut Sun 69-80
2005,2005-06-04,Indiana Fever,77,Seattle Storm,83,-6.0,6.0,0,1,640,1826,W,L,W vs. Indiana Fever 83-77,L @ Seattle Storm 77-83
2005,2005-06-05,Washington Mystics,58,New York Liberty,61,-3.0,3.0,0,1,641,1827,W,L,W vs. Washington Mystics 61-58,L @ New York Liberty 58-61
2005,2005-06-07,Washington Mystics,62,San Antonio Silver Stars,71,-9.0,9.0,0,1,642,1828,W,L,W vs. Washington Mystics 71-62,L @ San Antonio Silver Stars 62-71
2005,2005-06-07,Indiana Fever,51,Sacramento Monarchs,65,-14.0,14.0,0,1,642,1829,W,L,W vs. Indiana Fever 65-51,L @ Sacramento Monarchs 51-65
2005,2005-06-07,Seattle Storm,69,Connecticut Sun,81,-12.0,12.0,0,1,642,1830,W,L,W vs. Seattle Storm 81-69,L @ Connecticut Sun 69-81
2005,2005-06-07,Minnesota Lynx,62,Houston Comets,58,4.0,-4.0,1,0,642,1831,L,W,L vs. Minnesota Lynx 58-62,W @ Houston Comets 62-58
2005,2005-06-08,Seattle Storm,76,Detroit Shock,61,15.0,-15.0,1,0,643,1832,L,W,L vs. Seattle Storm 61-76,W @ Detroit Shock 76-61
2005,2005-06-08,Phoenix Mercury,66,Los Angeles Sparks,63,3.0,-3.0,1,0,643,1833,L,W,L vs. Phoenix Mercury 63-66,W @ Los Angeles Sparks 66-63
2005,2005-06-10,Connecticut Sun,77,Houston Comets,57,20.0,-20.0,1,0,644,1834,L,W,L vs. Connecticut Sun 57-77,W @ Houston Comets 77-57
2005,2005-06-10,Charlotte Sting,55,Detroit Shock,69,-14.0,14.0,0,1,644,1835,W,L,W vs. Charlotte Sting 69-55,L @ Detroit Shock 55-69
2005,2005-06-10,Seattle Storm,52,Washington Mystics,64,-12.0,12.0,0,1,644,1836,W,L,W vs. Seattle Storm 64-52,L @ Washington Mystics 52-64
2005,2005-06-10,New York Liberty,59,Indiana Fever,62,-3.0,3.0,0,1,644,1837,W,L,W vs. New York Liberty 62-59,L @ Indiana Fever 59-62
2005,2005-06-10,Phoenix Mercury,61,Sacramento Monarchs,73,-12.0,12.0,0,1,644,1838,W,L,W vs. Phoenix Mercury 73-61,L @ Sacramento Monarchs 61-73
2005,2005-06-11,Sacramento Monarchs,74,Los Angeles Sparks,81,-7.0,7.0,0,1,645,1839,W,L,W vs. Sacramento Monarchs 81-74,L @ Los Angeles Sparks 74-81
2005,2005-06-11,Connecticut Sun,78,San Antonio Silver Stars,69,9.0,-9.0,1,0,645,1840,L,W,L vs. Connecticut Sun 69-78,W @ San Antonio Silver Stars 78-69
2005,2005-06-11,Washington Mystics,60,Minnesota Lynx,78,-18.0,18.0,0,1,645,1841,W,L,W vs. Washington Mystics 78-60,L @ Minnesota Lynx 60-78
2005,2005-06-12,Seattle Storm,62,Charlotte Sting,60,2.0,-2.0,1,0,646,1842,L,W,L vs. Seattle Storm 60-62,W @ Charlotte Sting 62-60
2005,2005-06-12,Detroit Shock,69,New York Liberty,72,-3.0,3.0,0,1,646,1843,W,L,W vs. Detroit Shock 72-69,L @ New York Liberty 69-72
2005,2005-06-13,Houston Comets,68,Sacramento Monarchs,74,-6.0,6.0,0,1,647,1844,W,L,W vs. Houston Comets 74-68,L @ Sacramento Monarchs 68-74
2005,2005-06-15,Detroit Shock,79,Indiana Fever,84,-5.0,5.0,0,1,648,1845,W,L,W vs. Detroit Shock 84-79,L @ Indiana Fever 79-84
2005,2005-06-15,San Antonio Silver Stars,62,Phoenix Mercury,76,-14.0,14.0,0,1,648,1846,W,L,W vs. San Antonio Silver Stars 76-62,L @ Phoenix Mercury 62-76
2005,2005-06-15,Minnesota Lynx,86,Seattle Storm,81,5.0,-5.0,1,0,648,1847,L,W,L vs. Minnesota Lynx 81-86,W @ Seattle Storm 86-81
2005,2005-06-15,Houston Comets,64,Los Angeles Sparks,83,-19.0,19.0,0,1,648,1848,W,L,W vs. Houston Comets 83-64,L @ Los Angeles Sparks 64-83
2005,2005-06-16,Indiana Fever,60,Charlotte Sting,57,3.0,-3.0,1,0,649,1849,L,W,L vs. Indiana Fever 57-60,W @ Charlotte Sting 60-57
2005,2005-06-17,Minnesota Lynx,50,Sacramento Monarchs,67,-17.0,17.0,0,1,650,1850,W,L,W vs. Minnesota Lynx 67-50,L @ Sacramento Monarchs 50-67
2005,2005-06-18,Phoenix Mercury,54,New York Liberty,65,-11.0,11.0,0,1,651,1851,W,L,W vs. Phoenix Mercury 65-54,L @ New York Liberty 54-65
2005,2005-06-18,Detroit Shock,63,Connecticut Sun,73,-10.0,10.0,0,1,651,1852,W,L,W vs. Detroit Shock 73-63,L @ Connecticut Sun 63-73
2005,2005-06-18,Minnesota Lynx,56,Los Angeles Sparks,69,-13.0,13.0,0,1,651,1853,W,L,W vs. Minnesota Lynx 69-56,L @ Los Angeles Sparks 56-69
2005,2005-06-18,Houston Comets,75,San Antonio Silver Stars,69,6.0,-6.0,1,0,651,1854,L,W,L vs. Houston Comets 69-75,W @ San Antonio Silver Stars 75-69
2005,2005-06-18,Indiana Fever,78,Washington Mystics,88,-10.0,10.0,0,1,651,1855,W,L,W vs. Indiana Fever 88-78,L @ Washington Mystics 78-88
2005,2005-06-20,Connecticut Sun,90,Los Angeles Sparks,70,20.0,-20.0,1,0,652,1856,L,W,L vs. Connecticut Sun 70-90,W @ Los Angeles Sparks 90-70
2005,2005-06-21,San Antonio Silver Stars,59,New York Liberty,77,-18.0,18.0,0,1,653,1857,W,L,W vs. San Antonio Silver Stars 77-59,L @ New York Liberty 59-77
2005,2005-06-21,Phoenix Mercury,56,Washington Mystics,77,-21.0,21.0,0,1,653,1858,W,L,W vs. Phoenix Mercury 77-56,L @ Washington Mystics 56-77
2005,2005-06-22,Phoenix Mercury,59,Minnesota Lynx,75,-16.0,16.0,0,1,654,1859,W,L,W vs. Phoenix Mercury 75-59,L @ Minnesota Lynx 59-75
2005,2005-06-22,Connecticut Sun,86,Seattle Storm,95,-9.0,9.0,0,1,654,1860,W,L,W vs. Connecticut Sun 95-86,L @ Seattle Storm 86-95
2005,2005-06-23,San Antonio Silver Stars,64,Charlotte Sting,49,15.0,-15.0,1,0,655,1861,L,W,L vs. San Antonio Silver Stars 49-64,W @ Charlotte Sting 64-49
2005,2005-06-24,Connecticut Sun,61,Sacramento Monarchs,50,11.0,-11.0,1,0,656,1862,L,W,L vs. Connecticut Sun 50-61,W @ Sacramento Monarchs 61-50
2005,2005-06-24,Minnesota Lynx,55,Indiana Fever,57,-2.0,2.0,0,1,656,1863,W,L,W vs. Minnesota Lynx 57-55,L @ Indiana Fever 55-57
2005,2005-06-24,Washington Mystics,69,Detroit Shock,55,14.0,-14.0,1,0,656,1864,L,W,L vs. Washington Mystics 55-69,W @ Detroit Shock 69-55
2005,2005-06-24,Seattle Storm,65,Los Angeles Sparks,76,-11.0,11.0,0,1,656,1865,W,L,W vs. Seattle Storm 76-65,L @ Los Angeles Sparks 65-76
2005,2005-06-25,San Antonio Silver Stars,44,Houston Comets,62,-18.0,18.0,0,1,657,1866,W,L,W vs. San Antonio Silver Stars 62-44,L @ Houston Comets 44-62
2005,2005-06-25,New York Liberty,61,Charlotte Sting,67,-6.0,6.0,0,1,657,1867,W,L,W vs. New York Liberty 67-61,L @ Charlotte Sting 61-67
2005,2005-06-25,Connecticut Sun,77,Phoenix Mercury,69,8.0,-8.0,1,0,657,1868,L,W,L vs. Connecticut Sun 69-77,W @ Phoenix Mercury 77-69
2005,2005-06-26,Los Angeles Sparks,73,Detroit Shock,79,-6.0,6.0,0,1,658,1869,W,L,W vs. Los Angeles Sparks 79-73,L @ Detroit Shock 73-79
2005,2005-06-26,Sacramento Monarchs,62,Washington Mystics,57,5.0,-5.0,1,0,658,1870,L,W,L vs. Sacramento Monarchs 57-62,W @ Washington Mystics 62-57
2005,2005-06-26,Seattle Storm,70,Minnesota Lynx,73,-3.0,3.0,0,1,658,1871,W,L,W vs. Seattle Storm 73-70,L @ Minnesota Lynx 70-73
2005,2005-06-28,San Antonio Silver Stars,53,Minnesota Lynx,63,-10.0,10.0,0,1,659,1872,W,L,W vs. San Antonio Silver Stars 63-53,L @ Minnesota Lynx 53-63
2005,2005-06-28,Washington Mystics,66,Charlotte Sting,61,5.0,-5.0,1,0,659,1873,L,W,L vs. Washington Mystics 61-66,W @ Charlotte Sting 66-61
2005,2005-06-28,Seattle Storm,67,Houston Comets,71,-4.0,4.0,0,1,659,1874,W,L,W vs. Seattle Storm 71-67,L @ Houston Comets 67-71
2005,2005-06-28,Los Angeles Sparks,61,Indiana Fever,58,3.0,-3.0,1,0,659,1875,L,W,L vs. Los Angeles Sparks 58-61,W @ Indiana Fever 61-58
2005,2005-06-28,Sacramento Monarchs,66,Connecticut Sun,70,-4.0,4.0,0,1,659,1876,W,L,W vs. Sacramento Monarchs 70-66,L @ Connecticut Sun 66-70
2005,2005-06-30,Minnesota Lynx,56,Connecticut Sun,71,-15.0,15.0,0,1,660,1877,W,L,W vs. Minnesota Lynx 71-56,L @ Connecticut Sun 56-71
2005,2005-06-30,Sacramento Monarchs,61,New York Liberty,50,11.0,-11.0,1,0,660,1878,L,W,L vs. Sacramento Monarchs 50-61,W @ New York Liberty 61-50
2005,2005-06-30,Seattle Storm,69,San Antonio Silver Stars,81,-12.0,12.0,0,1,660,1879,W,L,W vs. Seattle Storm 81-69,L @ San Antonio Silver Stars 69-81
2005,2005-06-30,Charlotte Sting,50,Washington Mystics,65,-15.0,15.0,0,1,660,1880,W,L,W vs. Charlotte Sting 65-50,L @ Washington Mystics 50-65
2005,2005-07-01,Sacramento Monarchs,80,Detroit Shock,63,17.0,-17.0,1,0,661,1881,L,W,L vs. Sacramento Monarchs 63-80,W @ Detroit Shock 80-63
2005,2005-07-02,New York Liberty,57,San Antonio Silver Stars,69,-12.0,12.0,0,1,662,1882,W,L,W vs. New York Liberty 69-57,L @ San Antonio Silver Stars 57-69
2005,2005-07-02,Charlotte Sting,65,Houston Comets,75,-10.0,10.0,0,1,662,1883,W,L,W vs. Charlotte Sting 75-65,L @ Houston Comets 65-75
2005,2005-07-02,Phoenix Mercury,63,Los Angeles Sparks,86,-23.0,23.0,0,1,662,1884,W,L,W vs. Phoenix Mercury 86-63,L @ Los Angeles Sparks 63-86
2005,2005-07-03,Sacramento Monarchs,67,Seattle Storm,74,-7.0,7.0,0,1,663,1885,W,L,W vs. Sacramento Monarchs 74-67,L @ Seattle Storm 67-74
2005,2005-07-05,Houston Comets,75,Detroit Shock,66,9.0,-9.0,1,0,664,1886,L,W,L vs. Houston Comets 66-75,W @ Detroit Shock 75-66
2005,2005-07-05,New York Liberty,67,Los Angeles Sparks,55,12.0,-12.0,1,0,664,1887,L,W,L vs. New York Liberty 55-67,W @ Los Angeles Sparks 67-55
2005,2005-07-05,Phoenix Mercury,76,San Antonio Silver Stars,69,7.0,-7.0,1,0,664,1888,L,W,L vs. Phoenix Mercury 69-76,W @ San Antonio Silver Stars 76-69
2005,2005-07-06,Seattle Storm,61,Phoenix Mercury,73,-12.0,12.0,0,1,665,1889,W,L,W vs. Seattle Storm 73-61,L @ Phoenix Mercury 61-73
2005,2005-07-07,Connecticut Sun,79,New York Liberty,89,-10.0,10.0,0,1,666,1890,W,L,W vs. Connecticut Sun 89-79,L @ New York Liberty 79-89
2005,2005-07-07,Houston Comets,65,Indiana Fever,63,2.0,-2.0,1,0,666,1891,L,W,L vs. Houston Comets 63-65,W @ Indiana Fever 65-63
2005,2005-07-07,Detroit Shock,76,Washington Mystics,62,14.0,-14.0,1,0,666,1892,L,W,L vs. Detroit Shock 62-76,W @ Washington Mystics 76-62
2005,2005-07-07,Minnesota Lynx,58,Charlotte Sting,66,-8.0,8.0,0,1,666,1893,W,L,W vs. Minnesota Lynx 66-58,L @ Charlotte Sting 58-66
2005,2005-07-12,New York Liberty,68,Houston Comets,65,3.0,-3.0,1,0,667,1894,L,W,L vs. New York Liberty 65-68,W @ Houston Comets 68-65
2005,2005-07-12,Charlotte Sting,59,Los Angeles Sparks,71,-12.0,12.0,0,1,667,1895,W,L,W vs. Charlotte Sting 71-59,L @ Los Angeles Sparks 59-71
2005,2005-07-13,Charlotte Sting,62,Phoenix Mercury,82,-20.0,20.0,0,1,668,1896,W,L,W vs. Charlotte Sting 82-62,L @ Phoenix Mercury 62-82
2005,2005-07-13,Detroit Shock,61,Minnesota Lynx,71,-10.0,10.0,0,1,668,1897,W,L,W vs. Detroit Shock 71-61,L @ Minnesota Lynx 61-71
2005,2005-07-13,Connecticut Sun,53,Indiana Fever,64,-11.0,11.0,0,1,668,1898,W,L,W vs. Connecticut Sun 64-53,L @ Indiana Fever 53-64
2005,2005-07-13,Washington Mystics,78,Seattle Storm,71,7.0,-7.0,1,0,668,1899,L,W,L vs. Washington Mystics 71-78,W @ Seattle Storm 78-71
2005,2005-07-14,San Antonio Silver Stars,61,Sacramento Monarchs,72,-11.0,11.0,0,1,669,1900,W,L,W vs. San Antonio Silver Stars 72-61,L @ Sacramento Monarchs 61-72
2005,2005-07-15,Detroit Shock,57,Indiana Fever,62,-5.0,5.0,0,1,670,1901,W,L,W vs. Detroit Shock 62-57,L @ Indiana Fever 57-62
2005,2005-07-15,San Antonio Silver Stars,70,Seattle Storm,92,-22.0,22.0,0,1,670,1902,W,L,W vs. San Antonio Silver Stars 92-70,L @ Seattle Storm 70-92
2005,2005-07-15,Washington Mystics,66,Phoenix Mercury,77,-11.0,11.0,0,1,670,1903,W,L,W vs. Washington Mystics 77-66,L @ Phoenix Mercury 66-77
2005,2005-07-15,Minnesota Lynx,64,New York Liberty,60,4.0,-4.0,1,0,670,1904,L,W,L vs. Minnesota Lynx 60-64,W @ New York Liberty 64-60
2005,2005-07-15,Houston Comets,66,Connecticut Sun,70,-4.0,4.0,0,1,670,1905,W,L,W vs. Houston Comets 70-66,L @ Connecticut Sun 66-70
2005,2005-07-16,Seattle Storm,78,Los Angeles Sparks,70,8.0,-8.0,1,0,671,1906,L,W,L vs. Seattle Storm 70-78,W @ Los Angeles Sparks 78-70
2005,2005-07-16,Washington Mystics,59,Sacramento Monarchs,73,-14.0,14.0,0,1,671,1907,W,L,W vs. Washington Mystics 73-59,L @ Sacramento Monarchs 59-73
2005,2005-07-17,Connecticut Sun,72,Minnesota Lynx,53,19.0,-19.0,1,0,672,1908,L,W,L vs. Connecticut Sun 53-72,W @ Minnesota Lynx 72-53
2005,2005-07-17,Indiana Fever,59,Detroit Shock,58,1.0,-1.0,1,0,672,1909,L,W,L vs. Indiana Fever 58-59,W @ Detroit Shock 59-58
2005,2005-07-17,Houston Comets,67,Charlotte Sting,55,12.0,-12.0,1,0,672,1910,L,W,L vs. Houston Comets 55-67,W @ Charlotte Sting 67-55
2005,2005-07-19,Connecticut Sun,64,Charlotte Sting,55,9.0,-9.0,1,0,673,1911,L,W,L vs. Connecticut Sun 55-64,W @ Charlotte Sting 64-55
2005,2005-07-19,Indiana Fever,45,Minnesota Lynx,66,-21.0,21.0,0,1,673,1912,W,L,W vs. Indiana Fever 66-45,L @ Minnesota Lynx 45-66
2005,2005-07-19,Washington Mystics,74,Los Angeles Sparks,68,6.0,-6.0,1,0,673,1913,L,W,L vs. Washington Mystics 68-74,W @ Los Angeles Sparks 74-68
2005,2005-07-19,New York Liberty,78,Seattle Storm,87,-9.0,9.0,0,1,673,1914,W,L,W vs. New York Liberty 87-78,L @ Seattle Storm 78-87
2005,2005-07-19,Sacramento Monarchs,54,Houston Comets,58,-4.0,4.0,0,1,673,1915,W,L,W vs. Sacramento Monarchs 58-54,L @ Houston Comets 54-58
2005,2005-07-20,Connecticut Sun,57,Detroit Shock,66,-9.0,9.0,0,1,674,1916,W,L,W vs. Connecticut Sun 66-57,L @ Detroit Shock 57-66
2005,2005-07-21,San Antonio Silver Stars,53,Indiana Fever,66,-13.0,13.0,0,1,675,1917,W,L,W vs. San Antonio Silver Stars 66-53,L @ Indiana Fever 53-66
2005,2005-07-21,Washington Mystics,70,Houston Comets,65,5.0,-5.0,1,0,675,1918,L,W,L vs. Washington Mystics 65-70,W @ Houston Comets 70-65
2005,2005-07-21,New York Liberty,80,Phoenix Mercury,70,10.0,-10.0,1,0,675,1919,L,W,L vs. New York Liberty 70-80,W @ Phoenix Mercury 80-70
2005,2005-07-22,Charlotte Sting,63,Connecticut Sun,73,-10.0,10.0,0,1,676,1920,W,L,W vs. Charlotte Sting 73-63,L @ Connecticut Sun 63-73
2005,2005-07-22,New York Liberty,73,Sacramento Monarchs,63,10.0,-10.0,1,0,676,1921,L,W,L vs. New York Liberty 63-73,W @ Sacramento Monarchs 73-63
2005,2005-07-23,Phoenix Mercury,66,San Antonio Silver Stars,49,17.0,-17.0,1,0,677,1922,L,W,L vs. Phoenix Mercury 49-66,W @ San Antonio Silver Stars 66-49
2005,2005-07-23,Detroit Shock,71,Seattle Storm,74,-3.0,3.0,0,1,677,1923,W,L,W vs. Detroit Shock 74-71,L @ Seattle Storm 71-74
2005,2005-07-23,Los Angeles Sparks,69,Houston Comets,59,10.0,-10.0,1,0,677,1924,L,W,L vs. Los Angeles Sparks 59-69,W @ Houston Comets 69-59
2005,2005-07-23,Indiana Fever,63,Charlotte Sting,46,17.0,-17.0,1,0,677,1925,L,W,L vs. Indiana Fever 46-63,W @ Charlotte Sting 63-46
2005,2005-07-24,Detroit Shock,51,Sacramento Monarchs,91,-40.0,40.0,0,1,678,1926,W,L,W vs. Detroit Shock 91-51,L @ Sacramento Monarchs 51-91
2005,2005-07-24,New York Liberty,59,Minnesota Lynx,47,12.0,-12.0,1,0,678,1927,L,W,L vs. New York Liberty 47-59,W @ Minnesota Lynx 59-47
2005,2005-07-26,Indiana Fever,55,Connecticut Sun,68,-13.0,13.0,0,1,679,1928,W,L,W vs. Indiana Fever 68-55,L @ Connecticut Sun 55-68
2005,2005-07-26,Charlotte Sting,54,Sacramento Monarchs,64,-10.0,10.0,0,1,679,1929,W,L,W vs. Charlotte Sting 64-54,L @ Sacramento Monarchs 54-64
2005,2005-07-26,Minnesota Lynx,71,San Antonio Silver Stars,78,-7.0,7.0,0,1,679,1930,W,L,W vs. Minnesota Lynx 78-71,L @ San Antonio Silver Stars 71-78
2005,2005-07-26,Houston Comets,83,Washington Mystics,65,18.0,-18.0,1,0,679,1931,L,W,L vs. Houston Comets 65-83,W @ Washington Mystics 83-65
2005,2005-07-26,Los Angeles Sparks,60,Phoenix Mercury,77,-17.0,17.0,0,1,679,1932,W,L,W vs. Los Angeles Sparks 77-60,L @ Phoenix Mercury 60-77
2005,2005-07-27,Houston Comets,71,New York Liberty,69,2.0,-2.0,1,0,680,1933,L,W,L vs. Houston Comets 69-71,W @ New York Liberty 71-69
2005,2005-07-28,New York Liberty,70,Connecticut Sun,73,-3.0,3.0,0,1,681,1934,W,L,W vs. New York Liberty 73-70,L @ Connecticut Sun 70-73
2005,2005-07-28,San Antonio Silver Stars,58,Washington Mystics,73,-15.0,15.0,0,1,681,1935,W,L,W vs. San Antonio Silver Stars 73-58,L @ Washington Mystics 58-73
2005,2005-07-29,Charlotte Sting,68,Seattle Storm,79,-11.0,11.0,0,1,682,1936,W,L,W vs. Charlotte Sting 79-68,L @ Seattle Storm 68-79
2005,2005-07-29,Los Angeles Sparks,59,Sacramento Monarchs,79,-20.0,20.0,0,1,682,1937,W,L,W vs. Los Angeles Sparks 79-59,L @ Sacramento Monarchs 59-79
2005,2005-07-29,Washington Mystics,58,Indiana Fever,62,-4.0,4.0,0,1,682,1938,W,L,W vs. Washington Mystics 62-58,L @ Indiana Fever 58-62
2005,2005-07-29,Phoenix Mercury,69,Minnesota Lynx,65,4.0,-4.0,1,0,682,1939,L,W,L vs. Phoenix Mercury 65-69,W @ Minnesota Lynx 69-65
2005,2005-07-30,San Antonio Silver Stars,68,Houston Comets,63,5.0,-5.0,1,0,683,1940,L,W,L vs. San Antonio Silver Stars 63-68,W @ Houston Comets 68-63
2005,2005-07-30,Detroit Shock,75,Connecticut Sun,66,9.0,-9.0,1,0,683,1941,L,W,L vs. Detroit Shock 66-75,W @ Connecticut Sun 75-66
2005,2005-07-31,Los Angeles Sparks,72,Seattle Storm,77,-5.0,5.0,0,1,684,1942,W,L,W vs. Los Angeles Sparks 77-72,L @ Seattle Storm 72-77
2005,2005-07-31,Indiana Fever,53,New York Liberty,67,-14.0,14.0,0,1,684,1943,W,L,W vs. Indiana Fever 67-53,L @ New York Liberty 53-67
2005,2005-07-31,Phoenix Mercury,63,Detroit Shock,66,-3.0,3.0,0,1,684,1944,W,L,W vs. Phoenix Mercury 66-63,L @ Detroit Shock 63-66
2005,2005-07-31,Minnesota Lynx,54,Sacramento Monarchs,67,-13.0,13.0,0,1,684,1945,W,L,W vs. Minnesota Lynx 67-54,L @ Sacramento Monarchs 54-67
2005,2005-08-02,Sacramento Monarchs,67,San Antonio Silver Stars,57,10.0,-10.0,1,0,685,1946,L,W,L vs. Sacramento Monarchs 57-67,W @ San Antonio Silver Stars 67-57
2005,2005-08-02,Charlotte Sting,63,Washington Mystics,65,-2.0,2.0,0,1,685,1947,W,L,W vs. Charlotte Sting 65-63,L @ Washington Mystics 63-65
2005,2005-08-02,Connecticut Sun,72,New York Liberty,65,7.0,-7.0,1,0,685,1948,L,W,L vs. Connecticut Sun 65-72,W @ New York Liberty 72-65
2005,2005-08-02,Detroit Shock,61,Houston Comets,62,-1.0,1.0,0,1,685,1949,W,L,W vs. Detroit Shock 62-61,L @ Houston Comets 61-62
2005,2005-08-03,Minnesota Lynx,64,Phoenix Mercury,70,-6.0,6.0,0,1,686,1950,W,L,W vs. Minnesota Lynx 70-64,L @ Phoenix Mercury 64-70
2005,2005-08-04,Seattle Storm,68,Indiana Fever,78,-10.0,10.0,0,1,687,1951,W,L,W vs. Seattle Storm 78-68,L @ Indiana Fever 68-78
2005,2005-08-04,Sacramento Monarchs,76,Charlotte Sting,58,18.0,-18.0,1,0,687,1952,L,W,L vs. Sacramento Monarchs 58-76,W @ Charlotte Sting 76-58
2005,2005-08-05,Houston Comets,75,Phoenix Mercury,80,-5.0,5.0,0,1,688,1953,W,L,W vs. Houston Comets 80-75,L @ Phoenix Mercury 75-80
2005,2005-08-05,Los Angeles Sparks,66,San Antonio Silver Stars,63,3.0,-3.0,1,0,688,1954,L,W,L vs. Los Angeles Sparks 63-66,W @ San Antonio Silver Stars 66-63
2005,2005-08-06,Detroit Shock,73,Charlotte Sting,82,-9.0,9.0,0,1,689,1955,W,L,W vs. Detroit Shock 82-73,L @ Charlotte Sting 73-82
2005,2005-08-06,Seattle Storm,67,New York Liberty,79,-12.0,12.0,0,1,689,1956,W,L,W vs. Seattle Storm 79-67,L @ New York Liberty 67-79
2005,2005-08-06,Connecticut Sun,74,Indiana Fever,65,9.0,-9.0,1,0,689,1957,L,W,L vs. Connecticut Sun 65-74,W @ Indiana Fever 74-65
2005,2005-08-07,Houston Comets,45,Sacramento Monarchs,55,-10.0,10.0,0,1,690,1958,W,L,W vs. Houston Comets 55-45,L @ Sacramento Monarchs 45-55
2005,2005-08-07,Indiana Fever,60,Washington Mystics,61,-1.0,1.0,0,1,690,1959,W,L,W vs. Indiana Fever 61-60,L @ Washington Mystics 60-61
2005,2005-08-07,New York Liberty,67,Detroit Shock,72,-5.0,5.0,0,1,690,1960,W,L,W vs. New York Liberty 72-67,L @ Detroit Shock 67-72
2005,2005-08-07,Los Angeles Sparks,72,Minnesota Lynx,76,-4.0,4.0,0,1,690,1961,W,L,W vs. Los Angeles Sparks 76-72,L @ Minnesota Lynx 72-76
2005,2005-08-09,Charlotte Sting,64,Detroit Shock,71,-7.0,7.0,0,1,691,1962,W,L,W vs. Charlotte Sting 71-64,L @ Detroit Shock 64-71
2005,2005-08-09,San Antonio Silver Stars,72,Minnesota Lynx,76,-4.0,4.0,0,1,691,1963,W,L,W vs. San Antonio Silver Stars 76-72,L @ Minnesota Lynx 72-76
2005,2005-08-09,Houston Comets,68,Seattle Storm,71,-3.0,3.0,0,1,691,1964,W,L,W vs. Houston Comets 71-68,L @ Seattle Storm 68-71
2005,2005-08-09,Los Angeles Sparks,51,Connecticut Sun,64,-13.0,13.0,0,1,691,1965,W,L,W vs. Los Angeles Sparks 64-51,L @ Connecticut Sun 51-64
2005,2005-08-10,Los Angeles Sparks,69,New York Liberty,74,-5.0,5.0,0,1,692,1966,W,L,W vs. Los Angeles Sparks 74-69,L @ New York Liberty 69-74
2005,2005-08-11,Minnesota Lynx,66,Detroit Shock,72,-6.0,6.0,0,1,693,1967,W,L,W vs. Minnesota Lynx 72-66,L @ Detroit Shock 66-72
2005,2005-08-11,Indiana Fever,57,San Antonio Silver Stars,50,7.0,-7.0,1,0,693,1968,L,W,L vs. Indiana Fever 50-57,W @ San Antonio Silver Stars 57-50
2005,2005-08-11,Connecticut Sun,80,Washington Mystics,65,15.0,-15.0,1,0,693,1969,L,W,L vs. Connecticut Sun 65-80,W @ Washington Mystics 80-65
2005,2005-08-12,Seattle Storm,72,Minnesota Lynx,66,6.0,-6.0,1,0,694,1970,L,W,L vs. Seattle Storm 66-72,W @ Minnesota Lynx 72-66
2005,2005-08-12,Sacramento Monarchs,62,Phoenix Mercury,76,-14.0,14.0,0,1,694,1971,W,L,W vs. Sacramento Monarchs 76-62,L @ Phoenix Mercury 62-76
2005,2005-08-12,New York Liberty,82,Charlotte Sting,74,8.0,-8.0,1,0,694,1972,L,W,L vs. New York Liberty 74-82,W @ Charlotte Sting 82-74
2005,2005-08-13,Indiana Fever,59,Los Angeles Sparks,69,-10.0,10.0,0,1,695,1973,W,L,W vs. Indiana Fever 69-59,L @ Los Angeles Sparks 59-69
2005,2005-08-13,Detroit Shock,60,San Antonio Silver Stars,59,1.0,-1.0,1,0,695,1974,L,W,L vs. Detroit Shock 59-60,W @ San Antonio Silver Stars 60-59
2005,2005-08-14,Seattle Storm,72,Houston Comets,75,-3.0,3.0,0,1,696,1975,W,L,W vs. Seattle Storm 75-72,L @ Houston Comets 72-75
2005,2005-08-14,Charlotte Sting,65,New York Liberty,73,-8.0,8.0,0,1,696,1976,W,L,W vs. Charlotte Sting 73-65,L @ New York Liberty 65-73
2005,2005-08-14,Indiana Fever,62,Phoenix Mercury,56,6.0,-6.0,1,0,696,1977,L,W,L vs. Indiana Fever 56-62,W @ Phoenix Mercury 62-56
2005,2005-08-14,Washington Mystics,77,Connecticut Sun,80,-3.0,3.0,0,1,696,1978,W,L,W vs. Washington Mystics 80-77,L @ Connecticut Sun 77-80
2005,2005-08-16,Detroit Shock,51,Phoenix Mercury,58,-7.0,7.0,0,1,697,1979,W,L,W vs. Detroit Shock 58-51,L @ Phoenix Mercury 51-58
2005,2005-08-16,Washington Mystics,66,New York Liberty,72,-6.0,6.0,0,1,697,1980,W,L,W vs. Washington Mystics 72-66,L @ New York Liberty 66-72
2005,2005-08-16,Sacramento Monarchs,72,Los Angeles Sparks,63,9.0,-9.0,1,0,697,1981,L,W,L vs. Sacramento Monarchs 63-72,W @ Los Angeles Sparks 72-63
2005,2005-08-16,Houston Comets,62,Minnesota Lynx,73,-11.0,11.0,0,1,697,1982,W,L,W vs. Houston Comets 73-62,L @ Minnesota Lynx 62-73
2005,2005-08-18,Charlotte Sting,70,Connecticut Sun,84,-14.0,14.0,0,1,698,1983,W,L,W vs. Charlotte Sting 84-70,L @ Connecticut Sun 70-84
2005,2005-08-18,Phoenix Mercury,66,Houston Comets,77,-11.0,11.0,0,1,698,1984,W,L,W vs. Phoenix Mercury 77-66,L @ Houston Comets 66-77
2005,2005-08-18,San Antonio Silver Stars,57,Sacramento Monarchs,64,-7.0,7.0,0,1,698,1985,W,L,W vs. San Antonio Silver Stars 64-57,L @ Sacramento Monarchs 57-64
2005,2005-08-18,Washington Mystics,57,Indiana Fever,67,-10.0,10.0,0,1,698,1986,W,L,W vs. Washington Mystics 67-57,L @ Indiana Fever 57-67
2005,2005-08-18,Minnesota Lynx,60,Seattle Storm,76,-16.0,16.0,0,1,698,1987,W,L,W vs. Minnesota Lynx 76-60,L @ Seattle Storm 60-76
2005,2005-08-19,Detroit Shock,67,Los Angeles Sparks,74,-7.0,7.0,0,1,699,1988,W,L,W vs. Detroit Shock 74-67,L @ Los Angeles Sparks 67-74
2005,2005-08-19,San Antonio Silver Stars,57,Phoenix Mercury,91,-34.0,34.0,0,1,699,1989,W,L,W vs. San Antonio Silver Stars 91-57,L @ Phoenix Mercury 57-91
2005,2005-08-20,New York Liberty,64,Connecticut Sun,58,6.0,-6.0,1,0,700,1990,L,W,L vs. New York Liberty 58-64,W @ Connecticut Sun 64-58
2005,2005-08-20,Charlotte Sting,53,Indiana Fever,62,-9.0,9.0,0,1,700,1991,W,L,W vs. Charlotte Sting 62-53,L @ Indiana Fever 53-62
2005,2005-08-20,Seattle Storm,65,Sacramento Monarchs,75,-10.0,10.0,0,1,700,1992,W,L,W vs. Seattle Storm 75-65,L @ Sacramento Monarchs 65-75
2005,2005-08-21,Minnesota Lynx,69,Phoenix Mercury,83,-14.0,14.0,0,1,701,1993,W,L,W vs. Minnesota Lynx 83-69,L @ Phoenix Mercury 69-83
2005,2005-08-21,Washington Mystics,52,Detroit Shock,66,-14.0,14.0,0,1,701,1994,W,L,W vs. Washington Mystics 66-52,L @ Detroit Shock 52-66
2005,2005-08-21,Houston Comets,50,Los Angeles Sparks,55,-5.0,5.0,0,1,701,1995,W,L,W vs. Houston Comets 55-50,L @ Los Angeles Sparks 50-55
2005,2005-08-23,Minnesota Lynx,63,Los Angeles Sparks,74,-11.0,11.0,0,1,702,1996,W,L,W vs. Minnesota Lynx 74-63,L @ Los Angeles Sparks 63-74
2005,2005-08-23,Phoenix Mercury,70,Sacramento Monarchs,76,-6.0,6.0,0,1,702,1997,W,L,W vs. Phoenix Mercury 76-70,L @ Sacramento Monarchs 70-76
2005,2005-08-23,New York Liberty,69,Washington Mystics,82,-13.0,13.0,0,1,702,1998,W,L,W vs. New York Liberty 82-69,L @ Washington Mystics 69-82
2005,2005-08-23,Indiana Fever,69,Connecticut Sun,63,6.0,-6.0,1,0,702,1999,L,W,L vs. Indiana Fever 63-69,W @ Connecticut Sun 69-63
2005,2005-08-23,Seattle Storm,78,San Antonio Silver Stars,51,27.0,-27.0,1,0,702,2000,L,W,L vs. Seattle Storm 51-78,W @ San Antonio Silver Stars 78-51
2005,2005-08-23,Detroit Shock,49,Charlotte Sting,56,-7.0,7.0,0,1,702,2001,W,L,W vs. Detroit Shock 56-49,L @ Charlotte Sting 49-56
2005,2005-08-25,Houston Comets,80,Phoenix Mercury,72,8.0,-8.0,1,0,703,2002,L,W,L vs. Houston Comets 72-80,W @ Phoenix Mercury 80-72
2005,2005-08-25,Indiana Fever,40,Detroit Shock,55,-15.0,15.0,0,1,703,2003,W,L,W vs. Indiana Fever 55-40,L @ Detroit Shock 40-55
2005,2005-08-25,Sacramento Monarchs,63,Seattle Storm,76,-13.0,13.0,0,1,703,2004,W,L,W vs. Sacramento Monarchs 76-63,L @ Seattle Storm 63-76
2005,2005-08-25,Charlotte Sting,78,New York Liberty,66,12.0,-12.0,1,0,703,2005,L,W,L vs. Charlotte Sting 66-78,W @ New York Liberty 78-66
2005,2005-08-26,Washington Mystics,47,Connecticut Sun,81,-34.0,34.0,0,1,704,2006,W,L,W vs. Washington Mystics 81-47,L @ Connecticut Sun 47-81
2005,2005-08-26,Los Angeles Sparks,70,San Antonio Silver Stars,67,3.0,-3.0,1,0,704,2007,L,W,L vs. Los Angeles Sparks 67-70,W @ San Antonio Silver Stars 70-67
2005,2005-08-27,Los Angeles Sparks,51,Houston Comets,77,-26.0,26.0,0,1,705,2008,W,L,W vs. Los Angeles Sparks 77-51,L @ Houston Comets 51-77
2005,2005-08-27,Connecticut Sun,78,Charlotte Sting,69,9.0,-9.0,1,0,705,2009,L,W,L vs. Connecticut Sun 69-78,W @ Charlotte Sting 78-69
2005,2005-08-27,New York Liberty,50,Indiana Fever,75,-25.0,25.0,0,1,705,2010,W,L,W vs. New York Liberty 75-50,L @ Indiana Fever 50-75
2005,2005-08-27,Detroit Shock,67,Washington Mystics,76,-9.0,9.0,0,1,705,2011,W,L,W vs. Detroit Shock 76-67,L @ Washington Mystics 67-76
2005,2005-08-27,Sacramento Monarchs,61,Minnesota Lynx,52,9.0,-9.0,1,0,705,2012,L,W,L vs. Sacramento Monarchs 52-61,W @ Minnesota Lynx 61-52
2005,2005-08-27,Phoenix Mercury,74,Seattle Storm,85,-11.0,11.0,0,1,705,2013,W,L,W vs. Phoenix Mercury 85-74,L @ Seattle Storm 74-85
2005,2005-08-30,Indiana Fever,63,New York Liberty,51,12.0,-12.0,1,0,706,2014,L,W,L vs. Indiana Fever 51-63,W @ New York Liberty 63-51
2005,2005-08-30,Seattle Storm,75,Houston Comets,67,8.0,-8.0,1,0,706,2015,L,W,L vs. Seattle Storm 67-75,W @ Houston Comets 75-67
2005,2005-08-31,Connecticut Sun,73,Detroit Shock,62,11.0,-11.0,1,0,707,2016,L,W,L vs. Connecticut Sun 62-73,W @ Detroit Shock 73-62
2005,2005-08-31,Sacramento Monarchs,75,Los Angeles Sparks,72,3.0,-3.0,1,0,707,2017,L,W,L vs. Sacramento Monarchs 72-75,W @ Los Angeles Sparks 75-72
2005,2005-09-01,Houston Comets,67,Seattle Storm,64,3.0,-3.0,1,0,708,2018,L,W,L vs. Houston Comets 64-67,W @ Seattle Storm 67-64
2005,2005-09-01,New York Liberty,50,Indiana Fever,58,-8.0,8.0,0,1,708,2019,W,L,W vs. New York Liberty 58-50,L @ Indiana Fever 50-58
2005,2005-09-02,Detroit Shock,67,Connecticut Sun,75,-8.0,8.0,0,1,709,2020,W,L,W vs. Detroit Shock 75-67,L @ Connecticut Sun 67-75
2005,2005-09-02,Los Angeles Sparks,63,Sacramento Monarchs,81,-18.0,18.0,0,1,709,2021,W,L,W vs. Los Angeles Sparks 81-63,L @ Sacramento Monarchs 63-81
2005,2005-09-03,Houston Comets,75,Seattle Storm,58,17.0,-17.0,1,0,710,2022,L,W,L vs. Houston Comets 58-75,W @ Seattle Storm 75-58
2005,2005-09-08,Connecticut Sun,73,Indiana Fever,68,5.0,-5.0,1,0,711,2023,L,W,L vs. Connecticut Sun 68-73,W @ Indiana Fever 73-68
2005,2005-09-08,Sacramento Monarchs,73,Houston Comets,69,4.0,-4.0,1,0,711,2024,L,W,L vs. Sacramento Monarchs 69-73,W @ Houston Comets 73-69
2005,2005-09-10,Indiana Fever,67,Connecticut Sun,77,-10.0,10.0,0,1,712,2025,W,L,W vs. Indiana Fever 77-67,L @ Connecticut Sun 67-77
2005,2005-09-10,Houston Comets,65,Sacramento Monarchs,74,-9.0,9.0,0,1,712,2026,W,L,W vs. Houston Comets 74-65,L @ Sacramento Monarchs 65-74
2005,2005-09-14,Sacramento Monarchs,69,Connecticut Sun,65,4.0,-4.0,1,0,713,2027,L,W,L vs. Sacramento Monarchs 65-69,W @ Connecticut Sun 69-65
2005,2005-09-15,Sacramento Monarchs,70,Connecticut Sun,77,-7.0,7.0,0,1,714,2028,W,L,W vs. Sacramento Monarchs 77-70,L @ Connecticut Sun 70-77
2005,2005-09-18,Connecticut Sun,55,Sacramento Monarchs,66,-11.0,11.0,0,1,715,2029,W,L,W vs. Connecticut Sun 66-55,L @ Sacramento Monarchs 55-66
2005,2005-09-20,Connecticut Sun,59,Sacramento Monarchs,62,-3.0,3.0,0,1,716,2030,W,L,W vs. Connecticut Sun 62-59,L @ Sacramento Monarchs 59-62
2006,2006-05-20,Detroit Shock,60,Indiana Fever,67,-7.0,7.0,0,1,717,2031,W,L,W vs. Detroit Shock 67-60,L @ Indiana Fever 60-67
2006,2006-05-20,Chicago Sky,83,Charlotte Sting,82,1.0,-1.0,1,0,717,2032,L,W,L vs. Chicago Sky 82-83,W @ Charlotte Sting 83-82
2006,2006-05-20,New York Liberty,74,Connecticut Sun,91,-17.0,17.0,0,1,717,2033,W,L,W vs. New York Liberty 91-74,L @ Connecticut Sun 74-91
2006,2006-05-20,Phoenix Mercury,78,Sacramento Monarchs,105,-27.0,27.0,0,1,717,2034,W,L,W vs. Phoenix Mercury 105-78,L @ Sacramento Monarchs 78-105
2006,2006-05-21,Los Angeles Sparks,67,Seattle Storm,90,-23.0,23.0,0,1,718,2035,W,L,W vs. Los Angeles Sparks 90-67,L @ Seattle Storm 67-90
2006,2006-05-21,San Antonio Silver Stars,79,Houston Comets,63,16.0,-16.0,1,0,718,2036,L,W,L vs. San Antonio Silver Stars 63-79,W @ Houston Comets 79-63
2006,2006-05-23,Los Angeles Sparks,72,Charlotte Sting,65,7.0,-7.0,1,0,719,2037,L,W,L vs. Los Angeles Sparks 65-72,W @ Charlotte Sting 72-65
2006,2006-05-23,Connecticut Sun,81,Minnesota Lynx,69,12.0,-12.0,1,0,719,2038,L,W,L vs. Connecticut Sun 69-81,W @ Minnesota Lynx 81-69
2006,2006-05-23,Houston Comets,84,Seattle Storm,59,25.0,-25.0,1,0,719,2039,L,W,L vs. Houston Comets 59-84,W @ Seattle Storm 84-59
2006,2006-05-23,Indiana Fever,62,San Antonio Silver Stars,53,9.0,-9.0,1,0,719,2040,L,W,L vs. Indiana Fever 53-62,W @ San Antonio Silver Stars 62-53
2006,2006-05-23,New York Liberty,60,Washington Mystics,95,-35.0,35.0,0,1,719,2041,W,L,W vs. New York Liberty 95-60,L @ Washington Mystics 60-95
2006,2006-05-23,Sacramento Monarchs,76,Chicago Sky,63,13.0,-13.0,1,0,719,2042,L,W,L vs. Sacramento Monarchs 63-76,W @ Chicago Sky 76-63
2006,2006-05-24,Minnesota Lynx,69,Detroit Shock,78,-9.0,9.0,0,1,720,2043,W,L,W vs. Minnesota Lynx 78-69,L @ Detroit Shock 69-78
2006,2006-05-25,Washington Mystics,63,Charlotte Sting,73,-10.0,10.0,0,1,721,2044,W,L,W vs. Washington Mystics 73-63,L @ Charlotte Sting 63-73
2006,2006-05-25,Seattle Storm,94,Phoenix Mercury,81,13.0,-13.0,1,0,721,2045,L,W,L vs. Seattle Storm 81-94,W @ Phoenix Mercury 94-81
2006,2006-05-25,Houston Comets,81,Sacramento Monarchs,66,15.0,-15.0,1,0,721,2046,L,W,L vs. Houston Comets 66-81,W @ Sacramento Monarchs 81-66
2006,2006-05-25,Los Angeles Sparks,80,San Antonio Silver Stars,71,9.0,-9.0,1,0,721,2047,L,W,L vs. Los Angeles Sparks 71-80,W @ San Antonio Silver Stars 80-71
2006,2006-05-26,Indiana Fever,75,Chicago Sky,60,15.0,-15.0,1,0,722,2048,L,W,L vs. Indiana Fever 60-75,W @ Chicago Sky 75-60
2006,2006-05-27,Detroit Shock,77,Connecticut Sun,73,4.0,-4.0,1,0,723,2049,L,W,L vs. Detroit Shock 73-77,W @ Connecticut Sun 77-73
2006,2006-05-27,Minnesota Lynx,75,Washington Mystics,90,-15.0,15.0,0,1,723,2050,W,L,W vs. Minnesota Lynx 90-75,L @ Washington Mystics 75-90
2006,2006-05-30,Los Angeles Sparks,64,Chicago Sky,55,9.0,-9.0,1,0,724,2051,L,W,L vs. Los Angeles Sparks 55-64,W @ Chicago Sky 64-55
2006,2006-05-30,New York Liberty,70,Indiana Fever,91,-21.0,21.0,0,1,724,2052,W,L,W vs. New York Liberty 91-70,L @ Indiana Fever 70-91
2006,2006-05-31,Indiana Fever,60,Houston Comets,73,-13.0,13.0,0,1,725,2053,W,L,W vs. Indiana Fever 73-60,L @ Houston Comets 60-73
2006,2006-05-31,San Antonio Silver Stars,82,Phoenix Mercury,76,6.0,-6.0,1,0,725,2054,L,W,L vs. San Antonio Silver Stars 76-82,W @ Phoenix Mercury 82-76
2006,2006-05-31,Los Angeles Sparks,71,Minnesota Lynx,114,-43.0,43.0,0,1,725,2055,W,L,W vs. Los Angeles Sparks 114-71,L @ Minnesota Lynx 71-114
2006,2006-05-31,Seattle Storm,66,Sacramento Monarchs,87,-21.0,21.0,0,1,725,2056,W,L,W vs. Seattle Storm 87-66,L @ Sacramento Monarchs 66-87
2006,2006-06-01,Connecticut Sun,89,Charlotte Sting,65,24.0,-24.0,1,0,726,2057,L,W,L vs. Connecticut Sun 65-89,W @ Charlotte Sting 89-65
2006,2006-06-01,New York Liberty,63,Detroit Shock,64,-1.0,1.0,0,1,726,2058,W,L,W vs. New York Liberty 64-63,L @ Detroit Shock 63-64
2006,2006-06-02,Chicago Sky,60,Houston Comets,71,-11.0,11.0,0,1,727,2059,W,L,W vs. Chicago Sky 71-60,L @ Houston Comets 60-71
2006,2006-06-02,Phoenix Mercury,87,Seattle Storm,97,-10.0,10.0,0,1,727,2060,W,L,W vs. Phoenix Mercury 97-87,L @ Seattle Storm 87-97
2006,2006-06-02,San Antonio Silver Stars,74,Sacramento Monarchs,71,3.0,-3.0,1,0,727,2061,L,W,L vs. San Antonio Silver Stars 71-74,W @ Sacramento Monarchs 74-71
2006,2006-06-02,Indiana Fever,87,Minnesota Lynx,92,-5.0,5.0,0,1,727,2062,W,L,W vs. Indiana Fever 92-87,L @ Minnesota Lynx 87-92
2006,2006-06-03,Charlotte Sting,71,Connecticut Sun,89,-18.0,18.0,0,1,728,2063,W,L,W vs. Charlotte Sting 89-71,L @ Connecticut Sun 71-89
2006,2006-06-03,Detroit Shock,68,Washington Mystics,92,-24.0,24.0,0,1,728,2064,W,L,W vs. Detroit Shock 92-68,L @ Washington Mystics 68-92
2006,2006-06-03,Los Angeles Sparks,79,New York Liberty,89,-10.0,10.0,0,1,728,2065,W,L,W vs. Los Angeles Sparks 89-79,L @ New York Liberty 79-89
2006,2006-06-04,Minnesota Lynx,62,Houston Comets,85,-23.0,23.0,0,1,729,2066,W,L,W vs. Minnesota Lynx 85-62,L @ Houston Comets 62-85
2006,2006-06-04,Detroit Shock,81,Chicago Sky,66,15.0,-15.0,1,0,729,2067,L,W,L vs. Detroit Shock 66-81,W @ Chicago Sky 81-66
2006,2006-06-04,San Antonio Silver Stars,89,Seattle Storm,87,2.0,-2.0,1,0,729,2068,L,W,L vs. San Antonio Silver Stars 87-89,W @ Seattle Storm 89-87
2006,2006-06-06,Sacramento Monarchs,76,Phoenix Mercury,90,-14.0,14.0,0,1,730,2069,W,L,W vs. Sacramento Monarchs 90-76,L @ Phoenix Mercury 76-90
2006,2006-06-06,Houston Comets,79,Washington Mystics,93,-14.0,14.0,0,1,730,2070,W,L,W vs. Houston Comets 93-79,L @ Washington Mystics 79-93
2006,2006-06-07,Detroit Shock,78,Los Angeles Sparks,86,-8.0,8.0,0,1,731,2071,W,L,W vs. Detroit Shock 86-78,L @ Los Angeles Sparks 78-86
2006,2006-06-07,Connecticut Sun,75,New York Liberty,60,15.0,-15.0,1,0,731,2072,L,W,L vs. Connecticut Sun 60-75,W @ New York Liberty 75-60
2006,2006-06-07,Chicago Sky,73,Seattle Storm,86,-13.0,13.0,0,1,731,2073,W,L,W vs. Chicago Sky 86-73,L @ Seattle Storm 73-86
2006,2006-06-07,Washington Mystics,70,Indiana Fever,83,-13.0,13.0,0,1,731,2074,W,L,W vs. Washington Mystics 83-70,L @ Indiana Fever 70-83
2006,2006-06-09,New York Liberty,62,Houston Comets,97,-35.0,35.0,0,1,732,2075,W,L,W vs. New York Liberty 97-62,L @ Houston Comets 62-97
2006,2006-06-09,Minnesota Lynx,86,San Antonio Silver Stars,79,7.0,-7.0,1,0,732,2076,L,W,L vs. Minnesota Lynx 79-86,W @ San Antonio Silver Stars 86-79
2006,2006-06-09,Detroit Shock,79,Phoenix Mercury,93,-14.0,14.0,0,1,732,2077,W,L,W vs. Detroit Shock 93-79,L @ Phoenix Mercury 79-93
2006,2006-06-09,Seattle Storm,81,Connecticut Sun,85,-4.0,4.0,0,1,732,2078,W,L,W vs. Seattle Storm 85-81,L @ Connecticut Sun 81-85
2006,2006-06-09,Chicago Sky,65,Los Angeles Sparks,73,-8.0,8.0,0,1,732,2079,W,L,W vs. Chicago Sky 73-65,L @ Los Angeles Sparks 65-73
2006,2006-06-09,Indiana Fever,59,Charlotte Sting,70,-11.0,11.0,0,1,732,2080,W,L,W vs. Indiana Fever 70-59,L @ Charlotte Sting 59-70
2006,2006-06-10,New York Liberty,71,San Antonio Silver Stars,67,4.0,-4.0,1,0,733,2081,L,W,L vs. New York Liberty 67-71,W @ San Antonio Silver Stars 71-67
2006,2006-06-10,Chicago Sky,70,Sacramento Monarchs,80,-10.0,10.0,0,1,733,2082,W,L,W vs. Chicago Sky 80-70,L @ Sacramento Monarchs 70-80
2006,2006-06-11,Seattle Storm,62,Indiana Fever,69,-7.0,7.0,0,1,734,2083,W,L,W vs. Seattle Storm 69-62,L @ Indiana Fever 62-69
2006,2006-06-11,Washington Mystics,71,Connecticut Sun,85,-14.0,14.0,0,1,734,2084,W,L,W vs. Washington Mystics 85-71,L @ Connecticut Sun 71-85
2006,2006-06-11,Houston Comets,62,Minnesota Lynx,75,-13.0,13.0,0,1,734,2085,W,L,W vs. Houston Comets 75-62,L @ Minnesota Lynx 62-75
2006,2006-06-13,Charlotte Sting,70,Washington Mystics,87,-17.0,17.0,0,1,735,2086,W,L,W vs. Charlotte Sting 87-70,L @ Washington Mystics 70-87
2006,2006-06-13,Indiana Fever,80,New York Liberty,78,2.0,-2.0,1,0,735,2087,L,W,L vs. Indiana Fever 78-80,W @ New York Liberty 80-78
2006,2006-06-13,Phoenix Mercury,84,Los Angeles Sparks,98,-14.0,14.0,0,1,735,2088,W,L,W vs. Phoenix Mercury 98-84,L @ Los Angeles Sparks 84-98
2006,2006-06-14,Seattle Storm,74,Minnesota Lynx,66,8.0,-8.0,1,0,736,2089,L,W,L vs. Seattle Storm 66-74,W @ Minnesota Lynx 74-66
2006,2006-06-14,Sacramento Monarchs,66,Houston Comets,73,-7.0,7.0,0,1,736,2090,W,L,W vs. Sacramento Monarchs 73-66,L @ Houston Comets 66-73
2006,2006-06-15,Washington Mystics,96,Charlotte Sting,77,19.0,-19.0,1,0,737,2091,L,W,L vs. Washington Mystics 77-96,W @ Charlotte Sting 96-77
2006,2006-06-15,Seattle Storm,74,Chicago Sky,61,13.0,-13.0,1,0,737,2092,L,W,L vs. Seattle Storm 61-74,W @ Chicago Sky 74-61
2006,2006-06-16,Houston Comets,72,New York Liberty,58,14.0,-14.0,1,0,738,2093,L,W,L vs. Houston Comets 58-72,W @ New York Liberty 72-58
2006,2006-06-16,Connecticut Sun,86,Phoenix Mercury,91,-5.0,5.0,0,1,738,2094,W,L,W vs. Connecticut Sun 91-86,L @ Phoenix Mercury 86-91
2006,2006-06-16,Minnesota Lynx,60,San Antonio Silver Stars,90,-30.0,30.0,0,1,738,2095,W,L,W vs. Minnesota Lynx 90-60,L @ San Antonio Silver Stars 60-90
2006,2006-06-16,Indiana Fever,63,Detroit Shock,71,-8.0,8.0,0,1,738,2096,W,L,W vs. Indiana Fever 71-63,L @ Detroit Shock 63-71
2006,2006-06-17,Connecticut Sun,70,Los Angeles Sparks,82,-12.0,12.0,0,1,739,2097,W,L,W vs. Connecticut Sun 82-70,L @ Los Angeles Sparks 70-82
2006,2006-06-17,San Antonio Silver Stars,69,Chicago Sky,65,4.0,-4.0,1,0,739,2098,L,W,L vs. San Antonio Silver Stars 65-69,W @ Chicago Sky 69-65
2006,2006-06-17,New York Liberty,70,Washington Mystics,88,-18.0,18.0,0,1,739,2099,W,L,W vs. New York Liberty 88-70,L @ Washington Mystics 70-88
2006,2006-06-17,Houston Comets,55,Detroit Shock,71,-16.0,16.0,0,1,739,2100,W,L,W vs. Houston Comets 71-55,L @ Detroit Shock 55-71
2006,2006-06-17,Seattle Storm,74,Sacramento Monarchs,76,-2.0,2.0,0,1,739,2101,W,L,W vs. Seattle Storm 76-74,L @ Sacramento Monarchs 74-76
2006,2006-06-18,Sacramento Monarchs,69,Los Angeles Sparks,80,-11.0,11.0,0,1,740,2102,W,L,W vs. Sacramento Monarchs 80-69,L @ Los Angeles Sparks 69-80
2006,2006-06-18,Phoenix Mercury,82,Minnesota Lynx,94,-12.0,12.0,0,1,740,2103,W,L,W vs. Phoenix Mercury 94-82,L @ Minnesota Lynx 82-94
2006,2006-06-18,Charlotte Sting,85,Indiana Fever,92,-7.0,7.0,0,1,740,2104,W,L,W vs. Charlotte Sting 92-85,L @ Indiana Fever 85-92
2006,2006-06-20,Connecticut Sun,90,Charlotte Sting,66,24.0,-24.0,1,0,741,2105,L,W,L vs. Connecticut Sun 66-90,W @ Charlotte Sting 90-66
2006,2006-06-21,Washington Mystics,66,New York Liberty,72,-6.0,6.0,0,1,742,2106,W,L,W vs. Washington Mystics 72-66,L @ New York Liberty 66-72
2006,2006-06-21,Phoenix Mercury,87,Seattle Storm,80,7.0,-7.0,1,0,742,2107,L,W,L vs. Phoenix Mercury 80-87,W @ Seattle Storm 87-80
2006,2006-06-21,Chicago Sky,55,Indiana Fever,77,-22.0,22.0,0,1,742,2108,W,L,W vs. Chicago Sky 77-55,L @ Indiana Fever 55-77
2006,2006-06-21,San Antonio Silver Stars,69,Sacramento Monarchs,75,-6.0,6.0,0,1,742,2109,W,L,W vs. San Antonio Silver Stars 75-69,L @ Sacramento Monarchs 69-75
2006,2006-06-21,Houston Comets,55,Los Angeles Sparks,75,-20.0,20.0,0,1,742,2110,W,L,W vs. Houston Comets 75-55,L @ Los Angeles Sparks 55-75
2006,2006-06-22,Minnesota Lynx,62,Connecticut Sun,79,-17.0,17.0,0,1,743,2111,W,L,W vs. Minnesota Lynx 79-62,L @ Connecticut Sun 62-79
2006,2006-06-22,Detroit Shock,86,Charlotte Sting,74,12.0,-12.0,1,0,743,2112,L,W,L vs. Detroit Shock 74-86,W @ Charlotte Sting 86-74
2006,2006-06-23,Charlotte Sting,70,Houston Comets,85,-15.0,15.0,0,1,744,2113,W,L,W vs. Charlotte Sting 85-70,L @ Houston Comets 70-85
2006,2006-06-23,San Antonio Silver Stars,57,Seattle Storm,87,-30.0,30.0,0,1,744,2114,W,L,W vs. San Antonio Silver Stars 87-57,L @ Seattle Storm 57-87
2006,2006-06-23,Indiana Fever,83,Phoenix Mercury,73,10.0,-10.0,1,0,744,2115,L,W,L vs. Indiana Fever 73-83,W @ Phoenix Mercury 83-73
2006,2006-06-23,Connecticut Sun,84,Chicago Sky,79,5.0,-5.0,1,0,744,2116,L,W,L vs. Connecticut Sun 79-84,W @ Chicago Sky 84-79
2006,2006-06-23,Los Angeles Sparks,77,Sacramento Monarchs,63,14.0,-14.0,1,0,744,2117,L,W,L vs. Los Angeles Sparks 63-77,W @ Sacramento Monarchs 77-63
2006,2006-06-24,Washington Mystics,86,Detroit Shock,92,-6.0,6.0,0,1,745,2118,W,L,W vs. Washington Mystics 92-86,L @ Detroit Shock 86-92
2006,2006-06-24,New York Liberty,93,Minnesota Lynx,83,10.0,-10.0,1,0,745,2119,L,W,L vs. New York Liberty 83-93,W @ Minnesota Lynx 93-83
2006,2006-06-25,Indiana Fever,61,Sacramento Monarchs,82,-21.0,21.0,0,1,746,2120,W,L,W vs. Indiana Fever 82-61,L @ Sacramento Monarchs 61-82
2006,2006-06-25,San Antonio Silver Stars,80,Los Angeles Sparks,105,-25.0,25.0,0,1,746,2121,W,L,W vs. San Antonio Silver Stars 105-80,L @ Los Angeles Sparks 80-105
2006,2006-06-25,Charlotte Sting,61,Detroit Shock,71,-10.0,10.0,0,1,746,2122,W,L,W vs. Charlotte Sting 71-61,L @ Detroit Shock 61-71
2006,2006-06-25,Seattle Storm,74,Houston Comets,84,-10.0,10.0,0,1,746,2123,W,L,W vs. Seattle Storm 84-74,L @ Houston Comets 74-84
2006,2006-06-25,Chicago Sky,77,Phoenix Mercury,90,-13.0,13.0,0,1,746,2124,W,L,W vs. Chicago Sky 90-77,L @ Phoenix Mercury 77-90
2006,2006-06-25,Connecticut Sun,80,Washington Mystics,87,-7.0,7.0,0,1,746,2125,W,L,W vs. Connecticut Sun 87-80,L @ Washington Mystics 80-87
2006,2006-06-27,Charlotte Sting,73,New York Liberty,67,6.0,-6.0,1,0,747,2126,L,W,L vs. Charlotte Sting 67-73,W @ New York Liberty 73-67
2006,2006-06-27,Detroit Shock,63,San Antonio Silver Stars,59,4.0,-4.0,1,0,747,2127,L,W,L vs. Detroit Shock 59-63,W @ San Antonio Silver Stars 63-59
2006,2006-06-27,Indiana Fever,74,Washington Mystics,67,7.0,-7.0,1,0,747,2128,L,W,L vs. Indiana Fever 67-74,W @ Washington Mystics 74-67
2006,2006-06-27,Houston Comets,57,Connecticut Sun,73,-16.0,16.0,0,1,747,2129,W,L,W vs. Houston Comets 73-57,L @ Connecticut Sun 57-73
2006,2006-06-27,Sacramento Monarchs,53,Seattle Storm,68,-15.0,15.0,0,1,747,2130,W,L,W vs. Sacramento Monarchs 68-53,L @ Seattle Storm 53-68
2006,2006-06-28,Minnesota Lynx,78,Phoenix Mercury,81,-3.0,3.0,0,1,748,2131,W,L,W vs. Minnesota Lynx 81-78,L @ Phoenix Mercury 78-81
2006,2006-06-28,Seattle Storm,75,Los Angeles Sparks,67,8.0,-8.0,1,0,748,2132,L,W,L vs. Seattle Storm 67-75,W @ Los Angeles Sparks 75-67
2006,2006-06-29,Detroit Shock,56,Indiana Fever,66,-10.0,10.0,0,1,749,2133,W,L,W vs. Detroit Shock 66-56,L @ Indiana Fever 56-66
2006,2006-06-29,Charlotte Sting,69,Chicago Sky,75,-6.0,6.0,0,1,749,2134,W,L,W vs. Charlotte Sting 75-69,L @ Chicago Sky 69-75
2006,2006-06-29,Minnesota Lynx,78,Sacramento Monarchs,87,-9.0,9.0,0,1,749,2135,W,L,W vs. Minnesota Lynx 87-78,L @ Sacramento Monarchs 78-87
2006,2006-06-29,Washington Mystics,76,Houston Comets,83,-7.0,7.0,0,1,749,2136,W,L,W vs. Washington Mystics 83-76,L @ Houston Comets 76-83
2006,2006-06-30,Phoenix Mercury,83,Los Angeles Sparks,85,-2.0,2.0,0,1,750,2137,W,L,W vs. Phoenix Mercury 85-83,L @ Los Angeles Sparks 83-85
2006,2006-06-30,Detroit Shock,70,Connecticut Sun,64,6.0,-6.0,1,0,750,2138,L,W,L vs. Detroit Shock 64-70,W @ Connecticut Sun 70-64
2006,2006-06-30,San Antonio Silver Stars,91,New York Liberty,78,13.0,-13.0,1,0,750,2139,L,W,L vs. San Antonio Silver Stars 78-91,W @ New York Liberty 91-78
2006,2006-07-01,Chicago Sky,57,San Antonio Silver Stars,69,-12.0,12.0,0,1,751,2140,W,L,W vs. Chicago Sky 69-57,L @ San Antonio Silver Stars 57-69
2006,2006-07-01,Sacramento Monarchs,65,Charlotte Sting,57,8.0,-8.0,1,0,751,2141,L,W,L vs. Sacramento Monarchs 57-65,W @ Charlotte Sting 65-57
2006,2006-07-01,Minnesota Lynx,75,Seattle Storm,92,-17.0,17.0,0,1,751,2142,W,L,W vs. Minnesota Lynx 92-75,L @ Seattle Storm 75-92
2006,2006-07-01,Connecticut Sun,76,Indiana Fever,66,10.0,-10.0,1,0,751,2143,L,W,L vs. Connecticut Sun 66-76,W @ Indiana Fever 76-66
2006,2006-07-01,Washington Mystics,75,Los Angeles Sparks,80,-5.0,5.0,0,1,751,2144,W,L,W vs. Washington Mystics 80-75,L @ Los Angeles Sparks 75-80
2006,2006-07-02,Sacramento Monarchs,62,Houston Comets,77,-15.0,15.0,0,1,752,2145,W,L,W vs. Sacramento Monarchs 77-62,L @ Houston Comets 62-77
2006,2006-07-02,Washington Mystics,81,Phoenix Mercury,78,3.0,-3.0,1,0,752,2146,L,W,L vs. Washington Mystics 78-81,W @ Phoenix Mercury 81-78
2006,2006-07-03,San Antonio Silver Stars,85,Los Angeles Sparks,63,22.0,-22.0,1,0,753,2147,L,W,L vs. San Antonio Silver Stars 63-85,W @ Los Angeles Sparks 85-63
2006,2006-07-05,Washington Mystics,74,Minnesota Lynx,84,-10.0,10.0,0,1,754,2148,W,L,W vs. Washington Mystics 84-74,L @ Minnesota Lynx 74-84
2006,2006-07-05,Houston Comets,62,Los Angeles Sparks,74,-12.0,12.0,0,1,754,2149,W,L,W vs. Houston Comets 74-62,L @ Los Angeles Sparks 62-74
2006,2006-07-06,Charlotte Sting,71,Connecticut Sun,76,-5.0,5.0,0,1,755,2150,W,L,W vs. Charlotte Sting 76-71,L @ Connecticut Sun 71-76
2006,2006-07-06,Sacramento Monarchs,79,New York Liberty,58,21.0,-21.0,1,0,755,2151,L,W,L vs. Sacramento Monarchs 58-79,W @ New York Liberty 79-58
2006,2006-07-06,Phoenix Mercury,91,Detroit Shock,76,15.0,-15.0,1,0,755,2152,L,W,L vs. Phoenix Mercury 76-91,W @ Detroit Shock 91-76
2006,2006-07-07,Indiana Fever,60,Los Angeles Sparks,72,-12.0,12.0,0,1,756,2153,W,L,W vs. Indiana Fever 72-60,L @ Los Angeles Sparks 60-72
2006,2006-07-07,Detroit Shock,92,Minnesota Lynx,80,12.0,-12.0,1,0,756,2154,L,W,L vs. Detroit Shock 80-92,W @ Minnesota Lynx 92-80
2006,2006-07-07,New York Liberty,73,Chicago Sky,78,-5.0,5.0,0,1,756,2155,W,L,W vs. New York Liberty 78-73,L @ Chicago Sky 73-78
2006,2006-07-07,Houston Comets,75,San Antonio Silver Stars,94,-19.0,19.0,0,1,756,2156,W,L,W vs. Houston Comets 94-75,L @ San Antonio Silver Stars 75-94
2006,2006-07-07,Sacramento Monarchs,73,Washington Mystics,60,13.0,-13.0,1,0,756,2157,L,W,L vs. Sacramento Monarchs 60-73,W @ Washington Mystics 73-60
2006,2006-07-08,Charlotte Sting,64,Los Angeles Sparks,66,-2.0,2.0,0,1,757,2158,W,L,W vs. Charlotte Sting 66-64,L @ Los Angeles Sparks 64-66
2006,2006-07-08,Phoenix Mercury,77,Connecticut Sun,82,-5.0,5.0,0,1,757,2159,W,L,W vs. Phoenix Mercury 82-77,L @ Connecticut Sun 77-82
2006,2006-07-09,Charlotte Sting,61,Sacramento Monarchs,70,-9.0,9.0,0,1,758,2160,W,L,W vs. Charlotte Sting 70-61,L @ Sacramento Monarchs 61-70
2006,2006-07-09,Chicago Sky,83,Washington Mystics,89,-6.0,6.0,0,1,758,2161,W,L,W vs. Chicago Sky 89-83,L @ Washington Mystics 83-89
2006,2006-07-09,Detroit Shock,66,Houston Comets,60,6.0,-6.0,1,0,758,2162,L,W,L vs. Detroit Shock 60-66,W @ Houston Comets 66-60
2006,2006-07-09,Phoenix Mercury,94,New York Liberty,88,6.0,-6.0,1,0,758,2163,L,W,L vs. Phoenix Mercury 88-94,W @ New York Liberty 94-88
2006,2006-07-09,San Antonio Silver Stars,80,Minnesota Lynx,85,-5.0,5.0,0,1,758,2164,W,L,W vs. San Antonio Silver Stars 85-80,L @ Minnesota Lynx 80-85
2006,2006-07-09,Indiana Fever,74,Seattle Storm,62,12.0,-12.0,1,0,758,2165,L,W,L vs. Indiana Fever 62-74,W @ Seattle Storm 74-62
2006,2006-07-14,Houston Comets,82,Chicago Sky,77,5.0,-5.0,1,0,759,2166,L,W,L vs. Houston Comets 77-82,W @ Chicago Sky 82-77
2006,2006-07-14,New York Liberty,66,Seattle Storm,86,-20.0,20.0,0,1,759,2167,W,L,W vs. New York Liberty 86-66,L @ Seattle Storm 66-86
2006,2006-07-14,Los Angeles Sparks,95,Phoenix Mercury,85,10.0,-10.0,1,0,759,2168,L,W,L vs. Los Angeles Sparks 85-95,W @ Phoenix Mercury 95-85
2006,2006-07-14,San Antonio Silver Stars,65,Charlotte Sting,81,-16.0,16.0,0,1,759,2169,W,L,W vs. San Antonio Silver Stars 81-65,L @ Charlotte Sting 65-81
2006,2006-07-15,Indiana Fever,65,Charlotte Sting,75,-10.0,10.0,0,1,760,2170,W,L,W vs. Indiana Fever 75-65,L @ Charlotte Sting 65-75
2006,2006-07-15,Connecticut Sun,63,Sacramento Monarchs,69,-6.0,6.0,0,1,760,2171,W,L,W vs. Connecticut Sun 69-63,L @ Sacramento Monarchs 63-69
2006,2006-07-16,Connecticut Sun,92,Seattle Storm,83,9.0,-9.0,1,0,761,2172,L,W,L vs. Connecticut Sun 83-92,W @ Seattle Storm 92-83
2006,2006-07-16,San Antonio Silver Stars,67,Detroit Shock,77,-10.0,10.0,0,1,761,2173,W,L,W vs. San Antonio Silver Stars 77-67,L @ Detroit Shock 67-77
2006,2006-07-16,New York Liberty,70,Phoenix Mercury,80,-10.0,10.0,0,1,761,2174,W,L,W vs. New York Liberty 80-70,L @ Phoenix Mercury 70-80
2006,2006-07-16,Houston Comets,56,Indiana Fever,60,-4.0,4.0,0,1,761,2175,W,L,W vs. Houston Comets 60-56,L @ Indiana Fever 56-60
2006,2006-07-16,Los Angeles Sparks,90,Minnesota Lynx,78,12.0,-12.0,1,0,761,2176,L,W,L vs. Los Angeles Sparks 78-90,W @ Minnesota Lynx 90-78
2006,2006-07-16,Washington Mystics,83,Chicago Sky,75,8.0,-8.0,1,0,761,2177,L,W,L vs. Washington Mystics 75-83,W @ Chicago Sky 83-75
2006,2006-07-18,Phoenix Mercury,65,Indiana Fever,71,-6.0,6.0,0,1,762,2178,W,L,W vs. Phoenix Mercury 71-65,L @ Indiana Fever 65-71
2006,2006-07-18,New York Liberty,62,Los Angeles Sparks,70,-8.0,8.0,0,1,762,2179,W,L,W vs. New York Liberty 70-62,L @ Los Angeles Sparks 62-70
2006,2006-07-18,Houston Comets,64,San Antonio Silver Stars,67,-3.0,3.0,0,1,762,2180,W,L,W vs. Houston Comets 67-64,L @ San Antonio Silver Stars 64-67
2006,2006-07-18,Sacramento Monarchs,74,Seattle Storm,61,13.0,-13.0,1,0,762,2181,L,W,L vs. Sacramento Monarchs 61-74,W @ Seattle Storm 74-61
2006,2006-07-19,Phoenix Mercury,96,Washington Mystics,83,13.0,-13.0,1,0,763,2182,L,W,L vs. Phoenix Mercury 83-96,W @ Washington Mystics 96-83
2006,2006-07-19,Charlotte Sting,73,Detroit Shock,67,6.0,-6.0,1,0,763,2183,L,W,L vs. Charlotte Sting 67-73,W @ Detroit Shock 73-67
2006,2006-07-19,Chicago Sky,82,Minnesota Lynx,90,-8.0,8.0,0,1,763,2184,W,L,W vs. Chicago Sky 90-82,L @ Minnesota Lynx 82-90
2006,2006-07-20,New York Liberty,62,Sacramento Monarchs,71,-9.0,9.0,0,1,764,2185,W,L,W vs. New York Liberty 71-62,L @ Sacramento Monarchs 62-71
2006,2006-07-20,Chicago Sky,72,Connecticut Sun,86,-14.0,14.0,0,1,764,2186,W,L,W vs. Chicago Sky 86-72,L @ Connecticut Sun 72-86
2006,2006-07-20,Minnesota Lynx,55,Houston Comets,78,-23.0,23.0,0,1,764,2187,W,L,W vs. Minnesota Lynx 78-55,L @ Houston Comets 55-78
2006,2006-07-20,Seattle Storm,72,Charlotte Sting,86,-14.0,14.0,0,1,764,2188,W,L,W vs. Seattle Storm 86-72,L @ Charlotte Sting 72-86
2006,2006-07-21,Los Angeles Sparks,59,Detroit Shock,73,-14.0,14.0,0,1,765,2189,W,L,W vs. Los Angeles Sparks 73-59,L @ Detroit Shock 59-73
2006,2006-07-21,Washington Mystics,80,San Antonio Silver Stars,77,3.0,-3.0,1,0,765,2190,L,W,L vs. Washington Mystics 77-80,W @ San Antonio Silver Stars 80-77
2006,2006-07-22,Chicago Sky,70,Detroit Shock,89,-19.0,19.0,0,1,766,2191,W,L,W vs. Chicago Sky 89-70,L @ Detroit Shock 70-89
2006,2006-07-22,Connecticut Sun,79,San Antonio Silver Stars,61,18.0,-18.0,1,0,766,2192,L,W,L vs. Connecticut Sun 61-79,W @ San Antonio Silver Stars 79-61
2006,2006-07-22,Seattle Storm,91,New York Liberty,54,37.0,-37.0,1,0,766,2193,L,W,L vs. Seattle Storm 54-91,W @ New York Liberty 91-54
2006,2006-07-22,Los Angeles Sparks,73,Indiana Fever,68,5.0,-5.0,1,0,766,2194,L,W,L vs. Los Angeles Sparks 68-73,W @ Indiana Fever 73-68
2006,2006-07-22,Phoenix Mercury,78,Charlotte Sting,74,4.0,-4.0,1,0,766,2195,L,W,L vs. Phoenix Mercury 74-78,W @ Charlotte Sting 78-74
2006,2006-07-22,Sacramento Monarchs,86,Minnesota Lynx,59,27.0,-27.0,1,0,766,2196,L,W,L vs. Sacramento Monarchs 59-86,W @ Minnesota Lynx 86-59
2006,2006-07-23,Seattle Storm,73,Washington Mystics,71,2.0,-2.0,1,0,767,2197,L,W,L vs. Seattle Storm 71-73,W @ Washington Mystics 73-71
2006,2006-07-24,Connecticut Sun,89,New York Liberty,71,18.0,-18.0,1,0,768,2198,L,W,L vs. Connecticut Sun 71-89,W @ New York Liberty 89-71
2006,2006-07-25,New York Liberty,79,Chicago Sky,72,7.0,-7.0,1,0,769,2199,L,W,L vs. New York Liberty 72-79,W @ Chicago Sky 79-72
2006,2006-07-25,Seattle Storm,91,Phoenix Mercury,85,6.0,-6.0,1,0,769,2200,L,W,L vs. Seattle Storm 85-91,W @ Phoenix Mercury 91-85
2006,2006-07-25,Sacramento Monarchs,60,Indiana Fever,75,-15.0,15.0,0,1,769,2201,W,L,W vs. Sacramento Monarchs 75-60,L @ Indiana Fever 60-75
2006,2006-07-25,Los Angeles Sparks,56,Houston Comets,52,4.0,-4.0,1,0,769,2202,L,W,L vs. Los Angeles Sparks 52-56,W @ Houston Comets 56-52
2006,2006-07-25,Minnesota Lynx,70,Charlotte Sting,62,8.0,-8.0,1,0,769,2203,L,W,L vs. Minnesota Lynx 62-70,W @ Charlotte Sting 70-62
2006,2006-07-25,Washington Mystics,73,Connecticut Sun,86,-13.0,13.0,0,1,769,2204,W,L,W vs. Washington Mystics 86-73,L @ Connecticut Sun 73-86
2006,2006-07-26,Los Angeles Sparks,81,San Antonio Silver Stars,67,14.0,-14.0,1,0,770,2205,L,W,L vs. Los Angeles Sparks 67-81,W @ San Antonio Silver Stars 81-67
2006,2006-07-26,Sacramento Monarchs,71,Detroit Shock,91,-20.0,20.0,0,1,770,2206,W,L,W vs. Sacramento Monarchs 91-71,L @ Detroit Shock 71-91
2006,2006-07-27,Charlotte Sting,81,Minnesota Lynx,68,13.0,-13.0,1,0,771,2207,L,W,L vs. Charlotte Sting 68-81,W @ Minnesota Lynx 81-68
2006,2006-07-27,Phoenix Mercury,95,Houston Comets,98,-3.0,3.0,0,1,771,2208,W,L,W vs. Phoenix Mercury 98-95,L @ Houston Comets 95-98
2006,2006-07-27,Chicago Sky,74,Washington Mystics,92,-18.0,18.0,0,1,771,2209,W,L,W vs. Chicago Sky 92-74,L @ Washington Mystics 74-92
2006,2006-07-28,Phoenix Mercury,96,San Antonio Silver Stars,98,-2.0,2.0,0,1,772,2210,W,L,W vs. Phoenix Mercury 98-96,L @ San Antonio Silver Stars 96-98
2006,2006-07-28,Detroit Shock,77,Seattle Storm,67,10.0,-10.0,1,0,772,2211,L,W,L vs. Detroit Shock 67-77,W @ Seattle Storm 77-67
2006,2006-07-28,Minnesota Lynx,65,Chicago Sky,79,-14.0,14.0,0,1,772,2212,W,L,W vs. Minnesota Lynx 79-65,L @ Chicago Sky 65-79
2006,2006-07-28,Sacramento Monarchs,68,Connecticut Sun,75,-7.0,7.0,0,1,772,2213,W,L,W vs. Sacramento Monarchs 75-68,L @ Connecticut Sun 68-75
2006,2006-07-29,New York Liberty,85,Charlotte Sting,80,5.0,-5.0,1,0,773,2214,L,W,L vs. New York Liberty 80-85,W @ Charlotte Sting 85-80
2006,2006-07-29,Washington Mystics,74,Indiana Fever,67,7.0,-7.0,1,0,773,2215,L,W,L vs. Washington Mystics 67-74,W @ Indiana Fever 74-67
2006,2006-07-30,Detroit Shock,61,Sacramento Monarchs,94,-33.0,33.0,0,1,774,2216,W,L,W vs. Detroit Shock 94-61,L @ Sacramento Monarchs 61-94
2006,2006-07-30,San Antonio Silver Stars,65,Connecticut Sun,72,-7.0,7.0,0,1,774,2217,W,L,W vs. San Antonio Silver Stars 72-65,L @ Connecticut Sun 65-72
2006,2006-07-30,Charlotte Sting,73,Washington Mystics,78,-5.0,5.0,0,1,774,2218,W,L,W vs. Charlotte Sting 78-73,L @ Washington Mystics 73-78
2006,2006-07-30,Indiana Fever,69,Chicago Sky,64,5.0,-5.0,1,0,774,2219,L,W,L vs. Indiana Fever 64-69,W @ Chicago Sky 69-64
2006,2006-07-30,Houston Comets,82,Phoenix Mercury,80,2.0,-2.0,1,0,774,2220,L,W,L vs. Houston Comets 80-82,W @ Phoenix Mercury 82-80
2006,2006-07-30,Minnesota Lynx,69,New York Liberty,78,-9.0,9.0,0,1,774,2221,W,L,W vs. Minnesota Lynx 78-69,L @ New York Liberty 69-78
2006,2006-07-30,Los Angeles Sparks,71,Seattle Storm,70,1.0,-1.0,1,0,774,2222,L,W,L vs. Los Angeles Sparks 70-71,W @ Seattle Storm 71-70
2006,2006-08-01,Los Angeles Sparks,74,Washington Mystics,84,-10.0,10.0,0,1,775,2223,W,L,W vs. Los Angeles Sparks 84-74,L @ Washington Mystics 74-84
2006,2006-08-01,Charlotte Sting,68,San Antonio Silver Stars,65,3.0,-3.0,1,0,775,2224,L,W,L vs. Charlotte Sting 65-68,W @ San Antonio Silver Stars 68-65
2006,2006-08-01,Phoenix Mercury,90,Chicago Sky,70,20.0,-20.0,1,0,775,2225,L,W,L vs. Phoenix Mercury 70-90,W @ Chicago Sky 90-70
2006,2006-08-01,Houston Comets,62,Sacramento Monarchs,74,-12.0,12.0,0,1,775,2226,W,L,W vs. Houston Comets 74-62,L @ Sacramento Monarchs 62-74
2006,2006-08-01,Seattle Storm,77,Minnesota Lynx,75,2.0,-2.0,1,0,775,2227,L,W,L vs. Seattle Storm 75-77,W @ Minnesota Lynx 77-75
2006,2006-08-01,Indiana Fever,66,Detroit Shock,70,-4.0,4.0,0,1,775,2228,W,L,W vs. Indiana Fever 70-66,L @ Detroit Shock 66-70
2006,2006-08-01,New York Liberty,52,Connecticut Sun,66,-14.0,14.0,0,1,775,2229,W,L,W vs. New York Liberty 66-52,L @ Connecticut Sun 52-66
2006,2006-08-03,Detroit Shock,67,New York Liberty,75,-8.0,8.0,0,1,776,2230,W,L,W vs. Detroit Shock 75-67,L @ New York Liberty 67-75
2006,2006-08-03,Minnesota Lynx,59,Indiana Fever,69,-10.0,10.0,0,1,776,2231,W,L,W vs. Minnesota Lynx 69-59,L @ Indiana Fever 59-69
2006,2006-08-03,Washington Mystics,78,Seattle Storm,86,-8.0,8.0,0,1,776,2232,W,L,W vs. Washington Mystics 86-78,L @ Seattle Storm 78-86
2006,2006-08-03,Los Angeles Sparks,63,Connecticut Sun,72,-9.0,9.0,0,1,776,2233,W,L,W vs. Los Angeles Sparks 72-63,L @ Connecticut Sun 63-72
2006,2006-08-03,Sacramento Monarchs,87,San Antonio Silver Stars,69,18.0,-18.0,1,0,776,2234,L,W,L vs. Sacramento Monarchs 69-87,W @ San Antonio Silver Stars 87-69
2006,2006-08-03,Charlotte Sting,84,Phoenix Mercury,112,-28.0,28.0,0,1,776,2235,W,L,W vs. Charlotte Sting 112-84,L @ Phoenix Mercury 84-112
2006,2006-08-04,Detroit Shock,76,Chicago Sky,49,27.0,-27.0,1,0,777,2236,L,W,L vs. Detroit Shock 49-76,W @ Chicago Sky 76-49
2006,2006-08-04,Houston Comets,77,Minnesota Lynx,73,4.0,-4.0,1,0,777,2237,L,W,L vs. Houston Comets 73-77,W @ Minnesota Lynx 77-73
2006,2006-08-05,Washington Mystics,95,Sacramento Monarchs,99,-4.0,4.0,0,1,778,2238,W,L,W vs. Washington Mystics 99-95,L @ Sacramento Monarchs 95-99
2006,2006-08-05,Charlotte Sting,81,Seattle Storm,87,-6.0,6.0,0,1,778,2239,W,L,W vs. Charlotte Sting 87-81,L @ Seattle Storm 81-87
2006,2006-08-05,Los Angeles Sparks,80,Phoenix Mercury,96,-16.0,16.0,0,1,778,2240,W,L,W vs. Los Angeles Sparks 96-80,L @ Phoenix Mercury 80-96
2006,2006-08-05,Chicago Sky,69,New York Liberty,80,-11.0,11.0,0,1,778,2241,W,L,W vs. Chicago Sky 80-69,L @ New York Liberty 69-80
2006,2006-08-05,San Antonio Silver Stars,70,Indiana Fever,76,-6.0,6.0,0,1,778,2242,W,L,W vs. San Antonio Silver Stars 76-70,L @ Indiana Fever 70-76
2006,2006-08-06,San Antonio Silver Stars,68,Minnesota Lynx,82,-14.0,14.0,0,1,779,2243,W,L,W vs. San Antonio Silver Stars 82-68,L @ Minnesota Lynx 68-82
2006,2006-08-06,New York Liberty,53,Detroit Shock,65,-12.0,12.0,0,1,779,2244,W,L,W vs. New York Liberty 65-53,L @ Detroit Shock 53-65
2006,2006-08-06,Connecticut Sun,86,Houston Comets,67,19.0,-19.0,1,0,779,2245,L,W,L vs. Connecticut Sun 67-86,W @ Houston Comets 86-67
2006,2006-08-08,Seattle Storm,81,Detroit Shock,79,2.0,-2.0,1,0,780,2246,L,W,L vs. Seattle Storm 79-81,W @ Detroit Shock 81-79
2006,2006-08-08,Minnesota Lynx,68,Phoenix Mercury,99,-31.0,31.0,0,1,780,2247,W,L,W vs. Minnesota Lynx 99-68,L @ Phoenix Mercury 68-99
2006,2006-08-08,Connecticut Sun,85,Chicago Sky,59,26.0,-26.0,1,0,780,2248,L,W,L vs. Connecticut Sun 59-85,W @ Chicago Sky 85-59
2006,2006-08-08,Houston Comets,57,Charlotte Sting,68,-11.0,11.0,0,1,780,2249,W,L,W vs. Houston Comets 68-57,L @ Charlotte Sting 57-68
2006,2006-08-08,Indiana Fever,77,New York Liberty,44,33.0,-33.0,1,0,780,2250,L,W,L vs. Indiana Fever 44-77,W @ New York Liberty 77-44
2006,2006-08-08,San Antonio Silver Stars,79,Washington Mystics,91,-12.0,12.0,0,1,780,2251,W,L,W vs. San Antonio Silver Stars 91-79,L @ Washington Mystics 79-91
2006,2006-08-09,Connecticut Sun,71,Indiana Fever,63,8.0,-8.0,1,0,781,2252,L,W,L vs. Connecticut Sun 63-71,W @ Indiana Fever 71-63
2006,2006-08-09,Sacramento Monarchs,58,Los Angeles Sparks,69,-11.0,11.0,0,1,781,2253,W,L,W vs. Sacramento Monarchs 69-58,L @ Los Angeles Sparks 58-69
2006,2006-08-10,Phoenix Mercury,111,Houston Comets,110,1.0,-1.0,1,0,782,2254,L,W,L vs. Phoenix Mercury 110-111,W @ Houston Comets 111-110
2006,2006-08-10,Minnesota Lynx,66,Sacramento Monarchs,74,-8.0,8.0,0,1,782,2255,W,L,W vs. Minnesota Lynx 74-66,L @ Sacramento Monarchs 66-74
2006,2006-08-10,Chicago Sky,48,Detroit Shock,82,-34.0,34.0,0,1,782,2256,W,L,W vs. Chicago Sky 82-48,L @ Detroit Shock 48-82
2006,2006-08-10,Seattle Storm,65,San Antonio Silver Stars,75,-10.0,10.0,0,1,782,2257,W,L,W vs. Seattle Storm 75-65,L @ San Antonio Silver Stars 65-75
2006,2006-08-11,Charlotte Sting,62,New York Liberty,64,-2.0,2.0,0,1,783,2258,W,L,W vs. Charlotte Sting 64-62,L @ New York Liberty 62-64
2006,2006-08-11,Indiana Fever,87,Connecticut Sun,68,19.0,-19.0,1,0,783,2259,L,W,L vs. Indiana Fever 68-87,W @ Connecticut Sun 87-68
2006,2006-08-11,Detroit Shock,66,Washington Mystics,78,-12.0,12.0,0,1,783,2260,W,L,W vs. Detroit Shock 78-66,L @ Washington Mystics 66-78
2006,2006-08-12,Seattle Storm,72,Houston Comets,89,-17.0,17.0,0,1,784,2261,W,L,W vs. Seattle Storm 89-72,L @ Houston Comets 72-89
2006,2006-08-12,Chicago Sky,57,Charlotte Sting,84,-27.0,27.0,0,1,784,2262,W,L,W vs. Chicago Sky 84-57,L @ Charlotte Sting 57-84
2006,2006-08-12,Phoenix Mercury,95,San Antonio Silver Stars,93,2.0,-2.0,1,0,784,2263,L,W,L vs. Phoenix Mercury 93-95,W @ San Antonio Silver Stars 95-93
2006,2006-08-13,Sacramento Monarchs,71,Phoenix Mercury,81,-10.0,10.0,0,1,785,2264,W,L,W vs. Sacramento Monarchs 81-71,L @ Phoenix Mercury 71-81
2006,2006-08-13,Chicago Sky,80,Indiana Fever,73,7.0,-7.0,1,0,785,2265,L,W,L vs. Chicago Sky 73-80,W @ Indiana Fever 80-73
2006,2006-08-13,Minnesota Lynx,59,Los Angeles Sparks,78,-19.0,19.0,0,1,785,2266,W,L,W vs. Minnesota Lynx 78-59,L @ Los Angeles Sparks 59-78
2006,2006-08-13,Washington Mystics,81,New York Liberty,93,-12.0,12.0,0,1,785,2267,W,L,W vs. Washington Mystics 93-81,L @ New York Liberty 81-93
2006,2006-08-13,Connecticut Sun,65,Detroit Shock,88,-23.0,23.0,0,1,785,2268,W,L,W vs. Connecticut Sun 88-65,L @ Detroit Shock 65-88
2006,2006-08-17,Sacramento Monarchs,93,Houston Comets,78,15.0,-15.0,1,0,786,2269,L,W,L vs. Sacramento Monarchs 78-93,W @ Houston Comets 93-78
2006,2006-08-17,Detroit Shock,68,Indiana Fever,56,12.0,-12.0,1,0,786,2270,L,W,L vs. Detroit Shock 56-68,W @ Indiana Fever 68-56
2006,2006-08-18,Connecticut Sun,76,Washington Mystics,61,15.0,-15.0,1,0,787,2271,L,W,L vs. Connecticut Sun 61-76,W @ Washington Mystics 76-61
2006,2006-08-18,Los Angeles Sparks,72,Seattle Storm,84,-12.0,12.0,0,1,787,2272,W,L,W vs. Los Angeles Sparks 84-72,L @ Seattle Storm 72-84
2006,2006-08-19,Houston Comets,64,Sacramento Monarchs,92,-28.0,28.0,0,1,788,2273,W,L,W vs. Houston Comets 92-64,L @ Sacramento Monarchs 64-92
2006,2006-08-19,Indiana Fever,83,Detroit Shock,98,-15.0,15.0,0,1,788,2274,W,L,W vs. Indiana Fever 98-83,L @ Detroit Shock 83-98
2006,2006-08-20,Washington Mystics,65,Connecticut Sun,68,-3.0,3.0,0,1,789,2275,W,L,W vs. Washington Mystics 68-65,L @ Connecticut Sun 65-68
2006,2006-08-20,Seattle Storm,70,Los Angeles Sparks,78,-8.0,8.0,0,1,789,2276,W,L,W vs. Seattle Storm 78-70,L @ Los Angeles Sparks 70-78
2006,2006-08-22,Seattle Storm,63,Los Angeles Sparks,68,-5.0,5.0,0,1,790,2277,W,L,W vs. Seattle Storm 68-63,L @ Los Angeles Sparks 63-68
2006,2006-08-24,Connecticut Sun,59,Detroit Shock,70,-11.0,11.0,0,1,791,2278,W,L,W vs. Connecticut Sun 70-59,L @ Detroit Shock 59-70
2006,2006-08-24,Los Angeles Sparks,61,Sacramento Monarchs,64,-3.0,3.0,0,1,791,2279,W,L,W vs. Los Angeles Sparks 64-61,L @ Sacramento Monarchs 61-64
2006,2006-08-26,Sacramento Monarchs,72,Los Angeles Sparks,58,14.0,-14.0,1,0,792,2280,L,W,L vs. Sacramento Monarchs 58-72,W @ Los Angeles Sparks 72-58
2006,2006-08-26,Detroit Shock,68,Connecticut Sun,77,-9.0,9.0,0,1,792,2281,W,L,W vs. Detroit Shock 77-68,L @ Connecticut Sun 68-77
2006,2006-08-27,Detroit Shock,79,Connecticut Sun,55,24.0,-24.0,1,0,793,2282,L,W,L vs. Detroit Shock 55-79,W @ Connecticut Sun 79-55
2006,2006-08-30,Sacramento Monarchs,95,Detroit Shock,71,24.0,-24.0,1,0,794,2283,L,W,L vs. Sacramento Monarchs 71-95,W @ Detroit Shock 95-71
2006,2006-09-01,Sacramento Monarchs,63,Detroit Shock,73,-10.0,10.0,0,1,795,2284,W,L,W vs. Sacramento Monarchs 73-63,L @ Detroit Shock 63-73
2006,2006-09-03,Detroit Shock,69,Sacramento Monarchs,89,-20.0,20.0,0,1,796,2285,W,L,W vs. Detroit Shock 89-69,L @ Sacramento Monarchs 69-89
2006,2006-09-06,Detroit Shock,72,Sacramento Monarchs,52,20.0,-20.0,1,0,797,2286,L,W,L vs. Detroit Shock 52-72,W @ Sacramento Monarchs 72-52
2006,2006-09-09,Sacramento Monarchs,75,Detroit Shock,80,-5.0,5.0,0,1,798,2287,W,L,W vs. Sacramento Monarchs 80-75,L @ Detroit Shock 75-80
2007,2007-05-19,Connecticut Sun,89,Washington Mystics,80,9.0,-9.0,1,0,799,2288,L,W,L vs. Connecticut Sun 80-89,W @ Washington Mystics 89-80
2007,2007-05-19,Sacramento Monarchs,68,Detroit Shock,75,-7.0,7.0,0,1,799,2289,W,L,W vs. Sacramento Monarchs 75-68,L @ Detroit Shock 68-75
2007,2007-05-19,Houston Comets,69,Seattle Storm,82,-13.0,13.0,0,1,799,2290,W,L,W vs. Houston Comets 82-69,L @ Seattle Storm 69-82
2007,2007-05-19,Minnesota Lynx,64,Indiana Fever,83,-19.0,19.0,0,1,799,2291,W,L,W vs. Minnesota Lynx 83-64,L @ Indiana Fever 64-83
2007,2007-05-19,San Antonio Silver Stars,72,Phoenix Mercury,81,-9.0,9.0,0,1,799,2292,W,L,W vs. San Antonio Silver Stars 81-72,L @ Phoenix Mercury 72-81
2007,2007-05-20,Chicago Sky,71,New York Liberty,83,-12.0,12.0,0,1,800,2293,W,L,W vs. Chicago Sky 83-71,L @ New York Liberty 71-83
2007,2007-05-20,Sacramento Monarchs,74,Minnesota Lynx,64,10.0,-10.0,1,0,800,2294,L,W,L vs. Sacramento Monarchs 64-74,W @ Minnesota Lynx 74-64
2007,2007-05-22,Sacramento Monarchs,70,Washington Mystics,52,18.0,-18.0,1,0,801,2295,L,W,L vs. Sacramento Monarchs 52-70,W @ Washington Mystics 70-52
2007,2007-05-22,Los Angeles Sparks,81,Chicago Sky,64,17.0,-17.0,1,0,801,2296,L,W,L vs. Los Angeles Sparks 64-81,W @ Chicago Sky 81-64
2007,2007-05-22,Minnesota Lynx,75,Detroit Shock,85,-10.0,10.0,0,1,801,2297,W,L,W vs. Minnesota Lynx 85-75,L @ Detroit Shock 75-85
2007,2007-05-23,Connecticut Sun,71,San Antonio Silver Stars,74,-3.0,3.0,0,1,802,2298,W,L,W vs. Connecticut Sun 74-71,L @ San Antonio Silver Stars 71-74
2007,2007-05-23,Phoenix Mercury,87,Seattle Storm,100,-13.0,13.0,0,1,802,2299,W,L,W vs. Phoenix Mercury 100-87,L @ Seattle Storm 87-100
2007,2007-05-24,Los Angeles Sparks,70,Indiana Fever,83,-13.0,13.0,0,1,803,2300,W,L,W vs. Los Angeles Sparks 83-70,L @ Indiana Fever 70-83
2007,2007-05-24,Washington Mystics,76,New York Liberty,81,-5.0,5.0,0,1,803,2301,W,L,W vs. Washington Mystics 81-76,L @ New York Liberty 76-81
2007,2007-05-25,Chicago Sky,82,Minnesota Lynx,77,5.0,-5.0,1,0,804,2302,L,W,L vs. Chicago Sky 77-82,W @ Minnesota Lynx 82-77
2007,2007-05-25,Houston Comets,85,Phoenix Mercury,111,-26.0,26.0,0,1,804,2303,W,L,W vs. Houston Comets 111-85,L @ Phoenix Mercury 85-111
2007,2007-05-25,Seattle Storm,71,San Antonio Silver Stars,82,-11.0,11.0,0,1,804,2304,W,L,W vs. Seattle Storm 82-71,L @ San Antonio Silver Stars 71-82
2007,2007-05-26,Los Angeles Sparks,88,Connecticut Sun,68,20.0,-20.0,1,0,805,2305,L,W,L vs. Los Angeles Sparks 68-88,W @ Connecticut Sun 88-68
2007,2007-05-29,San Antonio Silver Stars,82,Houston Comets,71,11.0,-11.0,1,0,806,2306,L,W,L vs. San Antonio Silver Stars 71-82,W @ Houston Comets 82-71
2007,2007-05-29,Sacramento Monarchs,75,Phoenix Mercury,76,-1.0,1.0,0,1,806,2307,W,L,W vs. Sacramento Monarchs 76-75,L @ Phoenix Mercury 75-76
2007,2007-05-29,Indiana Fever,89,Minnesota Lynx,75,14.0,-14.0,1,0,806,2308,L,W,L vs. Indiana Fever 75-89,W @ Minnesota Lynx 89-75
2007,2007-05-30,Washington Mystics,79,Detroit Shock,94,-15.0,15.0,0,1,807,2309,W,L,W vs. Washington Mystics 94-79,L @ Detroit Shock 79-94
2007,2007-05-31,Phoenix Mercury,97,San Antonio Silver Stars,85,12.0,-12.0,1,0,808,2310,L,W,L vs. Phoenix Mercury 85-97,W @ San Antonio Silver Stars 97-85
2007,2007-05-31,Connecticut Sun,102,Chicago Sky,97,5.0,-5.0,1,0,808,2311,L,W,L vs. Connecticut Sun 97-102,W @ Chicago Sky 102-97
2007,2007-06-01,Chicago Sky,75,Washington Mystics,70,5.0,-5.0,1,0,809,2312,L,W,L vs. Chicago Sky 70-75,W @ Washington Mystics 75-70
2007,2007-06-01,New York Liberty,70,Minnesota Lynx,60,10.0,-10.0,1,0,809,2313,L,W,L vs. New York Liberty 60-70,W @ Minnesota Lynx 70-60
2007,2007-06-02,Los Angeles Sparks,85,Sacramento Monarchs,88,-3.0,3.0,0,1,810,2314,W,L,W vs. Los Angeles Sparks 88-85,L @ Sacramento Monarchs 85-88
2007,2007-06-02,Detroit Shock,77,Houston Comets,71,6.0,-6.0,1,0,810,2315,L,W,L vs. Detroit Shock 71-77,W @ Houston Comets 77-71
2007,2007-06-02,San Antonio Silver Stars,78,Seattle Storm,68,10.0,-10.0,1,0,810,2316,L,W,L vs. San Antonio Silver Stars 68-78,W @ Seattle Storm 78-68
2007,2007-06-02,Phoenix Mercury,67,Connecticut Sun,76,-9.0,9.0,0,1,810,2317,W,L,W vs. Phoenix Mercury 76-67,L @ Connecticut Sun 67-76
2007,2007-06-03,Washington Mystics,66,Indiana Fever,70,-4.0,4.0,0,1,811,2318,W,L,W vs. Washington Mystics 70-66,L @ Indiana Fever 66-70
2007,2007-06-03,Phoenix Mercury,82,New York Liberty,83,-1.0,1.0,0,1,811,2319,W,L,W vs. Phoenix Mercury 83-82,L @ New York Liberty 82-83
2007,2007-06-03,Minnesota Lynx,72,Chicago Sky,78,-6.0,6.0,0,1,811,2320,W,L,W vs. Minnesota Lynx 78-72,L @ Chicago Sky 72-78
2007,2007-06-05,San Antonio Silver Stars,57,Sacramento Monarchs,74,-17.0,17.0,0,1,812,2321,W,L,W vs. San Antonio Silver Stars 74-57,L @ Sacramento Monarchs 57-74
2007,2007-06-05,Minnesota Lynx,90,Phoenix Mercury,85,5.0,-5.0,1,0,812,2322,L,W,L vs. Minnesota Lynx 85-90,W @ Phoenix Mercury 90-85
2007,2007-06-05,Indiana Fever,67,New York Liberty,78,-11.0,11.0,0,1,812,2323,W,L,W vs. Indiana Fever 78-67,L @ New York Liberty 67-78
2007,2007-06-06,Houston Comets,59,Indiana Fever,84,-25.0,25.0,0,1,813,2324,W,L,W vs. Houston Comets 84-59,L @ Indiana Fever 59-84
2007,2007-06-07,Seattle Storm,72,Sacramento Monarchs,81,-9.0,9.0,0,1,814,2325,W,L,W vs. Seattle Storm 81-72,L @ Sacramento Monarchs 72-81
2007,2007-06-07,Chicago Sky,66,Phoenix Mercury,80,-14.0,14.0,0,1,814,2326,W,L,W vs. Chicago Sky 80-66,L @ Phoenix Mercury 66-80
2007,2007-06-08,Minnesota Lynx,87,Los Angeles Sparks,90,-3.0,3.0,0,1,815,2327,W,L,W vs. Minnesota Lynx 90-87,L @ Los Angeles Sparks 87-90
2007,2007-06-08,Connecticut Sun,88,Houston Comets,77,11.0,-11.0,1,0,815,2328,L,W,L vs. Connecticut Sun 77-88,W @ Houston Comets 88-77
2007,2007-06-08,Indiana Fever,74,Washington Mystics,69,5.0,-5.0,1,0,815,2329,L,W,L vs. Indiana Fever 69-74,W @ Washington Mystics 74-69
2007,2007-06-08,Detroit Shock,67,New York Liberty,57,10.0,-10.0,1,0,815,2330,L,W,L vs. Detroit Shock 57-67,W @ New York Liberty 67-57
2007,2007-06-09,Minnesota Lynx,76,Seattle Storm,90,-14.0,14.0,0,1,816,2331,W,L,W vs. Minnesota Lynx 90-76,L @ Seattle Storm 76-90
2007,2007-06-09,Phoenix Mercury,74,Sacramento Monarchs,70,4.0,-4.0,1,0,816,2332,L,W,L vs. Phoenix Mercury 70-74,W @ Sacramento Monarchs 74-70
2007,2007-06-09,Chicago Sky,70,San Antonio Silver Stars,60,10.0,-10.0,1,0,816,2333,L,W,L vs. Chicago Sky 60-70,W @ San Antonio Silver Stars 70-60
2007,2007-06-10,Detroit Shock,79,Connecticut Sun,74,5.0,-5.0,1,0,817,2334,L,W,L vs. Detroit Shock 74-79,W @ Connecticut Sun 79-74
2007,2007-06-10,New York Liberty,61,Indiana Fever,80,-19.0,19.0,0,1,817,2335,W,L,W vs. New York Liberty 80-61,L @ Indiana Fever 61-80
2007,2007-06-11,Sacramento Monarchs,82,Houston Comets,67,15.0,-15.0,1,0,818,2336,L,W,L vs. Sacramento Monarchs 67-82,W @ Houston Comets 82-67
2007,2007-06-12,Washington Mystics,69,New York Liberty,79,-10.0,10.0,0,1,819,2337,W,L,W vs. Washington Mystics 79-69,L @ New York Liberty 69-79
2007,2007-06-12,Seattle Storm,81,Chicago Sky,69,12.0,-12.0,1,0,819,2338,L,W,L vs. Seattle Storm 69-81,W @ Chicago Sky 81-69
2007,2007-06-13,Phoenix Mercury,69,Washington Mystics,86,-17.0,17.0,0,1,820,2339,W,L,W vs. Phoenix Mercury 86-69,L @ Washington Mystics 69-86
2007,2007-06-13,Houston Comets,71,Los Angeles Sparks,74,-3.0,3.0,0,1,820,2340,W,L,W vs. Houston Comets 74-71,L @ Los Angeles Sparks 71-74
2007,2007-06-13,Connecticut Sun,73,Minnesota Lynx,77,-4.0,4.0,0,1,820,2341,W,L,W vs. Connecticut Sun 77-73,L @ Minnesota Lynx 73-77
2007,2007-06-13,Seattle Storm,62,Indiana Fever,90,-28.0,28.0,0,1,820,2342,W,L,W vs. Seattle Storm 90-62,L @ Indiana Fever 62-90
2007,2007-06-15,Connecticut Sun,72,Detroit Shock,75,-3.0,3.0,0,1,821,2343,W,L,W vs. Connecticut Sun 75-72,L @ Detroit Shock 72-75
2007,2007-06-15,Houston Comets,71,Seattle Storm,84,-13.0,13.0,0,1,821,2344,W,L,W vs. Houston Comets 84-71,L @ Seattle Storm 71-84
2007,2007-06-15,New York Liberty,66,Chicago Sky,73,-7.0,7.0,0,1,821,2345,W,L,W vs. New York Liberty 73-66,L @ Chicago Sky 66-73
2007,2007-06-15,Phoenix Mercury,89,Indiana Fever,78,11.0,-11.0,1,0,821,2346,L,W,L vs. Phoenix Mercury 78-89,W @ Indiana Fever 89-78
2007,2007-06-15,Los Angeles Sparks,89,Washington Mystics,80,9.0,-9.0,1,0,821,2347,L,W,L vs. Los Angeles Sparks 80-89,W @ Washington Mystics 89-80
2007,2007-06-16,Los Angeles Sparks,58,Minnesota Lynx,83,-25.0,25.0,0,1,822,2348,W,L,W vs. Los Angeles Sparks 83-58,L @ Minnesota Lynx 58-83
2007,2007-06-16,Indiana Fever,77,Detroit Shock,67,10.0,-10.0,1,0,822,2349,L,W,L vs. Indiana Fever 67-77,W @ Detroit Shock 77-67
2007,2007-06-16,Houston Comets,63,Sacramento Monarchs,75,-12.0,12.0,0,1,822,2350,W,L,W vs. Houston Comets 75-63,L @ Sacramento Monarchs 63-75
2007,2007-06-16,New York Liberty,71,San Antonio Silver Stars,79,-8.0,8.0,0,1,822,2351,W,L,W vs. New York Liberty 79-71,L @ San Antonio Silver Stars 71-79
2007,2007-06-17,Chicago Sky,87,Connecticut Sun,74,13.0,-13.0,1,0,823,2352,L,W,L vs. Chicago Sky 74-87,W @ Connecticut Sun 87-74
2007,2007-06-18,Detroit Shock,79,Los Angeles Sparks,73,6.0,-6.0,1,0,824,2353,L,W,L vs. Detroit Shock 73-79,W @ Los Angeles Sparks 79-73
2007,2007-06-19,Sacramento Monarchs,54,Chicago Sky,52,2.0,-2.0,1,0,825,2354,L,W,L vs. Sacramento Monarchs 52-54,W @ Chicago Sky 54-52
2007,2007-06-20,Detroit Shock,87,Seattle Storm,71,16.0,-16.0,1,0,826,2355,L,W,L vs. Detroit Shock 71-87,W @ Seattle Storm 87-71
2007,2007-06-20,Los Angeles Sparks,64,Houston Comets,74,-10.0,10.0,0,1,826,2356,W,L,W vs. Los Angeles Sparks 74-64,L @ Houston Comets 64-74
2007,2007-06-20,New York Liberty,76,Connecticut Sun,73,3.0,-3.0,1,0,826,2357,L,W,L vs. New York Liberty 73-76,W @ Connecticut Sun 76-73
2007,2007-06-20,Washington Mystics,106,Phoenix Mercury,101,5.0,-5.0,1,0,826,2358,L,W,L vs. Washington Mystics 101-106,W @ Phoenix Mercury 106-101
2007,2007-06-20,Minnesota Lynx,73,San Antonio Silver Stars,80,-7.0,7.0,0,1,826,2359,W,L,W vs. Minnesota Lynx 80-73,L @ San Antonio Silver Stars 73-80
2007,2007-06-22,Washington Mystics,85,Houston Comets,95,-10.0,10.0,0,1,827,2360,W,L,W vs. Washington Mystics 95-85,L @ Houston Comets 85-95
2007,2007-06-22,Sacramento Monarchs,88,Los Angeles Sparks,96,-8.0,8.0,0,1,827,2361,W,L,W vs. Sacramento Monarchs 96-88,L @ Los Angeles Sparks 88-96
2007,2007-06-22,Seattle Storm,76,Minnesota Lynx,78,-2.0,2.0,0,1,827,2362,W,L,W vs. Seattle Storm 78-76,L @ Minnesota Lynx 76-78
2007,2007-06-22,Connecticut Sun,78,Indiana Fever,74,4.0,-4.0,1,0,827,2363,L,W,L vs. Connecticut Sun 74-78,W @ Indiana Fever 78-74
2007,2007-06-22,Detroit Shock,87,Phoenix Mercury,84,3.0,-3.0,1,0,827,2364,L,W,L vs. Detroit Shock 84-87,W @ Phoenix Mercury 87-84
2007,2007-06-22,San Antonio Silver Stars,70,New York Liberty,63,7.0,-7.0,1,0,827,2365,L,W,L vs. San Antonio Silver Stars 63-70,W @ New York Liberty 70-63
2007,2007-06-23,Detroit Shock,75,Sacramento Monarchs,85,-10.0,10.0,0,1,828,2366,W,L,W vs. Detroit Shock 85-75,L @ Sacramento Monarchs 75-85
2007,2007-06-23,San Antonio Silver Stars,71,Connecticut Sun,58,13.0,-13.0,1,0,828,2367,L,W,L vs. San Antonio Silver Stars 58-71,W @ Connecticut Sun 71-58
2007,2007-06-23,Washington Mystics,99,Chicago Sky,86,13.0,-13.0,1,0,828,2368,L,W,L vs. Washington Mystics 86-99,W @ Chicago Sky 99-86
2007,2007-06-24,Houston Comets,85,Phoenix Mercury,90,-5.0,5.0,0,1,829,2369,W,L,W vs. Houston Comets 90-85,L @ Phoenix Mercury 85-90
2007,2007-06-24,Indiana Fever,74,New York Liberty,63,11.0,-11.0,1,0,829,2370,L,W,L vs. Indiana Fever 63-74,W @ New York Liberty 74-63
2007,2007-06-24,Seattle Storm,83,Los Angeles Sparks,71,12.0,-12.0,1,0,829,2371,L,W,L vs. Seattle Storm 71-83,W @ Los Angeles Sparks 83-71
2007,2007-06-26,New York Liberty,46,Sacramento Monarchs,59,-13.0,13.0,0,1,830,2372,W,L,W vs. New York Liberty 59-46,L @ Sacramento Monarchs 46-59
2007,2007-06-26,San Antonio Silver Stars,67,Houston Comets,75,-8.0,8.0,0,1,830,2373,W,L,W vs. San Antonio Silver Stars 75-67,L @ Houston Comets 67-75
2007,2007-06-26,Washington Mystics,91,Connecticut Sun,75,16.0,-16.0,1,0,830,2374,L,W,L vs. Washington Mystics 75-91,W @ Connecticut Sun 91-75
2007,2007-06-26,Chicago Sky,76,Seattle Storm,94,-18.0,18.0,0,1,830,2375,W,L,W vs. Chicago Sky 94-76,L @ Seattle Storm 76-94
2007,2007-06-27,Connecticut Sun,74,Detroit Shock,77,-3.0,3.0,0,1,831,2376,W,L,W vs. Connecticut Sun 77-74,L @ Detroit Shock 74-77
2007,2007-06-27,Sacramento Monarchs,66,Los Angeles Sparks,74,-8.0,8.0,0,1,831,2377,W,L,W vs. Sacramento Monarchs 74-66,L @ Los Angeles Sparks 66-74
2007,2007-06-28,Seattle Storm,76,Houston Comets,81,-5.0,5.0,0,1,832,2378,W,L,W vs. Seattle Storm 81-76,L @ Houston Comets 76-81
2007,2007-06-29,Detroit Shock,64,Washington Mystics,65,-1.0,1.0,0,1,833,2379,W,L,W vs. Detroit Shock 65-64,L @ Washington Mystics 64-65
2007,2007-06-29,Indiana Fever,67,Connecticut Sun,72,-5.0,5.0,0,1,833,2380,W,L,W vs. Indiana Fever 72-67,L @ Connecticut Sun 67-72
2007,2007-06-29,Minnesota Lynx,77,San Antonio Silver Stars,66,11.0,-11.0,1,0,833,2381,L,W,L vs. Minnesota Lynx 66-77,W @ San Antonio Silver Stars 77-66
2007,2007-06-29,Chicago Sky,92,Sacramento Monarchs,84,8.0,-8.0,1,0,833,2382,L,W,L vs. Chicago Sky 84-92,W @ Sacramento Monarchs 92-84
2007,2007-06-29,New York Liberty,80,Los Angeles Sparks,68,12.0,-12.0,1,0,833,2383,L,W,L vs. New York Liberty 68-80,W @ Los Angeles Sparks 80-68
2007,2007-06-30,Phoenix Mercury,92,Houston Comets,75,17.0,-17.0,1,0,834,2384,L,W,L vs. Phoenix Mercury 75-92,W @ Houston Comets 92-75
2007,2007-07-01,Chicago Sky,74,Los Angeles Sparks,71,3.0,-3.0,1,0,835,2385,L,W,L vs. Chicago Sky 71-74,W @ Los Angeles Sparks 74-71
2007,2007-07-01,New York Liberty,53,Seattle Storm,84,-31.0,31.0,0,1,835,2386,W,L,W vs. New York Liberty 84-53,L @ Seattle Storm 53-84
2007,2007-07-01,Indiana Fever,69,Washington Mystics,62,7.0,-7.0,1,0,835,2387,L,W,L vs. Indiana Fever 62-69,W @ Washington Mystics 69-62
2007,2007-07-01,Minnesota Lynx,68,Sacramento Monarchs,76,-8.0,8.0,0,1,835,2388,W,L,W vs. Minnesota Lynx 76-68,L @ Sacramento Monarchs 68-76
2007,2007-07-01,San Antonio Silver Stars,71,Detroit Shock,68,3.0,-3.0,1,0,835,2389,L,W,L vs. San Antonio Silver Stars 68-71,W @ Detroit Shock 71-68
2007,2007-07-03,Phoenix Mercury,95,Minnesota Lynx,79,16.0,-16.0,1,0,836,2390,L,W,L vs. Phoenix Mercury 79-95,W @ Minnesota Lynx 95-79
2007,2007-07-03,San Antonio Silver Stars,84,Washington Mystics,79,5.0,-5.0,1,0,836,2391,L,W,L vs. San Antonio Silver Stars 79-84,W @ Washington Mystics 84-79
2007,2007-07-03,Los Angeles Sparks,71,Seattle Storm,90,-19.0,19.0,0,1,836,2392,W,L,W vs. Los Angeles Sparks 90-71,L @ Seattle Storm 71-90
2007,2007-07-05,Indiana Fever,57,Los Angeles Sparks,56,1.0,-1.0,1,0,837,2393,L,W,L vs. Indiana Fever 56-57,W @ Los Angeles Sparks 57-56
2007,2007-07-06,Connecticut Sun,109,Phoenix Mercury,111,-2.0,2.0,0,1,838,2394,W,L,W vs. Connecticut Sun 111-109,L @ Phoenix Mercury 109-111
2007,2007-07-06,New York Liberty,82,Detroit Shock,81,1.0,-1.0,1,0,838,2395,L,W,L vs. New York Liberty 81-82,W @ Detroit Shock 82-81
2007,2007-07-06,Seattle Storm,71,Houston Comets,55,16.0,-16.0,1,0,838,2396,L,W,L vs. Seattle Storm 55-71,W @ Houston Comets 71-55
2007,2007-07-06,Sacramento Monarchs,85,Minnesota Lynx,80,5.0,-5.0,1,0,838,2397,L,W,L vs. Sacramento Monarchs 80-85,W @ Minnesota Lynx 85-80
2007,2007-07-07,Connecticut Sun,110,Los Angeles Sparks,89,21.0,-21.0,1,0,839,2398,L,W,L vs. Connecticut Sun 89-110,W @ Los Angeles Sparks 110-89
2007,2007-07-07,Seattle Storm,73,San Antonio Silver Stars,80,-7.0,7.0,0,1,839,2399,W,L,W vs. Seattle Storm 80-73,L @ San Antonio Silver Stars 73-80
2007,2007-07-07,Washington Mystics,77,Chicago Sky,73,4.0,-4.0,1,0,839,2400,L,W,L vs. Washington Mystics 73-77,W @ Chicago Sky 77-73
2007,2007-07-08,Phoenix Mercury,82,Detroit Shock,111,-29.0,29.0,0,1,840,2401,W,L,W vs. Phoenix Mercury 111-82,L @ Detroit Shock 82-111
2007,2007-07-08,Chicago Sky,70,Indiana Fever,86,-16.0,16.0,0,1,840,2402,W,L,W vs. Chicago Sky 86-70,L @ Indiana Fever 70-86
2007,2007-07-08,Houston Comets,79,Minnesota Lynx,67,12.0,-12.0,1,0,840,2403,L,W,L vs. Houston Comets 67-79,W @ Minnesota Lynx 79-67
2007,2007-07-08,Sacramento Monarchs,61,New York Liberty,71,-10.0,10.0,0,1,840,2404,W,L,W vs. Sacramento Monarchs 71-61,L @ New York Liberty 61-71
2007,2007-07-10,Minnesota Lynx,83,Washington Mystics,91,-8.0,8.0,0,1,841,2405,W,L,W vs. Minnesota Lynx 91-83,L @ Washington Mystics 83-91
2007,2007-07-10,Seattle Storm,82,Los Angeles Sparks,47,35.0,-35.0,1,0,841,2406,L,W,L vs. Seattle Storm 47-82,W @ Los Angeles Sparks 82-47
2007,2007-07-10,Chicago Sky,84,Detroit Shock,92,-8.0,8.0,0,1,841,2407,W,L,W vs. Chicago Sky 92-84,L @ Detroit Shock 84-92
2007,2007-07-10,Indiana Fever,79,Houston Comets,77,2.0,-2.0,1,0,841,2408,L,W,L vs. Indiana Fever 77-79,W @ Houston Comets 79-77
2007,2007-07-11,San Antonio Silver Stars,87,Phoenix Mercury,77,10.0,-10.0,1,0,842,2409,L,W,L vs. San Antonio Silver Stars 77-87,W @ Phoenix Mercury 87-77
2007,2007-07-11,Connecticut Sun,76,Seattle Storm,63,13.0,-13.0,1,0,842,2410,L,W,L vs. Connecticut Sun 63-76,W @ Seattle Storm 76-63
2007,2007-07-12,Minnesota Lynx,77,Houston Comets,87,-10.0,10.0,0,1,843,2411,W,L,W vs. Minnesota Lynx 87-77,L @ Houston Comets 77-87
2007,2007-07-12,Connecticut Sun,82,Sacramento Monarchs,78,4.0,-4.0,1,0,843,2412,L,W,L vs. Connecticut Sun 78-82,W @ Sacramento Monarchs 82-78
2007,2007-07-12,Detroit Shock,78,Chicago Sky,65,13.0,-13.0,1,0,843,2413,L,W,L vs. Detroit Shock 65-78,W @ Chicago Sky 78-65
2007,2007-07-12,New York Liberty,63,Indiana Fever,79,-16.0,16.0,0,1,843,2414,W,L,W vs. New York Liberty 79-63,L @ Indiana Fever 63-79
2007,2007-07-17,Seattle Storm,79,Phoenix Mercury,89,-10.0,10.0,0,1,844,2415,W,L,W vs. Seattle Storm 89-79,L @ Phoenix Mercury 79-89
2007,2007-07-17,San Antonio Silver Stars,63,Los Angeles Sparks,61,2.0,-2.0,1,0,844,2416,L,W,L vs. San Antonio Silver Stars 61-63,W @ Los Angeles Sparks 63-61
2007,2007-07-17,Minnesota Lynx,79,Connecticut Sun,84,-5.0,5.0,0,1,844,2417,W,L,W vs. Minnesota Lynx 84-79,L @ Connecticut Sun 79-84
2007,2007-07-18,New York Liberty,82,Detroit Shock,87,-5.0,5.0,0,1,845,2418,W,L,W vs. New York Liberty 87-82,L @ Detroit Shock 82-87
2007,2007-07-18,Houston Comets,58,Washington Mystics,65,-7.0,7.0,0,1,845,2419,W,L,W vs. Houston Comets 65-58,L @ Washington Mystics 58-65
2007,2007-07-18,Chicago Sky,74,Indiana Fever,75,-1.0,1.0,0,1,845,2420,W,L,W vs. Chicago Sky 75-74,L @ Indiana Fever 74-75
2007,2007-07-20,Detroit Shock,89,Indiana Fever,80,9.0,-9.0,1,0,846,2421,L,W,L vs. Detroit Shock 80-89,W @ Indiana Fever 89-80
2007,2007-07-20,Houston Comets,80,New York Liberty,74,6.0,-6.0,1,0,846,2422,L,W,L vs. Houston Comets 74-80,W @ New York Liberty 80-74
2007,2007-07-20,Sacramento Monarchs,71,San Antonio Silver Stars,81,-10.0,10.0,0,1,846,2423,W,L,W vs. Sacramento Monarchs 81-71,L @ San Antonio Silver Stars 71-81
2007,2007-07-20,Los Angeles Sparks,87,Phoenix Mercury,77,10.0,-10.0,1,0,846,2424,L,W,L vs. Los Angeles Sparks 77-87,W @ Phoenix Mercury 87-77
2007,2007-07-20,Seattle Storm,58,Connecticut Sun,76,-18.0,18.0,0,1,846,2425,W,L,W vs. Seattle Storm 76-58,L @ Connecticut Sun 58-76
2007,2007-07-20,Washington Mystics,91,Minnesota Lynx,87,4.0,-4.0,1,0,846,2426,L,W,L vs. Washington Mystics 87-91,W @ Minnesota Lynx 91-87
2007,2007-07-21,Indiana Fever,65,Chicago Sky,68,-3.0,3.0,0,1,847,2427,W,L,W vs. Indiana Fever 68-65,L @ Chicago Sky 65-68
2007,2007-07-21,Washington Mystics,58,Detroit Shock,66,-8.0,8.0,0,1,847,2428,W,L,W vs. Washington Mystics 66-58,L @ Detroit Shock 58-66
2007,2007-07-22,Minnesota Lynx,93,Phoenix Mercury,106,-13.0,13.0,0,1,848,2429,W,L,W vs. Minnesota Lynx 106-93,L @ Phoenix Mercury 93-106
2007,2007-07-22,San Antonio Silver Stars,82,Chicago Sky,84,-2.0,2.0,0,1,848,2430,W,L,W vs. San Antonio Silver Stars 84-82,L @ Chicago Sky 82-84
2007,2007-07-22,Seattle Storm,77,New York Liberty,75,2.0,-2.0,1,0,848,2431,L,W,L vs. Seattle Storm 75-77,W @ New York Liberty 77-75
2007,2007-07-22,Houston Comets,79,Connecticut Sun,81,-2.0,2.0,0,1,848,2432,W,L,W vs. Houston Comets 81-79,L @ Connecticut Sun 79-81
2007,2007-07-24,Seattle Storm,96,Washington Mystics,97,-1.0,1.0,0,1,849,2433,W,L,W vs. Seattle Storm 97-96,L @ Washington Mystics 96-97
2007,2007-07-24,Los Angeles Sparks,59,Sacramento Monarchs,67,-8.0,8.0,0,1,849,2434,W,L,W vs. Los Angeles Sparks 67-59,L @ Sacramento Monarchs 59-67
2007,2007-07-24,San Antonio Silver Stars,71,Indiana Fever,63,8.0,-8.0,1,0,849,2435,L,W,L vs. San Antonio Silver Stars 63-71,W @ Indiana Fever 71-63
2007,2007-07-24,Detroit Shock,92,Connecticut Sun,88,4.0,-4.0,1,0,849,2436,L,W,L vs. Detroit Shock 88-92,W @ Connecticut Sun 92-88
2007,2007-07-25,Phoenix Mercury,103,Minnesota Lynx,79,24.0,-24.0,1,0,850,2437,L,W,L vs. Phoenix Mercury 79-103,W @ Minnesota Lynx 103-79
2007,2007-07-26,Indiana Fever,50,Sacramento Monarchs,60,-10.0,10.0,0,1,851,2438,W,L,W vs. Indiana Fever 60-50,L @ Sacramento Monarchs 50-60
2007,2007-07-26,New York Liberty,75,Connecticut Sun,79,-4.0,4.0,0,1,851,2439,W,L,W vs. New York Liberty 79-75,L @ Connecticut Sun 75-79
2007,2007-07-26,Chicago Sky,83,Detroit Shock,73,10.0,-10.0,1,0,851,2440,L,W,L vs. Chicago Sky 73-83,W @ Detroit Shock 83-73
2007,2007-07-27,Los Angeles Sparks,76,Minnesota Lynx,85,-9.0,9.0,0,1,852,2441,W,L,W vs. Los Angeles Sparks 85-76,L @ Minnesota Lynx 76-85
2007,2007-07-27,Houston Comets,69,San Antonio Silver Stars,63,6.0,-6.0,1,0,852,2442,L,W,L vs. Houston Comets 63-69,W @ San Antonio Silver Stars 69-63
2007,2007-07-27,Indiana Fever,75,Seattle Storm,89,-14.0,14.0,0,1,852,2443,W,L,W vs. Indiana Fever 89-75,L @ Seattle Storm 75-89
2007,2007-07-27,Phoenix Mercury,98,Chicago Sky,96,2.0,-2.0,1,0,852,2444,L,W,L vs. Phoenix Mercury 96-98,W @ Chicago Sky 98-96
2007,2007-07-28,Detroit Shock,76,Washington Mystics,64,12.0,-12.0,1,0,853,2445,L,W,L vs. Detroit Shock 64-76,W @ Washington Mystics 76-64
2007,2007-07-29,San Antonio Silver Stars,92,Seattle Storm,88,4.0,-4.0,1,0,854,2446,L,W,L vs. San Antonio Silver Stars 88-92,W @ Seattle Storm 92-88
2007,2007-07-29,Indiana Fever,75,Phoenix Mercury,80,-5.0,5.0,0,1,854,2447,W,L,W vs. Indiana Fever 80-75,L @ Phoenix Mercury 75-80
2007,2007-07-29,Connecticut Sun,67,New York Liberty,61,6.0,-6.0,1,0,854,2448,L,W,L vs. Connecticut Sun 61-67,W @ New York Liberty 67-61
2007,2007-07-29,Minnesota Lynx,78,Sacramento Monarchs,73,5.0,-5.0,1,0,854,2449,L,W,L vs. Minnesota Lynx 73-78,W @ Sacramento Monarchs 78-73
2007,2007-07-29,Houston Comets,70,Chicago Sky,88,-18.0,18.0,0,1,854,2450,W,L,W vs. Houston Comets 88-70,L @ Chicago Sky 70-88
2007,2007-07-29,Los Angeles Sparks,73,Detroit Shock,75,-2.0,2.0,0,1,854,2451,W,L,W vs. Los Angeles Sparks 75-73,L @ Detroit Shock 73-75
2007,2007-07-31,Chicago Sky,56,Connecticut Sun,74,-18.0,18.0,0,1,855,2452,W,L,W vs. Chicago Sky 74-56,L @ Connecticut Sun 56-74
2007,2007-07-31,Sacramento Monarchs,78,Seattle Storm,74,4.0,-4.0,1,0,855,2453,L,W,L vs. Sacramento Monarchs 74-78,W @ Seattle Storm 78-74
2007,2007-07-31,Washington Mystics,57,Indiana Fever,66,-9.0,9.0,0,1,855,2454,W,L,W vs. Washington Mystics 66-57,L @ Indiana Fever 57-66
2007,2007-07-31,Los Angeles Sparks,73,New York Liberty,63,10.0,-10.0,1,0,855,2455,L,W,L vs. Los Angeles Sparks 63-73,W @ New York Liberty 73-63
2007,2007-07-31,Phoenix Mercury,76,Houston Comets,74,2.0,-2.0,1,0,855,2456,L,W,L vs. Phoenix Mercury 74-76,W @ Houston Comets 76-74
2007,2007-07-31,Detroit Shock,84,San Antonio Silver Stars,79,5.0,-5.0,1,0,855,2457,L,W,L vs. Detroit Shock 79-84,W @ San Antonio Silver Stars 84-79
2007,2007-08-02,Phoenix Mercury,84,San Antonio Silver Stars,79,5.0,-5.0,1,0,856,2458,L,W,L vs. Phoenix Mercury 79-84,W @ San Antonio Silver Stars 84-79
2007,2007-08-02,Minnesota Lynx,66,New York Liberty,71,-5.0,5.0,0,1,856,2459,W,L,W vs. Minnesota Lynx 71-66,L @ New York Liberty 66-71
2007,2007-08-03,Los Angeles Sparks,56,Houston Comets,66,-10.0,10.0,0,1,857,2460,W,L,W vs. Los Angeles Sparks 66-56,L @ Houston Comets 56-66
2007,2007-08-03,Detroit Shock,66,Chicago Sky,60,6.0,-6.0,1,0,857,2461,L,W,L vs. Detroit Shock 60-66,W @ Chicago Sky 66-60
2007,2007-08-03,Seattle Storm,76,Sacramento Monarchs,82,-6.0,6.0,0,1,857,2462,W,L,W vs. Seattle Storm 82-76,L @ Sacramento Monarchs 76-82
2007,2007-08-03,New York Liberty,68,Washington Mystics,80,-12.0,12.0,0,1,857,2463,W,L,W vs. New York Liberty 80-68,L @ Washington Mystics 68-80
2007,2007-08-04,Houston Comets,80,Minnesota Lynx,77,3.0,-3.0,1,0,858,2464,L,W,L vs. Houston Comets 77-80,W @ Minnesota Lynx 80-77
2007,2007-08-04,Los Angeles Sparks,67,San Antonio Silver Stars,86,-19.0,19.0,0,1,858,2465,W,L,W vs. Los Angeles Sparks 86-67,L @ San Antonio Silver Stars 67-86
2007,2007-08-04,Phoenix Mercury,101,Seattle Storm,111,-10.0,10.0,0,1,858,2466,W,L,W vs. Phoenix Mercury 111-101,L @ Seattle Storm 101-111
2007,2007-08-04,Indiana Fever,59,Connecticut Sun,84,-25.0,25.0,0,1,858,2467,W,L,W vs. Indiana Fever 84-59,L @ Connecticut Sun 59-84
2007,2007-08-05,Sacramento Monarchs,55,Indiana Fever,63,-8.0,8.0,0,1,859,2468,W,L,W vs. Sacramento Monarchs 63-55,L @ Indiana Fever 55-63
2007,2007-08-05,Chicago Sky,66,Washington Mystics,71,-5.0,5.0,0,1,859,2469,W,L,W vs. Chicago Sky 71-66,L @ Washington Mystics 66-71
2007,2007-08-07,Seattle Storm,74,Minnesota Lynx,95,-21.0,21.0,0,1,860,2470,W,L,W vs. Seattle Storm 95-74,L @ Minnesota Lynx 74-95
2007,2007-08-07,Phoenix Mercury,96,Los Angeles Sparks,93,3.0,-3.0,1,0,860,2471,L,W,L vs. Phoenix Mercury 93-96,W @ Los Angeles Sparks 96-93
2007,2007-08-07,Washington Mystics,77,San Antonio Silver Stars,73,4.0,-4.0,1,0,860,2472,L,W,L vs. Washington Mystics 73-77,W @ San Antonio Silver Stars 77-73
2007,2007-08-07,New York Liberty,77,Houston Comets,71,6.0,-6.0,1,0,860,2473,L,W,L vs. New York Liberty 71-77,W @ Houston Comets 77-71
2007,2007-08-07,Indiana Fever,75,Chicago Sky,70,5.0,-5.0,1,0,860,2474,L,W,L vs. Indiana Fever 70-75,W @ Chicago Sky 75-70
2007,2007-08-07,Sacramento Monarchs,81,Connecticut Sun,79,2.0,-2.0,1,0,860,2475,L,W,L vs. Sacramento Monarchs 79-81,W @ Connecticut Sun 81-79
2007,2007-08-09,New York Liberty,86,Phoenix Mercury,97,-11.0,11.0,0,1,861,2476,W,L,W vs. New York Liberty 97-86,L @ Phoenix Mercury 86-97
2007,2007-08-09,Sacramento Monarchs,61,San Antonio Silver Stars,72,-11.0,11.0,0,1,861,2477,W,L,W vs. Sacramento Monarchs 72-61,L @ San Antonio Silver Stars 61-72
2007,2007-08-09,Washington Mystics,80,Los Angeles Sparks,75,5.0,-5.0,1,0,861,2478,L,W,L vs. Washington Mystics 75-80,W @ Los Angeles Sparks 80-75
2007,2007-08-09,Seattle Storm,70,Detroit Shock,97,-27.0,27.0,0,1,861,2479,W,L,W vs. Seattle Storm 97-70,L @ Detroit Shock 70-97
2007,2007-08-10,Sacramento Monarchs,75,Houston Comets,83,-8.0,8.0,0,1,862,2480,W,L,W vs. Sacramento Monarchs 83-75,L @ Houston Comets 75-83
2007,2007-08-11,Houston Comets,60,San Antonio Silver Stars,63,-3.0,3.0,0,1,863,2481,W,L,W vs. Houston Comets 63-60,L @ San Antonio Silver Stars 60-63
2007,2007-08-11,Los Angeles Sparks,83,Phoenix Mercury,100,-17.0,17.0,0,1,863,2482,W,L,W vs. Los Angeles Sparks 100-83,L @ Phoenix Mercury 83-100
2007,2007-08-11,Indiana Fever,69,Detroit Shock,74,-5.0,5.0,0,1,863,2483,W,L,W vs. Indiana Fever 74-69,L @ Detroit Shock 69-74
2007,2007-08-11,Washington Mystics,68,Seattle Storm,91,-23.0,23.0,0,1,863,2484,W,L,W vs. Washington Mystics 91-68,L @ Seattle Storm 68-91
2007,2007-08-11,Connecticut Sun,88,Chicago Sky,66,22.0,-22.0,1,0,863,2485,L,W,L vs. Connecticut Sun 66-88,W @ Chicago Sky 88-66
2007,2007-08-12,Washington Mystics,82,Sacramento Monarchs,86,-4.0,4.0,0,1,864,2486,W,L,W vs. Washington Mystics 86-82,L @ Sacramento Monarchs 82-86
2007,2007-08-12,Detroit Shock,84,New York Liberty,85,-1.0,1.0,0,1,864,2487,W,L,W vs. Detroit Shock 85-84,L @ New York Liberty 84-85
2007,2007-08-12,Minnesota Lynx,80,Los Angeles Sparks,89,-9.0,9.0,0,1,864,2488,W,L,W vs. Minnesota Lynx 89-80,L @ Los Angeles Sparks 80-89
2007,2007-08-14,Houston Comets,81,Detroit Shock,73,8.0,-8.0,1,0,865,2489,L,W,L vs. Houston Comets 73-81,W @ Detroit Shock 81-73
2007,2007-08-14,Minnesota Lynx,67,Seattle Storm,81,-14.0,14.0,0,1,865,2490,W,L,W vs. Minnesota Lynx 81-67,L @ Seattle Storm 67-81
2007,2007-08-14,San Antonio Silver Stars,84,Los Angeles Sparks,77,7.0,-7.0,1,0,865,2491,L,W,L vs. San Antonio Silver Stars 77-84,W @ Los Angeles Sparks 84-77
2007,2007-08-14,Connecticut Sun,64,Washington Mystics,65,-1.0,1.0,0,1,865,2492,W,L,W vs. Connecticut Sun 65-64,L @ Washington Mystics 64-65
2007,2007-08-14,New York Liberty,65,Chicago Sky,77,-12.0,12.0,0,1,865,2493,W,L,W vs. New York Liberty 77-65,L @ Chicago Sky 65-77
2007,2007-08-15,Connecticut Sun,77,Indiana Fever,74,3.0,-3.0,1,0,866,2494,L,W,L vs. Connecticut Sun 74-77,W @ Indiana Fever 77-74
2007,2007-08-15,San Antonio Silver Stars,74,Sacramento Monarchs,81,-7.0,7.0,0,1,866,2495,W,L,W vs. San Antonio Silver Stars 81-74,L @ Sacramento Monarchs 74-81
2007,2007-08-16,New York Liberty,73,Washington Mystics,72,1.0,-1.0,1,0,867,2496,L,W,L vs. New York Liberty 72-73,W @ Washington Mystics 73-72
2007,2007-08-16,Detroit Shock,77,Minnesota Lynx,87,-10.0,10.0,0,1,867,2497,W,L,W vs. Detroit Shock 87-77,L @ Minnesota Lynx 77-87
2007,2007-08-16,Chicago Sky,81,Houston Comets,70,11.0,-11.0,1,0,867,2498,L,W,L vs. Chicago Sky 70-81,W @ Houston Comets 81-70
2007,2007-08-17,Los Angeles Sparks,77,Seattle Storm,97,-20.0,20.0,0,1,868,2499,W,L,W vs. Los Angeles Sparks 97-77,L @ Seattle Storm 77-97
2007,2007-08-17,Phoenix Mercury,101,Sacramento Monarchs,91,10.0,-10.0,1,0,868,2500,L,W,L vs. Phoenix Mercury 91-101,W @ Sacramento Monarchs 101-91
2007,2007-08-17,Connecticut Sun,66,New York Liberty,74,-8.0,8.0,0,1,868,2501,W,L,W vs. Connecticut Sun 74-66,L @ New York Liberty 66-74
2007,2007-08-17,Indiana Fever,59,San Antonio Silver Stars,55,4.0,-4.0,1,0,868,2502,L,W,L vs. Indiana Fever 55-59,W @ San Antonio Silver Stars 59-55
2007,2007-08-19,Houston Comets,82,Los Angeles Sparks,72,10.0,-10.0,1,0,869,2503,L,W,L vs. Houston Comets 72-82,W @ Los Angeles Sparks 82-72
2007,2007-08-19,Detroit Shock,66,Indiana Fever,72,-6.0,6.0,0,1,869,2504,W,L,W vs. Detroit Shock 72-66,L @ Indiana Fever 66-72
2007,2007-08-19,Chicago Sky,52,New York Liberty,58,-6.0,6.0,0,1,869,2505,W,L,W vs. Chicago Sky 58-52,L @ New York Liberty 52-58
2007,2007-08-19,Washington Mystics,76,Connecticut Sun,74,2.0,-2.0,1,0,869,2506,L,W,L vs. Washington Mystics 74-76,W @ Connecticut Sun 76-74
2007,2007-08-19,Sacramento Monarchs,73,Phoenix Mercury,87,-14.0,14.0,0,1,869,2507,W,L,W vs. Sacramento Monarchs 87-73,L @ Phoenix Mercury 73-87
2007,2007-08-19,San Antonio Silver Stars,55,Minnesota Lynx,81,-26.0,26.0,0,1,869,2508,W,L,W vs. San Antonio Silver Stars 81-55,L @ Minnesota Lynx 55-81
2007,2007-08-23,Indiana Fever,88,Connecticut Sun,93,-5.0,5.0,0,1,870,2509,W,L,W vs. Indiana Fever 93-88,L @ Connecticut Sun 88-93
2007,2007-08-23,San Antonio Silver Stars,65,Sacramento Monarchs,86,-21.0,21.0,0,1,870,2510,W,L,W vs. San Antonio Silver Stars 86-65,L @ Sacramento Monarchs 65-86
2007,2007-08-24,Phoenix Mercury,101,Seattle Storm,84,17.0,-17.0,1,0,871,2511,L,W,L vs. Phoenix Mercury 84-101,W @ Seattle Storm 101-84
2007,2007-08-24,Detroit Shock,51,New York Liberty,73,-22.0,22.0,0,1,871,2512,W,L,W vs. Detroit Shock 73-51,L @ New York Liberty 51-73
2007,2007-08-25,Sacramento Monarchs,61,San Antonio Silver Stars,86,-25.0,25.0,0,1,872,2513,W,L,W vs. Sacramento Monarchs 86-61,L @ San Antonio Silver Stars 61-86
2007,2007-08-25,Connecticut Sun,59,Indiana Fever,78,-19.0,19.0,0,1,872,2514,W,L,W vs. Connecticut Sun 78-59,L @ Indiana Fever 59-78
2007,2007-08-26,Seattle Storm,89,Phoenix Mercury,95,-6.0,6.0,0,1,873,2515,W,L,W vs. Seattle Storm 95-89,L @ Phoenix Mercury 89-95
2007,2007-08-26,New York Liberty,73,Detroit Shock,76,-3.0,3.0,0,1,873,2516,W,L,W vs. New York Liberty 76-73,L @ Detroit Shock 73-76
2007,2007-08-27,Connecticut Sun,88,Indiana Fever,93,-5.0,5.0,0,1,874,2517,W,L,W vs. Connecticut Sun 93-88,L @ Indiana Fever 88-93
2007,2007-08-27,Sacramento Monarchs,78,San Antonio Silver Stars,80,-2.0,2.0,0,1,874,2518,W,L,W vs. Sacramento Monarchs 80-78,L @ San Antonio Silver Stars 78-80
2007,2007-08-28,New York Liberty,70,Detroit Shock,71,-1.0,1.0,0,1,875,2519,W,L,W vs. New York Liberty 71-70,L @ Detroit Shock 70-71
2007,2007-08-30,Phoenix Mercury,102,San Antonio Silver Stars,100,2.0,-2.0,1,0,876,2520,L,W,L vs. Phoenix Mercury 100-102,W @ San Antonio Silver Stars 102-100
2007,2007-08-31,Detroit Shock,65,Indiana Fever,75,-10.0,10.0,0,1,877,2521,W,L,W vs. Detroit Shock 75-65,L @ Indiana Fever 65-75
2007,2007-09-01,San Antonio Silver Stars,92,Phoenix Mercury,98,-6.0,6.0,0,1,878,2522,W,L,W vs. San Antonio Silver Stars 98-92,L @ Phoenix Mercury 92-98
2007,2007-09-02,Indiana Fever,63,Detroit Shock,77,-14.0,14.0,0,1,879,2523,W,L,W vs. Indiana Fever 77-63,L @ Detroit Shock 63-77
2007,2007-09-03,Indiana Fever,65,Detroit Shock,81,-16.0,16.0,0,1,880,2524,W,L,W vs. Indiana Fever 81-65,L @ Detroit Shock 65-81
2007,2007-09-05,Phoenix Mercury,100,Detroit Shock,108,-8.0,8.0,0,1,881,2525,W,L,W vs. Phoenix Mercury 108-100,L @ Detroit Shock 100-108
2007,2007-09-08,Phoenix Mercury,98,Detroit Shock,70,28.0,-28.0,1,0,882,2526,L,W,L vs. Phoenix Mercury 70-98,W @ Detroit Shock 98-70
2007,2007-09-11,Detroit Shock,88,Phoenix Mercury,83,5.0,-5.0,1,0,883,2527,L,W,L vs. Detroit Shock 83-88,W @ Phoenix Mercury 88-83
2007,2007-09-13,Detroit Shock,76,Phoenix Mercury,77,-1.0,1.0,0,1,884,2528,W,L,W vs. Detroit Shock 77-76,L @ Phoenix Mercury 76-77
2007,2007-09-16,Phoenix Mercury,108,Detroit Shock,92,16.0,-16.0,1,0,885,2529,L,W,L vs. Phoenix Mercury 92-108,W @ Detroit Shock 108-92
2008,2008-05-17,Houston Comets,66,Detroit Shock,85,-19.0,19.0,0,1,886,2530,W,L,W vs. Houston Comets 85-66,L @ Detroit Shock 66-85
2008,2008-05-17,Los Angeles Sparks,99,Phoenix Mercury,94,5.0,-5.0,1,0,886,2531,L,W,L vs. Los Angeles Sparks 94-99,W @ Phoenix Mercury 99-94
2008,2008-05-17,San Antonio Silver Stars,64,Sacramento Monarchs,73,-9.0,9.0,0,1,886,2532,W,L,W vs. San Antonio Silver Stars 73-64,L @ Sacramento Monarchs 64-73
2008,2008-05-17,Chicago Sky,61,Seattle Storm,67,-6.0,6.0,0,1,886,2533,W,L,W vs. Chicago Sky 67-61,L @ Seattle Storm 61-67
2008,2008-05-17,Washington Mystics,53,Indiana Fever,64,-11.0,11.0,0,1,886,2534,W,L,W vs. Washington Mystics 64-53,L @ Indiana Fever 53-64
2008,2008-05-17,Atlanta Dream,67,Connecticut Sun,100,-33.0,33.0,0,1,886,2535,W,L,W vs. Atlanta Dream 100-67,L @ Connecticut Sun 67-100
2008,2008-05-18,Detroit Shock,70,Minnesota Lynx,84,-14.0,14.0,0,1,887,2536,W,L,W vs. Detroit Shock 84-70,L @ Minnesota Lynx 70-84
2008,2008-05-18,Connecticut Sun,77,New York Liberty,63,14.0,-14.0,1,0,887,2537,L,W,L vs. Connecticut Sun 63-77,W @ New York Liberty 77-63
2008,2008-05-20,Phoenix Mercury,76,San Antonio Silver Stars,81,-5.0,5.0,0,1,888,2538,W,L,W vs. Phoenix Mercury 81-76,L @ San Antonio Silver Stars 76-81
2008,2008-05-20,Sacramento Monarchs,62,Seattle Storm,74,-12.0,12.0,0,1,888,2539,W,L,W vs. Sacramento Monarchs 74-62,L @ Seattle Storm 62-74
2008,2008-05-21,Indiana Fever,71,Detroit Shock,76,-5.0,5.0,0,1,889,2540,W,L,W vs. Indiana Fever 76-71,L @ Detroit Shock 71-76
2008,2008-05-22,Sacramento Monarchs,77,Chicago Sky,87,-10.0,10.0,0,1,890,2541,W,L,W vs. Sacramento Monarchs 87-77,L @ Chicago Sky 77-87
2008,2008-05-22,Seattle Storm,87,Phoenix Mercury,83,4.0,-4.0,1,0,890,2542,L,W,L vs. Seattle Storm 83-87,W @ Phoenix Mercury 87-83
2008,2008-05-22,Washington Mystics,60,New York Liberty,79,-19.0,19.0,0,1,890,2543,W,L,W vs. Washington Mystics 79-60,L @ New York Liberty 60-79
2008,2008-05-23,Detroit Shock,88,Atlanta Dream,76,12.0,-12.0,1,0,891,2544,L,W,L vs. Detroit Shock 76-88,W @ Atlanta Dream 88-76
2008,2008-05-24,Seattle Storm,72,San Antonio Silver Stars,87,-15.0,15.0,0,1,892,2545,W,L,W vs. Seattle Storm 87-72,L @ San Antonio Silver Stars 72-87
2008,2008-05-24,Sacramento Monarchs,64,Connecticut Sun,87,-23.0,23.0,0,1,892,2546,W,L,W vs. Sacramento Monarchs 87-64,L @ Connecticut Sun 64-87
2008,2008-05-25,Houston Comets,66,Washington Mystics,69,-3.0,3.0,0,1,893,2547,W,L,W vs. Houston Comets 69-66,L @ Washington Mystics 66-69
2008,2008-05-25,New York Liberty,62,Detroit Shock,72,-10.0,10.0,0,1,893,2548,W,L,W vs. New York Liberty 72-62,L @ Detroit Shock 62-72
2008,2008-05-25,Los Angeles Sparks,74,Atlanta Dream,56,18.0,-18.0,1,0,893,2549,L,W,L vs. Los Angeles Sparks 56-74,W @ Atlanta Dream 74-56
2008,2008-05-27,Atlanta Dream,74,Washington Mystics,80,-6.0,6.0,0,1,894,2550,W,L,W vs. Atlanta Dream 80-74,L @ Washington Mystics 74-80
2008,2008-05-27,Minnesota Lynx,98,Houston Comets,92,6.0,-6.0,1,0,894,2551,L,W,L vs. Minnesota Lynx 92-98,W @ Houston Comets 98-92
2008,2008-05-27,Indiana Fever,75,Connecticut Sun,46,29.0,-29.0,1,0,894,2552,L,W,L vs. Indiana Fever 46-75,W @ Connecticut Sun 75-46
2008,2008-05-29,Los Angeles Sparks,78,Indiana Fever,82,-4.0,4.0,0,1,895,2553,W,L,W vs. Los Angeles Sparks 82-78,L @ Indiana Fever 78-82
2008,2008-05-29,Minnesota Lynx,75,Chicago Sky,69,6.0,-6.0,1,0,895,2554,L,W,L vs. Minnesota Lynx 69-75,W @ Chicago Sky 75-69
2008,2008-05-30,New York Liberty,84,Connecticut Sun,89,-5.0,5.0,0,1,896,2555,W,L,W vs. New York Liberty 89-84,L @ Connecticut Sun 84-89
2008,2008-05-30,Houston Comets,66,Sacramento Monarchs,73,-7.0,7.0,0,1,896,2556,W,L,W vs. Houston Comets 73-66,L @ Sacramento Monarchs 66-73
2008,2008-05-30,San Antonio Silver Stars,57,Seattle Storm,78,-21.0,21.0,0,1,896,2557,W,L,W vs. San Antonio Silver Stars 78-57,L @ Seattle Storm 57-78
2008,2008-05-31,Los Angeles Sparks,70,Washington Mystics,59,11.0,-11.0,1,0,897,2558,L,W,L vs. Los Angeles Sparks 59-70,W @ Washington Mystics 70-59
2008,2008-05-31,Detroit Shock,74,Indiana Fever,65,9.0,-9.0,1,0,897,2559,L,W,L vs. Detroit Shock 65-74,W @ Indiana Fever 74-65
2008,2008-05-31,Phoenix Mercury,83,Minnesota Lynx,94,-11.0,11.0,0,1,897,2560,W,L,W vs. Phoenix Mercury 94-83,L @ Minnesota Lynx 83-94
2008,2008-06-01,Connecticut Sun,75,Chicago Sky,73,2.0,-2.0,1,0,898,2561,L,W,L vs. Connecticut Sun 73-75,W @ Chicago Sky 75-73
2008,2008-06-01,Houston Comets,63,Seattle Storm,64,-1.0,1.0,0,1,898,2562,W,L,W vs. Houston Comets 64-63,L @ Seattle Storm 63-64
2008,2008-06-03,Seattle Storm,63,New York Liberty,77,-14.0,14.0,0,1,899,2563,W,L,W vs. Seattle Storm 77-63,L @ New York Liberty 63-77
2008,2008-06-03,San Antonio Silver Stars,72,Houston Comets,75,-3.0,3.0,0,1,899,2564,W,L,W vs. San Antonio Silver Stars 75-72,L @ Houston Comets 72-75
2008,2008-06-03,Minnesota Lynx,85,Atlanta Dream,81,4.0,-4.0,1,0,899,2565,L,W,L vs. Minnesota Lynx 81-85,W @ Atlanta Dream 85-81
2008,2008-06-03,Washington Mystics,93,Phoenix Mercury,98,-5.0,5.0,0,1,899,2566,W,L,W vs. Washington Mystics 98-93,L @ Phoenix Mercury 93-98
2008,2008-06-03,Los Angeles Sparks,81,Chicago Sky,77,4.0,-4.0,1,0,899,2567,L,W,L vs. Los Angeles Sparks 77-81,W @ Chicago Sky 81-77
2008,2008-06-04,Seattle Storm,67,Detroit Shock,77,-10.0,10.0,0,1,900,2568,W,L,W vs. Seattle Storm 77-67,L @ Detroit Shock 67-77
2008,2008-06-06,Minnesota Lynx,77,Connecticut Sun,78,-1.0,1.0,0,1,901,2569,W,L,W vs. Minnesota Lynx 78-77,L @ Connecticut Sun 77-78
2008,2008-06-06,Chicago Sky,86,Atlanta Dream,72,14.0,-14.0,1,0,901,2570,L,W,L vs. Chicago Sky 72-86,W @ Atlanta Dream 86-72
2008,2008-06-06,Washington Mystics,52,San Antonio Silver Stars,63,-11.0,11.0,0,1,901,2571,W,L,W vs. Washington Mystics 63-52,L @ San Antonio Silver Stars 52-63
2008,2008-06-06,Detroit Shock,84,Sacramento Monarchs,70,14.0,-14.0,1,0,901,2572,L,W,L vs. Detroit Shock 70-84,W @ Sacramento Monarchs 84-70
2008,2008-06-06,Houston Comets,73,New York Liberty,81,-8.0,8.0,0,1,901,2573,W,L,W vs. Houston Comets 81-73,L @ New York Liberty 73-81
2008,2008-06-06,Phoenix Mercury,85,Los Angeles Sparks,79,6.0,-6.0,1,0,901,2574,L,W,L vs. Phoenix Mercury 79-85,W @ Los Angeles Sparks 85-79
2008,2008-06-07,Atlanta Dream,70,Chicago Sky,91,-21.0,21.0,0,1,902,2575,W,L,W vs. Atlanta Dream 91-70,L @ Chicago Sky 70-91
2008,2008-06-07,Detroit Shock,67,Seattle Storm,75,-8.0,8.0,0,1,902,2576,W,L,W vs. Detroit Shock 75-67,L @ Seattle Storm 67-75
2008,2008-06-07,Houston Comets,75,Indiana Fever,84,-9.0,9.0,0,1,902,2577,W,L,W vs. Houston Comets 84-75,L @ Indiana Fever 75-84
2008,2008-06-08,San Antonio Silver Stars,78,Minnesota Lynx,90,-12.0,12.0,0,1,903,2578,W,L,W vs. San Antonio Silver Stars 90-78,L @ Minnesota Lynx 78-90
2008,2008-06-08,Sacramento Monarchs,70,New York Liberty,63,7.0,-7.0,1,0,903,2579,L,W,L vs. Sacramento Monarchs 63-70,W @ New York Liberty 70-63
2008,2008-06-08,Washington Mystics,79,Connecticut Sun,87,-8.0,8.0,0,1,903,2580,W,L,W vs. Washington Mystics 87-79,L @ Connecticut Sun 79-87
2008,2008-06-10,Connecticut Sun,75,Minnesota Lynx,66,9.0,-9.0,1,0,904,2581,L,W,L vs. Connecticut Sun 66-75,W @ Minnesota Lynx 75-66
2008,2008-06-11,Indiana Fever,53,San Antonio Silver Stars,64,-11.0,11.0,0,1,905,2582,W,L,W vs. Indiana Fever 64-53,L @ San Antonio Silver Stars 53-64
2008,2008-06-11,Phoenix Mercury,77,Seattle Storm,83,-6.0,6.0,0,1,905,2583,W,L,W vs. Phoenix Mercury 83-77,L @ Seattle Storm 77-83
2008,2008-06-11,New York Liberty,81,Atlanta Dream,77,4.0,-4.0,1,0,905,2584,L,W,L vs. New York Liberty 77-81,W @ Atlanta Dream 81-77
2008,2008-06-11,Detroit Shock,73,Los Angeles Sparks,80,-7.0,7.0,0,1,905,2585,W,L,W vs. Detroit Shock 80-73,L @ Los Angeles Sparks 73-80
2008,2008-06-11,Sacramento Monarchs,79,Washington Mystics,76,3.0,-3.0,1,0,905,2586,L,W,L vs. Sacramento Monarchs 76-79,W @ Washington Mystics 79-76
2008,2008-06-12,Sacramento Monarchs,82,Minnesota Lynx,78,4.0,-4.0,1,0,906,2587,L,W,L vs. Sacramento Monarchs 78-82,W @ Minnesota Lynx 82-78
2008,2008-06-13,Seattle Storm,69,San Antonio Silver Stars,74,-5.0,5.0,0,1,907,2588,W,L,W vs. Seattle Storm 74-69,L @ San Antonio Silver Stars 69-74
2008,2008-06-13,Connecticut Sun,93,Los Angeles Sparks,98,-5.0,5.0,0,1,907,2589,W,L,W vs. Connecticut Sun 98-93,L @ Los Angeles Sparks 93-98
2008,2008-06-13,Washington Mystics,64,Chicago Sky,57,7.0,-7.0,1,0,907,2590,L,W,L vs. Washington Mystics 57-64,W @ Chicago Sky 64-57
2008,2008-06-13,Indiana Fever,76,Atlanta Dream,67,9.0,-9.0,1,0,907,2591,L,W,L vs. Indiana Fever 67-76,W @ Atlanta Dream 76-67
2008,2008-06-14,Detroit Shock,89,Phoenix Mercury,79,10.0,-10.0,1,0,908,2592,L,W,L vs. Detroit Shock 79-89,W @ Phoenix Mercury 89-79
2008,2008-06-14,Los Angeles Sparks,74,Sacramento Monarchs,66,8.0,-8.0,1,0,908,2593,L,W,L vs. Los Angeles Sparks 66-74,W @ Sacramento Monarchs 74-66
2008,2008-06-14,Seattle Storm,60,Houston Comets,68,-8.0,8.0,0,1,908,2594,W,L,W vs. Seattle Storm 68-60,L @ Houston Comets 60-68
2008,2008-06-14,Minnesota Lynx,76,New York Liberty,77,-1.0,1.0,0,1,908,2595,W,L,W vs. Minnesota Lynx 77-76,L @ New York Liberty 76-77
2008,2008-06-15,San Antonio Silver Stars,70,Indiana Fever,60,10.0,-10.0,1,0,909,2596,L,W,L vs. San Antonio Silver Stars 60-70,W @ Indiana Fever 70-60
2008,2008-06-16,Atlanta Dream,79,Houston Comets,88,-9.0,9.0,0,1,910,2597,W,L,W vs. Atlanta Dream 88-79,L @ Houston Comets 79-88
2008,2008-06-16,Connecticut Sun,74,Seattle Storm,67,7.0,-7.0,1,0,910,2598,L,W,L vs. Connecticut Sun 67-74,W @ Seattle Storm 74-67
2008,2008-06-18,Chicago Sky,67,Los Angeles Sparks,80,-13.0,13.0,0,1,911,2599,W,L,W vs. Chicago Sky 80-67,L @ Los Angeles Sparks 67-80
2008,2008-06-18,Connecticut Sun,81,Phoenix Mercury,102,-21.0,21.0,0,1,911,2600,W,L,W vs. Connecticut Sun 102-81,L @ Phoenix Mercury 81-102
2008,2008-06-18,San Antonio Silver Stars,81,Atlanta Dream,66,15.0,-15.0,1,0,911,2601,L,W,L vs. San Antonio Silver Stars 66-81,W @ Atlanta Dream 81-66
2008,2008-06-18,Washington Mystics,67,Houston Comets,63,4.0,-4.0,1,0,911,2602,L,W,L vs. Washington Mystics 63-67,W @ Houston Comets 67-63
2008,2008-06-18,New York Liberty,69,Indiana Fever,83,-14.0,14.0,0,1,911,2603,W,L,W vs. New York Liberty 83-69,L @ Indiana Fever 69-83
2008,2008-06-20,Minnesota Lynx,93,Detroit Shock,98,-5.0,5.0,0,1,912,2604,W,L,W vs. Minnesota Lynx 98-93,L @ Detroit Shock 93-98
2008,2008-06-20,Connecticut Sun,72,Sacramento Monarchs,56,16.0,-16.0,1,0,912,2605,L,W,L vs. Connecticut Sun 56-72,W @ Sacramento Monarchs 72-56
2008,2008-06-20,Atlanta Dream,61,Washington Mystics,72,-11.0,11.0,0,1,912,2606,W,L,W vs. Atlanta Dream 72-61,L @ Washington Mystics 61-72
2008,2008-06-20,Indiana Fever,70,Seattle Storm,78,-8.0,8.0,0,1,912,2607,W,L,W vs. Indiana Fever 78-70,L @ Seattle Storm 70-78
2008,2008-06-20,Los Angeles Sparks,75,San Antonio Silver Stars,77,-2.0,2.0,0,1,912,2608,W,L,W vs. Los Angeles Sparks 77-75,L @ San Antonio Silver Stars 75-77
2008,2008-06-20,Chicago Sky,105,Phoenix Mercury,112,-7.0,7.0,0,1,912,2609,W,L,W vs. Chicago Sky 112-105,L @ Phoenix Mercury 105-112
2008,2008-06-21,Houston Comets,72,Minnesota Lynx,65,7.0,-7.0,1,0,913,2610,L,W,L vs. Houston Comets 65-72,W @ Minnesota Lynx 72-65
2008,2008-06-22,Chicago Sky,70,Sacramento Monarchs,82,-12.0,12.0,0,1,914,2611,W,L,W vs. Chicago Sky 82-70,L @ Sacramento Monarchs 70-82
2008,2008-06-22,Phoenix Mercury,72,New York Liberty,105,-33.0,33.0,0,1,914,2612,W,L,W vs. Phoenix Mercury 105-72,L @ New York Liberty 72-105
2008,2008-06-22,Detroit Shock,97,Atlanta Dream,76,21.0,-21.0,1,0,914,2613,L,W,L vs. Detroit Shock 76-97,W @ Atlanta Dream 97-76
2008,2008-06-22,Indiana Fever,63,Los Angeles Sparks,77,-14.0,14.0,0,1,914,2614,W,L,W vs. Indiana Fever 77-63,L @ Los Angeles Sparks 63-77
2008,2008-06-24,Seattle Storm,62,Los Angeles Sparks,76,-14.0,14.0,0,1,915,2615,W,L,W vs. Seattle Storm 76-62,L @ Los Angeles Sparks 62-76
2008,2008-06-24,Sacramento Monarchs,73,Indiana Fever,78,-5.0,5.0,0,1,915,2616,W,L,W vs. Sacramento Monarchs 78-73,L @ Indiana Fever 73-78
2008,2008-06-24,Houston Comets,82,San Antonio Silver Stars,81,1.0,-1.0,1,0,915,2617,L,W,L vs. Houston Comets 81-82,W @ San Antonio Silver Stars 82-81
2008,2008-06-24,New York Liberty,69,Minnesota Lynx,91,-22.0,22.0,0,1,915,2618,W,L,W vs. New York Liberty 91-69,L @ Minnesota Lynx 69-91
2008,2008-06-24,Phoenix Mercury,98,Washington Mystics,90,8.0,-8.0,1,0,915,2619,L,W,L vs. Phoenix Mercury 90-98,W @ Washington Mystics 98-90
2008,2008-06-24,Detroit Shock,68,Connecticut Sun,85,-17.0,17.0,0,1,915,2620,W,L,W vs. Detroit Shock 85-68,L @ Connecticut Sun 68-85
2008,2008-06-26,Phoenix Mercury,89,Chicago Sky,79,10.0,-10.0,1,0,916,2621,L,W,L vs. Phoenix Mercury 79-89,W @ Chicago Sky 89-79
2008,2008-06-26,Indiana Fever,96,New York Liberty,102,-6.0,6.0,0,1,916,2622,W,L,W vs. Indiana Fever 102-96,L @ New York Liberty 96-102
2008,2008-06-26,Sacramento Monarchs,76,Minnesota Lynx,80,-4.0,4.0,0,1,916,2623,W,L,W vs. Sacramento Monarchs 80-76,L @ Minnesota Lynx 76-80
2008,2008-06-26,Washington Mystics,77,Los Angeles Sparks,74,3.0,-3.0,1,0,916,2624,L,W,L vs. Washington Mystics 74-77,W @ Los Angeles Sparks 77-74
2008,2008-06-26,San Antonio Silver Stars,71,Houston Comets,77,-6.0,6.0,0,1,916,2625,W,L,W vs. San Antonio Silver Stars 77-71,L @ Houston Comets 71-77
2008,2008-06-26,Connecticut Sun,61,Detroit Shock,70,-9.0,9.0,0,1,916,2626,W,L,W vs. Connecticut Sun 70-61,L @ Detroit Shock 61-70
2008,2008-06-27,Atlanta Dream,101,Connecticut Sun,109,-8.0,8.0,0,1,917,2627,W,L,W vs. Atlanta Dream 109-101,L @ Connecticut Sun 101-109
2008,2008-06-28,New York Liberty,78,Sacramento Monarchs,82,-4.0,4.0,0,1,918,2628,W,L,W vs. New York Liberty 82-78,L @ Sacramento Monarchs 78-82
2008,2008-06-28,Minnesota Lynx,65,San Antonio Silver Stars,73,-8.0,8.0,0,1,918,2629,W,L,W vs. Minnesota Lynx 73-65,L @ San Antonio Silver Stars 65-73
2008,2008-06-28,Indiana Fever,61,Houston Comets,75,-14.0,14.0,0,1,918,2630,W,L,W vs. Indiana Fever 75-61,L @ Houston Comets 61-75
2008,2008-06-28,Detroit Shock,59,Chicago Sky,76,-17.0,17.0,0,1,918,2631,W,L,W vs. Detroit Shock 76-59,L @ Chicago Sky 59-76
2008,2008-06-29,Washington Mystics,49,Seattle Storm,64,-15.0,15.0,0,1,919,2632,W,L,W vs. Washington Mystics 64-49,L @ Seattle Storm 49-64
2008,2008-06-29,Phoenix Mercury,87,Connecticut Sun,80,7.0,-7.0,1,0,919,2633,L,W,L vs. Phoenix Mercury 80-87,W @ Connecticut Sun 87-80
2008,2008-06-29,Atlanta Dream,92,Detroit Shock,100,-8.0,8.0,0,1,919,2634,W,L,W vs. Atlanta Dream 100-92,L @ Detroit Shock 92-100
2008,2008-07-01,Phoenix Mercury,97,Atlanta Dream,79,18.0,-18.0,1,0,920,2635,L,W,L vs. Phoenix Mercury 79-97,W @ Atlanta Dream 97-79
2008,2008-07-01,Detroit Shock,72,San Antonio Silver Stars,79,-7.0,7.0,0,1,920,2636,W,L,W vs. Detroit Shock 79-72,L @ San Antonio Silver Stars 72-79
2008,2008-07-01,New York Liberty,89,Los Angeles Sparks,78,11.0,-11.0,1,0,920,2637,L,W,L vs. New York Liberty 78-89,W @ Los Angeles Sparks 89-78
2008,2008-07-01,Chicago Sky,73,Minnesota Lynx,71,2.0,-2.0,1,0,920,2638,L,W,L vs. Chicago Sky 71-73,W @ Minnesota Lynx 73-71
2008,2008-07-01,Houston Comets,68,Connecticut Sun,78,-10.0,10.0,0,1,920,2639,W,L,W vs. Houston Comets 78-68,L @ Connecticut Sun 68-78
2008,2008-07-01,Washington Mystics,81,Sacramento Monarchs,87,-6.0,6.0,0,1,920,2640,W,L,W vs. Washington Mystics 87-81,L @ Sacramento Monarchs 81-87
2008,2008-07-02,Chicago Sky,67,Indiana Fever,74,-7.0,7.0,0,1,921,2641,W,L,W vs. Chicago Sky 74-67,L @ Indiana Fever 67-74
2008,2008-07-03,New York Liberty,71,Seattle Storm,84,-13.0,13.0,0,1,922,2642,W,L,W vs. New York Liberty 84-71,L @ Seattle Storm 71-84
2008,2008-07-03,Houston Comets,72,Atlanta Dream,65,7.0,-7.0,1,0,922,2643,L,W,L vs. Houston Comets 65-72,W @ Atlanta Dream 72-65
2008,2008-07-03,Sacramento Monarchs,67,San Antonio Silver Stars,68,-1.0,1.0,0,1,922,2644,W,L,W vs. Sacramento Monarchs 68-67,L @ San Antonio Silver Stars 67-68
2008,2008-07-03,Minnesota Lynx,88,Los Angeles Sparks,70,18.0,-18.0,1,0,922,2645,L,W,L vs. Minnesota Lynx 70-88,W @ Los Angeles Sparks 88-70
2008,2008-07-05,Connecticut Sun,74,Indiana Fever,81,-7.0,7.0,0,1,923,2646,W,L,W vs. Connecticut Sun 81-74,L @ Indiana Fever 74-81
2008,2008-07-05,New York Liberty,93,Phoenix Mercury,83,10.0,-10.0,1,0,923,2647,L,W,L vs. New York Liberty 83-93,W @ Phoenix Mercury 93-83
2008,2008-07-05,Chicago Sky,84,Atlanta Dream,91,-7.0,7.0,0,1,923,2648,W,L,W vs. Chicago Sky 91-84,L @ Atlanta Dream 84-91
2008,2008-07-05,Sacramento Monarchs,65,Houston Comets,73,-8.0,8.0,0,1,923,2649,W,L,W vs. Sacramento Monarchs 73-65,L @ Houston Comets 65-73
2008,2008-07-05,Minnesota Lynx,71,Seattle Storm,96,-25.0,25.0,0,1,923,2650,W,L,W vs. Minnesota Lynx 96-71,L @ Seattle Storm 71-96
2008,2008-07-06,San Antonio Silver Stars,83,Washington Mystics,75,8.0,-8.0,1,0,924,2651,L,W,L vs. San Antonio Silver Stars 75-83,W @ Washington Mystics 83-75
2008,2008-07-06,Phoenix Mercury,80,Los Angeles Sparks,91,-11.0,11.0,0,1,924,2652,W,L,W vs. Phoenix Mercury 91-80,L @ Los Angeles Sparks 80-91
2008,2008-07-08,Connecticut Sun,82,Detroit Shock,88,-6.0,6.0,0,1,925,2653,W,L,W vs. Connecticut Sun 88-82,L @ Detroit Shock 82-88
2008,2008-07-08,Indiana Fever,48,Washington Mystics,50,-2.0,2.0,0,1,925,2654,W,L,W vs. Indiana Fever 50-48,L @ Washington Mystics 48-50
2008,2008-07-08,New York Liberty,79,San Antonio Silver Stars,83,-4.0,4.0,0,1,925,2655,W,L,W vs. New York Liberty 83-79,L @ San Antonio Silver Stars 79-83
2008,2008-07-08,Houston Comets,94,Phoenix Mercury,99,-5.0,5.0,0,1,925,2656,W,L,W vs. Houston Comets 99-94,L @ Phoenix Mercury 94-99
2008,2008-07-08,Seattle Storm,79,Sacramento Monarchs,64,15.0,-15.0,1,0,925,2657,L,W,L vs. Seattle Storm 64-79,W @ Sacramento Monarchs 79-64
2008,2008-07-09,Houston Comets,74,Los Angeles Sparks,82,-8.0,8.0,0,1,926,2658,W,L,W vs. Houston Comets 82-74,L @ Los Angeles Sparks 74-82
2008,2008-07-09,Atlanta Dream,73,Minnesota Lynx,67,6.0,-6.0,1,0,926,2659,L,W,L vs. Atlanta Dream 67-73,W @ Minnesota Lynx 73-67
2008,2008-07-10,Phoenix Mercury,78,Seattle Storm,89,-11.0,11.0,0,1,927,2660,W,L,W vs. Phoenix Mercury 89-78,L @ Seattle Storm 78-89
2008,2008-07-10,Los Angeles Sparks,69,Sacramento Monarchs,87,-18.0,18.0,0,1,927,2661,W,L,W vs. Los Angeles Sparks 87-69,L @ Sacramento Monarchs 69-87
2008,2008-07-10,San Antonio Silver Stars,75,Chicago Sky,67,8.0,-8.0,1,0,927,2662,L,W,L vs. San Antonio Silver Stars 67-75,W @ Chicago Sky 75-67
2008,2008-07-11,Washington Mystics,66,Detroit Shock,79,-13.0,13.0,0,1,928,2663,W,L,W vs. Washington Mystics 79-66,L @ Detroit Shock 66-79
2008,2008-07-11,Atlanta Dream,74,San Antonio Silver Stars,82,-8.0,8.0,0,1,928,2664,W,L,W vs. Atlanta Dream 82-74,L @ San Antonio Silver Stars 74-82
2008,2008-07-12,Chicago Sky,57,Indiana Fever,66,-9.0,9.0,0,1,929,2665,W,L,W vs. Chicago Sky 66-57,L @ Indiana Fever 57-66
2008,2008-07-12,Los Angeles Sparks,52,Seattle Storm,70,-18.0,18.0,0,1,929,2666,W,L,W vs. Los Angeles Sparks 70-52,L @ Seattle Storm 52-70
2008,2008-07-12,Houston Comets,71,Minnesota Lynx,85,-14.0,14.0,0,1,929,2667,W,L,W vs. Houston Comets 85-71,L @ Minnesota Lynx 71-85
2008,2008-07-12,Detroit Shock,64,New York Liberty,74,-10.0,10.0,0,1,929,2668,W,L,W vs. Detroit Shock 74-64,L @ New York Liberty 64-74
2008,2008-07-12,Phoenix Mercury,97,Sacramento Monarchs,105,-8.0,8.0,0,1,929,2669,W,L,W vs. Phoenix Mercury 105-97,L @ Sacramento Monarchs 97-105
2008,2008-07-13,Atlanta Dream,66,Chicago Sky,79,-13.0,13.0,0,1,930,2670,W,L,W vs. Atlanta Dream 79-66,L @ Chicago Sky 66-79
2008,2008-07-13,Connecticut Sun,64,Washington Mystics,69,-5.0,5.0,0,1,930,2671,W,L,W vs. Connecticut Sun 69-64,L @ Washington Mystics 64-69
2008,2008-07-14,San Antonio Silver Stars,62,Los Angeles Sparks,75,-13.0,13.0,0,1,931,2672,W,L,W vs. San Antonio Silver Stars 75-62,L @ Los Angeles Sparks 62-75
2008,2008-07-15,New York Liberty,77,Connecticut Sun,71,6.0,-6.0,1,0,932,2673,L,W,L vs. New York Liberty 71-77,W @ Connecticut Sun 77-71
2008,2008-07-15,San Antonio Silver Stars,97,Phoenix Mercury,87,10.0,-10.0,1,0,932,2674,L,W,L vs. San Antonio Silver Stars 87-97,W @ Phoenix Mercury 97-87
2008,2008-07-16,Chicago Sky,63,Detroit Shock,66,-3.0,3.0,0,1,933,2675,W,L,W vs. Chicago Sky 66-63,L @ Detroit Shock 63-66
2008,2008-07-16,Atlanta Dream,81,Indiana Fever,77,4.0,-4.0,1,0,933,2676,L,W,L vs. Atlanta Dream 77-81,W @ Indiana Fever 81-77
2008,2008-07-17,Washington Mystics,56,New York Liberty,77,-21.0,21.0,0,1,934,2677,W,L,W vs. Washington Mystics 77-56,L @ New York Liberty 56-77
2008,2008-07-17,Los Angeles Sparks,92,Phoenix Mercury,99,-7.0,7.0,0,1,934,2678,W,L,W vs. Los Angeles Sparks 99-92,L @ Phoenix Mercury 92-99
2008,2008-07-17,Minnesota Lynx,88,Houston Comets,96,-8.0,8.0,0,1,934,2679,W,L,W vs. Minnesota Lynx 96-88,L @ Houston Comets 88-96
2008,2008-07-18,Detroit Shock,99,Washington Mystics,62,37.0,-37.0,1,0,935,2680,L,W,L vs. Detroit Shock 62-99,W @ Washington Mystics 99-62
2008,2008-07-18,Seattle Storm,65,Indiana Fever,59,6.0,-6.0,1,0,935,2681,L,W,L vs. Seattle Storm 59-65,W @ Indiana Fever 65-59
2008,2008-07-18,Connecticut Sun,65,Chicago Sky,73,-8.0,8.0,0,1,935,2682,W,L,W vs. Connecticut Sun 73-65,L @ Chicago Sky 65-73
2008,2008-07-18,Atlanta Dream,73,Sacramento Monarchs,77,-4.0,4.0,0,1,935,2683,W,L,W vs. Atlanta Dream 77-73,L @ Sacramento Monarchs 73-77
2008,2008-07-19,Atlanta Dream,84,Phoenix Mercury,110,-26.0,26.0,0,1,936,2684,W,L,W vs. Atlanta Dream 110-84,L @ Phoenix Mercury 84-110
2008,2008-07-19,Minnesota Lynx,87,San Antonio Silver Stars,74,13.0,-13.0,1,0,936,2685,L,W,L vs. Minnesota Lynx 74-87,W @ San Antonio Silver Stars 87-74
2008,2008-07-19,Los Angeles Sparks,72,Houston Comets,75,-3.0,3.0,0,1,936,2686,W,L,W vs. Los Angeles Sparks 75-72,L @ Houston Comets 72-75
2008,2008-07-19,Indiana Fever,71,New York Liberty,55,16.0,-16.0,1,0,936,2687,L,W,L vs. Indiana Fever 55-71,W @ New York Liberty 71-55
2008,2008-07-20,Chicago Sky,67,Connecticut Sun,74,-7.0,7.0,0,1,937,2688,W,L,W vs. Chicago Sky 74-67,L @ Connecticut Sun 67-74
2008,2008-07-20,Sacramento Monarchs,88,Detroit Shock,85,3.0,-3.0,1,0,937,2689,L,W,L vs. Sacramento Monarchs 85-88,W @ Detroit Shock 88-85
2008,2008-07-20,Seattle Storm,57,Washington Mystics,89,-32.0,32.0,0,1,937,2690,W,L,W vs. Seattle Storm 89-57,L @ Washington Mystics 57-89
2008,2008-07-22,Los Angeles Sparks,84,Detroit Shock,81,3.0,-3.0,1,0,938,2691,L,W,L vs. Los Angeles Sparks 81-84,W @ Detroit Shock 84-81
2008,2008-07-22,Sacramento Monarchs,79,Atlanta Dream,66,13.0,-13.0,1,0,938,2692,L,W,L vs. Sacramento Monarchs 66-79,W @ Atlanta Dream 79-66
2008,2008-07-22,Phoenix Mercury,92,Houston Comets,94,-2.0,2.0,0,1,938,2693,W,L,W vs. Phoenix Mercury 94-92,L @ Houston Comets 92-94
2008,2008-07-22,Seattle Storm,76,Minnesota Lynx,73,3.0,-3.0,1,0,938,2694,L,W,L vs. Seattle Storm 73-76,W @ Minnesota Lynx 76-73
2008,2008-07-22,Indiana Fever,60,Chicago Sky,68,-8.0,8.0,0,1,938,2695,W,L,W vs. Indiana Fever 68-60,L @ Chicago Sky 60-68
2008,2008-07-23,New York Liberty,80,Washington Mystics,73,7.0,-7.0,1,0,939,2696,L,W,L vs. New York Liberty 73-80,W @ Washington Mystics 80-73
2008,2008-07-24,Minnesota Lynx,84,Indiana Fever,80,4.0,-4.0,1,0,940,2697,L,W,L vs. Minnesota Lynx 80-84,W @ Indiana Fever 84-80
2008,2008-07-24,Detroit Shock,61,Houston Comets,79,-18.0,18.0,0,1,940,2698,W,L,W vs. Detroit Shock 79-61,L @ Houston Comets 61-79
2008,2008-07-24,Los Angeles Sparks,61,Connecticut Sun,87,-26.0,26.0,0,1,940,2699,W,L,W vs. Los Angeles Sparks 87-61,L @ Connecticut Sun 61-87
2008,2008-07-24,Chicago Sky,67,San Antonio Silver Stars,78,-11.0,11.0,0,1,940,2700,W,L,W vs. Chicago Sky 78-67,L @ San Antonio Silver Stars 67-78
2008,2008-07-24,Phoenix Mercury,74,Sacramento Monarchs,83,-9.0,9.0,0,1,940,2701,W,L,W vs. Phoenix Mercury 83-74,L @ Sacramento Monarchs 74-83
2008,2008-07-25,San Antonio Silver Stars,68,Minnesota Lynx,78,-10.0,10.0,0,1,941,2702,W,L,W vs. San Antonio Silver Stars 78-68,L @ Minnesota Lynx 68-78
2008,2008-07-25,Washington Mystics,81,Atlanta Dream,75,6.0,-6.0,1,0,941,2703,L,W,L vs. Washington Mystics 75-81,W @ Atlanta Dream 81-75
2008,2008-07-25,Seattle Storm,80,Phoenix Mercury,94,-14.0,14.0,0,1,941,2704,W,L,W vs. Seattle Storm 94-80,L @ Phoenix Mercury 80-94
2008,2008-07-25,Los Angeles Sparks,68,New York Liberty,69,-1.0,1.0,0,1,941,2705,W,L,W vs. Los Angeles Sparks 69-68,L @ New York Liberty 68-69
2008,2008-07-26,Chicago Sky,65,Houston Comets,79,-14.0,14.0,0,1,942,2706,W,L,W vs. Chicago Sky 79-65,L @ Houston Comets 65-79
2008,2008-07-26,Indiana Fever,62,Sacramento Monarchs,70,-8.0,8.0,0,1,942,2707,W,L,W vs. Indiana Fever 70-62,L @ Sacramento Monarchs 62-70
2008,2008-07-27,Los Angeles Sparks,92,Minnesota Lynx,84,8.0,-8.0,1,0,943,2708,L,W,L vs. Los Angeles Sparks 84-92,W @ Minnesota Lynx 92-84
2008,2008-07-27,Connecticut Sun,82,Washington Mystics,60,22.0,-22.0,1,0,943,2709,L,W,L vs. Connecticut Sun 60-82,W @ Washington Mystics 82-60
2008,2008-07-27,San Antonio Silver Stars,76,Detroit Shock,64,12.0,-12.0,1,0,943,2710,L,W,L vs. San Antonio Silver Stars 64-76,W @ Detroit Shock 76-64
2008,2008-07-27,New York Liberty,86,Atlanta Dream,76,10.0,-10.0,1,0,943,2711,L,W,L vs. New York Liberty 76-86,W @ Atlanta Dream 86-76
2008,2008-07-27,Indiana Fever,88,Phoenix Mercury,84,4.0,-4.0,1,0,943,2712,L,W,L vs. Indiana Fever 84-88,W @ Phoenix Mercury 88-84
2008,2008-07-27,Sacramento Monarchs,71,Seattle Storm,77,-6.0,6.0,0,1,943,2713,W,L,W vs. Sacramento Monarchs 77-71,L @ Seattle Storm 71-77
2008,2008-08-28,Chicago Sky,69,New York Liberty,60,9.0,-9.0,1,0,944,2714,L,W,L vs. Chicago Sky 60-69,W @ New York Liberty 69-60
2008,2008-08-28,Connecticut Sun,84,Indiana Fever,58,26.0,-26.0,1,0,944,2715,L,W,L vs. Connecticut Sun 58-84,W @ Indiana Fever 84-58
2008,2008-08-28,Houston Comets,49,Seattle Storm,66,-17.0,17.0,0,1,944,2716,W,L,W vs. Houston Comets 66-49,L @ Seattle Storm 49-66
2008,2008-08-28,San Antonio Silver Stars,77,Phoenix Mercury,55,22.0,-22.0,1,0,944,2717,L,W,L vs. San Antonio Silver Stars 55-77,W @ Phoenix Mercury 77-55
2008,2008-08-28,Sacramento Monarchs,63,Los Angeles Sparks,78,-15.0,15.0,0,1,944,2718,W,L,W vs. Sacramento Monarchs 78-63,L @ Los Angeles Sparks 63-78
2008,2008-08-29,Chicago Sky,79,Washington Mystics,75,4.0,-4.0,1,0,945,2719,L,W,L vs. Chicago Sky 75-79,W @ Washington Mystics 79-75
2008,2008-08-29,New York Liberty,69,Detroit Shock,83,-14.0,14.0,0,1,945,2720,W,L,W vs. New York Liberty 83-69,L @ Detroit Shock 69-83
2008,2008-08-29,Connecticut Sun,98,Atlanta Dream,72,26.0,-26.0,1,0,945,2721,L,W,L vs. Connecticut Sun 72-98,W @ Atlanta Dream 98-72
2008,2008-08-30,Atlanta Dream,72,Indiana Fever,87,-15.0,15.0,0,1,946,2722,W,L,W vs. Atlanta Dream 87-72,L @ Indiana Fever 72-87
2008,2008-08-30,San Antonio Silver Stars,53,Los Angeles Sparks,58,-5.0,5.0,0,1,946,2723,W,L,W vs. San Antonio Silver Stars 58-53,L @ Los Angeles Sparks 53-58
2008,2008-08-30,Washington Mystics,78,Minnesota Lynx,92,-14.0,14.0,0,1,946,2724,W,L,W vs. Washington Mystics 92-78,L @ Minnesota Lynx 78-92
2008,2008-08-30,Houston Comets,65,Sacramento Monarchs,80,-15.0,15.0,0,1,946,2725,W,L,W vs. Houston Comets 80-65,L @ Sacramento Monarchs 65-80
2008,2008-08-31,Detroit Shock,81,Chicago Sky,82,-1.0,1.0,0,1,947,2726,W,L,W vs. Detroit Shock 82-81,L @ Chicago Sky 81-82
2008,2008-08-31,Seattle Storm,76,Connecticut Sun,80,-4.0,4.0,0,1,947,2727,W,L,W vs. Seattle Storm 80-76,L @ Connecticut Sun 76-80
2008,2008-09-01,Minnesota Lynx,58,Los Angeles Sparks,82,-24.0,24.0,0,1,948,2728,W,L,W vs. Minnesota Lynx 82-58,L @ Los Angeles Sparks 58-82
2008,2008-09-02,Indiana Fever,79,Washington Mystics,68,11.0,-11.0,1,0,949,2729,L,W,L vs. Indiana Fever 68-79,W @ Washington Mystics 79-68
2008,2008-09-02,New York Liberty,90,Houston Comets,87,3.0,-3.0,1,0,949,2730,L,W,L vs. New York Liberty 87-90,W @ Houston Comets 90-87
2008,2008-09-02,Seattle Storm,83,Atlanta Dream,69,14.0,-14.0,1,0,949,2731,L,W,L vs. Seattle Storm 69-83,W @ Atlanta Dream 83-69
2008,2008-09-03,Minnesota Lynx,96,Phoenix Mercury,103,-7.0,7.0,0,1,950,2732,W,L,W vs. Minnesota Lynx 103-96,L @ Phoenix Mercury 96-103
2008,2008-09-04,Seattle Storm,70,Chicago Sky,62,8.0,-8.0,1,0,951,2733,L,W,L vs. Seattle Storm 62-70,W @ Chicago Sky 70-62
2008,2008-09-05,Los Angeles Sparks,58,San Antonio Silver Stars,76,-18.0,18.0,0,1,952,2734,W,L,W vs. Los Angeles Sparks 76-58,L @ San Antonio Silver Stars 58-76
2008,2008-09-05,Sacramento Monarchs,69,Phoenix Mercury,81,-12.0,12.0,0,1,952,2735,W,L,W vs. Sacramento Monarchs 81-69,L @ Phoenix Mercury 69-81
2008,2008-09-05,Atlanta Dream,71,New York Liberty,82,-11.0,11.0,0,1,952,2736,W,L,W vs. Atlanta Dream 82-71,L @ New York Liberty 71-82
2008,2008-09-05,Chicago Sky,75,Connecticut Sun,80,-5.0,5.0,0,1,952,2737,W,L,W vs. Chicago Sky 80-75,L @ Connecticut Sun 75-80
2008,2008-09-05,Indiana Fever,68,Detroit Shock,90,-22.0,22.0,0,1,952,2738,W,L,W vs. Indiana Fever 90-68,L @ Detroit Shock 68-90
2008,2008-09-06,Minnesota Lynx,88,Seattle Storm,96,-8.0,8.0,0,1,953,2739,W,L,W vs. Minnesota Lynx 96-88,L @ Seattle Storm 88-96
2008,2008-09-06,Detroit Shock,84,Washington Mystics,69,15.0,-15.0,1,0,953,2740,L,W,L vs. Detroit Shock 69-84,W @ Washington Mystics 84-69
2008,2008-09-06,Los Angeles Sparks,84,Houston Comets,66,18.0,-18.0,1,0,953,2741,L,W,L vs. Los Angeles Sparks 66-84,W @ Houston Comets 84-66
2008,2008-09-07,San Antonio Silver Stars,85,Connecticut Sun,73,12.0,-12.0,1,0,954,2742,L,W,L vs. San Antonio Silver Stars 73-85,W @ Connecticut Sun 85-73
2008,2008-09-07,Chicago Sky,61,New York Liberty,69,-8.0,8.0,0,1,954,2743,W,L,W vs. Chicago Sky 69-61,L @ New York Liberty 61-69
2008,2008-09-07,Minnesota Lynx,71,Sacramento Monarchs,78,-7.0,7.0,0,1,954,2744,W,L,W vs. Minnesota Lynx 78-71,L @ Sacramento Monarchs 71-78
2008,2008-09-07,Houston Comets,74,Phoenix Mercury,99,-25.0,25.0,0,1,954,2745,W,L,W vs. Houston Comets 99-74,L @ Phoenix Mercury 74-99
2008,2008-09-08,Indiana Fever,81,Atlanta Dream,77,4.0,-4.0,1,0,955,2746,L,W,L vs. Indiana Fever 77-81,W @ Atlanta Dream 81-77
2008,2008-09-09,Seattle Storm,74,Sacramento Monarchs,77,-3.0,3.0,0,1,956,2747,W,L,W vs. Seattle Storm 77-74,L @ Sacramento Monarchs 74-77
2008,2008-09-09,Connecticut Sun,68,Houston Comets,75,-7.0,7.0,0,1,956,2748,W,L,W vs. Connecticut Sun 75-68,L @ Houston Comets 68-75
2008,2008-09-09,Indiana Fever,76,Minnesota Lynx,86,-10.0,10.0,0,1,956,2749,W,L,W vs. Indiana Fever 86-76,L @ Minnesota Lynx 76-86
2008,2008-09-09,Phoenix Mercury,78,Detroit Shock,89,-11.0,11.0,0,1,956,2750,W,L,W vs. Phoenix Mercury 89-78,L @ Detroit Shock 78-89
2008,2008-09-09,San Antonio Silver Stars,82,New York Liberty,76,6.0,-6.0,1,0,956,2751,L,W,L vs. San Antonio Silver Stars 76-82,W @ New York Liberty 82-76
2008,2008-09-09,Washington Mystics,59,Chicago Sky,78,-19.0,19.0,0,1,956,2752,W,L,W vs. Washington Mystics 78-59,L @ Chicago Sky 59-78
2008,2008-09-11,Atlanta Dream,83,Los Angeles Sparks,72,11.0,-11.0,1,0,957,2753,L,W,L vs. Atlanta Dream 72-83,W @ Los Angeles Sparks 83-72
2008,2008-09-11,Connecticut Sun,74,San Antonio Silver Stars,78,-4.0,4.0,0,1,957,2754,W,L,W vs. Connecticut Sun 78-74,L @ San Antonio Silver Stars 74-78
2008,2008-09-11,Washington Mystics,66,Detroit Shock,78,-12.0,12.0,0,1,957,2755,W,L,W vs. Washington Mystics 78-66,L @ Detroit Shock 66-78
2008,2008-09-11,New York Liberty,59,Indiana Fever,74,-15.0,15.0,0,1,957,2756,W,L,W vs. New York Liberty 74-59,L @ Indiana Fever 59-74
2008,2008-09-12,Atlanta Dream,72,Seattle Storm,77,-5.0,5.0,0,1,958,2757,W,L,W vs. Atlanta Dream 77-72,L @ Seattle Storm 72-77
2008,2008-09-12,New York Liberty,69,Chicago Sky,62,7.0,-7.0,1,0,958,2758,L,W,L vs. New York Liberty 62-69,W @ Chicago Sky 69-62
2008,2008-09-12,Phoenix Mercury,96,Minnesota Lynx,87,9.0,-9.0,1,0,958,2759,L,W,L vs. Phoenix Mercury 87-96,W @ Minnesota Lynx 96-87
2008,2008-09-13,Washington Mystics,81,Connecticut Sun,87,-6.0,6.0,0,1,959,2760,W,L,W vs. Washington Mystics 87-81,L @ Connecticut Sun 81-87
2008,2008-09-13,Sacramento Monarchs,69,San Antonio Silver Stars,77,-8.0,8.0,0,1,959,2761,W,L,W vs. Sacramento Monarchs 77-69,L @ San Antonio Silver Stars 69-77
2008,2008-09-14,Houston Comets,79,Chicago Sky,76,3.0,-3.0,1,0,960,2762,L,W,L vs. Houston Comets 76-79,W @ Chicago Sky 79-76
2008,2008-09-14,Seattle Storm,48,Los Angeles Sparks,65,-17.0,17.0,0,1,960,2763,W,L,W vs. Seattle Storm 65-48,L @ Los Angeles Sparks 48-65
2008,2008-09-14,Minnesota Lynx,96,Washington Mystics,70,26.0,-26.0,1,0,960,2764,L,W,L vs. Minnesota Lynx 70-96,W @ Washington Mystics 96-70
2008,2008-09-14,Phoenix Mercury,89,Indiana Fever,103,-14.0,14.0,0,1,960,2765,W,L,W vs. Phoenix Mercury 103-89,L @ Indiana Fever 89-103
2008,2008-09-14,Detroit Shock,61,New York Liberty,59,2.0,-2.0,1,0,960,2766,L,W,L vs. Detroit Shock 59-61,W @ New York Liberty 61-59
2008,2008-09-15,Sacramento Monarchs,81,Houston Comets,90,-9.0,9.0,0,1,961,2767,W,L,W vs. Sacramento Monarchs 90-81,L @ Houston Comets 81-90
2008,2008-09-18,San Antonio Silver Stars,85,Sacramento Monarchs,78,7.0,-7.0,1,0,962,2768,L,W,L vs. San Antonio Silver Stars 78-85,W @ Sacramento Monarchs 85-78
2008,2008-09-18,Connecticut Sun,63,New York Liberty,72,-9.0,9.0,0,1,962,2769,W,L,W vs. Connecticut Sun 72-63,L @ New York Liberty 63-72
2008,2008-09-19,Detroit Shock,81,Indiana Fever,72,9.0,-9.0,1,0,963,2770,L,W,L vs. Detroit Shock 72-81,W @ Indiana Fever 81-72
2008,2008-09-19,Seattle Storm,69,Los Angeles Sparks,77,-8.0,8.0,0,1,963,2771,W,L,W vs. Seattle Storm 77-69,L @ Los Angeles Sparks 69-77
2008,2008-09-20,New York Liberty,70,Connecticut Sun,73,-3.0,3.0,0,1,964,2772,W,L,W vs. New York Liberty 73-70,L @ Connecticut Sun 70-73
2008,2008-09-20,Sacramento Monarchs,84,San Antonio Silver Stars,67,17.0,-17.0,1,0,964,2773,L,W,L vs. Sacramento Monarchs 67-84,W @ San Antonio Silver Stars 84-67
2008,2008-09-21,Indiana Fever,89,Detroit Shock,82,7.0,-7.0,1,0,965,2774,L,W,L vs. Indiana Fever 82-89,W @ Detroit Shock 89-82
2008,2008-09-21,Los Angeles Sparks,50,Seattle Storm,64,-14.0,14.0,0,1,965,2775,W,L,W vs. Los Angeles Sparks 64-50,L @ Seattle Storm 50-64
2008,2008-09-22,New York Liberty,66,Connecticut Sun,62,4.0,-4.0,1,0,966,2776,L,W,L vs. New York Liberty 62-66,W @ Connecticut Sun 66-62
2008,2008-09-22,Sacramento Monarchs,81,San Antonio Silver Stars,86,-5.0,5.0,0,1,966,2777,W,L,W vs. Sacramento Monarchs 86-81,L @ San Antonio Silver Stars 81-86
2008,2008-09-23,Los Angeles Sparks,71,Seattle Storm,64,7.0,-7.0,1,0,967,2778,L,W,L vs. Los Angeles Sparks 64-71,W @ Seattle Storm 71-64
2008,2008-09-23,Indiana Fever,61,Detroit Shock,80,-19.0,19.0,0,1,967,2779,W,L,W vs. Indiana Fever 80-61,L @ Detroit Shock 61-80
2008,2008-09-25,San Antonio Silver Stars,70,Los Angeles Sparks,85,-15.0,15.0,0,1,968,2780,W,L,W vs. San Antonio Silver Stars 85-70,L @ Los Angeles Sparks 70-85
2008,2008-09-26,Detroit Shock,56,New York Liberty,60,-4.0,4.0,0,1,969,2781,W,L,W vs. Detroit Shock 60-56,L @ New York Liberty 56-60
2008,2008-09-27,Los Angeles Sparks,66,San Antonio Silver Stars,67,-1.0,1.0,0,1,970,2782,W,L,W vs. Los Angeles Sparks 67-66,L @ San Antonio Silver Stars 66-67
2008,2008-09-28,Los Angeles Sparks,72,San Antonio Silver Stars,76,-4.0,4.0,0,1,971,2783,W,L,W vs. Los Angeles Sparks 76-72,L @ San Antonio Silver Stars 72-76
2008,2008-09-28,New York Liberty,55,Detroit Shock,64,-9.0,9.0,0,1,971,2784,W,L,W vs. New York Liberty 64-55,L @ Detroit Shock 55-64
2008,2008-09-29,New York Liberty,73,Detroit Shock,75,-2.0,2.0,0,1,972,2785,W,L,W vs. New York Liberty 75-73,L @ Detroit Shock 73-75
2008,2008-10-01,Detroit Shock,77,San Antonio Silver Stars,69,8.0,-8.0,1,0,973,2786,L,W,L vs. Detroit Shock 69-77,W @ San Antonio Silver Stars 77-69
2008,2008-10-03,Detroit Shock,69,San Antonio Silver Stars,61,8.0,-8.0,1,0,974,2787,L,W,L vs. Detroit Shock 61-69,W @ San Antonio Silver Stars 69-61
2008,2008-10-05,San Antonio Silver Stars,60,Detroit Shock,76,-16.0,16.0,0,1,975,2788,W,L,W vs. San Antonio Silver Stars 76-60,L @ Detroit Shock 60-76
2009,2009-06-06,San Antonio Silver Stars,79,Phoenix Mercury,90,-11.0,11.0,0,1,976,2789,W,L,W vs. San Antonio Silver Stars 90-79,L @ Phoenix Mercury 79-90
2009,2009-06-06,Seattle Storm,71,Sacramento Monarchs,61,10.0,-10.0,1,0,976,2790,L,W,L vs. Seattle Storm 61-71,W @ Sacramento Monarchs 71-61
2009,2009-06-06,Washington Mystics,82,Connecticut Sun,70,12.0,-12.0,1,0,976,2791,L,W,L vs. Washington Mystics 70-82,W @ Connecticut Sun 82-70
2009,2009-06-06,Detroit Shock,58,Los Angeles Sparks,78,-20.0,20.0,0,1,976,2792,W,L,W vs. Detroit Shock 78-58,L @ Los Angeles Sparks 58-78
2009,2009-06-06,Chicago Sky,85,Minnesota Lynx,102,-17.0,17.0,0,1,976,2793,W,L,W vs. Chicago Sky 102-85,L @ Minnesota Lynx 85-102
2009,2009-06-06,Indiana Fever,86,Atlanta Dream,87,-1.0,1.0,0,1,976,2794,W,L,W vs. Indiana Fever 87-86,L @ Atlanta Dream 86-87
2009,2009-06-07,Minnesota Lynx,96,Indiana Fever,74,22.0,-22.0,1,0,977,2795,L,W,L vs. Minnesota Lynx 74-96,W @ Indiana Fever 96-74
2009,2009-06-07,Connecticut Sun,66,New York Liberty,57,9.0,-9.0,1,0,977,2796,L,W,L vs. Connecticut Sun 57-66,W @ New York Liberty 66-57
2009,2009-06-07,Atlanta Dream,71,Washington Mystics,77,-6.0,6.0,0,1,977,2797,W,L,W vs. Atlanta Dream 77-71,L @ Washington Mystics 71-77
2009,2009-06-07,Sacramento Monarchs,70,Seattle Storm,80,-10.0,10.0,0,1,977,2798,W,L,W vs. Sacramento Monarchs 80-70,L @ Seattle Storm 70-80
2009,2009-06-08,Los Angeles Sparks,52,Detroit Shock,81,-29.0,29.0,0,1,978,2799,W,L,W vs. Los Angeles Sparks 81-52,L @ Detroit Shock 52-81
2009,2009-06-09,Seattle Storm,66,Indiana Fever,73,-7.0,7.0,0,1,979,2800,W,L,W vs. Seattle Storm 73-66,L @ Indiana Fever 66-73
2009,2009-06-10,Washington Mystics,75,Detroit Shock,69,6.0,-6.0,1,0,980,2801,L,W,L vs. Washington Mystics 69-75,W @ Detroit Shock 75-69
2009,2009-06-10,New York Liberty,84,Phoenix Mercury,91,-7.0,7.0,0,1,980,2802,W,L,W vs. New York Liberty 91-84,L @ Phoenix Mercury 84-91
2009,2009-06-10,Los Angeles Sparks,76,Minnesota Lynx,87,-11.0,11.0,0,1,980,2803,W,L,W vs. Los Angeles Sparks 87-76,L @ Minnesota Lynx 76-87
2009,2009-06-12,Los Angeles Sparks,61,Indiana Fever,73,-12.0,12.0,0,1,981,2804,W,L,W vs. Los Angeles Sparks 73-61,L @ Indiana Fever 61-73
2009,2009-06-12,Seattle Storm,88,Minnesota Lynx,71,17.0,-17.0,1,0,981,2805,L,W,L vs. Seattle Storm 71-88,W @ Minnesota Lynx 88-71
2009,2009-06-12,Atlanta Dream,73,Chicago Sky,81,-8.0,8.0,0,1,981,2806,W,L,W vs. Atlanta Dream 81-73,L @ Chicago Sky 73-81
2009,2009-06-12,Phoenix Mercury,71,Sacramento Monarchs,90,-19.0,19.0,0,1,981,2807,W,L,W vs. Phoenix Mercury 90-71,L @ Sacramento Monarchs 71-90
2009,2009-06-13,New York Liberty,60,San Antonio Silver Stars,63,-3.0,3.0,0,1,982,2808,W,L,W vs. New York Liberty 63-60,L @ San Antonio Silver Stars 60-63
2009,2009-06-13,Sacramento Monarchs,104,Phoenix Mercury,115,-11.0,11.0,0,1,982,2809,W,L,W vs. Sacramento Monarchs 115-104,L @ Phoenix Mercury 104-115
2009,2009-06-14,Seattle Storm,57,Chicago Sky,64,-7.0,7.0,0,1,983,2810,W,L,W vs. Seattle Storm 64-57,L @ Chicago Sky 57-64
2009,2009-06-14,Atlanta Dream,67,Connecticut Sun,62,5.0,-5.0,1,0,983,2811,L,W,L vs. Atlanta Dream 62-67,W @ Connecticut Sun 67-62
2009,2009-06-16,Minnesota Lynx,86,Sacramento Monarchs,83,3.0,-3.0,1,0,984,2812,L,W,L vs. Minnesota Lynx 83-86,W @ Sacramento Monarchs 86-83
2009,2009-06-16,Connecticut Sun,75,Chicago Sky,78,-3.0,3.0,0,1,984,2813,W,L,W vs. Connecticut Sun 78-75,L @ Chicago Sky 75-78
2009,2009-06-17,Minnesota Lynx,80,Phoenix Mercury,104,-24.0,24.0,0,1,985,2814,W,L,W vs. Minnesota Lynx 104-80,L @ Phoenix Mercury 80-104
2009,2009-06-19,Los Angeles Sparks,80,Phoenix Mercury,89,-9.0,9.0,0,1,986,2815,W,L,W vs. Los Angeles Sparks 89-80,L @ Phoenix Mercury 80-89
2009,2009-06-19,Indiana Fever,66,Detroit Shock,54,12.0,-12.0,1,0,986,2816,L,W,L vs. Indiana Fever 54-66,W @ Detroit Shock 66-54
2009,2009-06-19,San Antonio Silver Stars,61,New York Liberty,77,-16.0,16.0,0,1,986,2817,W,L,W vs. San Antonio Silver Stars 77-61,L @ New York Liberty 61-77
2009,2009-06-19,Chicago Sky,61,Connecticut Sun,91,-30.0,30.0,0,1,986,2818,W,L,W vs. Chicago Sky 91-61,L @ Connecticut Sun 61-91
2009,2009-06-19,Washington Mystics,81,Atlanta Dream,93,-12.0,12.0,0,1,986,2819,W,L,W vs. Washington Mystics 93-81,L @ Atlanta Dream 81-93
2009,2009-06-19,Minnesota Lynx,62,Seattle Storm,90,-28.0,28.0,0,1,986,2820,W,L,W vs. Minnesota Lynx 90-62,L @ Seattle Storm 62-90
2009,2009-06-20,Chicago Sky,72,Washington Mystics,81,-9.0,9.0,0,1,987,2821,W,L,W vs. Chicago Sky 81-72,L @ Washington Mystics 72-81
2009,2009-06-21,Detroit Shock,70,Indiana Fever,82,-12.0,12.0,0,1,988,2822,W,L,W vs. Detroit Shock 82-70,L @ Indiana Fever 70-82
2009,2009-06-21,Sacramento Monarchs,47,Los Angeles Sparks,67,-20.0,20.0,0,1,988,2823,W,L,W vs. Sacramento Monarchs 67-47,L @ Los Angeles Sparks 47-67
2009,2009-06-21,New York Liberty,93,Atlanta Dream,81,12.0,-12.0,1,0,988,2824,L,W,L vs. New York Liberty 81-93,W @ Atlanta Dream 93-81
2009,2009-06-21,Seattle Storm,93,Phoenix Mercury,84,9.0,-9.0,1,0,988,2825,L,W,L vs. Seattle Storm 84-93,W @ Phoenix Mercury 93-84
2009,2009-06-21,San Antonio Silver Stars,58,Connecticut Sun,71,-13.0,13.0,0,1,988,2826,W,L,W vs. San Antonio Silver Stars 71-58,L @ Connecticut Sun 58-71
2009,2009-06-23,New York Liberty,57,Minnesota Lynx,69,-12.0,12.0,0,1,989,2827,W,L,W vs. New York Liberty 69-57,L @ Minnesota Lynx 57-69
2009,2009-06-23,Chicago Sky,99,Atlanta Dream,98,1.0,-1.0,1,0,989,2828,L,W,L vs. Chicago Sky 98-99,W @ Atlanta Dream 99-98
2009,2009-06-23,Phoenix Mercury,87,San Antonio Silver Stars,91,-4.0,4.0,0,1,989,2829,W,L,W vs. Phoenix Mercury 91-87,L @ San Antonio Silver Stars 87-91
2009,2009-06-25,Phoenix Mercury,93,Washington Mystics,87,6.0,-6.0,1,0,990,2830,L,W,L vs. Phoenix Mercury 87-93,W @ Washington Mystics 93-87
2009,2009-06-26,Sacramento Monarchs,52,San Antonio Silver Stars,62,-10.0,10.0,0,1,991,2831,W,L,W vs. Sacramento Monarchs 62-52,L @ San Antonio Silver Stars 52-62
2009,2009-06-26,Indiana Fever,82,New York Liberty,81,1.0,-1.0,1,0,991,2832,L,W,L vs. Indiana Fever 81-82,W @ New York Liberty 82-81
2009,2009-06-26,Los Angeles Sparks,67,Seattle Storm,69,-2.0,2.0,0,1,991,2833,W,L,W vs. Los Angeles Sparks 69-67,L @ Seattle Storm 67-69
2009,2009-06-26,Detroit Shock,86,Atlanta Dream,96,-10.0,10.0,0,1,991,2834,W,L,W vs. Detroit Shock 96-86,L @ Atlanta Dream 86-96
2009,2009-06-27,Atlanta Dream,68,Connecticut Sun,82,-14.0,14.0,0,1,992,2835,W,L,W vs. Atlanta Dream 82-68,L @ Connecticut Sun 68-82
2009,2009-06-27,Phoenix Mercury,80,Minnesota Lynx,109,-29.0,29.0,0,1,992,2836,W,L,W vs. Phoenix Mercury 109-80,L @ Minnesota Lynx 80-109
2009,2009-06-27,Washington Mystics,63,Chicago Sky,68,-5.0,5.0,0,1,992,2837,W,L,W vs. Washington Mystics 68-63,L @ Chicago Sky 63-68
2009,2009-06-27,New York Liberty,54,Indiana Fever,63,-9.0,9.0,0,1,992,2838,W,L,W vs. New York Liberty 63-54,L @ Indiana Fever 54-63
2009,2009-06-28,Seattle Storm,55,Los Angeles Sparks,82,-27.0,27.0,0,1,993,2839,W,L,W vs. Seattle Storm 82-55,L @ Los Angeles Sparks 55-82
2009,2009-06-28,Sacramento Monarchs,72,Detroit Shock,86,-14.0,14.0,0,1,993,2840,W,L,W vs. Sacramento Monarchs 86-72,L @ Detroit Shock 72-86
2009,2009-06-30,Sacramento Monarchs,72,Chicago Sky,74,-2.0,2.0,0,1,994,2841,W,L,W vs. Sacramento Monarchs 74-72,L @ Chicago Sky 72-74
2009,2009-06-30,Washington Mystics,84,San Antonio Silver Stars,82,2.0,-2.0,1,0,994,2842,L,W,L vs. Washington Mystics 82-84,W @ San Antonio Silver Stars 84-82
2009,2009-06-30,Minnesota Lynx,91,Atlanta Dream,85,6.0,-6.0,1,0,994,2843,L,W,L vs. Minnesota Lynx 85-91,W @ Atlanta Dream 91-85
2009,2009-07-01,Seattle Storm,81,Phoenix Mercury,93,-12.0,12.0,0,1,995,2844,W,L,W vs. Seattle Storm 93-81,L @ Phoenix Mercury 81-93
2009,2009-07-02,Detroit Shock,64,New York Liberty,80,-16.0,16.0,0,1,996,2845,W,L,W vs. Detroit Shock 80-64,L @ New York Liberty 64-80
2009,2009-07-02,Sacramento Monarchs,74,Minnesota Lynx,68,6.0,-6.0,1,0,996,2846,L,W,L vs. Sacramento Monarchs 68-74,W @ Minnesota Lynx 74-68
2009,2009-07-02,Connecticut Sun,53,Indiana Fever,67,-14.0,14.0,0,1,996,2847,W,L,W vs. Connecticut Sun 67-53,L @ Indiana Fever 53-67
2009,2009-07-03,Washington Mystics,65,Atlanta Dream,72,-7.0,7.0,0,1,997,2848,W,L,W vs. Washington Mystics 72-65,L @ Atlanta Dream 65-72
2009,2009-07-03,Chicago Sky,72,San Antonio Silver Stars,85,-13.0,13.0,0,1,997,2849,W,L,W vs. Chicago Sky 85-72,L @ San Antonio Silver Stars 72-85
2009,2009-07-05,Atlanta Dream,74,Indiana Fever,78,-4.0,4.0,0,1,998,2850,W,L,W vs. Atlanta Dream 78-74,L @ Indiana Fever 74-78
2009,2009-07-05,Phoenix Mercury,104,Los Angeles Sparks,89,15.0,-15.0,1,0,998,2851,L,W,L vs. Phoenix Mercury 89-104,W @ Los Angeles Sparks 104-89
2009,2009-07-05,Connecticut Sun,95,Detroit Shock,92,3.0,-3.0,1,0,998,2852,L,W,L vs. Connecticut Sun 92-95,W @ Detroit Shock 95-92
2009,2009-07-07,Chicago Sky,73,Sacramento Monarchs,83,-10.0,10.0,0,1,999,2853,W,L,W vs. Chicago Sky 83-73,L @ Sacramento Monarchs 73-83
2009,2009-07-07,Connecticut Sun,67,Atlanta Dream,72,-5.0,5.0,0,1,999,2854,W,L,W vs. Connecticut Sun 72-67,L @ Atlanta Dream 67-72
2009,2009-07-07,San Antonio Silver Stars,53,Seattle Storm,66,-13.0,13.0,0,1,999,2855,W,L,W vs. San Antonio Silver Stars 66-53,L @ Seattle Storm 53-66
2009,2009-07-07,Washington Mystics,94,Minnesota Lynx,96,-2.0,2.0,0,1,999,2856,W,L,W vs. Washington Mystics 96-94,L @ Minnesota Lynx 94-96
2009,2009-07-08,Chicago Sky,70,Phoenix Mercury,90,-20.0,20.0,0,1,1000,2857,W,L,W vs. Chicago Sky 90-70,L @ Phoenix Mercury 70-90
2009,2009-07-09,Sacramento Monarchs,55,Seattle Storm,66,-11.0,11.0,0,1,1001,2858,W,L,W vs. Sacramento Monarchs 66-55,L @ Seattle Storm 55-66
2009,2009-07-09,Los Angeles Sparks,69,New York Liberty,60,9.0,-9.0,1,0,1001,2859,L,W,L vs. Los Angeles Sparks 60-69,W @ New York Liberty 69-60
2009,2009-07-10,San Antonio Silver Stars,77,Minnesota Lynx,61,16.0,-16.0,1,0,1002,2860,L,W,L vs. San Antonio Silver Stars 61-77,W @ Minnesota Lynx 77-61
2009,2009-07-10,Indiana Fever,83,Chicago Sky,54,29.0,-29.0,1,0,1002,2861,L,W,L vs. Indiana Fever 54-83,W @ Chicago Sky 83-54
2009,2009-07-11,Atlanta Dream,69,New York Liberty,71,-2.0,2.0,0,1,1003,2862,W,L,W vs. Atlanta Dream 71-69,L @ New York Liberty 69-71
2009,2009-07-11,Los Angeles Sparks,63,Washington Mystics,75,-12.0,12.0,0,1,1003,2863,W,L,W vs. Los Angeles Sparks 75-63,L @ Washington Mystics 63-75
2009,2009-07-11,Phoenix Mercury,107,Sacramento Monarchs,105,2.0,-2.0,1,0,1003,2864,L,W,L vs. Phoenix Mercury 105-107,W @ Sacramento Monarchs 107-105
2009,2009-07-11,Detroit Shock,79,Connecticut Sun,77,2.0,-2.0,1,0,1003,2865,L,W,L vs. Detroit Shock 77-79,W @ Connecticut Sun 79-77
2009,2009-07-12,Minnesota Lynx,83,San Antonio Silver Stars,76,7.0,-7.0,1,0,1004,2866,L,W,L vs. Minnesota Lynx 76-83,W @ San Antonio Silver Stars 83-76
2009,2009-07-12,Chicago Sky,86,Seattle Storm,81,5.0,-5.0,1,0,1004,2867,L,W,L vs. Chicago Sky 81-86,W @ Seattle Storm 86-81
2009,2009-07-14,Los Angeles Sparks,71,Connecticut Sun,82,-11.0,11.0,0,1,1005,2868,W,L,W vs. Los Angeles Sparks 82-71,L @ Connecticut Sun 71-82
2009,2009-07-15,Chicago Sky,74,Indiana Fever,84,-10.0,10.0,0,1,1006,2869,W,L,W vs. Chicago Sky 84-74,L @ Indiana Fever 74-84
2009,2009-07-15,Sacramento Monarchs,81,Phoenix Mercury,100,-19.0,19.0,0,1,1006,2870,W,L,W vs. Sacramento Monarchs 100-81,L @ Phoenix Mercury 81-100
2009,2009-07-15,Detroit Shock,66,Seattle Storm,63,3.0,-3.0,1,0,1006,2871,L,W,L vs. Detroit Shock 63-66,W @ Seattle Storm 66-63
2009,2009-07-15,Atlanta Dream,91,Minnesota Lynx,77,14.0,-14.0,1,0,1006,2872,L,W,L vs. Atlanta Dream 77-91,W @ Minnesota Lynx 91-77
2009,2009-07-15,San Antonio Silver Stars,79,Washington Mystics,78,1.0,-1.0,1,0,1006,2873,L,W,L vs. San Antonio Silver Stars 78-79,W @ Washington Mystics 79-78
2009,2009-07-17,Seattle Storm,69,Sacramento Monarchs,56,13.0,-13.0,1,0,1007,2874,L,W,L vs. Seattle Storm 56-69,W @ Sacramento Monarchs 69-56
2009,2009-07-17,Atlanta Dream,79,Indiana Fever,84,-5.0,5.0,0,1,1007,2875,W,L,W vs. Atlanta Dream 84-79,L @ Indiana Fever 79-84
2009,2009-07-17,Connecticut Sun,72,San Antonio Silver Stars,64,8.0,-8.0,1,0,1007,2876,L,W,L vs. Connecticut Sun 64-72,W @ San Antonio Silver Stars 72-64
2009,2009-07-18,Detroit Shock,90,Phoenix Mercury,97,-7.0,7.0,0,1,1008,2877,W,L,W vs. Detroit Shock 97-90,L @ Phoenix Mercury 90-97
2009,2009-07-18,New York Liberty,67,Washington Mystics,68,-1.0,1.0,0,1,1008,2878,W,L,W vs. New York Liberty 68-67,L @ Washington Mystics 67-68
2009,2009-07-19,Minnesota Lynx,69,Seattle Storm,72,-3.0,3.0,0,1,1009,2879,W,L,W vs. Minnesota Lynx 72-69,L @ Seattle Storm 69-72
2009,2009-07-19,San Antonio Silver Stars,75,Chicago Sky,85,-10.0,10.0,0,1,1009,2880,W,L,W vs. San Antonio Silver Stars 85-75,L @ Chicago Sky 75-85
2009,2009-07-19,Atlanta Dream,86,New York Liberty,89,-3.0,3.0,0,1,1009,2881,W,L,W vs. Atlanta Dream 89-86,L @ New York Liberty 86-89
2009,2009-07-19,Detroit Shock,69,Sacramento Monarchs,65,4.0,-4.0,1,0,1009,2882,L,W,L vs. Detroit Shock 65-69,W @ Sacramento Monarchs 69-65
2009,2009-07-19,Indiana Fever,61,Connecticut Sun,67,-6.0,6.0,0,1,1009,2883,W,L,W vs. Indiana Fever 67-61,L @ Connecticut Sun 61-67
2009,2009-07-21,Indiana Fever,82,Washington Mystics,70,12.0,-12.0,1,0,1010,2884,L,W,L vs. Indiana Fever 70-82,W @ Washington Mystics 82-70
2009,2009-07-22,Minnesota Lynx,99,Phoenix Mercury,86,13.0,-13.0,1,0,1011,2885,L,W,L vs. Minnesota Lynx 86-99,W @ Phoenix Mercury 99-86
2009,2009-07-22,Sacramento Monarchs,75,Connecticut Sun,83,-8.0,8.0,0,1,1011,2886,W,L,W vs. Sacramento Monarchs 83-75,L @ Connecticut Sun 75-83
2009,2009-07-22,Los Angeles Sparks,87,Seattle Storm,98,-11.0,11.0,0,1,1011,2887,W,L,W vs. Los Angeles Sparks 98-87,L @ Seattle Storm 87-98
2009,2009-07-22,New York Liberty,77,Chicago Sky,70,7.0,-7.0,1,0,1011,2888,L,W,L vs. New York Liberty 70-77,W @ Chicago Sky 77-70
2009,2009-07-22,Atlanta Dream,98,Detroit Shock,95,3.0,-3.0,1,0,1011,2889,L,W,L vs. Atlanta Dream 95-98,W @ Detroit Shock 98-95
2009,2009-07-23,Indiana Fever,65,San Antonio Silver Stars,84,-19.0,19.0,0,1,1012,2890,W,L,W vs. Indiana Fever 84-65,L @ San Antonio Silver Stars 65-84
2009,2009-07-23,Chicago Sky,64,Washington Mystics,75,-11.0,11.0,0,1,1012,2891,W,L,W vs. Chicago Sky 75-64,L @ Washington Mystics 64-75
2009,2009-07-23,Sacramento Monarchs,88,New York Liberty,73,15.0,-15.0,1,0,1012,2892,L,W,L vs. Sacramento Monarchs 73-88,W @ New York Liberty 88-73
2009,2009-07-26,Phoenix Mercury,94,New York Liberty,88,6.0,-6.0,1,0,1013,2893,L,W,L vs. Phoenix Mercury 88-94,W @ New York Liberty 94-88
2009,2009-07-26,Sacramento Monarchs,73,Washington Mystics,87,-14.0,14.0,0,1,1013,2894,W,L,W vs. Sacramento Monarchs 87-73,L @ Washington Mystics 73-87
2009,2009-07-28,Phoenix Mercury,95,Connecticut Sun,80,15.0,-15.0,1,0,1014,2895,L,W,L vs. Phoenix Mercury 80-95,W @ Connecticut Sun 95-80
2009,2009-07-28,Washington Mystics,81,Indiana Fever,85,-4.0,4.0,0,1,1014,2896,W,L,W vs. Washington Mystics 85-81,L @ Indiana Fever 81-85
2009,2009-07-28,Seattle Storm,71,San Antonio Silver Stars,74,-3.0,3.0,0,1,1014,2897,W,L,W vs. Seattle Storm 74-71,L @ San Antonio Silver Stars 71-74
2009,2009-07-28,Los Angeles Sparks,76,Minnesota Lynx,70,6.0,-6.0,1,0,1014,2898,L,W,L vs. Los Angeles Sparks 70-76,W @ Minnesota Lynx 76-70
2009,2009-07-29,Los Angeles Sparks,63,Chicago Sky,75,-12.0,12.0,0,1,1015,2899,W,L,W vs. Los Angeles Sparks 75-63,L @ Chicago Sky 63-75
2009,2009-07-30,Washington Mystics,78,New York Liberty,75,3.0,-3.0,1,0,1016,2900,L,W,L vs. Washington Mystics 75-78,W @ New York Liberty 78-75
2009,2009-07-30,San Antonio Silver Stars,93,Sacramento Monarchs,101,-8.0,8.0,0,1,1016,2901,W,L,W vs. San Antonio Silver Stars 101-93,L @ Sacramento Monarchs 93-101
2009,2009-07-30,Connecticut Sun,85,Indiana Fever,94,-9.0,9.0,0,1,1016,2902,W,L,W vs. Connecticut Sun 94-85,L @ Indiana Fever 85-94
2009,2009-07-30,Phoenix Mercury,76,Atlanta Dream,106,-30.0,30.0,0,1,1016,2903,W,L,W vs. Phoenix Mercury 106-76,L @ Atlanta Dream 76-106
2009,2009-07-31,Minnesota Lynx,83,Detroit Shock,91,-8.0,8.0,0,1,1017,2904,W,L,W vs. Minnesota Lynx 91-83,L @ Detroit Shock 83-91
2009,2009-08-01,San Antonio Silver Stars,82,Seattle Storm,85,-3.0,3.0,0,1,1018,2905,W,L,W vs. San Antonio Silver Stars 85-82,L @ Seattle Storm 82-85
2009,2009-08-01,Connecticut Sun,72,Chicago Sky,84,-12.0,12.0,0,1,1018,2906,W,L,W vs. Connecticut Sun 84-72,L @ Chicago Sky 72-84
2009,2009-08-01,Los Angeles Sparks,59,Sacramento Monarchs,56,3.0,-3.0,1,0,1018,2907,L,W,L vs. Los Angeles Sparks 56-59,W @ Sacramento Monarchs 59-56
2009,2009-08-01,New York Liberty,83,Atlanta Dream,89,-6.0,6.0,0,1,1018,2908,W,L,W vs. New York Liberty 89-83,L @ Atlanta Dream 83-89
2009,2009-08-01,Phoenix Mercury,87,Minnesota Lynx,74,13.0,-13.0,1,0,1018,2909,L,W,L vs. Phoenix Mercury 74-87,W @ Minnesota Lynx 87-74
2009,2009-08-02,Indiana Fever,87,Washington Mystics,79,8.0,-8.0,1,0,1019,2910,L,W,L vs. Indiana Fever 79-87,W @ Washington Mystics 87-79
2009,2009-08-02,Connecticut Sun,83,Detroit Shock,65,18.0,-18.0,1,0,1019,2911,L,W,L vs. Connecticut Sun 65-83,W @ Detroit Shock 83-65
2009,2009-08-04,New York Liberty,64,Detroit Shock,76,-12.0,12.0,0,1,1020,2912,W,L,W vs. New York Liberty 76-64,L @ Detroit Shock 64-76
2009,2009-08-04,San Antonio Silver Stars,63,Los Angeles Sparks,59,4.0,-4.0,1,0,1020,2913,L,W,L vs. San Antonio Silver Stars 59-63,W @ Los Angeles Sparks 63-59
2009,2009-08-04,Phoenix Mercury,101,Seattle Storm,90,11.0,-11.0,1,0,1020,2914,L,W,L vs. Phoenix Mercury 90-101,W @ Seattle Storm 101-90
2009,2009-08-05,Chicago Sky,67,Indiana Fever,76,-9.0,9.0,0,1,1021,2915,W,L,W vs. Chicago Sky 76-67,L @ Indiana Fever 67-76
2009,2009-08-06,Seattle Storm,75,Los Angeles Sparks,79,-4.0,4.0,0,1,1022,2916,W,L,W vs. Seattle Storm 79-75,L @ Los Angeles Sparks 75-79
2009,2009-08-06,Atlanta Dream,92,San Antonio Silver Stars,84,8.0,-8.0,1,0,1022,2917,L,W,L vs. Atlanta Dream 84-92,W @ San Antonio Silver Stars 92-84
2009,2009-08-07,Detroit Shock,66,Washington Mystics,70,-4.0,4.0,0,1,1023,2918,W,L,W vs. Detroit Shock 70-66,L @ Washington Mystics 66-70
2009,2009-08-07,New York Liberty,84,Sacramento Monarchs,66,18.0,-18.0,1,0,1023,2919,L,W,L vs. New York Liberty 66-84,W @ Sacramento Monarchs 84-66
2009,2009-08-07,Connecticut Sun,88,Minnesota Lynx,95,-7.0,7.0,0,1,1023,2920,W,L,W vs. Connecticut Sun 95-88,L @ Minnesota Lynx 88-95
2009,2009-08-08,Indiana Fever,90,Phoenix Mercury,83,7.0,-7.0,1,0,1024,2921,L,W,L vs. Indiana Fever 83-90,W @ Phoenix Mercury 90-83
2009,2009-08-08,Chicago Sky,82,Atlanta Dream,80,2.0,-2.0,1,0,1024,2922,L,W,L vs. Chicago Sky 80-82,W @ Atlanta Dream 82-80
2009,2009-08-08,New York Liberty,69,Seattle Storm,70,-1.0,1.0,0,1,1024,2923,W,L,W vs. New York Liberty 70-69,L @ Seattle Storm 69-70
2009,2009-08-09,San Antonio Silver Stars,89,Minnesota Lynx,87,2.0,-2.0,1,0,1025,2924,L,W,L vs. San Antonio Silver Stars 87-89,W @ Minnesota Lynx 89-87
2009,2009-08-09,Chicago Sky,58,Detroit Shock,64,-6.0,6.0,0,1,1025,2925,W,L,W vs. Chicago Sky 64-58,L @ Detroit Shock 58-64
2009,2009-08-09,Washington Mystics,67,Connecticut Sun,96,-29.0,29.0,0,1,1025,2926,W,L,W vs. Washington Mystics 96-67,L @ Connecticut Sun 67-96
2009,2009-08-10,Indiana Fever,63,Los Angeles Sparks,75,-12.0,12.0,0,1,1026,2927,W,L,W vs. Indiana Fever 75-63,L @ Los Angeles Sparks 63-75
2009,2009-08-11,New York Liberty,65,Los Angeles Sparks,61,4.0,-4.0,1,0,1027,2928,L,W,L vs. New York Liberty 61-65,W @ Los Angeles Sparks 65-61
2009,2009-08-11,Detroit Shock,81,Washington Mystics,77,4.0,-4.0,1,0,1027,2929,L,W,L vs. Detroit Shock 77-81,W @ Washington Mystics 81-77
2009,2009-08-11,Sacramento Monarchs,90,San Antonio Silver Stars,73,17.0,-17.0,1,0,1027,2930,L,W,L vs. Sacramento Monarchs 73-90,W @ San Antonio Silver Stars 90-73
2009,2009-08-13,San Antonio Silver Stars,83,Phoenix Mercury,95,-12.0,12.0,0,1,1028,2931,W,L,W vs. San Antonio Silver Stars 95-83,L @ Phoenix Mercury 83-95
2009,2009-08-13,Detroit Shock,75,Atlanta Dream,80,-5.0,5.0,0,1,1028,2932,W,L,W vs. Detroit Shock 80-75,L @ Atlanta Dream 75-80
2009,2009-08-13,Indiana Fever,91,Minnesota Lynx,81,10.0,-10.0,1,0,1028,2933,L,W,L vs. Indiana Fever 81-91,W @ Minnesota Lynx 91-81
2009,2009-08-13,Seattle Storm,53,Connecticut Sun,64,-11.0,11.0,0,1,1028,2934,W,L,W vs. Seattle Storm 64-53,L @ Connecticut Sun 53-64
2009,2009-08-14,Chicago Sky,88,New York Liberty,77,11.0,-11.0,1,0,1029,2935,L,W,L vs. Chicago Sky 77-88,W @ New York Liberty 88-77
2009,2009-08-14,Sacramento Monarchs,85,Los Angeles Sparks,79,6.0,-6.0,1,0,1029,2936,L,W,L vs. Sacramento Monarchs 79-85,W @ Los Angeles Sparks 85-79
2009,2009-08-14,Connecticut Sun,89,Washington Mystics,91,-2.0,2.0,0,1,1029,2937,W,L,W vs. Connecticut Sun 91-89,L @ Washington Mystics 89-91
2009,2009-08-15,Detroit Shock,59,Indiana Fever,82,-23.0,23.0,0,1,1030,2938,W,L,W vs. Detroit Shock 82-59,L @ Indiana Fever 59-82
2009,2009-08-15,Phoenix Mercury,89,San Antonio Silver Stars,106,-17.0,17.0,0,1,1030,2939,W,L,W vs. Phoenix Mercury 106-89,L @ San Antonio Silver Stars 89-106
2009,2009-08-15,Minnesota Lynx,76,Chicago Sky,79,-3.0,3.0,0,1,1030,2940,W,L,W vs. Minnesota Lynx 79-76,L @ Chicago Sky 76-79
2009,2009-08-15,Los Angeles Sparks,78,Sacramento Monarchs,61,17.0,-17.0,1,0,1030,2941,L,W,L vs. Los Angeles Sparks 61-78,W @ Sacramento Monarchs 78-61
2009,2009-08-15,Seattle Storm,79,Atlanta Dream,88,-9.0,9.0,0,1,1030,2942,W,L,W vs. Seattle Storm 88-79,L @ Atlanta Dream 79-88
2009,2009-08-16,New York Liberty,60,Washington Mystics,59,1.0,-1.0,1,0,1031,2943,L,W,L vs. New York Liberty 59-60,W @ Washington Mystics 60-59
2009,2009-08-18,Phoenix Mercury,106,Chicago Sky,99,7.0,-7.0,1,0,1032,2944,L,W,L vs. Phoenix Mercury 99-106,W @ Chicago Sky 106-99
2009,2009-08-18,Washington Mystics,69,Los Angeles Sparks,72,-3.0,3.0,0,1,1032,2945,W,L,W vs. Washington Mystics 72-69,L @ Los Angeles Sparks 69-72
2009,2009-08-18,Seattle Storm,79,Detroit Shock,75,4.0,-4.0,1,0,1032,2946,L,W,L vs. Seattle Storm 75-79,W @ Detroit Shock 79-75
2009,2009-08-19,New York Liberty,69,Connecticut Sun,74,-5.0,5.0,0,1,1033,2947,W,L,W vs. New York Liberty 74-69,L @ Connecticut Sun 69-74
2009,2009-08-19,Minnesota Lynx,63,Los Angeles Sparks,78,-15.0,15.0,0,1,1033,2948,W,L,W vs. Minnesota Lynx 78-63,L @ Los Angeles Sparks 63-78
2009,2009-08-20,Indiana Fever,62,Sacramento Monarchs,67,-5.0,5.0,0,1,1034,2949,W,L,W vs. Indiana Fever 67-62,L @ Sacramento Monarchs 62-67
2009,2009-08-20,San Antonio Silver Stars,87,Atlanta Dream,93,-6.0,6.0,0,1,1034,2950,W,L,W vs. San Antonio Silver Stars 93-87,L @ Atlanta Dream 87-93
2009,2009-08-21,Los Angeles Sparks,67,San Antonio Silver Stars,66,1.0,-1.0,1,0,1035,2951,L,W,L vs. Los Angeles Sparks 66-67,W @ San Antonio Silver Stars 67-66
2009,2009-08-21,Connecticut Sun,83,New York Liberty,85,-2.0,2.0,0,1,1035,2952,W,L,W vs. Connecticut Sun 85-83,L @ New York Liberty 83-85
2009,2009-08-21,Washington Mystics,91,Phoenix Mercury,81,10.0,-10.0,1,0,1035,2953,L,W,L vs. Washington Mystics 81-91,W @ Phoenix Mercury 91-81
2009,2009-08-22,Detroit Shock,76,Chicago Sky,67,9.0,-9.0,1,0,1036,2954,L,W,L vs. Detroit Shock 67-76,W @ Chicago Sky 76-67
2009,2009-08-22,Indiana Fever,60,Seattle Storm,74,-14.0,14.0,0,1,1036,2955,W,L,W vs. Indiana Fever 74-60,L @ Seattle Storm 60-74
2009,2009-08-22,Minnesota Lynx,94,Connecticut Sun,98,-4.0,4.0,0,1,1036,2956,W,L,W vs. Minnesota Lynx 98-94,L @ Connecticut Sun 94-98
2009,2009-08-22,Washington Mystics,60,Sacramento Monarchs,82,-22.0,22.0,0,1,1036,2957,W,L,W vs. Washington Mystics 82-60,L @ Sacramento Monarchs 60-82
2009,2009-08-23,San Antonio Silver Stars,84,Detroit Shock,99,-15.0,15.0,0,1,1037,2958,W,L,W vs. San Antonio Silver Stars 99-84,L @ Detroit Shock 84-99
2009,2009-08-23,Los Angeles Sparks,91,Atlanta Dream,87,4.0,-4.0,1,0,1037,2959,L,W,L vs. Los Angeles Sparks 87-91,W @ Atlanta Dream 91-87
2009,2009-08-23,Minnesota Lynx,67,New York Liberty,80,-13.0,13.0,0,1,1037,2960,W,L,W vs. Minnesota Lynx 80-67,L @ New York Liberty 67-80
2009,2009-08-25,Detroit Shock,90,Connecticut Sun,70,20.0,-20.0,1,0,1038,2961,L,W,L vs. Detroit Shock 70-90,W @ Connecticut Sun 90-70
2009,2009-08-25,Chicago Sky,63,Los Angeles Sparks,75,-12.0,12.0,0,1,1038,2962,W,L,W vs. Chicago Sky 75-63,L @ Los Angeles Sparks 63-75
2009,2009-08-25,Washington Mystics,68,Seattle Storm,78,-10.0,10.0,0,1,1038,2963,W,L,W vs. Washington Mystics 78-68,L @ Seattle Storm 68-78
2009,2009-08-25,Sacramento Monarchs,83,Atlanta Dream,103,-20.0,20.0,0,1,1038,2964,W,L,W vs. Sacramento Monarchs 103-83,L @ Atlanta Dream 83-103
2009,2009-08-27,Phoenix Mercury,98,Los Angeles Sparks,90,8.0,-8.0,1,0,1039,2965,L,W,L vs. Phoenix Mercury 90-98,W @ Los Angeles Sparks 98-90
2009,2009-08-27,San Antonio Silver Stars,66,Indiana Fever,77,-11.0,11.0,0,1,1039,2966,W,L,W vs. San Antonio Silver Stars 77-66,L @ Indiana Fever 66-77
2009,2009-08-27,Connecticut Sun,74,Seattle Storm,86,-12.0,12.0,0,1,1039,2967,W,L,W vs. Connecticut Sun 86-74,L @ Seattle Storm 74-86
2009,2009-08-27,Atlanta Dream,83,Detroit Shock,87,-4.0,4.0,0,1,1039,2968,W,L,W vs. Atlanta Dream 87-83,L @ Detroit Shock 83-87
2009,2009-08-28,New York Liberty,77,Chicago Sky,96,-19.0,19.0,0,1,1040,2969,W,L,W vs. New York Liberty 96-77,L @ Chicago Sky 77-96
2009,2009-08-28,Sacramento Monarchs,95,Minnesota Lynx,100,-5.0,5.0,0,1,1040,2970,W,L,W vs. Sacramento Monarchs 100-95,L @ Minnesota Lynx 95-100
2009,2009-08-29,Atlanta Dream,84,Seattle Storm,91,-7.0,7.0,0,1,1041,2971,W,L,W vs. Atlanta Dream 91-84,L @ Seattle Storm 84-91
2009,2009-08-29,Sacramento Monarchs,79,Indiana Fever,78,1.0,-1.0,1,0,1041,2972,L,W,L vs. Sacramento Monarchs 78-79,W @ Indiana Fever 79-78
2009,2009-08-29,Connecticut Sun,84,Phoenix Mercury,95,-11.0,11.0,0,1,1041,2973,W,L,W vs. Connecticut Sun 95-84,L @ Phoenix Mercury 84-95
2009,2009-08-29,Detroit Shock,88,San Antonio Silver Stars,100,-12.0,12.0,0,1,1041,2974,W,L,W vs. Detroit Shock 100-88,L @ San Antonio Silver Stars 88-100
2009,2009-08-30,Connecticut Sun,81,Los Angeles Sparks,91,-10.0,10.0,0,1,1042,2975,W,L,W vs. Connecticut Sun 91-81,L @ Los Angeles Sparks 81-91
2009,2009-08-30,Minnesota Lynx,75,Washington Mystics,81,-6.0,6.0,0,1,1042,2976,W,L,W vs. Minnesota Lynx 81-75,L @ Washington Mystics 75-81
2009,2009-08-30,Chicago Sky,63,New York Liberty,77,-14.0,14.0,0,1,1042,2977,W,L,W vs. Chicago Sky 77-63,L @ New York Liberty 63-77
2009,2009-09-01,Phoenix Mercury,99,Detroit Shock,101,-2.0,2.0,0,1,1043,2978,W,L,W vs. Phoenix Mercury 101-99,L @ Detroit Shock 99-101
2009,2009-09-01,Minnesota Lynx,82,San Antonio Silver Stars,84,-2.0,2.0,0,1,1043,2979,W,L,W vs. Minnesota Lynx 84-82,L @ San Antonio Silver Stars 82-84
2009,2009-09-01,Connecticut Sun,70,Sacramento Monarchs,90,-20.0,20.0,0,1,1043,2980,W,L,W vs. Connecticut Sun 90-70,L @ Sacramento Monarchs 70-90
2009,2009-09-01,Atlanta Dream,84,Los Angeles Sparks,79,5.0,-5.0,1,0,1043,2981,L,W,L vs. Atlanta Dream 79-84,W @ Los Angeles Sparks 84-79
2009,2009-09-01,Seattle Storm,65,New York Liberty,58,7.0,-7.0,1,0,1043,2982,L,W,L vs. Seattle Storm 58-65,W @ New York Liberty 65-58
2009,2009-09-02,Phoenix Mercury,106,Indiana Fever,90,16.0,-16.0,1,0,1044,2983,L,W,L vs. Phoenix Mercury 90-106,W @ Indiana Fever 106-90
2009,2009-09-03,Seattle Storm,67,Washington Mystics,78,-11.0,11.0,0,1,1045,2984,W,L,W vs. Seattle Storm 78-67,L @ Washington Mystics 67-78
2009,2009-09-04,Washington Mystics,86,Chicago Sky,92,-6.0,6.0,0,1,1046,2985,W,L,W vs. Washington Mystics 92-86,L @ Chicago Sky 86-92
2009,2009-09-04,New York Liberty,85,Connecticut Sun,88,-3.0,3.0,0,1,1046,2986,W,L,W vs. New York Liberty 88-85,L @ Connecticut Sun 85-88
2009,2009-09-04,Indiana Fever,63,Detroit Shock,70,-7.0,7.0,0,1,1046,2987,W,L,W vs. Indiana Fever 70-63,L @ Detroit Shock 63-70
2009,2009-09-04,Atlanta Dream,98,Sacramento Monarchs,90,8.0,-8.0,1,0,1046,2988,L,W,L vs. Atlanta Dream 90-98,W @ Sacramento Monarchs 98-90
2009,2009-09-05,Atlanta Dream,82,Phoenix Mercury,100,-18.0,18.0,0,1,1047,2989,W,L,W vs. Atlanta Dream 100-82,L @ Phoenix Mercury 82-100
2009,2009-09-05,Los Angeles Sparks,72,San Antonio Silver Stars,89,-17.0,17.0,0,1,1047,2990,W,L,W vs. Los Angeles Sparks 89-72,L @ San Antonio Silver Stars 72-89
2009,2009-09-05,Seattle Storm,68,Minnesota Lynx,76,-8.0,8.0,0,1,1047,2991,W,L,W vs. Seattle Storm 76-68,L @ Minnesota Lynx 68-76
2009,2009-09-06,Washington Mystics,61,Indiana Fever,72,-11.0,11.0,0,1,1048,2992,W,L,W vs. Washington Mystics 72-61,L @ Indiana Fever 61-72
2009,2009-09-06,Chicago Sky,75,Detroit Shock,84,-9.0,9.0,0,1,1048,2993,W,L,W vs. Chicago Sky 84-75,L @ Detroit Shock 75-84
2009,2009-09-08,San Antonio Silver Stars,68,Los Angeles Sparks,76,-8.0,8.0,0,1,1049,2994,W,L,W vs. San Antonio Silver Stars 76-68,L @ Los Angeles Sparks 68-76
2009,2009-09-08,Indiana Fever,69,New York Liberty,63,6.0,-6.0,1,0,1049,2995,L,W,L vs. Indiana Fever 63-69,W @ New York Liberty 69-63
2009,2009-09-09,Detroit Shock,72,Minnesota Lynx,75,-3.0,3.0,0,1,1050,2996,W,L,W vs. Detroit Shock 75-72,L @ Minnesota Lynx 72-75
2009,2009-09-10,New York Liberty,87,Detroit Shock,94,-7.0,7.0,0,1,1051,2997,W,L,W vs. New York Liberty 94-87,L @ Detroit Shock 87-94
2009,2009-09-10,Indiana Fever,79,Chicago Sky,86,-7.0,7.0,0,1,1051,2998,W,L,W vs. Indiana Fever 86-79,L @ Chicago Sky 79-86
2009,2009-09-10,Phoenix Mercury,92,Seattle Storm,84,8.0,-8.0,1,0,1051,2999,L,W,L vs. Phoenix Mercury 84-92,W @ Seattle Storm 92-84
2009,2009-09-10,San Antonio Silver Stars,80,Sacramento Monarchs,71,9.0,-9.0,1,0,1051,3000,L,W,L vs. San Antonio Silver Stars 71-80,W @ Sacramento Monarchs 80-71
2009,2009-09-11,Connecticut Sun,64,Atlanta Dream,88,-24.0,24.0,0,1,1052,3001,W,L,W vs. Connecticut Sun 88-64,L @ Atlanta Dream 64-88
2009,2009-09-11,Minnesota Lynx,61,Los Angeles Sparks,90,-29.0,29.0,0,1,1052,3002,W,L,W vs. Minnesota Lynx 90-61,L @ Los Angeles Sparks 61-90
2009,2009-09-12,Seattle Storm,64,San Antonio Silver Stars,55,9.0,-9.0,1,0,1053,3003,L,W,L vs. Seattle Storm 55-64,W @ San Antonio Silver Stars 64-55
2009,2009-09-12,Atlanta Dream,64,Washington Mystics,82,-18.0,18.0,0,1,1053,3004,W,L,W vs. Atlanta Dream 82-64,L @ Washington Mystics 64-82
2009,2009-09-12,Detroit Shock,80,Chicago Sky,69,11.0,-11.0,1,0,1053,3005,L,W,L vs. Detroit Shock 69-80,W @ Chicago Sky 80-69
2009,2009-09-13,Minnesota Lynx,66,Sacramento Monarchs,88,-22.0,22.0,0,1,1054,3006,W,L,W vs. Minnesota Lynx 88-66,L @ Sacramento Monarchs 66-88
2009,2009-09-13,Washington Mystics,65,New York Liberty,86,-21.0,21.0,0,1,1054,3007,W,L,W vs. Washington Mystics 86-65,L @ New York Liberty 65-86
2009,2009-09-13,Indiana Fever,85,Connecticut Sun,95,-10.0,10.0,0,1,1054,3008,W,L,W vs. Indiana Fever 95-85,L @ Connecticut Sun 85-95
2009,2009-09-13,Los Angeles Sparks,81,Phoenix Mercury,78,3.0,-3.0,1,0,1054,3009,L,W,L vs. Los Angeles Sparks 78-81,W @ Phoenix Mercury 81-78
2009,2009-09-16,Atlanta Dream,89,Detroit Shock,94,-5.0,5.0,0,1,1055,3010,W,L,W vs. Atlanta Dream 94-89,L @ Detroit Shock 89-94
2009,2009-09-16,Seattle Storm,63,Los Angeles Sparks,70,-7.0,7.0,0,1,1055,3011,W,L,W vs. Seattle Storm 70-63,L @ Los Angeles Sparks 63-70
2009,2009-09-17,Indiana Fever,88,Washington Mystics,79,9.0,-9.0,1,0,1056,3012,L,W,L vs. Indiana Fever 79-88,W @ Washington Mystics 88-79
2009,2009-09-17,Phoenix Mercury,91,San Antonio Silver Stars,92,-1.0,1.0,0,1,1056,3013,W,L,W vs. Phoenix Mercury 92-91,L @ San Antonio Silver Stars 91-92
2009,2009-09-18,Los Angeles Sparks,74,Seattle Storm,75,-1.0,1.0,0,1,1057,3014,W,L,W vs. Los Angeles Sparks 75-74,L @ Seattle Storm 74-75
2009,2009-09-18,Detroit Shock,94,Atlanta Dream,79,15.0,-15.0,1,0,1057,3015,L,W,L vs. Detroit Shock 79-94,W @ Atlanta Dream 94-79
2009,2009-09-19,San Antonio Silver Stars,78,Phoenix Mercury,106,-28.0,28.0,0,1,1058,3016,W,L,W vs. San Antonio Silver Stars 106-78,L @ Phoenix Mercury 78-106
2009,2009-09-19,Washington Mystics,74,Indiana Fever,81,-7.0,7.0,0,1,1058,3017,W,L,W vs. Washington Mystics 81-74,L @ Indiana Fever 74-81
2009,2009-09-20,Los Angeles Sparks,75,Seattle Storm,64,11.0,-11.0,1,0,1059,3018,L,W,L vs. Los Angeles Sparks 64-75,W @ Seattle Storm 75-64
2009,2009-09-21,San Antonio Silver Stars,92,Phoenix Mercury,100,-8.0,8.0,0,1,1060,3019,W,L,W vs. San Antonio Silver Stars 100-92,L @ Phoenix Mercury 92-100
2009,2009-09-23,Indiana Fever,56,Detroit Shock,72,-16.0,16.0,0,1,1061,3020,W,L,W vs. Indiana Fever 72-56,L @ Detroit Shock 56-72
2009,2009-09-23,Phoenix Mercury,103,Los Angeles Sparks,94,9.0,-9.0,1,0,1061,3021,L,W,L vs. Phoenix Mercury 94-103,W @ Los Angeles Sparks 103-94
2009,2009-09-25,Detroit Shock,75,Indiana Fever,79,-4.0,4.0,0,1,1062,3022,W,L,W vs. Detroit Shock 79-75,L @ Indiana Fever 75-79
2009,2009-09-25,Los Angeles Sparks,87,Phoenix Mercury,76,11.0,-11.0,1,0,1062,3023,L,W,L vs. Los Angeles Sparks 76-87,W @ Phoenix Mercury 87-76
2009,2009-09-26,Detroit Shock,67,Indiana Fever,72,-5.0,5.0,0,1,1063,3024,W,L,W vs. Detroit Shock 72-67,L @ Indiana Fever 67-72
2009,2009-09-26,Los Angeles Sparks,74,Phoenix Mercury,85,-11.0,11.0,0,1,1063,3025,W,L,W vs. Los Angeles Sparks 85-74,L @ Phoenix Mercury 74-85
2009,2009-09-29,Indiana Fever,116,Phoenix Mercury,120,-4.0,4.0,0,1,1064,3026,W,L,W vs. Indiana Fever 120-116,L @ Phoenix Mercury 116-120
2009,2009-10-01,Indiana Fever,93,Phoenix Mercury,84,9.0,-9.0,1,0,1065,3027,L,W,L vs. Indiana Fever 84-93,W @ Phoenix Mercury 93-84
2009,2009-10-04,Phoenix Mercury,85,Indiana Fever,86,-1.0,1.0,0,1,1066,3028,W,L,W vs. Phoenix Mercury 86-85,L @ Indiana Fever 85-86
2009,2009-10-07,Phoenix Mercury,90,Indiana Fever,77,13.0,-13.0,1,0,1067,3029,L,W,L vs. Phoenix Mercury 77-90,W @ Indiana Fever 90-77
2009,2009-10-09,Indiana Fever,86,Phoenix Mercury,94,-8.0,8.0,0,1,1068,3030,W,L,W vs. Indiana Fever 94-86,L @ Phoenix Mercury 86-94
2010,2010-05-15,Atlanta Dream,75,San Antonio Silver Stars,70,5.0,-5.0,1,0,1069,3031,L,W,L vs. Atlanta Dream 70-75,W @ San Antonio Silver Stars 75-70
2010,2010-05-15,Washington Mystics,72,Indiana Fever,65,7.0,-7.0,1,0,1069,3032,L,W,L vs. Washington Mystics 65-72,W @ Indiana Fever 72-65
2010,2010-05-15,Minnesota Lynx,80,Tulsa Shock,74,6.0,-6.0,1,0,1069,3033,L,W,L vs. Minnesota Lynx 74-80,W @ Tulsa Shock 80-74
2010,2010-05-15,Los Angeles Sparks,77,Phoenix Mercury,78,-1.0,1.0,0,1,1069,3034,W,L,W vs. Los Angeles Sparks 78-77,L @ Phoenix Mercury 77-78
2010,2010-05-15,Chicago Sky,61,Connecticut Sun,74,-13.0,13.0,0,1,1069,3035,W,L,W vs. Chicago Sky 74-61,L @ Connecticut Sun 61-74
2010,2010-05-16,Los Angeles Sparks,67,Seattle Storm,81,-14.0,14.0,0,1,1070,3036,W,L,W vs. Los Angeles Sparks 81-67,L @ Seattle Storm 67-81
2010,2010-05-16,Indiana Fever,62,Atlanta Dream,66,-4.0,4.0,0,1,1070,3037,W,L,W vs. Indiana Fever 66-62,L @ Atlanta Dream 62-66
2010,2010-05-16,Washington Mystics,87,Minnesota Lynx,76,11.0,-11.0,1,0,1070,3038,L,W,L vs. Washington Mystics 76-87,W @ Minnesota Lynx 87-76
2010,2010-05-16,Chicago Sky,82,New York Liberty,85,-3.0,3.0,0,1,1070,3039,W,L,W vs. Chicago Sky 85-82,L @ New York Liberty 82-85
2010,2010-05-19,Minnesota Lynx,76,Seattle Storm,79,-3.0,3.0,0,1,1071,3040,W,L,W vs. Minnesota Lynx 79-76,L @ Seattle Storm 76-79
2010,2010-05-20,San Antonio Silver Stars,83,Tulsa Shock,74,9.0,-9.0,1,0,1072,3041,L,W,L vs. San Antonio Silver Stars 74-83,W @ Tulsa Shock 83-74
2010,2010-05-21,New York Liberty,61,Washington Mystics,77,-16.0,16.0,0,1,1073,3042,W,L,W vs. New York Liberty 77-61,L @ Washington Mystics 61-77
2010,2010-05-21,Connecticut Sun,82,Atlanta Dream,97,-15.0,15.0,0,1,1073,3043,W,L,W vs. Connecticut Sun 97-82,L @ Atlanta Dream 82-97
2010,2010-05-22,Indiana Fever,92,Chicago Sky,86,6.0,-6.0,1,0,1074,3044,L,W,L vs. Indiana Fever 86-92,W @ Chicago Sky 92-86
2010,2010-05-22,Los Angeles Sparks,81,San Antonio Silver Stars,88,-7.0,7.0,0,1,1074,3045,W,L,W vs. Los Angeles Sparks 88-81,L @ San Antonio Silver Stars 81-88
2010,2010-05-22,Seattle Storm,95,Phoenix Mercury,89,6.0,-6.0,1,0,1074,3046,L,W,L vs. Seattle Storm 89-95,W @ Phoenix Mercury 95-89
2010,2010-05-23,Chicago Sky,61,Indiana Fever,69,-8.0,8.0,0,1,1075,3047,W,L,W vs. Chicago Sky 69-61,L @ Indiana Fever 61-69
2010,2010-05-23,Washington Mystics,65,Connecticut Sun,80,-15.0,15.0,0,1,1075,3048,W,L,W vs. Washington Mystics 80-65,L @ Connecticut Sun 65-80
2010,2010-05-23,Tulsa Shock,94,Minnesota Lynx,82,12.0,-12.0,1,0,1075,3049,L,W,L vs. Tulsa Shock 82-94,W @ Minnesota Lynx 94-82
2010,2010-05-23,Atlanta Dream,86,New York Liberty,77,9.0,-9.0,1,0,1075,3050,L,W,L vs. Atlanta Dream 77-86,W @ New York Liberty 86-77
2010,2010-05-25,Phoenix Mercury,110,Tulsa Shock,96,14.0,-14.0,1,0,1076,3051,L,W,L vs. Phoenix Mercury 96-110,W @ Tulsa Shock 110-96
2010,2010-05-25,Washington Mystics,76,Seattle Storm,82,-6.0,6.0,0,1,1076,3052,W,L,W vs. Washington Mystics 82-76,L @ Seattle Storm 76-82
2010,2010-05-27,Minnesota Lynx,79,Connecticut Sun,105,-26.0,26.0,0,1,1077,3053,W,L,W vs. Minnesota Lynx 105-79,L @ Connecticut Sun 79-105
2010,2010-05-27,Seattle Storm,75,Chicago Sky,84,-9.0,9.0,0,1,1077,3054,W,L,W vs. Seattle Storm 84-75,L @ Chicago Sky 75-84
2010,2010-05-28,Washington Mystics,75,Los Angeles Sparks,81,-6.0,6.0,0,1,1078,3055,W,L,W vs. Washington Mystics 81-75,L @ Los Angeles Sparks 75-81
2010,2010-05-28,New York Liberty,77,San Antonio Silver Stars,71,6.0,-6.0,1,0,1078,3056,L,W,L vs. New York Liberty 71-77,W @ San Antonio Silver Stars 77-71
2010,2010-05-28,Atlanta Dream,96,Phoenix Mercury,93,3.0,-3.0,1,0,1078,3057,L,W,L vs. Atlanta Dream 93-96,W @ Phoenix Mercury 96-93
2010,2010-05-29,Chicago Sky,73,Minnesota Lynx,58,15.0,-15.0,1,0,1079,3058,L,W,L vs. Chicago Sky 58-73,W @ Minnesota Lynx 73-58
2010,2010-05-29,Indiana Fever,74,Tulsa Shock,79,-5.0,5.0,0,1,1079,3059,W,L,W vs. Indiana Fever 79-74,L @ Tulsa Shock 74-79
2010,2010-05-30,Atlanta Dream,101,Los Angeles Sparks,82,19.0,-19.0,1,0,1080,3060,L,W,L vs. Atlanta Dream 82-101,W @ Los Angeles Sparks 101-82
2010,2010-05-30,Connecticut Sun,65,Washington Mystics,69,-4.0,4.0,0,1,1080,3061,W,L,W vs. Connecticut Sun 69-65,L @ Washington Mystics 65-69
2010,2010-05-30,Seattle Storm,84,San Antonio Silver Stars,56,28.0,-28.0,1,0,1080,3062,L,W,L vs. Seattle Storm 56-84,W @ San Antonio Silver Stars 84-56
2010,2010-06-01,Phoenix Mercury,82,Minnesota Lynx,92,-10.0,10.0,0,1,1081,3063,W,L,W vs. Phoenix Mercury 92-82,L @ Minnesota Lynx 82-92
2010,2010-06-01,Atlanta Dream,72,Seattle Storm,90,-18.0,18.0,0,1,1081,3064,W,L,W vs. Atlanta Dream 90-72,L @ Seattle Storm 72-90
2010,2010-06-03,San Antonio Silver Stars,57,Indiana Fever,79,-22.0,22.0,0,1,1082,3065,W,L,W vs. San Antonio Silver Stars 79-57,L @ Indiana Fever 57-79
2010,2010-06-04,Chicago Sky,80,Atlanta Dream,70,10.0,-10.0,1,0,1083,3066,L,W,L vs. Chicago Sky 70-80,W @ Atlanta Dream 80-70
2010,2010-06-04,Minnesota Lynx,79,Tulsa Shock,92,-13.0,13.0,0,1,1083,3067,W,L,W vs. Minnesota Lynx 92-79,L @ Tulsa Shock 79-92
2010,2010-06-04,Los Angeles Sparks,89,Phoenix Mercury,90,-1.0,1.0,0,1,1083,3068,W,L,W vs. Los Angeles Sparks 90-89,L @ Phoenix Mercury 89-90
2010,2010-06-04,New York Liberty,68,Connecticut Sun,75,-7.0,7.0,0,1,1083,3069,W,L,W vs. New York Liberty 75-68,L @ Connecticut Sun 68-75
2010,2010-06-05,New York Liberty,73,Indiana Fever,78,-5.0,5.0,0,1,1084,3070,W,L,W vs. New York Liberty 78-73,L @ Indiana Fever 73-78
2010,2010-06-05,Atlanta Dream,86,Washington Mystics,79,7.0,-7.0,1,0,1084,3071,L,W,L vs. Atlanta Dream 79-86,W @ Washington Mystics 86-79
2010,2010-06-05,Seattle Storm,79,Los Angeles Sparks,75,4.0,-4.0,1,0,1084,3072,L,W,L vs. Seattle Storm 75-79,W @ Los Angeles Sparks 79-75
2010,2010-06-05,Tulsa Shock,70,Chicago Sky,95,-25.0,25.0,0,1,1084,3073,W,L,W vs. Tulsa Shock 95-70,L @ Chicago Sky 70-95
2010,2010-06-06,Phoenix Mercury,74,Seattle Storm,97,-23.0,23.0,0,1,1085,3074,W,L,W vs. Phoenix Mercury 97-74,L @ Seattle Storm 74-97
2010,2010-06-06,Indiana Fever,89,Minnesota Lynx,51,38.0,-38.0,1,0,1085,3075,L,W,L vs. Indiana Fever 51-89,W @ Minnesota Lynx 89-51
2010,2010-06-06,San Antonio Silver Stars,68,Connecticut Sun,81,-13.0,13.0,0,1,1085,3076,W,L,W vs. San Antonio Silver Stars 81-68,L @ Connecticut Sun 68-81
2010,2010-06-08,New York Liberty,85,Chicago Sky,70,15.0,-15.0,1,0,1086,3077,L,W,L vs. New York Liberty 70-85,W @ Chicago Sky 85-70
2010,2010-06-08,Phoenix Mercury,91,Los Angeles Sparks,92,-1.0,1.0,0,1,1086,3078,W,L,W vs. Phoenix Mercury 92-91,L @ Los Angeles Sparks 91-92
2010,2010-06-10,Minnesota Lynx,88,Phoenix Mercury,99,-11.0,11.0,0,1,1087,3079,W,L,W vs. Minnesota Lynx 99-88,L @ Phoenix Mercury 88-99
2010,2010-06-11,Indiana Fever,77,Connecticut Sun,86,-9.0,9.0,0,1,1088,3080,W,L,W vs. Indiana Fever 86-77,L @ Connecticut Sun 77-86
2010,2010-06-11,Atlanta Dream,79,New York Liberty,91,-12.0,12.0,0,1,1088,3081,W,L,W vs. Atlanta Dream 91-79,L @ New York Liberty 79-91
2010,2010-06-11,Los Angeles Sparks,60,Seattle Storm,82,-22.0,22.0,0,1,1088,3082,W,L,W vs. Los Angeles Sparks 82-60,L @ Seattle Storm 60-82
2010,2010-06-11,Washington Mystics,95,Chicago Sky,78,17.0,-17.0,1,0,1088,3083,L,W,L vs. Washington Mystics 78-95,W @ Chicago Sky 95-78
2010,2010-06-11,Tulsa Shock,75,San Antonio Silver Stars,87,-12.0,12.0,0,1,1088,3084,W,L,W vs. Tulsa Shock 87-75,L @ San Antonio Silver Stars 75-87
2010,2010-06-12,Tulsa Shock,84,Phoenix Mercury,116,-32.0,32.0,0,1,1089,3085,W,L,W vs. Tulsa Shock 116-84,L @ Phoenix Mercury 84-116
2010,2010-06-12,New York Liberty,65,Washington Mystics,82,-17.0,17.0,0,1,1089,3086,W,L,W vs. New York Liberty 82-65,L @ Washington Mystics 65-82
2010,2010-06-13,San Antonio Silver Stars,83,Atlanta Dream,90,-7.0,7.0,0,1,1090,3087,W,L,W vs. San Antonio Silver Stars 90-83,L @ Atlanta Dream 83-90
2010,2010-06-13,Minnesota Lynx,84,Los Angeles Sparks,88,-4.0,4.0,0,1,1090,3088,W,L,W vs. Minnesota Lynx 88-84,L @ Los Angeles Sparks 84-88
2010,2010-06-13,Connecticut Sun,67,Indiana Fever,77,-10.0,10.0,0,1,1090,3089,W,L,W vs. Connecticut Sun 77-67,L @ Indiana Fever 67-77
2010,2010-06-15,Atlanta Dream,93,Chicago Sky,86,7.0,-7.0,1,0,1091,3090,L,W,L vs. Atlanta Dream 86-93,W @ Chicago Sky 93-86
2010,2010-06-17,Seattle Storm,65,Indiana Fever,72,-7.0,7.0,0,1,1092,3091,W,L,W vs. Seattle Storm 72-65,L @ Indiana Fever 65-72
2010,2010-06-18,Seattle Storm,92,New York Liberty,84,8.0,-8.0,1,0,1093,3092,L,W,L vs. Seattle Storm 84-92,W @ New York Liberty 92-84
2010,2010-06-18,Tulsa Shock,67,Minnesota Lynx,78,-11.0,11.0,0,1,1093,3093,W,L,W vs. Tulsa Shock 78-67,L @ Minnesota Lynx 67-78
2010,2010-06-18,Connecticut Sun,78,Los Angeles Sparks,75,3.0,-3.0,1,0,1093,3094,L,W,L vs. Connecticut Sun 75-78,W @ Los Angeles Sparks 78-75
2010,2010-06-18,San Antonio Silver Stars,108,Phoenix Mercury,105,3.0,-3.0,1,0,1093,3095,L,W,L vs. San Antonio Silver Stars 105-108,W @ Phoenix Mercury 108-105
2010,2010-06-19,Minnesota Lynx,92,Tulsa Shock,78,14.0,-14.0,1,0,1094,3096,L,W,L vs. Minnesota Lynx 78-92,W @ Tulsa Shock 92-78
2010,2010-06-19,Atlanta Dream,91,Indiana Fever,94,-3.0,3.0,0,1,1094,3097,W,L,W vs. Atlanta Dream 94-91,L @ Indiana Fever 91-94
2010,2010-06-19,Chicago Sky,61,Washington Mystics,65,-4.0,4.0,0,1,1094,3098,W,L,W vs. Chicago Sky 65-61,L @ Washington Mystics 61-65
2010,2010-06-20,San Antonio Silver Stars,61,Seattle Storm,82,-21.0,21.0,0,1,1095,3099,W,L,W vs. San Antonio Silver Stars 82-61,L @ Seattle Storm 61-82
2010,2010-06-20,Connecticut Sun,96,Phoenix Mercury,94,2.0,-2.0,1,0,1095,3100,L,W,L vs. Connecticut Sun 94-96,W @ Phoenix Mercury 96-94
2010,2010-06-22,Chicago Sky,86,Connecticut Sun,77,9.0,-9.0,1,0,1096,3101,L,W,L vs. Chicago Sky 77-86,W @ Connecticut Sun 86-77
2010,2010-06-22,Minnesota Lynx,75,New York Liberty,68,7.0,-7.0,1,0,1096,3102,L,W,L vs. Minnesota Lynx 68-75,W @ New York Liberty 75-68
2010,2010-06-23,Tulsa Shock,90,Atlanta Dream,96,-6.0,6.0,0,1,1097,3103,W,L,W vs. Tulsa Shock 96-90,L @ Atlanta Dream 90-96
2010,2010-06-24,Los Angeles Sparks,53,Washington Mystics,68,-15.0,15.0,0,1,1098,3104,W,L,W vs. Los Angeles Sparks 68-53,L @ Washington Mystics 53-68
2010,2010-06-25,Phoenix Mercury,79,Connecticut Sun,82,-3.0,3.0,0,1,1099,3105,W,L,W vs. Phoenix Mercury 82-79,L @ Connecticut Sun 79-82
2010,2010-06-25,Washington Mystics,72,Chicago Sky,79,-7.0,7.0,0,1,1099,3106,W,L,W vs. Washington Mystics 79-72,L @ Chicago Sky 72-79
2010,2010-06-25,Indiana Fever,81,Seattle Storm,85,-4.0,4.0,0,1,1099,3107,W,L,W vs. Indiana Fever 85-81,L @ Seattle Storm 81-85
2010,2010-06-25,New York Liberty,92,Tulsa Shock,78,14.0,-14.0,1,0,1099,3108,L,W,L vs. New York Liberty 78-92,W @ Tulsa Shock 92-78
2010,2010-06-26,Minnesota Lynx,66,San Antonio Silver Stars,80,-14.0,14.0,0,1,1100,3109,W,L,W vs. Minnesota Lynx 80-66,L @ San Antonio Silver Stars 66-80
2010,2010-06-27,Indiana Fever,70,Chicago Sky,64,6.0,-6.0,1,0,1101,3110,L,W,L vs. Indiana Fever 64-70,W @ Chicago Sky 70-64
2010,2010-06-27,Phoenix Mercury,85,Washington Mystics,95,-10.0,10.0,0,1,1101,3111,W,L,W vs. Phoenix Mercury 95-85,L @ Washington Mystics 85-95
2010,2010-06-27,Los Angeles Sparks,81,Atlanta Dream,89,-8.0,8.0,0,1,1101,3112,W,L,W vs. Los Angeles Sparks 89-81,L @ Atlanta Dream 81-89
2010,2010-06-27,Connecticut Sun,68,New York Liberty,77,-9.0,9.0,0,1,1101,3113,W,L,W vs. Connecticut Sun 77-68,L @ New York Liberty 68-77
2010,2010-06-27,Seattle Storm,83,Tulsa Shock,72,11.0,-11.0,1,0,1101,3114,L,W,L vs. Seattle Storm 72-83,W @ Tulsa Shock 83-72
2010,2010-06-29,Indiana Fever,65,Washington Mystics,68,-3.0,3.0,0,1,1102,3115,W,L,W vs. Indiana Fever 68-65,L @ Washington Mystics 65-68
2010,2010-06-29,New York Liberty,80,Los Angeles Sparks,68,12.0,-12.0,1,0,1102,3116,L,W,L vs. New York Liberty 68-80,W @ Los Angeles Sparks 80-68
2010,2010-06-29,San Antonio Silver Stars,72,Seattle Storm,86,-14.0,14.0,0,1,1102,3117,W,L,W vs. San Antonio Silver Stars 86-72,L @ Seattle Storm 72-86
2010,2010-06-29,Connecticut Sun,101,Tulsa Shock,89,12.0,-12.0,1,0,1102,3118,L,W,L vs. Connecticut Sun 89-101,W @ Tulsa Shock 101-89
2010,2010-06-29,Phoenix Mercury,88,Atlanta Dream,94,-6.0,6.0,0,1,1102,3119,W,L,W vs. Phoenix Mercury 94-88,L @ Atlanta Dream 88-94
2010,2010-07-01,Minnesota Lynx,58,Atlanta Dream,76,-18.0,18.0,0,1,1103,3120,W,L,W vs. Minnesota Lynx 76-58,L @ Atlanta Dream 58-76
2010,2010-07-01,San Antonio Silver Stars,63,Los Angeles Sparks,73,-10.0,10.0,0,1,1103,3121,W,L,W vs. San Antonio Silver Stars 73-63,L @ Los Angeles Sparks 63-73
2010,2010-07-01,Connecticut Sun,80,Chicago Sky,92,-12.0,12.0,0,1,1103,3122,W,L,W vs. Connecticut Sun 92-80,L @ Chicago Sky 80-92
2010,2010-07-01,Washington Mystics,107,Phoenix Mercury,104,3.0,-3.0,1,0,1103,3123,L,W,L vs. Washington Mystics 104-107,W @ Phoenix Mercury 107-104
2010,2010-07-03,Chicago Sky,88,Atlanta Dream,82,6.0,-6.0,1,0,1104,3124,L,W,L vs. Chicago Sky 82-88,W @ Atlanta Dream 88-82
2010,2010-07-03,Seattle Storm,75,Los Angeles Sparks,62,13.0,-13.0,1,0,1104,3125,L,W,L vs. Seattle Storm 62-75,W @ Los Angeles Sparks 75-62
2010,2010-07-03,Washington Mystics,69,Tulsa Shock,54,15.0,-15.0,1,0,1104,3126,L,W,L vs. Washington Mystics 54-69,W @ Tulsa Shock 69-54
2010,2010-07-03,New York Liberty,82,Phoenix Mercury,97,-15.0,15.0,0,1,1104,3127,W,L,W vs. New York Liberty 97-82,L @ Phoenix Mercury 82-97
2010,2010-07-06,Phoenix Mercury,98,Los Angeles Sparks,89,9.0,-9.0,1,0,1105,3128,L,W,L vs. Phoenix Mercury 89-98,W @ Los Angeles Sparks 98-89
2010,2010-07-06,Indiana Fever,58,Chicago Sky,51,7.0,-7.0,1,0,1105,3129,L,W,L vs. Indiana Fever 51-58,W @ Chicago Sky 58-51
2010,2010-07-06,New York Liberty,70,Seattle Storm,78,-8.0,8.0,0,1,1105,3130,W,L,W vs. New York Liberty 78-70,L @ Seattle Storm 70-78
2010,2010-07-06,Connecticut Sun,66,San Antonio Silver Stars,79,-13.0,13.0,0,1,1105,3131,W,L,W vs. Connecticut Sun 79-66,L @ San Antonio Silver Stars 66-79
2010,2010-07-07,Connecticut Sun,103,Atlanta Dream,108,-5.0,5.0,0,1,1106,3132,W,L,W vs. Connecticut Sun 108-103,L @ Atlanta Dream 103-108
2010,2010-07-08,San Antonio Silver Stars,66,Minnesota Lynx,89,-23.0,23.0,0,1,1107,3133,W,L,W vs. San Antonio Silver Stars 89-66,L @ Minnesota Lynx 66-89
2010,2010-07-08,Tulsa Shock,72,Indiana Fever,100,-28.0,28.0,0,1,1107,3134,W,L,W vs. Tulsa Shock 100-72,L @ Indiana Fever 72-100
2010,2010-07-11,Chicago Sky,54,New York Liberty,57,-3.0,3.0,0,1,1108,3135,W,L,W vs. Chicago Sky 57-54,L @ New York Liberty 54-57
2010,2010-07-13,Los Angeles Sparks,87,Tulsa Shock,71,16.0,-16.0,1,0,1109,3136,L,W,L vs. Los Angeles Sparks 71-87,W @ Tulsa Shock 87-71
2010,2010-07-14,Connecticut Sun,77,Indiana Fever,68,9.0,-9.0,1,0,1110,3137,L,W,L vs. Connecticut Sun 68-77,W @ Indiana Fever 77-68
2010,2010-07-14,Seattle Storm,111,Phoenix Mercury,107,4.0,-4.0,1,0,1110,3138,L,W,L vs. Seattle Storm 107-111,W @ Phoenix Mercury 111-107
2010,2010-07-14,Atlanta Dream,81,Minnesota Lynx,83,-2.0,2.0,0,1,1110,3139,W,L,W vs. Atlanta Dream 83-81,L @ Minnesota Lynx 81-83
2010,2010-07-14,San Antonio Silver Stars,61,Chicago Sky,88,-27.0,27.0,0,1,1110,3140,W,L,W vs. San Antonio Silver Stars 88-61,L @ Chicago Sky 61-88
2010,2010-07-15,Washington Mystics,67,New York Liberty,75,-8.0,8.0,0,1,1111,3141,W,L,W vs. Washington Mystics 75-67,L @ New York Liberty 67-75
2010,2010-07-16,Atlanta Dream,70,Indiana Fever,89,-19.0,19.0,0,1,1112,3142,W,L,W vs. Atlanta Dream 89-70,L @ Indiana Fever 70-89
2010,2010-07-16,Tulsa Shock,75,San Antonio Silver Stars,70,5.0,-5.0,1,0,1112,3143,L,W,L vs. Tulsa Shock 70-75,W @ San Antonio Silver Stars 75-70
2010,2010-07-16,Los Angeles Sparks,68,Chicago Sky,80,-12.0,12.0,0,1,1112,3144,W,L,W vs. Los Angeles Sparks 80-68,L @ Chicago Sky 68-80
2010,2010-07-17,Tulsa Shock,88,Phoenix Mercury,97,-9.0,9.0,0,1,1113,3145,W,L,W vs. Tulsa Shock 97-88,L @ Phoenix Mercury 88-97
2010,2010-07-17,Atlanta Dream,80,Connecticut Sun,96,-16.0,16.0,0,1,1113,3146,W,L,W vs. Atlanta Dream 96-80,L @ Connecticut Sun 80-96
2010,2010-07-17,Seattle Storm,73,Minnesota Lynx,71,2.0,-2.0,1,0,1113,3147,L,W,L vs. Seattle Storm 71-73,W @ Minnesota Lynx 73-71
2010,2010-07-18,Los Angeles Sparks,73,San Antonio Silver Stars,83,-10.0,10.0,0,1,1114,3148,W,L,W vs. Los Angeles Sparks 83-73,L @ San Antonio Silver Stars 73-83
2010,2010-07-18,Chicago Sky,61,Washington Mystics,59,2.0,-2.0,1,0,1114,3149,L,W,L vs. Chicago Sky 59-61,W @ Washington Mystics 61-59
2010,2010-07-18,Indiana Fever,84,New York Liberty,81,3.0,-3.0,1,0,1114,3150,L,W,L vs. Indiana Fever 81-84,W @ New York Liberty 84-81
2010,2010-07-20,New York Liberty,82,Connecticut Sun,74,8.0,-8.0,1,0,1115,3151,L,W,L vs. New York Liberty 74-82,W @ Connecticut Sun 82-74
2010,2010-07-20,Seattle Storm,80,San Antonio Silver Stars,74,6.0,-6.0,1,0,1115,3152,L,W,L vs. Seattle Storm 74-80,W @ San Antonio Silver Stars 80-74
2010,2010-07-20,Tulsa Shock,83,Los Angeles Sparks,86,-3.0,3.0,0,1,1115,3153,W,L,W vs. Tulsa Shock 86-83,L @ Los Angeles Sparks 83-86
2010,2010-07-21,Atlanta Dream,72,Washington Mystics,82,-10.0,10.0,0,1,1116,3154,W,L,W vs. Atlanta Dream 82-72,L @ Washington Mystics 72-82
2010,2010-07-22,Los Angeles Sparks,57,Indiana Fever,76,-19.0,19.0,0,1,1117,3155,W,L,W vs. Los Angeles Sparks 76-57,L @ Indiana Fever 57-76
2010,2010-07-22,Phoenix Mercury,123,Tulsa Shock,91,32.0,-32.0,1,0,1117,3156,L,W,L vs. Phoenix Mercury 91-123,W @ Tulsa Shock 123-91
2010,2010-07-22,San Antonio Silver Stars,74,Minnesota Lynx,72,2.0,-2.0,1,0,1117,3157,L,W,L vs. San Antonio Silver Stars 72-74,W @ Minnesota Lynx 74-72
2010,2010-07-23,New York Liberty,79,Chicago Sky,71,8.0,-8.0,1,0,1118,3158,L,W,L vs. New York Liberty 71-79,W @ Chicago Sky 79-71
2010,2010-07-24,Los Angeles Sparks,89,Connecticut Sun,80,9.0,-9.0,1,0,1119,3159,L,W,L vs. Los Angeles Sparks 80-89,W @ Connecticut Sun 89-80
2010,2010-07-24,Indiana Fever,78,Washington Mystics,73,5.0,-5.0,1,0,1119,3160,L,W,L vs. Indiana Fever 73-78,W @ Washington Mystics 78-73
2010,2010-07-24,Chicago Sky,75,San Antonio Silver Stars,72,3.0,-3.0,1,0,1119,3161,L,W,L vs. Chicago Sky 72-75,W @ San Antonio Silver Stars 75-72
2010,2010-07-24,Phoenix Mercury,127,Minnesota Lynx,124,3.0,-3.0,1,0,1119,3162,L,W,L vs. Phoenix Mercury 124-127,W @ Minnesota Lynx 127-124
2010,2010-07-25,New York Liberty,75,Atlanta Dream,82,-7.0,7.0,0,1,1120,3163,W,L,W vs. New York Liberty 82-75,L @ Atlanta Dream 75-82
2010,2010-07-25,Tulsa Shock,59,Seattle Storm,75,-16.0,16.0,0,1,1120,3164,W,L,W vs. Tulsa Shock 75-59,L @ Seattle Storm 59-75
2010,2010-07-27,Washington Mystics,78,Connecticut Sun,88,-10.0,10.0,0,1,1121,3165,W,L,W vs. Washington Mystics 88-78,L @ Connecticut Sun 78-88
2010,2010-07-27,Chicago Sky,74,Indiana Fever,78,-4.0,4.0,0,1,1121,3166,W,L,W vs. Chicago Sky 78-74,L @ Indiana Fever 74-78
2010,2010-07-27,Los Angeles Sparks,71,Minnesota Lynx,58,13.0,-13.0,1,0,1121,3167,L,W,L vs. Los Angeles Sparks 58-71,W @ Minnesota Lynx 71-58
2010,2010-07-27,Phoenix Mercury,85,Seattle Storm,91,-6.0,6.0,0,1,1121,3168,W,L,W vs. Phoenix Mercury 91-85,L @ Seattle Storm 85-91
2010,2010-07-27,San Antonio Silver Stars,72,New York Liberty,77,-5.0,5.0,0,1,1121,3169,W,L,W vs. San Antonio Silver Stars 77-72,L @ New York Liberty 72-77
2010,2010-07-27,Atlanta Dream,105,Tulsa Shock,89,16.0,-16.0,1,0,1121,3170,L,W,L vs. Atlanta Dream 89-105,W @ Tulsa Shock 105-89
2010,2010-07-29,San Antonio Silver Stars,79,Washington Mystics,75,4.0,-4.0,1,0,1122,3171,L,W,L vs. San Antonio Silver Stars 75-79,W @ Washington Mystics 79-75
2010,2010-07-29,Minnesota Lynx,92,Phoenix Mercury,110,-18.0,18.0,0,1,1122,3172,W,L,W vs. Minnesota Lynx 110-92,L @ Phoenix Mercury 92-110
2010,2010-07-30,Washington Mystics,77,Indiana Fever,73,4.0,-4.0,1,0,1123,3173,L,W,L vs. Washington Mystics 73-77,W @ Indiana Fever 77-73
2010,2010-07-30,Los Angeles Sparks,79,New York Liberty,88,-9.0,9.0,0,1,1123,3174,W,L,W vs. Los Angeles Sparks 88-79,L @ New York Liberty 79-88
2010,2010-07-30,Chicago Sky,60,Seattle Storm,80,-20.0,20.0,0,1,1123,3175,W,L,W vs. Chicago Sky 80-60,L @ Seattle Storm 60-80
2010,2010-07-30,Atlanta Dream,94,Connecticut Sun,62,32.0,-32.0,1,0,1123,3176,L,W,L vs. Atlanta Dream 62-94,W @ Connecticut Sun 94-62
2010,2010-07-30,San Antonio Silver Stars,101,Tulsa Shock,85,16.0,-16.0,1,0,1123,3177,L,W,L vs. San Antonio Silver Stars 85-101,W @ Tulsa Shock 101-85
2010,2010-08-01,Indiana Fever,74,Atlanta Dream,90,-16.0,16.0,0,1,1124,3178,W,L,W vs. Indiana Fever 90-74,L @ Atlanta Dream 74-90
2010,2010-08-01,Tulsa Shock,62,Washington Mystics,87,-25.0,25.0,0,1,1124,3179,W,L,W vs. Tulsa Shock 87-62,L @ Washington Mystics 62-87
2010,2010-08-01,Connecticut Sun,67,New York Liberty,71,-4.0,4.0,0,1,1124,3180,W,L,W vs. Connecticut Sun 71-67,L @ New York Liberty 67-71
2010,2010-08-01,Chicago Sky,96,Phoenix Mercury,97,-1.0,1.0,0,1,1124,3181,W,L,W vs. Chicago Sky 97-96,L @ Phoenix Mercury 96-97
2010,2010-08-01,Seattle Storm,71,Minnesota Lynx,72,-1.0,1.0,0,1,1124,3182,W,L,W vs. Seattle Storm 72-71,L @ Minnesota Lynx 71-72
2010,2010-08-03,Washington Mystics,86,Atlanta Dream,78,8.0,-8.0,1,0,1125,3183,L,W,L vs. Washington Mystics 78-86,W @ Atlanta Dream 86-78
2010,2010-08-03,Seattle Storm,75,Tulsa Shock,84,-9.0,9.0,0,1,1125,3184,W,L,W vs. Seattle Storm 84-75,L @ Tulsa Shock 75-84
2010,2010-08-03,Connecticut Sun,103,Minnesota Lynx,111,-8.0,8.0,0,1,1125,3185,W,L,W vs. Connecticut Sun 111-103,L @ Minnesota Lynx 103-111
2010,2010-08-03,New York Liberty,82,Indiana Fever,72,10.0,-10.0,1,0,1125,3186,L,W,L vs. New York Liberty 72-82,W @ Indiana Fever 82-72
2010,2010-08-03,Phoenix Mercury,103,San Antonio Silver Stars,92,11.0,-11.0,1,0,1125,3187,L,W,L vs. Phoenix Mercury 92-103,W @ San Antonio Silver Stars 103-92
2010,2010-08-04,Chicago Sky,77,Los Angeles Sparks,82,-5.0,5.0,0,1,1126,3188,W,L,W vs. Chicago Sky 82-77,L @ Los Angeles Sparks 77-82
2010,2010-08-05,Connecticut Sun,82,Seattle Storm,83,-1.0,1.0,0,1,1127,3189,W,L,W vs. Connecticut Sun 83-82,L @ Seattle Storm 82-83
2010,2010-08-06,Atlanta Dream,93,Indiana Fever,95,-2.0,2.0,0,1,1128,3190,W,L,W vs. Atlanta Dream 95-93,L @ Indiana Fever 93-95
2010,2010-08-06,San Antonio Silver Stars,87,Phoenix Mercury,103,-16.0,16.0,0,1,1128,3191,W,L,W vs. San Antonio Silver Stars 103-87,L @ Phoenix Mercury 87-103
2010,2010-08-06,Washington Mystics,77,New York Liberty,85,-8.0,8.0,0,1,1128,3192,W,L,W vs. Washington Mystics 85-77,L @ New York Liberty 77-85
2010,2010-08-06,Tulsa Shock,70,Los Angeles Sparks,77,-7.0,7.0,0,1,1128,3193,W,L,W vs. Tulsa Shock 77-70,L @ Los Angeles Sparks 70-77
2010,2010-08-07,Minnesota Lynx,87,Chicago Sky,82,5.0,-5.0,1,0,1129,3194,L,W,L vs. Minnesota Lynx 82-87,W @ Chicago Sky 87-82
2010,2010-08-07,Tulsa Shock,65,Seattle Storm,111,-46.0,46.0,0,1,1129,3195,W,L,W vs. Tulsa Shock 111-65,L @ Seattle Storm 65-111
2010,2010-08-08,New York Liberty,74,Minnesota Lynx,72,2.0,-2.0,1,0,1130,3196,L,W,L vs. New York Liberty 72-74,W @ Minnesota Lynx 74-72
2010,2010-08-08,Indiana Fever,104,Phoenix Mercury,82,22.0,-22.0,1,0,1130,3197,L,W,L vs. Indiana Fever 82-104,W @ Phoenix Mercury 104-82
2010,2010-08-08,Washington Mystics,67,Connecticut Sun,76,-9.0,9.0,0,1,1130,3198,W,L,W vs. Washington Mystics 76-67,L @ Connecticut Sun 67-76
2010,2010-08-08,San Antonio Silver Stars,92,Los Angeles Sparks,83,9.0,-9.0,1,0,1130,3199,L,W,L vs. San Antonio Silver Stars 83-92,W @ Los Angeles Sparks 92-83
2010,2010-08-10,Indiana Fever,82,Los Angeles Sparks,76,6.0,-6.0,1,0,1131,3200,L,W,L vs. Indiana Fever 76-82,W @ Los Angeles Sparks 82-76
2010,2010-08-10,Phoenix Mercury,82,Chicago Sky,91,-9.0,9.0,0,1,1131,3201,W,L,W vs. Phoenix Mercury 91-82,L @ Chicago Sky 82-91
2010,2010-08-10,Connecticut Sun,74,Washington Mystics,84,-10.0,10.0,0,1,1131,3202,W,L,W vs. Connecticut Sun 84-74,L @ Washington Mystics 74-84
2010,2010-08-10,Minnesota Lynx,73,San Antonio Silver Stars,66,7.0,-7.0,1,0,1131,3203,L,W,L vs. Minnesota Lynx 66-73,W @ San Antonio Silver Stars 73-66
2010,2010-08-10,Seattle Storm,80,Atlanta Dream,70,10.0,-10.0,1,0,1131,3204,L,W,L vs. Seattle Storm 70-80,W @ Atlanta Dream 80-70
2010,2010-08-12,Los Angeles Sparks,78,Minnesota Lynx,77,1.0,-1.0,1,0,1132,3205,L,W,L vs. Los Angeles Sparks 77-78,W @ Minnesota Lynx 78-77
2010,2010-08-13,Phoenix Mercury,90,Indiana Fever,110,-20.0,20.0,0,1,1133,3206,W,L,W vs. Phoenix Mercury 110-90,L @ Indiana Fever 90-110
2010,2010-08-13,New York Liberty,90,Atlanta Dream,83,7.0,-7.0,1,0,1133,3207,L,W,L vs. New York Liberty 83-90,W @ Atlanta Dream 90-83
2010,2010-08-13,Seattle Storm,68,Connecticut Sun,88,-20.0,20.0,0,1,1133,3208,W,L,W vs. Seattle Storm 88-68,L @ Connecticut Sun 68-88
2010,2010-08-13,Tulsa Shock,74,San Antonio Silver Stars,94,-20.0,20.0,0,1,1133,3209,W,L,W vs. Tulsa Shock 94-74,L @ San Antonio Silver Stars 74-94
2010,2010-08-13,Minnesota Lynx,58,Washington Mystics,61,-3.0,3.0,0,1,1133,3210,W,L,W vs. Minnesota Lynx 61-58,L @ Washington Mystics 58-61
2010,2010-08-14,Phoenix Mercury,69,New York Liberty,107,-38.0,38.0,0,1,1134,3211,W,L,W vs. Phoenix Mercury 107-69,L @ New York Liberty 69-107
2010,2010-08-14,Atlanta Dream,98,Chicago Sky,74,24.0,-24.0,1,0,1134,3212,L,W,L vs. Atlanta Dream 74-98,W @ Chicago Sky 98-74
2010,2010-08-14,Los Angeles Sparks,92,Tulsa Shock,87,5.0,-5.0,1,0,1134,3213,L,W,L vs. Los Angeles Sparks 87-92,W @ Tulsa Shock 92-87
2010,2010-08-15,San Antonio Silver Stars,78,Minnesota Lynx,84,-6.0,6.0,0,1,1135,3214,W,L,W vs. San Antonio Silver Stars 84-78,L @ Minnesota Lynx 78-84
2010,2010-08-15,Seattle Storm,71,Washington Mystics,80,-9.0,9.0,0,1,1135,3215,W,L,W vs. Seattle Storm 80-71,L @ Washington Mystics 71-80
2010,2010-08-15,Indiana Fever,79,Connecticut Sun,66,13.0,-13.0,1,0,1135,3216,L,W,L vs. Indiana Fever 66-79,W @ Connecticut Sun 79-66
2010,2010-08-17,Indiana Fever,57,New York Liberty,78,-21.0,21.0,0,1,1136,3217,W,L,W vs. Indiana Fever 78-57,L @ New York Liberty 57-78
2010,2010-08-17,Phoenix Mercury,90,Los Angeles Sparks,84,6.0,-6.0,1,0,1136,3218,L,W,L vs. Phoenix Mercury 84-90,W @ Los Angeles Sparks 90-84
2010,2010-08-17,Minnesota Lynx,64,Seattle Storm,68,-4.0,4.0,0,1,1136,3219,W,L,W vs. Minnesota Lynx 68-64,L @ Seattle Storm 64-68
2010,2010-08-17,Tulsa Shock,62,Connecticut Sun,90,-28.0,28.0,0,1,1136,3220,W,L,W vs. Tulsa Shock 90-62,L @ Connecticut Sun 62-90
2010,2010-08-17,Chicago Sky,84,Atlanta Dream,79,5.0,-5.0,1,0,1136,3221,L,W,L vs. Chicago Sky 79-84,W @ Atlanta Dream 84-79
2010,2010-08-17,Washington Mystics,76,San Antonio Silver Stars,66,10.0,-10.0,1,0,1136,3222,L,W,L vs. Washington Mystics 66-76,W @ San Antonio Silver Stars 76-66
2010,2010-08-19,Tulsa Shock,85,New York Liberty,95,-10.0,10.0,0,1,1137,3223,W,L,W vs. Tulsa Shock 95-85,L @ New York Liberty 85-95
2010,2010-08-20,Seattle Storm,78,Phoenix Mercury,73,5.0,-5.0,1,0,1138,3224,L,W,L vs. Seattle Storm 73-78,W @ Phoenix Mercury 78-73
2010,2010-08-20,Connecticut Sun,78,Chicago Sky,71,7.0,-7.0,1,0,1138,3225,L,W,L vs. Connecticut Sun 71-78,W @ Chicago Sky 78-71
2010,2010-08-20,Minnesota Lynx,91,Los Angeles Sparks,98,-7.0,7.0,0,1,1138,3226,W,L,W vs. Minnesota Lynx 98-91,L @ Los Angeles Sparks 91-98
2010,2010-08-20,Indiana Fever,61,San Antonio Silver Stars,75,-14.0,14.0,0,1,1138,3227,W,L,W vs. Indiana Fever 75-61,L @ San Antonio Silver Stars 61-75
2010,2010-08-20,New York Liberty,74,Washington Mystics,75,-1.0,1.0,0,1,1138,3228,W,L,W vs. New York Liberty 75-74,L @ Washington Mystics 74-75
2010,2010-08-21,Los Angeles Sparks,75,Seattle Storm,76,-1.0,1.0,0,1,1139,3229,W,L,W vs. Los Angeles Sparks 76-75,L @ Seattle Storm 75-76
2010,2010-08-21,Chicago Sky,71,Tulsa Shock,84,-13.0,13.0,0,1,1139,3230,W,L,W vs. Chicago Sky 84-71,L @ Tulsa Shock 71-84
2010,2010-08-22,Connecticut Sun,87,New York Liberty,88,-1.0,1.0,0,1,1140,3231,W,L,W vs. Connecticut Sun 88-87,L @ New York Liberty 87-88
2010,2010-08-22,Phoenix Mercury,82,San Antonio Silver Stars,83,-1.0,1.0,0,1,1140,3232,W,L,W vs. Phoenix Mercury 83-82,L @ San Antonio Silver Stars 82-83
2010,2010-08-22,Washington Mystics,90,Atlanta Dream,81,9.0,-9.0,1,0,1140,3233,L,W,L vs. Washington Mystics 81-90,W @ Atlanta Dream 90-81
2010,2010-08-22,Minnesota Lynx,83,Indiana Fever,79,4.0,-4.0,1,0,1140,3234,L,W,L vs. Minnesota Lynx 79-83,W @ Indiana Fever 83-79
2010,2010-08-25,Atlanta Dream,95,Washington Mystics,90,5.0,-5.0,1,0,1141,3235,L,W,L vs. Atlanta Dream 90-95,W @ Washington Mystics 95-90
2010,2010-08-25,Los Angeles Sparks,66,Seattle Storm,79,-13.0,13.0,0,1,1141,3236,W,L,W vs. Los Angeles Sparks 79-66,L @ Seattle Storm 66-79
2010,2010-08-26,San Antonio Silver Stars,93,Phoenix Mercury,106,-13.0,13.0,0,1,1142,3237,W,L,W vs. San Antonio Silver Stars 106-93,L @ Phoenix Mercury 93-106
2010,2010-08-26,Indiana Fever,73,New York Liberty,85,-12.0,12.0,0,1,1142,3238,W,L,W vs. Indiana Fever 85-73,L @ New York Liberty 73-85
2010,2010-08-27,Washington Mystics,77,Atlanta Dream,101,-24.0,24.0,0,1,1143,3239,W,L,W vs. Washington Mystics 101-77,L @ Atlanta Dream 77-101
2010,2010-08-28,Seattle Storm,81,Los Angeles Sparks,66,15.0,-15.0,1,0,1144,3240,L,W,L vs. Seattle Storm 66-81,W @ Los Angeles Sparks 81-66
2010,2010-08-28,Phoenix Mercury,92,San Antonio Silver Stars,73,19.0,-19.0,1,0,1144,3241,L,W,L vs. Phoenix Mercury 73-92,W @ San Antonio Silver Stars 92-73
2010,2010-08-29,New York Liberty,67,Indiana Fever,75,-8.0,8.0,0,1,1145,3242,W,L,W vs. New York Liberty 75-67,L @ Indiana Fever 67-75
2010,2010-09-01,Indiana Fever,74,New York Liberty,77,-3.0,3.0,0,1,1146,3243,W,L,W vs. Indiana Fever 77-74,L @ New York Liberty 74-77
2010,2010-09-02,Phoenix Mercury,74,Seattle Storm,82,-8.0,8.0,0,1,1147,3244,W,L,W vs. Phoenix Mercury 82-74,L @ Seattle Storm 74-82
2010,2010-09-05,Seattle Storm,91,Phoenix Mercury,88,3.0,-3.0,1,0,1148,3245,L,W,L vs. Seattle Storm 88-91,W @ Phoenix Mercury 91-88
2010,2010-09-05,Atlanta Dream,81,New York Liberty,75,6.0,-6.0,1,0,1148,3246,L,W,L vs. Atlanta Dream 75-81,W @ New York Liberty 81-75
2010,2010-09-07,New York Liberty,93,Atlanta Dream,105,-12.0,12.0,0,1,1149,3247,W,L,W vs. New York Liberty 105-93,L @ Atlanta Dream 93-105
2010,2010-09-12,Atlanta Dream,77,Seattle Storm,79,-2.0,2.0,0,1,1150,3248,W,L,W vs. Atlanta Dream 79-77,L @ Seattle Storm 77-79
2010,2010-09-14,Atlanta Dream,84,Seattle Storm,87,-3.0,3.0,0,1,1151,3249,W,L,W vs. Atlanta Dream 87-84,L @ Seattle Storm 84-87
2010,2010-09-16,Seattle Storm,87,Atlanta Dream,84,3.0,-3.0,1,0,1152,3250,L,W,L vs. Seattle Storm 84-87,W @ Atlanta Dream 87-84
2011,2011-06-03,Minnesota Lynx,74,Los Angeles Sparks,82,-8.0,8.0,0,1,1153,3251,W,L,W vs. Minnesota Lynx 82-74,L @ Los Angeles Sparks 74-82
2011,2011-06-04,Chicago Sky,57,Indiana Fever,65,-8.0,8.0,0,1,1154,3252,W,L,W vs. Chicago Sky 65-57,L @ Indiana Fever 57-65
2011,2011-06-04,Washington Mystics,73,Connecticut Sun,89,-16.0,16.0,0,1,1154,3253,W,L,W vs. Washington Mystics 89-73,L @ Connecticut Sun 73-89
2011,2011-06-04,Phoenix Mercury,71,Seattle Storm,78,-7.0,7.0,0,1,1154,3254,W,L,W vs. Phoenix Mercury 78-71,L @ Seattle Storm 71-78
2011,2011-06-04,Tulsa Shock,73,San Antonio Silver Stars,93,-20.0,20.0,0,1,1154,3255,W,L,W vs. Tulsa Shock 93-73,L @ San Antonio Silver Stars 73-93
2011,2011-06-05,New York Liberty,94,Atlanta Dream,88,6.0,-6.0,1,0,1155,3256,L,W,L vs. New York Liberty 88-94,W @ Atlanta Dream 94-88
2011,2011-06-05,Los Angeles Sparks,69,Minnesota Lynx,86,-17.0,17.0,0,1,1155,3257,W,L,W vs. Los Angeles Sparks 86-69,L @ Minnesota Lynx 69-86
2011,2011-06-07,Tulsa Shock,65,Minnesota Lynx,75,-10.0,10.0,0,1,1156,3258,W,L,W vs. Tulsa Shock 75-65,L @ Minnesota Lynx 65-75
2011,2011-06-09,Washington Mystics,98,Atlanta Dream,90,8.0,-8.0,1,0,1157,3259,L,W,L vs. Washington Mystics 90-98,W @ Atlanta Dream 98-90
2011,2011-06-09,Minnesota Lynx,81,Seattle Storm,74,7.0,-7.0,1,0,1157,3260,L,W,L vs. Minnesota Lynx 74-81,W @ Seattle Storm 81-74
2011,2011-06-10,New York Liberty,81,Indiana Fever,80,1.0,-1.0,1,0,1158,3261,L,W,L vs. New York Liberty 80-81,W @ Indiana Fever 81-80
2011,2011-06-10,Phoenix Mercury,84,Los Angeles Sparks,98,-14.0,14.0,0,1,1158,3262,W,L,W vs. Phoenix Mercury 98-84,L @ Los Angeles Sparks 84-98
2011,2011-06-10,Connecticut Sun,75,Chicago Sky,78,-3.0,3.0,0,1,1158,3263,W,L,W vs. Connecticut Sun 78-75,L @ Chicago Sky 75-78
2011,2011-06-10,San Antonio Silver Stars,93,Tulsa Shock,62,31.0,-31.0,1,0,1158,3264,L,W,L vs. San Antonio Silver Stars 62-93,W @ Tulsa Shock 93-62
2011,2011-06-11,Atlanta Dream,74,San Antonio Silver Stars,86,-12.0,12.0,0,1,1159,3265,W,L,W vs. Atlanta Dream 86-74,L @ San Antonio Silver Stars 74-86
2011,2011-06-11,Indiana Fever,86,New York Liberty,80,6.0,-6.0,1,0,1159,3266,L,W,L vs. Indiana Fever 80-86,W @ New York Liberty 86-80
2011,2011-06-11,Chicago Sky,84,Washington Mystics,77,7.0,-7.0,1,0,1159,3267,L,W,L vs. Chicago Sky 77-84,W @ Washington Mystics 84-77
2011,2011-06-12,Tulsa Shock,79,Connecticut Sun,90,-11.0,11.0,0,1,1160,3268,W,L,W vs. Tulsa Shock 90-79,L @ Connecticut Sun 79-90
2011,2011-06-14,Tulsa Shock,74,Indiana Fever,82,-8.0,8.0,0,1,1161,3269,W,L,W vs. Tulsa Shock 82-74,L @ Indiana Fever 74-82
2011,2011-06-14,Atlanta Dream,79,New York Liberty,58,21.0,-21.0,1,0,1161,3270,L,W,L vs. Atlanta Dream 58-79,W @ New York Liberty 79-58
2011,2011-06-16,Connecticut Sun,79,Washington Mystics,71,8.0,-8.0,1,0,1162,3271,L,W,L vs. Connecticut Sun 71-79,W @ Washington Mystics 79-71
2011,2011-06-17,New York Liberty,73,Chicago Sky,85,-12.0,12.0,0,1,1163,3272,W,L,W vs. New York Liberty 85-73,L @ Chicago Sky 73-85
2011,2011-06-17,Indiana Fever,54,Seattle Storm,68,-14.0,14.0,0,1,1163,3273,W,L,W vs. Indiana Fever 68-54,L @ Seattle Storm 54-68
2011,2011-06-17,San Antonio Silver Stars,101,Phoenix Mercury,99,2.0,-2.0,1,0,1163,3274,L,W,L vs. San Antonio Silver Stars 99-101,W @ Phoenix Mercury 101-99
2011,2011-06-17,Atlanta Dream,85,Minnesota Lynx,96,-11.0,11.0,0,1,1163,3275,W,L,W vs. Atlanta Dream 96-85,L @ Minnesota Lynx 85-96
2011,2011-06-18,Washington Mystics,59,Tulsa Shock,77,-18.0,18.0,0,1,1164,3276,W,L,W vs. Washington Mystics 77-59,L @ Tulsa Shock 59-77
2011,2011-06-19,Indiana Fever,89,Phoenix Mercury,93,-4.0,4.0,0,1,1165,3277,W,L,W vs. Indiana Fever 93-89,L @ Phoenix Mercury 89-93
2011,2011-06-19,Chicago Sky,68,Connecticut Sun,83,-15.0,15.0,0,1,1165,3278,W,L,W vs. Chicago Sky 83-68,L @ Connecticut Sun 68-83
2011,2011-06-19,Minnesota Lynx,77,Atlanta Dream,64,13.0,-13.0,1,0,1165,3279,L,W,L vs. Minnesota Lynx 64-77,W @ Atlanta Dream 77-64
2011,2011-06-19,Seattle Storm,50,Los Angeles Sparks,74,-24.0,24.0,0,1,1165,3280,W,L,W vs. Seattle Storm 74-50,L @ Los Angeles Sparks 50-74
2011,2011-06-21,Chicago Sky,68,Atlanta Dream,71,-3.0,3.0,0,1,1166,3281,W,L,W vs. Chicago Sky 71-68,L @ Atlanta Dream 68-71
2011,2011-06-21,Phoenix Mercury,105,San Antonio Silver Stars,98,7.0,-7.0,1,0,1166,3282,L,W,L vs. Phoenix Mercury 98-105,W @ San Antonio Silver Stars 105-98
2011,2011-06-21,Indiana Fever,89,Washington Mystics,80,9.0,-9.0,1,0,1166,3283,L,W,L vs. Indiana Fever 80-89,W @ Washington Mystics 89-80
2011,2011-06-21,New York Liberty,91,Los Angeles Sparks,96,-5.0,5.0,0,1,1166,3284,W,L,W vs. New York Liberty 96-91,L @ Los Angeles Sparks 91-96
2011,2011-06-21,Seattle Storm,82,Tulsa Shock,77,5.0,-5.0,1,0,1166,3285,L,W,L vs. Seattle Storm 77-82,W @ Tulsa Shock 82-77
2011,2011-06-23,New York Liberty,94,Tulsa Shock,82,12.0,-12.0,1,0,1167,3286,L,W,L vs. New York Liberty 82-94,W @ Tulsa Shock 94-82
2011,2011-06-23,Connecticut Sun,101,Chicago Sky,107,-6.0,6.0,0,1,1167,3287,W,L,W vs. Connecticut Sun 107-101,L @ Chicago Sky 101-107
2011,2011-06-24,Phoenix Mercury,92,Atlanta Dream,83,9.0,-9.0,1,0,1168,3288,L,W,L vs. Phoenix Mercury 83-92,W @ Atlanta Dream 92-83
2011,2011-06-24,Minnesota Lynx,55,Seattle Storm,65,-10.0,10.0,0,1,1168,3289,W,L,W vs. Minnesota Lynx 65-55,L @ Seattle Storm 55-65
2011,2011-06-24,Los Angeles Sparks,80,San Antonio Silver Stars,90,-10.0,10.0,0,1,1168,3290,W,L,W vs. Los Angeles Sparks 90-80,L @ San Antonio Silver Stars 80-90
2011,2011-06-25,Phoenix Mercury,86,Chicago Sky,78,8.0,-8.0,1,0,1169,3291,L,W,L vs. Phoenix Mercury 78-86,W @ Chicago Sky 86-78
2011,2011-06-25,Connecticut Sun,70,Indiana Fever,75,-5.0,5.0,0,1,1169,3292,W,L,W vs. Connecticut Sun 75-70,L @ Indiana Fever 70-75
2011,2011-06-26,Tulsa Shock,63,Washington Mystics,83,-20.0,20.0,0,1,1170,3293,W,L,W vs. Tulsa Shock 83-63,L @ Washington Mystics 63-83
2011,2011-06-26,Los Angeles Sparks,67,New York Liberty,77,-10.0,10.0,0,1,1170,3294,W,L,W vs. Los Angeles Sparks 77-67,L @ New York Liberty 67-77
2011,2011-06-26,San Antonio Silver Stars,92,Atlanta Dream,86,6.0,-6.0,1,0,1170,3295,L,W,L vs. San Antonio Silver Stars 86-92,W @ Atlanta Dream 92-86
2011,2011-06-26,Indiana Fever,78,Minnesota Lynx,75,3.0,-3.0,1,0,1170,3296,L,W,L vs. Indiana Fever 75-78,W @ Minnesota Lynx 78-75
2011,2011-06-28,Phoenix Mercury,86,Indiana Fever,91,-5.0,5.0,0,1,1171,3297,W,L,W vs. Phoenix Mercury 91-86,L @ Indiana Fever 86-91
2011,2011-06-28,San Antonio Silver Stars,84,Chicago Sky,74,10.0,-10.0,1,0,1171,3298,L,W,L vs. San Antonio Silver Stars 74-84,W @ Chicago Sky 84-74
2011,2011-06-28,Los Angeles Sparks,76,Connecticut Sun,79,-3.0,3.0,0,1,1171,3299,W,L,W vs. Los Angeles Sparks 79-76,L @ Connecticut Sun 76-79
2011,2011-06-30,New York Liberty,81,Atlanta Dream,87,-6.0,6.0,0,1,1172,3300,W,L,W vs. New York Liberty 87-81,L @ Atlanta Dream 81-87
2011,2011-06-30,Minnesota Lynx,101,Tulsa Shock,71,30.0,-30.0,1,0,1172,3301,L,W,L vs. Minnesota Lynx 71-101,W @ Tulsa Shock 101-71
2011,2011-07-01,San Antonio Silver Stars,75,New York Liberty,81,-6.0,6.0,0,1,1173,3302,W,L,W vs. San Antonio Silver Stars 81-75,L @ New York Liberty 75-81
2011,2011-07-01,Chicago Sky,84,Phoenix Mercury,97,-13.0,13.0,0,1,1173,3303,W,L,W vs. Chicago Sky 97-84,L @ Phoenix Mercury 84-97
2011,2011-07-01,Seattle Storm,70,Connecticut Sun,75,-5.0,5.0,0,1,1173,3304,W,L,W vs. Seattle Storm 75-70,L @ Connecticut Sun 70-75
2011,2011-07-03,Seattle Storm,73,Washington Mystics,63,10.0,-10.0,1,0,1174,3305,L,W,L vs. Seattle Storm 63-73,W @ Washington Mystics 73-63
2011,2011-07-05,Washington Mystics,65,Chicago Sky,78,-13.0,13.0,0,1,1175,3306,W,L,W vs. Washington Mystics 78-65,L @ Chicago Sky 65-78
2011,2011-07-05,Seattle Storm,61,Indiana Fever,78,-17.0,17.0,0,1,1175,3307,W,L,W vs. Seattle Storm 78-61,L @ Indiana Fever 61-78
2011,2011-07-05,Los Angeles Sparks,82,Phoenix Mercury,101,-19.0,19.0,0,1,1175,3308,W,L,W vs. Los Angeles Sparks 101-82,L @ Phoenix Mercury 82-101
2011,2011-07-08,Phoenix Mercury,86,Tulsa Shock,78,8.0,-8.0,1,0,1176,3309,L,W,L vs. Phoenix Mercury 78-86,W @ Tulsa Shock 86-78
2011,2011-07-08,New York Liberty,76,San Antonio Silver Stars,73,3.0,-3.0,1,0,1176,3310,L,W,L vs. New York Liberty 73-76,W @ San Antonio Silver Stars 76-73
2011,2011-07-09,Connecticut Sun,67,Minnesota Lynx,90,-23.0,23.0,0,1,1177,3311,W,L,W vs. Connecticut Sun 90-67,L @ Minnesota Lynx 67-90
2011,2011-07-09,Los Angeles Sparks,80,Seattle Storm,99,-19.0,19.0,0,1,1177,3312,W,L,W vs. Los Angeles Sparks 99-80,L @ Seattle Storm 80-99
2011,2011-07-09,Washington Mystics,57,Indiana Fever,68,-11.0,11.0,0,1,1177,3313,W,L,W vs. Washington Mystics 68-57,L @ Indiana Fever 57-68
2011,2011-07-09,Atlanta Dream,69,Chicago Sky,81,-12.0,12.0,0,1,1177,3314,W,L,W vs. Atlanta Dream 81-69,L @ Chicago Sky 69-81
2011,2011-07-10,Tulsa Shock,63,Phoenix Mercury,102,-39.0,39.0,0,1,1178,3315,W,L,W vs. Tulsa Shock 102-63,L @ Phoenix Mercury 63-102
2011,2011-07-10,Chicago Sky,73,New York Liberty,80,-7.0,7.0,0,1,1178,3316,W,L,W vs. Chicago Sky 80-73,L @ New York Liberty 73-80
2011,2011-07-12,Los Angeles Sparks,84,San Antonio Silver Stars,74,10.0,-10.0,1,0,1179,3317,L,W,L vs. Los Angeles Sparks 74-84,W @ San Antonio Silver Stars 84-74
2011,2011-07-12,Washington Mystics,71,Seattle Storm,79,-8.0,8.0,0,1,1179,3318,W,L,W vs. Washington Mystics 79-71,L @ Seattle Storm 71-79
2011,2011-07-13,Tulsa Shock,54,Chicago Sky,72,-18.0,18.0,0,1,1180,3319,W,L,W vs. Tulsa Shock 72-54,L @ Chicago Sky 54-72
2011,2011-07-13,Connecticut Sun,78,Indiana Fever,90,-12.0,12.0,0,1,1180,3320,W,L,W vs. Connecticut Sun 90-78,L @ Indiana Fever 78-90
2011,2011-07-13,Phoenix Mercury,112,Minnesota Lynx,105,7.0,-7.0,1,0,1180,3321,L,W,L vs. Phoenix Mercury 105-112,W @ Minnesota Lynx 112-105
2011,2011-07-13,Atlanta Dream,69,New York Liberty,91,-22.0,22.0,0,1,1180,3322,W,L,W vs. Atlanta Dream 91-69,L @ New York Liberty 69-91
2011,2011-07-14,Seattle Storm,66,San Antonio Silver Stars,69,-3.0,3.0,0,1,1181,3323,W,L,W vs. Seattle Storm 69-66,L @ San Antonio Silver Stars 66-69
2011,2011-07-15,Los Angeles Sparks,79,Tulsa Shock,74,5.0,-5.0,1,0,1182,3324,L,W,L vs. Los Angeles Sparks 74-79,W @ Tulsa Shock 79-74
2011,2011-07-15,Connecticut Sun,68,New York Liberty,59,9.0,-9.0,1,0,1182,3325,L,W,L vs. Connecticut Sun 59-68,W @ New York Liberty 68-59
2011,2011-07-15,Washington Mystics,64,Phoenix Mercury,78,-14.0,14.0,0,1,1182,3326,W,L,W vs. Washington Mystics 78-64,L @ Phoenix Mercury 64-78
2011,2011-07-15,Minnesota Lynx,80,Indiana Fever,70,10.0,-10.0,1,0,1182,3327,L,W,L vs. Minnesota Lynx 70-80,W @ Indiana Fever 80-70
2011,2011-07-16,Seattle Storm,62,Minnesota Lynx,69,-7.0,7.0,0,1,1183,3328,W,L,W vs. Seattle Storm 69-62,L @ Minnesota Lynx 62-69
2011,2011-07-16,Chicago Sky,68,Atlanta Dream,76,-8.0,8.0,0,1,1183,3329,W,L,W vs. Chicago Sky 76-68,L @ Atlanta Dream 68-76
2011,2011-07-17,Tulsa Shock,57,New York Liberty,88,-31.0,31.0,0,1,1184,3330,W,L,W vs. Tulsa Shock 88-57,L @ New York Liberty 57-88
2011,2011-07-17,Indiana Fever,71,Connecticut Sun,76,-5.0,5.0,0,1,1184,3331,W,L,W vs. Indiana Fever 76-71,L @ Connecticut Sun 71-76
2011,2011-07-17,Washington Mystics,89,Los Angeles Sparks,85,4.0,-4.0,1,0,1184,3332,L,W,L vs. Washington Mystics 85-89,W @ Los Angeles Sparks 89-85
2011,2011-07-18,San Antonio Silver Stars,79,Los Angeles Sparks,69,10.0,-10.0,1,0,1185,3333,L,W,L vs. San Antonio Silver Stars 69-79,W @ Los Angeles Sparks 79-69
2011,2011-07-19,Seattle Storm,69,Chicago Sky,78,-9.0,9.0,0,1,1186,3334,W,L,W vs. Seattle Storm 78-69,L @ Chicago Sky 69-78
2011,2011-07-19,New York Liberty,79,Connecticut Sun,85,-6.0,6.0,0,1,1186,3335,W,L,W vs. New York Liberty 85-79,L @ Connecticut Sun 79-85
2011,2011-07-19,Indiana Fever,74,Atlanta Dream,84,-10.0,10.0,0,1,1186,3336,W,L,W vs. Indiana Fever 84-74,L @ Atlanta Dream 74-84
2011,2011-07-20,Minnesota Lynx,106,Phoenix Mercury,98,8.0,-8.0,1,0,1187,3337,L,W,L vs. Minnesota Lynx 98-106,W @ Phoenix Mercury 106-98
2011,2011-07-20,Atlanta Dream,86,Washington Mystics,79,7.0,-7.0,1,0,1187,3338,L,W,L vs. Atlanta Dream 79-86,W @ Washington Mystics 86-79
2011,2011-07-21,San Antonio Silver Stars,55,Seattle Storm,73,-18.0,18.0,0,1,1188,3339,W,L,W vs. San Antonio Silver Stars 73-55,L @ Seattle Storm 55-73
2011,2011-07-21,Chicago Sky,63,Indiana Fever,77,-14.0,14.0,0,1,1188,3340,W,L,W vs. Chicago Sky 77-63,L @ Indiana Fever 63-77
2011,2011-07-26,Atlanta Dream,76,Tulsa Shock,68,8.0,-8.0,1,0,1189,3341,L,W,L vs. Atlanta Dream 68-76,W @ Tulsa Shock 76-68
2011,2011-07-26,Connecticut Sun,77,Chicago Sky,66,11.0,-11.0,1,0,1189,3342,L,W,L vs. Connecticut Sun 66-77,W @ Chicago Sky 77-66
2011,2011-07-26,San Antonio Silver Stars,73,Washington Mystics,67,6.0,-6.0,1,0,1189,3343,L,W,L vs. San Antonio Silver Stars 67-73,W @ Washington Mystics 73-67
2011,2011-07-26,Los Angeles Sparks,72,Minnesota Lynx,85,-13.0,13.0,0,1,1189,3344,W,L,W vs. Los Angeles Sparks 85-72,L @ Minnesota Lynx 72-85
2011,2011-07-26,Seattle Storm,83,Phoenix Mercury,77,6.0,-6.0,1,0,1189,3345,L,W,L vs. Seattle Storm 77-83,W @ Phoenix Mercury 83-77
2011,2011-07-28,Los Angeles Sparks,80,Atlanta Dream,89,-9.0,9.0,0,1,1190,3346,W,L,W vs. Los Angeles Sparks 89-80,L @ Atlanta Dream 80-89
2011,2011-07-28,Chicago Sky,64,Tulsa Shock,55,9.0,-9.0,1,0,1190,3347,L,W,L vs. Chicago Sky 55-64,W @ Tulsa Shock 64-55
2011,2011-07-28,Washington Mystics,71,New York Liberty,75,-4.0,4.0,0,1,1190,3348,W,L,W vs. Washington Mystics 75-71,L @ New York Liberty 71-75
2011,2011-07-28,Indiana Fever,69,Connecticut Sun,58,11.0,-11.0,1,0,1190,3349,L,W,L vs. Indiana Fever 58-69,W @ Connecticut Sun 69-58
2011,2011-07-28,Phoenix Mercury,91,San Antonio Silver Stars,102,-11.0,11.0,0,1,1190,3350,W,L,W vs. Phoenix Mercury 102-91,L @ San Antonio Silver Stars 91-102
2011,2011-07-29,Indiana Fever,61,Washington Mystics,59,2.0,-2.0,1,0,1191,3351,L,W,L vs. Indiana Fever 59-61,W @ Washington Mystics 61-59
2011,2011-07-29,Seattle Storm,67,Minnesota Lynx,92,-25.0,25.0,0,1,1191,3352,W,L,W vs. Seattle Storm 92-67,L @ Minnesota Lynx 67-92
2011,2011-07-30,Seattle Storm,89,Tulsa Shock,72,17.0,-17.0,1,0,1192,3353,L,W,L vs. Seattle Storm 72-89,W @ Tulsa Shock 89-72
2011,2011-07-30,Phoenix Mercury,91,New York Liberty,84,7.0,-7.0,1,0,1192,3354,L,W,L vs. Phoenix Mercury 84-91,W @ New York Liberty 91-84
2011,2011-07-30,Los Angeles Sparks,88,Chicago Sky,84,4.0,-4.0,1,0,1192,3355,L,W,L vs. Los Angeles Sparks 84-88,W @ Chicago Sky 88-84
2011,2011-07-31,Atlanta Dream,92,Connecticut Sun,99,-7.0,7.0,0,1,1193,3356,W,L,W vs. Atlanta Dream 99-92,L @ Connecticut Sun 92-99
2011,2011-07-31,Minnesota Lynx,70,San Antonio Silver Stars,69,1.0,-1.0,1,0,1193,3357,L,W,L vs. Minnesota Lynx 69-70,W @ San Antonio Silver Stars 70-69
2011,2011-07-31,Los Angeles Sparks,63,Indiana Fever,98,-35.0,35.0,0,1,1193,3358,W,L,W vs. Los Angeles Sparks 98-63,L @ Indiana Fever 63-98
2011,2011-08-02,New York Liberty,85,Atlanta Dream,75,10.0,-10.0,1,0,1194,3359,L,W,L vs. New York Liberty 75-85,W @ Atlanta Dream 85-75
2011,2011-08-02,San Antonio Silver Stars,64,Seattle Storm,78,-14.0,14.0,0,1,1194,3360,W,L,W vs. San Antonio Silver Stars 78-64,L @ Seattle Storm 64-78
2011,2011-08-02,Phoenix Mercury,73,Minnesota Lynx,90,-17.0,17.0,0,1,1194,3361,W,L,W vs. Phoenix Mercury 90-73,L @ Minnesota Lynx 73-90
2011,2011-08-03,Connecticut Sun,79,Los Angeles Sparks,70,9.0,-9.0,1,0,1195,3362,L,W,L vs. Connecticut Sun 70-79,W @ Los Angeles Sparks 79-70
2011,2011-08-04,Chicago Sky,49,New York Liberty,59,-10.0,10.0,0,1,1196,3363,W,L,W vs. Chicago Sky 59-49,L @ New York Liberty 49-59
2011,2011-08-04,San Antonio Silver Stars,60,Minnesota Lynx,62,-2.0,2.0,0,1,1196,3364,W,L,W vs. San Antonio Silver Stars 62-60,L @ Minnesota Lynx 60-62
2011,2011-08-05,Indiana Fever,85,Tulsa Shock,65,20.0,-20.0,1,0,1197,3365,L,W,L vs. Indiana Fever 65-85,W @ Tulsa Shock 85-65
2011,2011-08-05,Connecticut Sun,79,Seattle Storm,81,-2.0,2.0,0,1,1197,3366,W,L,W vs. Connecticut Sun 81-79,L @ Seattle Storm 79-81
2011,2011-08-06,New York Liberty,81,Washington Mystics,91,-10.0,10.0,0,1,1198,3367,W,L,W vs. New York Liberty 91-81,L @ Washington Mystics 81-91
2011,2011-08-06,Tulsa Shock,64,San Antonio Silver Stars,72,-8.0,8.0,0,1,1198,3368,W,L,W vs. Tulsa Shock 72-64,L @ San Antonio Silver Stars 64-72
2011,2011-08-07,Minnesota Lynx,84,Los Angeles Sparks,78,6.0,-6.0,1,0,1199,3369,L,W,L vs. Minnesota Lynx 78-84,W @ Los Angeles Sparks 84-78
2011,2011-08-07,Connecticut Sun,96,Phoenix Mercury,95,1.0,-1.0,1,0,1199,3370,L,W,L vs. Connecticut Sun 95-96,W @ Phoenix Mercury 96-95
2011,2011-08-07,Indiana Fever,69,Chicago Sky,88,-19.0,19.0,0,1,1199,3371,W,L,W vs. Indiana Fever 88-69,L @ Chicago Sky 69-88
2011,2011-08-07,Seattle Storm,53,Atlanta Dream,70,-17.0,17.0,0,1,1199,3372,W,L,W vs. Seattle Storm 70-53,L @ Atlanta Dream 53-70
2011,2011-08-09,San Antonio Silver Stars,68,Indiana Fever,81,-13.0,13.0,0,1,1200,3373,W,L,W vs. San Antonio Silver Stars 81-68,L @ Indiana Fever 68-81
2011,2011-08-09,Chicago Sky,58,Connecticut Sun,69,-11.0,11.0,0,1,1200,3374,W,L,W vs. Chicago Sky 69-58,L @ Connecticut Sun 58-69
2011,2011-08-09,Tulsa Shock,66,Los Angeles Sparks,71,-5.0,5.0,0,1,1200,3375,W,L,W vs. Tulsa Shock 71-66,L @ Los Angeles Sparks 66-71
2011,2011-08-09,Minnesota Lynx,80,Phoenix Mercury,85,-5.0,5.0,0,1,1200,3376,W,L,W vs. Minnesota Lynx 85-80,L @ Phoenix Mercury 80-85
2011,2011-08-09,Seattle Storm,56,New York Liberty,58,-2.0,2.0,0,1,1200,3377,W,L,W vs. Seattle Storm 58-56,L @ New York Liberty 56-58
2011,2011-08-09,Atlanta Dream,72,Washington Mystics,70,2.0,-2.0,1,0,1200,3378,L,W,L vs. Atlanta Dream 70-72,W @ Washington Mystics 72-70
2011,2011-08-11,San Antonio Silver Stars,72,Connecticut Sun,59,13.0,-13.0,1,0,1201,3379,L,W,L vs. San Antonio Silver Stars 59-72,W @ Connecticut Sun 72-59
2011,2011-08-11,Tulsa Shock,63,Seattle Storm,77,-14.0,14.0,0,1,1201,3380,W,L,W vs. Tulsa Shock 77-63,L @ Seattle Storm 63-77
2011,2011-08-11,Atlanta Dream,95,Phoenix Mercury,109,-14.0,14.0,0,1,1201,3381,W,L,W vs. Atlanta Dream 109-95,L @ Phoenix Mercury 95-109
2011,2011-08-12,New York Liberty,63,Washington Mystics,64,-1.0,1.0,0,1,1202,3382,W,L,W vs. New York Liberty 64-63,L @ Washington Mystics 63-64
2011,2011-08-12,Phoenix Mercury,90,Los Angeles Sparks,93,-3.0,3.0,0,1,1202,3383,W,L,W vs. Phoenix Mercury 93-90,L @ Los Angeles Sparks 90-93
2011,2011-08-12,Minnesota Lynx,79,Chicago Sky,76,3.0,-3.0,1,0,1202,3384,L,W,L vs. Minnesota Lynx 76-79,W @ Chicago Sky 79-76
2011,2011-08-13,Washington Mystics,75,Connecticut Sun,82,-7.0,7.0,0,1,1203,3385,W,L,W vs. Washington Mystics 82-75,L @ Connecticut Sun 75-82
2011,2011-08-13,New York Liberty,71,Indiana Fever,82,-11.0,11.0,0,1,1203,3386,W,L,W vs. New York Liberty 82-71,L @ Indiana Fever 71-82
2011,2011-08-13,Atlanta Dream,92,Seattle Storm,63,29.0,-29.0,1,0,1203,3387,L,W,L vs. Atlanta Dream 63-92,W @ Seattle Storm 92-63
2011,2011-08-14,Chicago Sky,85,San Antonio Silver Stars,73,12.0,-12.0,1,0,1204,3388,L,W,L vs. Chicago Sky 73-85,W @ San Antonio Silver Stars 85-73
2011,2011-08-14,Tulsa Shock,54,Minnesota Lynx,82,-28.0,28.0,0,1,1204,3389,W,L,W vs. Tulsa Shock 82-54,L @ Minnesota Lynx 54-82
2011,2011-08-16,Seattle Storm,79,Phoenix Mercury,81,-2.0,2.0,0,1,1205,3390,W,L,W vs. Seattle Storm 81-79,L @ Phoenix Mercury 79-81
2011,2011-08-16,Washington Mystics,66,New York Liberty,69,-3.0,3.0,0,1,1205,3391,W,L,W vs. Washington Mystics 69-66,L @ New York Liberty 66-69
2011,2011-08-16,Indiana Fever,65,San Antonio Silver Stars,63,2.0,-2.0,1,0,1205,3392,L,W,L vs. Indiana Fever 63-65,W @ San Antonio Silver Stars 65-63
2011,2011-08-16,Atlanta Dream,84,Los Angeles Sparks,79,5.0,-5.0,1,0,1205,3393,L,W,L vs. Atlanta Dream 79-84,W @ Los Angeles Sparks 84-79
2011,2011-08-16,Minnesota Lynx,79,Connecticut Sun,108,-29.0,29.0,0,1,1205,3394,W,L,W vs. Minnesota Lynx 108-79,L @ Connecticut Sun 79-108
2011,2011-08-18,Connecticut Sun,81,New York Liberty,84,-3.0,3.0,0,1,1206,3395,W,L,W vs. Connecticut Sun 84-81,L @ New York Liberty 81-84
2011,2011-08-18,Minnesota Lynx,81,Washington Mystics,62,19.0,-19.0,1,0,1206,3396,L,W,L vs. Minnesota Lynx 62-81,W @ Washington Mystics 81-62
2011,2011-08-18,Indiana Fever,70,Los Angeles Sparks,75,-5.0,5.0,0,1,1206,3397,W,L,W vs. Indiana Fever 75-70,L @ Los Angeles Sparks 70-75
2011,2011-08-19,Connecticut Sun,88,Atlanta Dream,94,-6.0,6.0,0,1,1207,3398,W,L,W vs. Connecticut Sun 94-88,L @ Atlanta Dream 88-94
2011,2011-08-20,Los Angeles Sparks,68,Minnesota Lynx,87,-19.0,19.0,0,1,1208,3399,W,L,W vs. Los Angeles Sparks 87-68,L @ Minnesota Lynx 68-87
2011,2011-08-20,New York Liberty,62,Seattle Storm,63,-1.0,1.0,0,1,1208,3400,W,L,W vs. New York Liberty 63-62,L @ Seattle Storm 62-63
2011,2011-08-20,San Antonio Silver Stars,81,Phoenix Mercury,87,-6.0,6.0,0,1,1208,3401,W,L,W vs. San Antonio Silver Stars 87-81,L @ Phoenix Mercury 81-87
2011,2011-08-20,Chicago Sky,71,Washington Mystics,70,1.0,-1.0,1,0,1208,3402,L,W,L vs. Chicago Sky 70-71,W @ Washington Mystics 71-70
2011,2011-08-21,Los Angeles Sparks,73,Tulsa Shock,67,6.0,-6.0,1,0,1209,3403,L,W,L vs. Los Angeles Sparks 67-73,W @ Tulsa Shock 73-67
2011,2011-08-21,Atlanta Dream,87,Connecticut Sun,96,-9.0,9.0,0,1,1209,3404,W,L,W vs. Atlanta Dream 96-87,L @ Connecticut Sun 87-96
2011,2011-08-21,Washington Mystics,51,Indiana Fever,83,-32.0,32.0,0,1,1209,3405,W,L,W vs. Washington Mystics 83-51,L @ Indiana Fever 51-83
2011,2011-08-23,New York Liberty,74,Phoenix Mercury,70,4.0,-4.0,1,0,1210,3406,L,W,L vs. New York Liberty 70-74,W @ Phoenix Mercury 74-70
2011,2011-08-23,Minnesota Lynx,78,Tulsa Shock,72,6.0,-6.0,1,0,1210,3407,L,W,L vs. Minnesota Lynx 72-78,W @ Tulsa Shock 78-72
2011,2011-08-23,Atlanta Dream,83,Chicago Sky,80,3.0,-3.0,1,0,1210,3408,L,W,L vs. Atlanta Dream 80-83,W @ Chicago Sky 83-80
2011,2011-08-23,Los Angeles Sparks,86,Washington Mystics,82,4.0,-4.0,1,0,1210,3409,L,W,L vs. Los Angeles Sparks 82-86,W @ Washington Mystics 86-82
2011,2011-08-23,San Antonio Silver Stars,55,Seattle Storm,63,-8.0,8.0,0,1,1210,3410,W,L,W vs. San Antonio Silver Stars 63-55,L @ Seattle Storm 55-63
2011,2011-08-25,Tulsa Shock,57,Seattle Storm,74,-17.0,17.0,0,1,1211,3411,W,L,W vs. Tulsa Shock 74-57,L @ Seattle Storm 57-74
2011,2011-08-26,San Antonio Silver Stars,75,Minnesota Lynx,85,-10.0,10.0,0,1,1212,3412,W,L,W vs. San Antonio Silver Stars 85-75,L @ Minnesota Lynx 75-85
2011,2011-08-26,Tulsa Shock,77,Los Angeles Sparks,75,2.0,-2.0,1,0,1212,3413,L,W,L vs. Tulsa Shock 75-77,W @ Los Angeles Sparks 77-75
2011,2011-08-26,Phoenix Mercury,92,Connecticut Sun,95,-3.0,3.0,0,1,1212,3414,W,L,W vs. Phoenix Mercury 95-92,L @ Connecticut Sun 92-95
2011,2011-08-26,Washington Mystics,67,Chicago Sky,80,-13.0,13.0,0,1,1212,3415,W,L,W vs. Washington Mystics 80-67,L @ Chicago Sky 67-80
2011,2011-08-27,Atlanta Dream,86,Indiana Fever,80,6.0,-6.0,1,0,1213,3416,L,W,L vs. Atlanta Dream 80-86,W @ Indiana Fever 86-80
2011,2011-08-28,Los Angeles Sparks,63,Seattle Storm,65,-2.0,2.0,0,1,1214,3417,W,L,W vs. Los Angeles Sparks 65-63,L @ Seattle Storm 63-65
2011,2011-08-28,New York Liberty,73,Chicago Sky,74,-1.0,1.0,0,1,1214,3418,W,L,W vs. New York Liberty 74-73,L @ Chicago Sky 73-74
2011,2011-08-28,Minnesota Lynx,72,San Antonio Silver Stars,61,11.0,-11.0,1,0,1214,3419,L,W,L vs. Minnesota Lynx 61-72,W @ San Antonio Silver Stars 72-61
2011,2011-08-28,Phoenix Mercury,86,Washington Mystics,79,7.0,-7.0,1,0,1214,3420,L,W,L vs. Phoenix Mercury 79-86,W @ Washington Mystics 86-79
2011,2011-08-28,Connecticut Sun,72,Tulsa Shock,83,-11.0,11.0,0,1,1214,3421,W,L,W vs. Connecticut Sun 83-72,L @ Tulsa Shock 72-83
2011,2011-08-30,Phoenix Mercury,96,Tulsa Shock,74,22.0,-22.0,1,0,1215,3422,L,W,L vs. Phoenix Mercury 74-96,W @ Tulsa Shock 96-74
2011,2011-08-30,Washington Mystics,56,Minnesota Lynx,73,-17.0,17.0,0,1,1215,3423,W,L,W vs. Washington Mystics 73-56,L @ Minnesota Lynx 56-73
2011,2011-08-30,Chicago Sky,67,New York Liberty,71,-4.0,4.0,0,1,1215,3424,W,L,W vs. Chicago Sky 71-67,L @ New York Liberty 67-71
2011,2011-08-30,Indiana Fever,90,Atlanta Dream,92,-2.0,2.0,0,1,1215,3425,W,L,W vs. Indiana Fever 92-90,L @ Atlanta Dream 90-92
2011,2011-08-30,Connecticut Sun,66,San Antonio Silver Stars,78,-12.0,12.0,0,1,1215,3426,W,L,W vs. Connecticut Sun 78-66,L @ San Antonio Silver Stars 66-78
2011,2011-08-30,Seattle Storm,62,Los Angeles Sparks,68,-6.0,6.0,0,1,1215,3427,W,L,W vs. Seattle Storm 68-62,L @ Los Angeles Sparks 62-68
2011,2011-09-01,Phoenix Mercury,68,San Antonio Silver Stars,86,-18.0,18.0,0,1,1216,3428,W,L,W vs. Phoenix Mercury 86-68,L @ San Antonio Silver Stars 68-86
2011,2011-09-01,Atlanta Dream,81,Washington Mystics,85,-4.0,4.0,0,1,1216,3429,W,L,W vs. Atlanta Dream 85-81,L @ Washington Mystics 81-85
2011,2011-09-02,New York Liberty,78,Minnesota Lynx,62,16.0,-16.0,1,0,1217,3430,L,W,L vs. New York Liberty 62-78,W @ Minnesota Lynx 78-62
2011,2011-09-02,Washington Mystics,73,Atlanta Dream,95,-22.0,22.0,0,1,1217,3431,W,L,W vs. Washington Mystics 95-73,L @ Atlanta Dream 73-95
2011,2011-09-02,Seattle Storm,78,Tulsa Shock,72,6.0,-6.0,1,0,1217,3432,L,W,L vs. Seattle Storm 72-78,W @ Tulsa Shock 78-72
2011,2011-09-02,Indiana Fever,55,Connecticut Sun,83,-28.0,28.0,0,1,1217,3433,W,L,W vs. Indiana Fever 83-55,L @ Connecticut Sun 55-83
2011,2011-09-03,Los Angeles Sparks,77,Phoenix Mercury,93,-16.0,16.0,0,1,1218,3434,W,L,W vs. Los Angeles Sparks 93-77,L @ Phoenix Mercury 77-93
2011,2011-09-03,Seattle Storm,70,San Antonio Silver Stars,60,10.0,-10.0,1,0,1218,3435,L,W,L vs. Seattle Storm 60-70,W @ San Antonio Silver Stars 70-60
2011,2011-09-04,Indiana Fever,88,Chicago Sky,80,8.0,-8.0,1,0,1219,3436,L,W,L vs. Indiana Fever 80-88,W @ Chicago Sky 88-80
2011,2011-09-04,Minnesota Lynx,86,New York Liberty,68,18.0,-18.0,1,0,1219,3437,L,W,L vs. Minnesota Lynx 68-86,W @ New York Liberty 86-68
2011,2011-09-04,Connecticut Sun,79,Washington Mystics,48,31.0,-31.0,1,0,1219,3438,L,W,L vs. Connecticut Sun 48-79,W @ Washington Mystics 79-48
2011,2011-09-04,Tulsa Shock,52,Atlanta Dream,73,-21.0,21.0,0,1,1219,3439,W,L,W vs. Tulsa Shock 73-52,L @ Atlanta Dream 52-73
2011,2011-09-06,San Antonio Silver Stars,82,Los Angeles Sparks,65,17.0,-17.0,1,0,1220,3440,L,W,L vs. San Antonio Silver Stars 65-82,W @ Los Angeles Sparks 82-65
2011,2011-09-06,Connecticut Sun,74,Atlanta Dream,85,-11.0,11.0,0,1,1220,3441,W,L,W vs. Connecticut Sun 85-74,L @ Atlanta Dream 74-85
2011,2011-09-07,Washington Mystics,69,Indiana Fever,87,-18.0,18.0,0,1,1221,3442,W,L,W vs. Washington Mystics 87-69,L @ Indiana Fever 69-87
2011,2011-09-08,Chicago Sky,69,Minnesota Lynx,78,-9.0,9.0,0,1,1222,3443,W,L,W vs. Chicago Sky 78-69,L @ Minnesota Lynx 69-78
2011,2011-09-08,Tulsa Shock,76,Phoenix Mercury,91,-15.0,15.0,0,1,1222,3444,W,L,W vs. Tulsa Shock 91-76,L @ Phoenix Mercury 76-91
2011,2011-09-09,Phoenix Mercury,70,Seattle Storm,85,-15.0,15.0,0,1,1223,3445,W,L,W vs. Phoenix Mercury 85-70,L @ Seattle Storm 70-85
2011,2011-09-09,Tulsa Shock,73,Los Angeles Sparks,84,-11.0,11.0,0,1,1223,3446,W,L,W vs. Tulsa Shock 84-73,L @ Los Angeles Sparks 73-84
2011,2011-09-09,Indiana Fever,75,New York Liberty,83,-8.0,8.0,0,1,1223,3447,W,L,W vs. Indiana Fever 83-75,L @ New York Liberty 75-83
2011,2011-09-10,Chicago Sky,67,Los Angeles Sparks,74,-7.0,7.0,0,1,1224,3448,W,L,W vs. Chicago Sky 74-67,L @ Los Angeles Sparks 67-74
2011,2011-09-10,Washington Mystics,74,San Antonio Silver Stars,82,-8.0,8.0,0,1,1224,3449,W,L,W vs. Washington Mystics 82-74,L @ San Antonio Silver Stars 74-82
2011,2011-09-11,New York Liberty,63,Connecticut Sun,69,-6.0,6.0,0,1,1225,3450,W,L,W vs. New York Liberty 69-63,L @ Connecticut Sun 63-69
2011,2011-09-11,Chicago Sky,70,Seattle Storm,81,-11.0,11.0,0,1,1225,3451,W,L,W vs. Chicago Sky 81-70,L @ Seattle Storm 70-81
2011,2011-09-11,Atlanta Dream,93,Indiana Fever,88,5.0,-5.0,1,0,1225,3452,L,W,L vs. Atlanta Dream 88-93,W @ Indiana Fever 93-88
2011,2011-09-11,Minnesota Lynx,96,Phoenix Mercury,90,6.0,-6.0,1,0,1225,3453,L,W,L vs. Minnesota Lynx 90-96,W @ Phoenix Mercury 96-90
2011,2011-09-11,San Antonio Silver Stars,102,Tulsa Shock,94,8.0,-8.0,1,0,1225,3454,L,W,L vs. San Antonio Silver Stars 94-102,W @ Tulsa Shock 102-94
2011,2011-09-15,Phoenix Mercury,61,Seattle Storm,80,-19.0,19.0,0,1,1226,3455,W,L,W vs. Phoenix Mercury 80-61,L @ Seattle Storm 61-80
2011,2011-09-15,New York Liberty,72,Indiana Fever,74,-2.0,2.0,0,1,1226,3456,W,L,W vs. New York Liberty 74-72,L @ Indiana Fever 72-74
2011,2011-09-16,San Antonio Silver Stars,65,Minnesota Lynx,66,-1.0,1.0,0,1,1227,3457,W,L,W vs. San Antonio Silver Stars 66-65,L @ Minnesota Lynx 65-66
2011,2011-09-16,Atlanta Dream,89,Connecticut Sun,84,5.0,-5.0,1,0,1227,3458,L,W,L vs. Atlanta Dream 84-89,W @ Connecticut Sun 89-84
2011,2011-09-17,Indiana Fever,72,New York Liberty,87,-15.0,15.0,0,1,1228,3459,W,L,W vs. Indiana Fever 87-72,L @ New York Liberty 72-87
2011,2011-09-17,Seattle Storm,83,Phoenix Mercury,92,-9.0,9.0,0,1,1228,3460,W,L,W vs. Seattle Storm 92-83,L @ Phoenix Mercury 83-92
2011,2011-09-18,Minnesota Lynx,75,San Antonio Silver Stars,84,-9.0,9.0,0,1,1229,3461,W,L,W vs. Minnesota Lynx 84-75,L @ San Antonio Silver Stars 75-84
2011,2011-09-18,Connecticut Sun,64,Atlanta Dream,69,-5.0,5.0,0,1,1229,3462,W,L,W vs. Connecticut Sun 69-64,L @ Atlanta Dream 64-69
2011,2011-09-19,Phoenix Mercury,77,Seattle Storm,75,2.0,-2.0,1,0,1230,3463,L,W,L vs. Phoenix Mercury 75-77,W @ Seattle Storm 77-75
2011,2011-09-19,New York Liberty,62,Indiana Fever,72,-10.0,10.0,0,1,1230,3464,W,L,W vs. New York Liberty 72-62,L @ Indiana Fever 62-72
2011,2011-09-20,San Antonio Silver Stars,67,Minnesota Lynx,85,-18.0,18.0,0,1,1231,3465,W,L,W vs. San Antonio Silver Stars 85-67,L @ Minnesota Lynx 67-85
2011,2011-09-22,Phoenix Mercury,67,Minnesota Lynx,95,-28.0,28.0,0,1,1232,3466,W,L,W vs. Phoenix Mercury 95-67,L @ Minnesota Lynx 67-95
2011,2011-09-22,Atlanta Dream,74,Indiana Fever,82,-8.0,8.0,0,1,1232,3467,W,L,W vs. Atlanta Dream 82-74,L @ Indiana Fever 74-82
2011,2011-09-25,Indiana Fever,77,Atlanta Dream,94,-17.0,17.0,0,1,1233,3468,W,L,W vs. Indiana Fever 94-77,L @ Atlanta Dream 77-94
2011,2011-09-25,Minnesota Lynx,103,Phoenix Mercury,86,17.0,-17.0,1,0,1233,3469,L,W,L vs. Minnesota Lynx 86-103,W @ Phoenix Mercury 103-86
2011,2011-09-27,Atlanta Dream,83,Indiana Fever,67,16.0,-16.0,1,0,1234,3470,L,W,L vs. Atlanta Dream 67-83,W @ Indiana Fever 83-67
2011,2011-10-02,Atlanta Dream,74,Minnesota Lynx,88,-14.0,14.0,0,1,1235,3471,W,L,W vs. Atlanta Dream 88-74,L @ Minnesota Lynx 74-88
2011,2011-10-05,Atlanta Dream,95,Minnesota Lynx,101,-6.0,6.0,0,1,1236,3472,W,L,W vs. Atlanta Dream 101-95,L @ Minnesota Lynx 95-101
2011,2011-10-07,Minnesota Lynx,73,Atlanta Dream,67,6.0,-6.0,1,0,1237,3473,L,W,L vs. Minnesota Lynx 67-73,W @ Atlanta Dream 73-67
2012,2012-05-18,Los Angeles Sparks,72,Seattle Storm,66,6.0,-6.0,1,0,1238,3474,L,W,L vs. Los Angeles Sparks 66-72,W @ Seattle Storm 72-66
2012,2012-05-19,Chicago Sky,69,Washington Mystics,57,12.0,-12.0,1,0,1239,3475,L,W,L vs. Chicago Sky 57-69,W @ Washington Mystics 69-57
2012,2012-05-19,San Antonio Silver Stars,88,Tulsa Shock,79,9.0,-9.0,1,0,1239,3476,L,W,L vs. San Antonio Silver Stars 79-88,W @ Tulsa Shock 88-79
2012,2012-05-19,Connecticut Sun,78,New York Liberty,73,5.0,-5.0,1,0,1239,3477,L,W,L vs. Connecticut Sun 73-78,W @ New York Liberty 78-73
2012,2012-05-19,Atlanta Dream,84,Indiana Fever,92,-8.0,8.0,0,1,1239,3478,W,L,W vs. Atlanta Dream 92-84,L @ Indiana Fever 84-92
2012,2012-05-20,New York Liberty,77,Connecticut Sun,92,-15.0,15.0,0,1,1240,3479,W,L,W vs. New York Liberty 92-77,L @ Connecticut Sun 77-92
2012,2012-05-20,Phoenix Mercury,83,Minnesota Lynx,105,-22.0,22.0,0,1,1240,3480,W,L,W vs. Phoenix Mercury 105-83,L @ Minnesota Lynx 83-105
2012,2012-05-22,Phoenix Mercury,89,Tulsa Shock,87,2.0,-2.0,1,0,1241,3481,L,W,L vs. Phoenix Mercury 87-89,W @ Tulsa Shock 89-87
2012,2012-05-22,Seattle Storm,61,Los Angeles Sparks,74,-13.0,13.0,0,1,1241,3482,W,L,W vs. Seattle Storm 74-61,L @ Los Angeles Sparks 61-74
2012,2012-05-22,Minnesota Lynx,80,New York Liberty,62,18.0,-18.0,1,0,1241,3483,L,W,L vs. Minnesota Lynx 62-80,W @ New York Liberty 80-62
2012,2012-05-24,Los Angeles Sparks,84,Minnesota Lynx,92,-8.0,8.0,0,1,1242,3484,W,L,W vs. Los Angeles Sparks 92-84,L @ Minnesota Lynx 84-92
2012,2012-05-25,San Antonio Silver Stars,79,Connecticut Sun,83,-4.0,4.0,0,1,1243,3485,W,L,W vs. San Antonio Silver Stars 83-79,L @ Connecticut Sun 79-83
2012,2012-05-25,Indiana Fever,83,Chicago Sky,72,11.0,-11.0,1,0,1243,3486,L,W,L vs. Indiana Fever 72-83,W @ Chicago Sky 83-72
2012,2012-05-25,New York Liberty,74,Atlanta Dream,100,-26.0,26.0,0,1,1243,3487,W,L,W vs. New York Liberty 100-74,L @ Atlanta Dream 74-100
2012,2012-05-26,Tulsa Shock,61,Washington Mystics,64,-3.0,3.0,0,1,1244,3488,W,L,W vs. Tulsa Shock 64-61,L @ Washington Mystics 61-64
2012,2012-05-26,Los Angeles Sparks,99,Phoenix Mercury,88,11.0,-11.0,1,0,1244,3489,L,W,L vs. Los Angeles Sparks 88-99,W @ Phoenix Mercury 99-88
2012,2012-05-27,Seattle Storm,71,Minnesota Lynx,84,-13.0,13.0,0,1,1245,3490,W,L,W vs. Seattle Storm 84-71,L @ Minnesota Lynx 71-84
2012,2012-05-27,Indiana Fever,78,Atlanta Dream,62,16.0,-16.0,1,0,1245,3491,L,W,L vs. Indiana Fever 62-78,W @ Atlanta Dream 78-62
2012,2012-05-29,Tulsa Shock,75,Los Angeles Sparks,76,-1.0,1.0,0,1,1246,3492,W,L,W vs. Tulsa Shock 76-75,L @ Los Angeles Sparks 75-76
2012,2012-05-30,Minnesota Lynx,79,Washington Mystics,77,2.0,-2.0,1,0,1247,3493,L,W,L vs. Minnesota Lynx 77-79,W @ Washington Mystics 79-77
2012,2012-05-30,Chicago Sky,77,San Antonio Silver Stars,63,14.0,-14.0,1,0,1247,3494,L,W,L vs. Chicago Sky 63-77,W @ San Antonio Silver Stars 77-63
2012,2012-05-31,Phoenix Mercury,65,Atlanta Dream,81,-16.0,16.0,0,1,1248,3495,W,L,W vs. Phoenix Mercury 81-65,L @ Atlanta Dream 65-81
2012,2012-06-01,Tulsa Shock,58,Seattle Storm,76,-18.0,18.0,0,1,1249,3496,W,L,W vs. Tulsa Shock 76-58,L @ Seattle Storm 58-76
2012,2012-06-01,Washington Mystics,63,Chicago Sky,65,-2.0,2.0,0,1,1249,3497,W,L,W vs. Washington Mystics 65-63,L @ Chicago Sky 63-65
2012,2012-06-01,Minnesota Lynx,85,Connecticut Sun,72,13.0,-13.0,1,0,1249,3498,L,W,L vs. Minnesota Lynx 72-85,W @ Connecticut Sun 85-72
2012,2012-06-01,Phoenix Mercury,66,San Antonio Silver Stars,85,-19.0,19.0,0,1,1249,3499,W,L,W vs. Phoenix Mercury 85-66,L @ San Antonio Silver Stars 66-85
2012,2012-06-02,New York Liberty,68,Indiana Fever,91,-23.0,23.0,0,1,1250,3500,W,L,W vs. New York Liberty 91-68,L @ Indiana Fever 68-91
2012,2012-06-02,Chicago Sky,94,Atlanta Dream,92,2.0,-2.0,1,0,1250,3501,L,W,L vs. Chicago Sky 92-94,W @ Atlanta Dream 94-92
2012,2012-06-03,Washington Mystics,86,Connecticut Sun,94,-8.0,8.0,0,1,1251,3502,W,L,W vs. Washington Mystics 94-86,L @ Connecticut Sun 86-94
2012,2012-06-03,Indiana Fever,72,New York Liberty,87,-15.0,15.0,0,1,1251,3503,W,L,W vs. Indiana Fever 87-72,L @ New York Liberty 72-87
2012,2012-06-03,Tulsa Shock,72,Phoenix Mercury,79,-7.0,7.0,0,1,1251,3504,W,L,W vs. Tulsa Shock 79-72,L @ Phoenix Mercury 72-79
2012,2012-06-03,San Antonio Silver Stars,79,Minnesota Lynx,83,-4.0,4.0,0,1,1251,3505,W,L,W vs. San Antonio Silver Stars 83-79,L @ Minnesota Lynx 79-83
2012,2012-06-03,Seattle Storm,65,Los Angeles Sparks,67,-2.0,2.0,0,1,1251,3506,W,L,W vs. Seattle Storm 67-65,L @ Los Angeles Sparks 65-67
2012,2012-06-05,Atlanta Dream,74,New York Liberty,79,-5.0,5.0,0,1,1252,3507,W,L,W vs. Atlanta Dream 79-74,L @ New York Liberty 74-79
2012,2012-06-06,Seattle Storm,55,Minnesota Lynx,79,-24.0,24.0,0,1,1253,3508,W,L,W vs. Seattle Storm 79-55,L @ Minnesota Lynx 55-79
2012,2012-06-08,Phoenix Mercury,74,Los Angeles Sparks,90,-16.0,16.0,0,1,1254,3509,W,L,W vs. Phoenix Mercury 90-74,L @ Los Angeles Sparks 74-90
2012,2012-06-08,New York Liberty,76,Washington Mystics,70,6.0,-6.0,1,0,1254,3510,L,W,L vs. New York Liberty 70-76,W @ Washington Mystics 76-70
2012,2012-06-08,San Antonio Silver Stars,57,Atlanta Dream,60,-3.0,3.0,0,1,1254,3511,W,L,W vs. San Antonio Silver Stars 60-57,L @ Atlanta Dream 57-60
2012,2012-06-08,Connecticut Sun,89,Indiana Fever,81,8.0,-8.0,1,0,1254,3512,L,W,L vs. Connecticut Sun 81-89,W @ Indiana Fever 89-81
2012,2012-06-08,Tulsa Shock,91,Chicago Sky,98,-7.0,7.0,0,1,1254,3513,W,L,W vs. Tulsa Shock 98-91,L @ Chicago Sky 91-98
2012,2012-06-09,Minnesota Lynx,93,Tulsa Shock,73,20.0,-20.0,1,0,1255,3514,L,W,L vs. Minnesota Lynx 73-93,W @ Tulsa Shock 93-73
2012,2012-06-09,Seattle Storm,67,San Antonio Silver Stars,80,-13.0,13.0,0,1,1255,3515,W,L,W vs. Seattle Storm 80-67,L @ San Antonio Silver Stars 67-80
2012,2012-06-10,Chicago Sky,73,New York Liberty,64,9.0,-9.0,1,0,1256,3516,L,W,L vs. Chicago Sky 64-73,W @ New York Liberty 73-64
2012,2012-06-10,Atlanta Dream,73,Connecticut Sun,92,-19.0,19.0,0,1,1256,3517,W,L,W vs. Atlanta Dream 92-73,L @ Connecticut Sun 73-92
2012,2012-06-13,Seattle Storm,58,Chicago Sky,74,-16.0,16.0,0,1,1257,3518,W,L,W vs. Seattle Storm 74-58,L @ Chicago Sky 58-74
2012,2012-06-13,Los Angeles Sparks,87,Connecticut Sun,81,6.0,-6.0,1,0,1257,3519,L,W,L vs. Los Angeles Sparks 81-87,W @ Connecticut Sun 87-81
2012,2012-06-15,Indiana Fever,66,Washington Mystics,67,-1.0,1.0,0,1,1258,3520,W,L,W vs. Indiana Fever 67-66,L @ Washington Mystics 66-67
2012,2012-06-15,Seattle Storm,86,Tulsa Shock,73,13.0,-13.0,1,0,1258,3521,L,W,L vs. Seattle Storm 73-86,W @ Tulsa Shock 86-73
2012,2012-06-15,Los Angeles Sparks,59,Atlanta Dream,92,-33.0,33.0,0,1,1258,3522,W,L,W vs. Los Angeles Sparks 92-59,L @ Atlanta Dream 59-92
2012,2012-06-15,New York Liberty,55,Connecticut Sun,97,-42.0,42.0,0,1,1258,3523,W,L,W vs. New York Liberty 97-55,L @ Connecticut Sun 55-97
2012,2012-06-15,Minnesota Lynx,78,Phoenix Mercury,60,18.0,-18.0,1,0,1258,3524,L,W,L vs. Minnesota Lynx 60-78,W @ Phoenix Mercury 78-60
2012,2012-06-16,Chicago Sky,70,Indiana Fever,84,-14.0,14.0,0,1,1259,3525,W,L,W vs. Chicago Sky 84-70,L @ Indiana Fever 70-84
2012,2012-06-16,Los Angeles Sparks,85,San Antonio Silver Stars,98,-13.0,13.0,0,1,1259,3526,W,L,W vs. Los Angeles Sparks 98-85,L @ San Antonio Silver Stars 85-98
2012,2012-06-17,Minnesota Lynx,62,Seattle Storm,65,-3.0,3.0,0,1,1260,3527,W,L,W vs. Minnesota Lynx 65-62,L @ Seattle Storm 62-65
2012,2012-06-17,Connecticut Sun,75,Atlanta Dream,73,2.0,-2.0,1,0,1260,3528,L,W,L vs. Connecticut Sun 73-75,W @ Atlanta Dream 75-73
2012,2012-06-17,Phoenix Mercury,75,Tulsa Shock,87,-12.0,12.0,0,1,1260,3529,W,L,W vs. Phoenix Mercury 87-75,L @ Tulsa Shock 75-87
2012,2012-06-18,Washington Mystics,70,Los Angeles Sparks,101,-31.0,31.0,0,1,1261,3530,W,L,W vs. Washington Mystics 101-70,L @ Los Angeles Sparks 70-101
2012,2012-06-19,Indiana Fever,85,Connecticut Sun,88,-3.0,3.0,0,1,1262,3531,W,L,W vs. Indiana Fever 88-85,L @ Connecticut Sun 85-88
2012,2012-06-19,New York Liberty,73,Atlanta Dream,60,13.0,-13.0,1,0,1262,3532,L,W,L vs. New York Liberty 60-73,W @ Atlanta Dream 73-60
2012,2012-06-20,Tulsa Shock,79,Los Angeles Sparks,95,-16.0,16.0,0,1,1263,3533,W,L,W vs. Tulsa Shock 95-79,L @ Los Angeles Sparks 79-95
2012,2012-06-20,Washington Mystics,77,Phoenix Mercury,80,-3.0,3.0,0,1,1263,3534,W,L,W vs. Washington Mystics 80-77,L @ Phoenix Mercury 77-80
2012,2012-06-21,New York Liberty,70,Minnesota Lynx,102,-32.0,32.0,0,1,1264,3535,W,L,W vs. New York Liberty 102-70,L @ Minnesota Lynx 70-102
2012,2012-06-21,Connecticut Sun,61,Indiana Fever,95,-34.0,34.0,0,1,1264,3536,W,L,W vs. Connecticut Sun 95-61,L @ Indiana Fever 61-95
2012,2012-06-22,San Antonio Silver Stars,76,Seattle Storm,82,-6.0,6.0,0,1,1265,3537,W,L,W vs. San Antonio Silver Stars 82-76,L @ Seattle Storm 76-82
2012,2012-06-23,Indiana Fever,73,Tulsa Shock,70,3.0,-3.0,1,0,1266,3538,L,W,L vs. Indiana Fever 70-73,W @ Tulsa Shock 73-70
2012,2012-06-23,Los Angeles Sparks,93,Phoenix Mercury,84,9.0,-9.0,1,0,1266,3539,L,W,L vs. Los Angeles Sparks 84-93,W @ Phoenix Mercury 93-84
2012,2012-06-23,Chicago Sky,67,Minnesota Lynx,79,-12.0,12.0,0,1,1266,3540,W,L,W vs. Chicago Sky 79-67,L @ Minnesota Lynx 67-79
2012,2012-06-24,San Antonio Silver Stars,91,Los Angeles Sparks,71,20.0,-20.0,1,0,1267,3541,L,W,L vs. San Antonio Silver Stars 71-91,W @ Los Angeles Sparks 91-71
2012,2012-06-24,Washington Mystics,55,Seattle Storm,72,-17.0,17.0,0,1,1267,3542,W,L,W vs. Washington Mystics 72-55,L @ Seattle Storm 55-72
2012,2012-06-24,Atlanta Dream,74,New York Liberty,64,10.0,-10.0,1,0,1267,3543,L,W,L vs. Atlanta Dream 64-74,W @ New York Liberty 74-64
2012,2012-06-26,Los Angeles Sparks,75,Tulsa Shock,91,-16.0,16.0,0,1,1268,3544,W,L,W vs. Los Angeles Sparks 91-75,L @ Tulsa Shock 75-91
2012,2012-06-26,Seattle Storm,79,Washington Mystics,71,8.0,-8.0,1,0,1268,3545,L,W,L vs. Seattle Storm 71-79,W @ Washington Mystics 79-71
2012,2012-06-26,Indiana Fever,58,Atlanta Dream,70,-12.0,12.0,0,1,1268,3546,W,L,W vs. Indiana Fever 70-58,L @ Atlanta Dream 58-70
2012,2012-06-27,Phoenix Mercury,80,Minnesota Lynx,96,-16.0,16.0,0,1,1269,3547,W,L,W vs. Phoenix Mercury 96-80,L @ Minnesota Lynx 80-96
2012,2012-06-27,Indiana Fever,81,Chicago Sky,72,9.0,-9.0,1,0,1269,3548,L,W,L vs. Indiana Fever 72-81,W @ Chicago Sky 81-72
2012,2012-06-28,Los Angeles Sparks,80,San Antonio Silver Stars,94,-14.0,14.0,0,1,1270,3549,W,L,W vs. Los Angeles Sparks 94-80,L @ San Antonio Silver Stars 80-94
2012,2012-06-29,Connecticut Sun,77,Washington Mystics,64,13.0,-13.0,1,0,1271,3550,L,W,L vs. Connecticut Sun 64-77,W @ Washington Mystics 77-64
2012,2012-06-29,Atlanta Dream,102,Tulsa Shock,92,10.0,-10.0,1,0,1271,3551,L,W,L vs. Atlanta Dream 92-102,W @ Tulsa Shock 102-92
2012,2012-06-29,Phoenix Mercury,84,Chicago Sky,81,3.0,-3.0,1,0,1271,3552,L,W,L vs. Phoenix Mercury 81-84,W @ Chicago Sky 84-81
2012,2012-06-30,Seattle Storm,59,New York Liberty,77,-18.0,18.0,0,1,1272,3553,W,L,W vs. Seattle Storm 77-59,L @ New York Liberty 59-77
2012,2012-07-01,Seattle Storm,89,Connecticut Sun,83,6.0,-6.0,1,0,1273,3554,L,W,L vs. Seattle Storm 83-89,W @ Connecticut Sun 89-83
2012,2012-07-01,Atlanta Dream,69,Chicago Sky,71,-2.0,2.0,0,1,1273,3555,W,L,W vs. Atlanta Dream 71-69,L @ Chicago Sky 69-71
2012,2012-07-01,Phoenix Mercury,77,Washington Mystics,90,-13.0,13.0,0,1,1273,3556,W,L,W vs. Phoenix Mercury 90-77,L @ Washington Mystics 77-90
2012,2012-07-01,Minnesota Lynx,84,San Antonio Silver Stars,93,-9.0,9.0,0,1,1273,3557,W,L,W vs. Minnesota Lynx 93-84,L @ San Antonio Silver Stars 84-93
2012,2012-07-03,Phoenix Mercury,81,San Antonio Silver Stars,82,-1.0,1.0,0,1,1274,3558,W,L,W vs. Phoenix Mercury 82-81,L @ San Antonio Silver Stars 81-82
2012,2012-07-05,Minnesota Lynx,90,Los Angeles Sparks,96,-6.0,6.0,0,1,1275,3559,W,L,W vs. Minnesota Lynx 96-90,L @ Los Angeles Sparks 90-96
2012,2012-07-05,San Antonio Silver Stars,88,Indiana Fever,72,16.0,-16.0,1,0,1275,3560,L,W,L vs. San Antonio Silver Stars 72-88,W @ Indiana Fever 88-72
2012,2012-07-06,New York Liberty,64,Chicago Sky,59,5.0,-5.0,1,0,1276,3561,L,W,L vs. New York Liberty 59-64,W @ Chicago Sky 64-59
2012,2012-07-06,San Antonio Silver Stars,78,Washington Mystics,73,5.0,-5.0,1,0,1276,3562,L,W,L vs. San Antonio Silver Stars 73-78,W @ Washington Mystics 78-73
2012,2012-07-06,Connecticut Sun,86,Tulsa Shock,75,11.0,-11.0,1,0,1276,3563,L,W,L vs. Connecticut Sun 75-86,W @ Tulsa Shock 86-75
2012,2012-07-07,Seattle Storm,59,Los Angeles Sparks,83,-24.0,24.0,0,1,1277,3564,W,L,W vs. Seattle Storm 83-59,L @ Los Angeles Sparks 59-83
2012,2012-07-07,Connecticut Sun,86,Minnesota Lynx,80,6.0,-6.0,1,0,1277,3565,L,W,L vs. Connecticut Sun 80-86,W @ Minnesota Lynx 86-80
2012,2012-07-07,Atlanta Dream,100,Phoenix Mercury,93,7.0,-7.0,1,0,1277,3566,L,W,L vs. Atlanta Dream 93-100,W @ Phoenix Mercury 100-93
2012,2012-07-07,Chicago Sky,86,Indiana Fever,88,-2.0,2.0,0,1,1277,3567,W,L,W vs. Chicago Sky 88-86,L @ Indiana Fever 86-88
2012,2012-07-08,Phoenix Mercury,68,Seattle Storm,83,-15.0,15.0,0,1,1278,3568,W,L,W vs. Phoenix Mercury 83-68,L @ Seattle Storm 68-83
2012,2012-07-08,Washington Mystics,62,Tulsa Shock,78,-16.0,16.0,0,1,1278,3569,W,L,W vs. Washington Mystics 78-62,L @ Tulsa Shock 62-78
2012,2012-07-08,Atlanta Dream,63,Los Angeles Sparks,79,-16.0,16.0,0,1,1278,3570,W,L,W vs. Atlanta Dream 79-63,L @ Los Angeles Sparks 63-79
2012,2012-07-08,San Antonio Silver Stars,94,New York Liberty,81,13.0,-13.0,1,0,1278,3571,L,W,L vs. San Antonio Silver Stars 81-94,W @ New York Liberty 94-81
2012,2012-07-10,Connecticut Sun,77,Washington Mystics,70,7.0,-7.0,1,0,1279,3572,L,W,L vs. Connecticut Sun 70-77,W @ Washington Mystics 77-70
2012,2012-07-10,New York Liberty,82,Indiana Fever,84,-2.0,2.0,0,1,1279,3573,W,L,W vs. New York Liberty 84-82,L @ Indiana Fever 82-84
2012,2012-07-10,Los Angeles Sparks,90,Phoenix Mercury,71,19.0,-19.0,1,0,1279,3574,L,W,L vs. Los Angeles Sparks 71-90,W @ Phoenix Mercury 90-71
2012,2012-07-10,Minnesota Lynx,107,Tulsa Shock,86,21.0,-21.0,1,0,1279,3575,L,W,L vs. Minnesota Lynx 86-107,W @ Tulsa Shock 107-86
2012,2012-07-11,Atlanta Dream,70,Seattle Storm,59,11.0,-11.0,1,0,1280,3576,L,W,L vs. Atlanta Dream 59-70,W @ Seattle Storm 70-59
2012,2012-07-11,Washington Mystics,73,Connecticut Sun,85,-12.0,12.0,0,1,1280,3577,W,L,W vs. Washington Mystics 85-73,L @ Connecticut Sun 73-85
2012,2012-07-11,San Antonio Silver Stars,77,Chicago Sky,68,9.0,-9.0,1,0,1280,3578,L,W,L vs. San Antonio Silver Stars 68-77,W @ Chicago Sky 77-68
2012,2012-07-12,Tulsa Shock,74,Minnesota Lynx,89,-15.0,15.0,0,1,1281,3579,W,L,W vs. Tulsa Shock 89-74,L @ Minnesota Lynx 74-89
2012,2012-07-12,Los Angeles Sparks,77,Indiana Fever,74,3.0,-3.0,1,0,1281,3580,L,W,L vs. Los Angeles Sparks 74-77,W @ Indiana Fever 77-74
2012,2012-07-13,Connecticut Sun,80,Chicago Sky,78,2.0,-2.0,1,0,1282,3581,L,W,L vs. Connecticut Sun 78-80,W @ Chicago Sky 80-78
2012,2012-07-13,Seattle Storm,83,Phoenix Mercury,64,19.0,-19.0,1,0,1282,3582,L,W,L vs. Seattle Storm 64-83,W @ Phoenix Mercury 83-64
2012,2012-07-13,Atlanta Dream,70,San Antonio Silver Stars,91,-21.0,21.0,0,1,1282,3583,W,L,W vs. Atlanta Dream 91-70,L @ San Antonio Silver Stars 70-91
2012,2012-07-13,Washington Mystics,70,New York Liberty,53,17.0,-17.0,1,0,1282,3584,L,W,L vs. Washington Mystics 53-70,W @ New York Liberty 70-53
2012,2012-08-16,Washington Mystics,66,Indiana Fever,84,-18.0,18.0,0,1,1283,3585,W,L,W vs. Washington Mystics 84-66,L @ Indiana Fever 66-84
2012,2012-08-16,Connecticut Sun,66,New York Liberty,79,-13.0,13.0,0,1,1283,3586,W,L,W vs. Connecticut Sun 79-66,L @ New York Liberty 66-79
2012,2012-08-16,Phoenix Mercury,58,Seattle Storm,72,-14.0,14.0,0,1,1283,3587,W,L,W vs. Phoenix Mercury 72-58,L @ Seattle Storm 58-72
2012,2012-08-17,Atlanta Dream,82,Chicago Sky,76,6.0,-6.0,1,0,1284,3588,L,W,L vs. Atlanta Dream 76-82,W @ Chicago Sky 82-76
2012,2012-08-17,San Antonio Silver Stars,89,Tulsa Shock,79,10.0,-10.0,1,0,1284,3589,L,W,L vs. San Antonio Silver Stars 79-89,W @ Tulsa Shock 89-79
2012,2012-08-17,Washington Mystics,69,Minnesota Lynx,98,-29.0,29.0,0,1,1284,3590,W,L,W vs. Washington Mystics 98-69,L @ Minnesota Lynx 69-98
2012,2012-08-18,Atlanta Dream,72,Indiana Fever,86,-14.0,14.0,0,1,1285,3591,W,L,W vs. Atlanta Dream 86-72,L @ Indiana Fever 72-86
2012,2012-08-18,New York Liberty,74,Connecticut Sun,85,-11.0,11.0,0,1,1285,3592,W,L,W vs. New York Liberty 85-74,L @ Connecticut Sun 74-85
2012,2012-08-18,Los Angeles Sparks,82,Seattle Storm,71,11.0,-11.0,1,0,1285,3593,L,W,L vs. Los Angeles Sparks 71-82,W @ Seattle Storm 82-71
2012,2012-08-19,San Antonio Silver Stars,89,Phoenix Mercury,47,42.0,-42.0,1,0,1286,3594,L,W,L vs. San Antonio Silver Stars 47-89,W @ Phoenix Mercury 89-47
2012,2012-08-19,Chicago Sky,71,Washington Mystics,75,-4.0,4.0,0,1,1286,3595,W,L,W vs. Chicago Sky 75-71,L @ Washington Mystics 71-75
2012,2012-08-19,Tulsa Shock,59,Minnesota Lynx,83,-24.0,24.0,0,1,1286,3596,W,L,W vs. Tulsa Shock 83-59,L @ Minnesota Lynx 59-83
2012,2012-08-21,Minnesota Lynx,86,Seattle Storm,73,13.0,-13.0,1,0,1287,3597,L,W,L vs. Minnesota Lynx 73-86,W @ Seattle Storm 86-73
2012,2012-08-21,Washington Mystics,72,San Antonio Silver Stars,75,-3.0,3.0,0,1,1287,3598,W,L,W vs. Washington Mystics 75-72,L @ San Antonio Silver Stars 72-75
2012,2012-08-21,Indiana Fever,69,Los Angeles Sparks,79,-10.0,10.0,0,1,1287,3599,W,L,W vs. Indiana Fever 79-69,L @ Los Angeles Sparks 69-79
2012,2012-08-21,Tulsa Shock,80,Connecticut Sun,82,-2.0,2.0,0,1,1287,3600,W,L,W vs. Tulsa Shock 82-80,L @ Connecticut Sun 80-82
2012,2012-08-21,New York Liberty,77,Chicago Sky,67,10.0,-10.0,1,0,1287,3601,L,W,L vs. New York Liberty 67-77,W @ Chicago Sky 77-67
2012,2012-08-22,Chicago Sky,71,Atlanta Dream,82,-11.0,11.0,0,1,1288,3602,W,L,W vs. Chicago Sky 82-71,L @ Atlanta Dream 71-82
2012,2012-08-23,Indiana Fever,68,Seattle Storm,66,2.0,-2.0,1,0,1289,3603,L,W,L vs. Indiana Fever 66-68,W @ Seattle Storm 68-66
2012,2012-08-23,San Antonio Silver Stars,77,Los Angeles Sparks,101,-24.0,24.0,0,1,1289,3604,W,L,W vs. San Antonio Silver Stars 101-77,L @ Los Angeles Sparks 77-101
2012,2012-08-23,New York Liberty,89,Phoenix Mercury,77,12.0,-12.0,1,0,1289,3605,L,W,L vs. New York Liberty 77-89,W @ Phoenix Mercury 89-77
2012,2012-08-24,Atlanta Dream,81,Washington Mystics,69,12.0,-12.0,1,0,1290,3606,L,W,L vs. Atlanta Dream 69-81,W @ Washington Mystics 81-69
2012,2012-08-24,Chicago Sky,78,Tulsa Shock,81,-3.0,3.0,0,1,1290,3607,W,L,W vs. Chicago Sky 81-78,L @ Tulsa Shock 78-81
2012,2012-08-25,Indiana Fever,85,Phoenix Mercury,72,13.0,-13.0,1,0,1291,3608,L,W,L vs. Indiana Fever 72-85,W @ Phoenix Mercury 85-72
2012,2012-08-25,Minnesota Lynx,84,Atlanta Dream,74,10.0,-10.0,1,0,1291,3609,L,W,L vs. Minnesota Lynx 74-84,W @ Atlanta Dream 84-74
2012,2012-08-25,New York Liberty,62,Los Angeles Sparks,87,-25.0,25.0,0,1,1291,3610,W,L,W vs. New York Liberty 87-62,L @ Los Angeles Sparks 62-87
2012,2012-08-25,Tulsa Shock,71,San Antonio Silver Stars,91,-20.0,20.0,0,1,1291,3611,W,L,W vs. Tulsa Shock 91-71,L @ San Antonio Silver Stars 71-91
2012,2012-08-26,Chicago Sky,82,Connecticut Sun,70,12.0,-12.0,1,0,1292,3612,L,W,L vs. Chicago Sky 70-82,W @ Connecticut Sun 82-70
2012,2012-08-26,New York Liberty,66,Seattle Storm,84,-18.0,18.0,0,1,1292,3613,W,L,W vs. New York Liberty 84-66,L @ Seattle Storm 66-84
2012,2012-08-28,San Antonio Silver Stars,84,Minnesota Lynx,96,-12.0,12.0,0,1,1293,3614,W,L,W vs. San Antonio Silver Stars 96-84,L @ Minnesota Lynx 84-96
2012,2012-08-28,Tulsa Shock,84,Atlanta Dream,80,4.0,-4.0,1,0,1293,3615,L,W,L vs. Tulsa Shock 80-84,W @ Atlanta Dream 84-80
2012,2012-08-28,Washington Mystics,68,Indiana Fever,83,-15.0,15.0,0,1,1293,3616,W,L,W vs. Washington Mystics 83-68,L @ Indiana Fever 68-83
2012,2012-08-28,Connecticut Sun,83,Chicago Sky,72,11.0,-11.0,1,0,1293,3617,L,W,L vs. Connecticut Sun 72-83,W @ Chicago Sky 83-72
2012,2012-08-30,Connecticut Sun,84,San Antonio Silver Stars,73,11.0,-11.0,1,0,1294,3618,L,W,L vs. Connecticut Sun 73-84,W @ San Antonio Silver Stars 84-73
2012,2012-08-30,Washington Mystics,59,Atlanta Dream,82,-23.0,23.0,0,1,1294,3619,W,L,W vs. Washington Mystics 82-59,L @ Atlanta Dream 59-82
2012,2012-08-30,Los Angeles Sparks,85,Tulsa Shock,99,-14.0,14.0,0,1,1294,3620,W,L,W vs. Los Angeles Sparks 99-85,L @ Tulsa Shock 85-99
2012,2012-08-30,Phoenix Mercury,75,Seattle Storm,68,7.0,-7.0,1,0,1294,3621,L,W,L vs. Phoenix Mercury 68-75,W @ Seattle Storm 75-68
2012,2012-08-30,Indiana Fever,76,New York Liberty,63,13.0,-13.0,1,0,1294,3622,L,W,L vs. Indiana Fever 63-76,W @ New York Liberty 76-63
2012,2012-08-31,Tulsa Shock,83,Minnesota Lynx,92,-9.0,9.0,0,1,1295,3623,W,L,W vs. Tulsa Shock 92-83,L @ Minnesota Lynx 83-92
2012,2012-09-01,San Antonio Silver Stars,90,Phoenix Mercury,94,-4.0,4.0,0,1,1296,3624,W,L,W vs. San Antonio Silver Stars 94-90,L @ Phoenix Mercury 90-94
2012,2012-09-01,Washington Mystics,73,New York Liberty,79,-6.0,6.0,0,1,1296,3625,W,L,W vs. Washington Mystics 79-73,L @ New York Liberty 73-79
2012,2012-09-01,Chicago Sky,64,Indiana Fever,81,-17.0,17.0,0,1,1296,3626,W,L,W vs. Chicago Sky 81-64,L @ Indiana Fever 64-81
2012,2012-09-02,Connecticut Sun,80,Atlanta Dream,87,-7.0,7.0,0,1,1297,3627,W,L,W vs. Connecticut Sun 87-80,L @ Atlanta Dream 80-87
2012,2012-09-02,Los Angeles Sparks,74,Chicago Sky,85,-11.0,11.0,0,1,1297,3628,W,L,W vs. Los Angeles Sparks 85-74,L @ Chicago Sky 74-85
2012,2012-09-04,Connecticut Sun,77,Washington Mystics,70,7.0,-7.0,1,0,1298,3629,L,W,L vs. Connecticut Sun 70-77,W @ Washington Mystics 77-70
2012,2012-09-04,Los Angeles Sparks,77,Minnesota Lynx,88,-11.0,11.0,0,1,1298,3630,W,L,W vs. Los Angeles Sparks 88-77,L @ Minnesota Lynx 77-88
2012,2012-09-05,Indiana Fever,64,Atlanta Dream,71,-7.0,7.0,0,1,1299,3631,W,L,W vs. Indiana Fever 71-64,L @ Atlanta Dream 64-71
2012,2012-09-05,Phoenix Mercury,59,New York Liberty,87,-28.0,28.0,0,1,1299,3632,W,L,W vs. Phoenix Mercury 87-59,L @ New York Liberty 59-87
2012,2012-09-06,Tulsa Shock,74,Seattle Storm,101,-27.0,27.0,0,1,1300,3633,W,L,W vs. Tulsa Shock 101-74,L @ Seattle Storm 74-101
2012,2012-09-07,Atlanta Dream,93,Minnesota Lynx,97,-4.0,4.0,0,1,1301,3634,W,L,W vs. Atlanta Dream 97-93,L @ Minnesota Lynx 93-97
2012,2012-09-07,Indiana Fever,82,San Antonio Silver Stars,78,4.0,-4.0,1,0,1301,3635,L,W,L vs. Indiana Fever 78-82,W @ San Antonio Silver Stars 82-78
2012,2012-09-07,Los Angeles Sparks,96,Washington Mystics,68,28.0,-28.0,1,0,1301,3636,L,W,L vs. Los Angeles Sparks 68-96,W @ Washington Mystics 96-68
2012,2012-09-07,Chicago Sky,92,New York Liberty,83,9.0,-9.0,1,0,1301,3637,L,W,L vs. Chicago Sky 83-92,W @ New York Liberty 92-83
2012,2012-09-07,Phoenix Mercury,91,Connecticut Sun,82,9.0,-9.0,1,0,1301,3638,L,W,L vs. Phoenix Mercury 82-91,W @ Connecticut Sun 91-82
2012,2012-09-08,Seattle Storm,89,Tulsa Shock,66,23.0,-23.0,1,0,1302,3639,L,W,L vs. Seattle Storm 66-89,W @ Tulsa Shock 89-66
2012,2012-09-09,Washington Mystics,68,Atlanta Dream,93,-25.0,25.0,0,1,1303,3640,W,L,W vs. Washington Mystics 93-68,L @ Atlanta Dream 68-93
2012,2012-09-09,Chicago Sky,77,Connecticut Sun,82,-5.0,5.0,0,1,1303,3641,W,L,W vs. Chicago Sky 82-77,L @ Connecticut Sun 77-82
2012,2012-09-09,Los Angeles Sparks,71,New York Liberty,73,-2.0,2.0,0,1,1303,3642,W,L,W vs. Los Angeles Sparks 73-71,L @ New York Liberty 71-73
2012,2012-09-09,Phoenix Mercury,83,Indiana Fever,89,-6.0,6.0,0,1,1303,3643,W,L,W vs. Phoenix Mercury 89-83,L @ Indiana Fever 83-89
2012,2012-09-09,Minnesota Lynx,81,San Antonio Silver Stars,62,19.0,-19.0,1,0,1303,3644,L,W,L vs. Minnesota Lynx 62-81,W @ San Antonio Silver Stars 81-62
2012,2012-09-11,Minnesota Lynx,70,Chicago Sky,83,-13.0,13.0,0,1,1304,3645,W,L,W vs. Minnesota Lynx 83-70,L @ Chicago Sky 70-83
2012,2012-09-11,Seattle Storm,61,Atlanta Dream,77,-16.0,16.0,0,1,1304,3646,W,L,W vs. Seattle Storm 77-61,L @ Atlanta Dream 61-77
2012,2012-09-12,San Antonio Silver Stars,78,Tulsa Shock,67,11.0,-11.0,1,0,1305,3647,L,W,L vs. San Antonio Silver Stars 67-78,W @ Tulsa Shock 78-67
2012,2012-09-12,Washington Mystics,62,New York Liberty,75,-13.0,13.0,0,1,1305,3648,W,L,W vs. Washington Mystics 75-62,L @ New York Liberty 62-75
2012,2012-09-12,Connecticut Sun,100,Phoenix Mercury,78,22.0,-22.0,1,0,1305,3649,L,W,L vs. Connecticut Sun 78-100,W @ Phoenix Mercury 100-78
2012,2012-09-12,Seattle Storm,48,Indiana Fever,72,-24.0,24.0,0,1,1305,3650,W,L,W vs. Seattle Storm 72-48,L @ Indiana Fever 48-72
2012,2012-09-13,Chicago Sky,77,Los Angeles Sparks,86,-9.0,9.0,0,1,1306,3651,W,L,W vs. Chicago Sky 86-77,L @ Los Angeles Sparks 77-86
2012,2012-09-14,Atlanta Dream,82,Washington Mystics,74,8.0,-8.0,1,0,1307,3652,L,W,L vs. Atlanta Dream 74-82,W @ Washington Mystics 82-74
2012,2012-09-14,Connecticut Sun,82,Los Angeles Sparks,93,-11.0,11.0,0,1,1307,3653,W,L,W vs. Connecticut Sun 93-82,L @ Los Angeles Sparks 82-93
2012,2012-09-14,Seattle Storm,66,San Antonio Silver Stars,90,-24.0,24.0,0,1,1307,3654,W,L,W vs. Seattle Storm 90-66,L @ San Antonio Silver Stars 66-90
2012,2012-09-14,Tulsa Shock,92,Phoenix Mercury,84,8.0,-8.0,1,0,1307,3655,L,W,L vs. Tulsa Shock 84-92,W @ Phoenix Mercury 92-84
2012,2012-09-14,Minnesota Lynx,66,Indiana Fever,64,2.0,-2.0,1,0,1307,3656,L,W,L vs. Minnesota Lynx 64-66,W @ Indiana Fever 66-64
2012,2012-09-16,Tulsa Shock,80,San Antonio Silver Stars,70,10.0,-10.0,1,0,1308,3657,L,W,L vs. Tulsa Shock 70-80,W @ San Antonio Silver Stars 80-70
2012,2012-09-16,Connecticut Sun,60,Seattle Storm,58,2.0,-2.0,1,0,1308,3658,L,W,L vs. Connecticut Sun 58-60,W @ Seattle Storm 60-58
2012,2012-09-16,Chicago Sky,86,Phoenix Mercury,55,31.0,-31.0,1,0,1308,3659,L,W,L vs. Chicago Sky 55-86,W @ Phoenix Mercury 86-55
2012,2012-09-16,New York Liberty,75,Washington Mystics,68,7.0,-7.0,1,0,1308,3660,L,W,L vs. New York Liberty 68-75,W @ Washington Mystics 75-68
2012,2012-09-17,Indiana Fever,79,Minnesota Lynx,86,-7.0,7.0,0,1,1309,3661,W,L,W vs. Indiana Fever 86-79,L @ Minnesota Lynx 79-86
2012,2012-09-18,Chicago Sky,60,Seattle Storm,75,-15.0,15.0,0,1,1310,3662,W,L,W vs. Chicago Sky 75-60,L @ Seattle Storm 60-75
2012,2012-09-18,Phoenix Mercury,76,Los Angeles Sparks,101,-25.0,25.0,0,1,1310,3663,W,L,W vs. Phoenix Mercury 101-76,L @ Los Angeles Sparks 76-101
2012,2012-09-18,New York Liberty,66,San Antonio Silver Stars,77,-11.0,11.0,0,1,1310,3664,W,L,W vs. New York Liberty 77-66,L @ San Antonio Silver Stars 66-77
2012,2012-09-19,Indiana Fever,67,Connecticut Sun,73,-6.0,6.0,0,1,1311,3665,W,L,W vs. Indiana Fever 73-67,L @ Connecticut Sun 67-73
2012,2012-09-20,Atlanta Dream,75,Chicago Sky,66,9.0,-9.0,1,0,1312,3666,L,W,L vs. Atlanta Dream 66-75,W @ Chicago Sky 75-66
2012,2012-09-20,Minnesota Lynx,76,Los Angeles Sparks,92,-16.0,16.0,0,1,1312,3667,W,L,W vs. Minnesota Lynx 92-76,L @ Los Angeles Sparks 76-92
2012,2012-09-20,New York Liberty,66,Tulsa Shock,78,-12.0,12.0,0,1,1312,3668,W,L,W vs. New York Liberty 78-66,L @ Tulsa Shock 66-78
2012,2012-09-21,San Antonio Silver Stars,75,Seattle Storm,84,-9.0,9.0,0,1,1313,3669,W,L,W vs. San Antonio Silver Stars 84-75,L @ Seattle Storm 75-84
2012,2012-09-21,Indiana Fever,66,Washington Mystics,53,13.0,-13.0,1,0,1313,3670,L,W,L vs. Indiana Fever 53-66,W @ Washington Mystics 66-53
2012,2012-09-21,Minnesota Lynx,89,Phoenix Mercury,66,23.0,-23.0,1,0,1313,3671,L,W,L vs. Minnesota Lynx 66-89,W @ Phoenix Mercury 89-66
2012,2012-09-22,Tulsa Shock,74,New York Liberty,91,-17.0,17.0,0,1,1314,3672,W,L,W vs. Tulsa Shock 91-74,L @ New York Liberty 74-91
2012,2012-09-22,Washington Mystics,58,Chicago Sky,77,-19.0,19.0,0,1,1314,3673,W,L,W vs. Washington Mystics 77-58,L @ Chicago Sky 58-77
2012,2012-09-23,Atlanta Dream,72,Connecticut Sun,92,-20.0,20.0,0,1,1315,3674,W,L,W vs. Atlanta Dream 92-72,L @ Connecticut Sun 72-92
2012,2012-09-23,Seattle Storm,71,Phoenix Mercury,57,14.0,-14.0,1,0,1315,3675,L,W,L vs. Seattle Storm 57-71,W @ Phoenix Mercury 71-57
2012,2012-09-23,Tulsa Shock,58,Indiana Fever,91,-33.0,33.0,0,1,1315,3676,W,L,W vs. Tulsa Shock 91-58,L @ Indiana Fever 58-91
2012,2012-09-23,Minnesota Lynx,84,San Antonio Silver Stars,99,-15.0,15.0,0,1,1315,3677,W,L,W vs. Minnesota Lynx 99-84,L @ San Antonio Silver Stars 84-99
2012,2012-09-27,San Antonio Silver Stars,86,Los Angeles Sparks,93,-7.0,7.0,0,1,1316,3678,W,L,W vs. San Antonio Silver Stars 93-86,L @ Los Angeles Sparks 86-93
2012,2012-09-27,New York Liberty,60,Connecticut Sun,65,-5.0,5.0,0,1,1316,3679,W,L,W vs. New York Liberty 65-60,L @ Connecticut Sun 60-65
2012,2012-09-28,Atlanta Dream,75,Indiana Fever,66,9.0,-9.0,1,0,1317,3680,L,W,L vs. Atlanta Dream 66-75,W @ Indiana Fever 75-66
2012,2012-09-28,Seattle Storm,70,Minnesota Lynx,78,-8.0,8.0,0,1,1317,3681,W,L,W vs. Seattle Storm 78-70,L @ Minnesota Lynx 70-78
2012,2012-09-29,Los Angeles Sparks,101,San Antonio Silver Stars,94,7.0,-7.0,1,0,1318,3682,L,W,L vs. Los Angeles Sparks 94-101,W @ San Antonio Silver Stars 101-94
2012,2012-09-29,Connecticut Sun,75,New York Liberty,62,13.0,-13.0,1,0,1318,3683,L,W,L vs. Connecticut Sun 62-75,W @ New York Liberty 75-62
2012,2012-09-30,Indiana Fever,103,Atlanta Dream,88,15.0,-15.0,1,0,1319,3684,L,W,L vs. Indiana Fever 88-103,W @ Atlanta Dream 103-88
2012,2012-09-30,Minnesota Lynx,79,Seattle Storm,86,-7.0,7.0,0,1,1319,3685,W,L,W vs. Minnesota Lynx 86-79,L @ Seattle Storm 79-86
2012,2012-10-02,Seattle Storm,72,Minnesota Lynx,73,-1.0,1.0,0,1,1320,3686,W,L,W vs. Seattle Storm 73-72,L @ Minnesota Lynx 72-73
2012,2012-10-02,Atlanta Dream,64,Indiana Fever,75,-11.0,11.0,0,1,1320,3687,W,L,W vs. Atlanta Dream 75-64,L @ Indiana Fever 64-75
2012,2012-10-04,Los Angeles Sparks,77,Minnesota Lynx,94,-17.0,17.0,0,1,1321,3688,W,L,W vs. Los Angeles Sparks 94-77,L @ Minnesota Lynx 77-94
2012,2012-10-05,Indiana Fever,64,Connecticut Sun,76,-12.0,12.0,0,1,1322,3689,W,L,W vs. Indiana Fever 76-64,L @ Connecticut Sun 64-76
2012,2012-10-07,Minnesota Lynx,80,Los Angeles Sparks,79,1.0,-1.0,1,0,1323,3690,L,W,L vs. Minnesota Lynx 79-80,W @ Los Angeles Sparks 80-79
2012,2012-10-08,Connecticut Sun,76,Indiana Fever,78,-2.0,2.0,0,1,1324,3691,W,L,W vs. Connecticut Sun 78-76,L @ Indiana Fever 76-78
2012,2012-10-11,Indiana Fever,87,Connecticut Sun,71,16.0,-16.0,1,0,1325,3692,L,W,L vs. Indiana Fever 71-87,W @ Connecticut Sun 87-71
2012,2012-10-14,Indiana Fever,76,Minnesota Lynx,70,6.0,-6.0,1,0,1326,3693,L,W,L vs. Indiana Fever 70-76,W @ Minnesota Lynx 76-70
2012,2012-10-17,Indiana Fever,71,Minnesota Lynx,83,-12.0,12.0,0,1,1327,3694,W,L,W vs. Indiana Fever 83-71,L @ Minnesota Lynx 71-83
2012,2012-10-19,Minnesota Lynx,59,Indiana Fever,76,-17.0,17.0,0,1,1328,3695,W,L,W vs. Minnesota Lynx 76-59,L @ Indiana Fever 59-76
2012,2012-10-21,Minnesota Lynx,78,Indiana Fever,87,-9.0,9.0,0,1,1329,3696,W,L,W vs. Minnesota Lynx 87-78,L @ Indiana Fever 78-87
2013,2013-05-24,Indiana Fever,79,San Antonio Silver Stars,64,15.0,-15.0,1,0,1330,3697,L,W,L vs. Indiana Fever 64-79,W @ San Antonio Silver Stars 79-64
2013,2013-05-25,New York Liberty,69,Connecticut Sun,81,-12.0,12.0,0,1,1331,3698,W,L,W vs. New York Liberty 81-69,L @ Connecticut Sun 69-81
2013,2013-05-25,Tulsa Shock,81,Atlanta Dream,98,-17.0,17.0,0,1,1331,3699,W,L,W vs. Tulsa Shock 98-81,L @ Atlanta Dream 81-98
2013,2013-05-26,Seattle Storm,69,Los Angeles Sparks,102,-33.0,33.0,0,1,1332,3700,W,L,W vs. Seattle Storm 102-69,L @ Los Angeles Sparks 69-102
2013,2013-05-27,Washington Mystics,95,Tulsa Shock,90,5.0,-5.0,1,0,1333,3701,L,W,L vs. Washington Mystics 90-95,W @ Tulsa Shock 95-90
2013,2013-05-27,Chicago Sky,102,Phoenix Mercury,80,22.0,-22.0,1,0,1333,3702,L,W,L vs. Chicago Sky 80-102,W @ Phoenix Mercury 102-80
2013,2013-05-31,Connecticut Sun,75,Chicago Sky,86,-11.0,11.0,0,1,1334,3703,W,L,W vs. Connecticut Sun 86-75,L @ Chicago Sky 75-86
2013,2013-05-31,Tulsa Shock,76,New York Liberty,78,-2.0,2.0,0,1,1334,3704,W,L,W vs. Tulsa Shock 78-76,L @ New York Liberty 76-78
2013,2013-05-31,Atlanta Dream,86,Indiana Fever,77,9.0,-9.0,1,0,1334,3705,L,W,L vs. Atlanta Dream 77-86,W @ Indiana Fever 86-77
2013,2013-06-01,Los Angeles Sparks,78,San Antonio Silver Stars,83,-5.0,5.0,0,1,1335,3706,W,L,W vs. Los Angeles Sparks 83-78,L @ San Antonio Silver Stars 78-83
2013,2013-06-01,Connecticut Sun,74,Minnesota Lynx,90,-16.0,16.0,0,1,1335,3707,W,L,W vs. Connecticut Sun 90-74,L @ Minnesota Lynx 74-90
2013,2013-06-02,Tulsa Shock,71,Chicago Sky,92,-21.0,21.0,0,1,1336,3708,W,L,W vs. Tulsa Shock 92-71,L @ Chicago Sky 71-92
2013,2013-06-02,Phoenix Mercury,72,Seattle Storm,75,-3.0,3.0,0,1,1336,3709,W,L,W vs. Phoenix Mercury 75-72,L @ Seattle Storm 72-75
2013,2013-06-02,Atlanta Dream,73,Washington Mystics,63,10.0,-10.0,1,0,1336,3710,L,W,L vs. Atlanta Dream 63-73,W @ Washington Mystics 73-63
2013,2013-06-05,Indiana Fever,68,New York Liberty,75,-7.0,7.0,0,1,1337,3711,W,L,W vs. Indiana Fever 75-68,L @ New York Liberty 68-75
2013,2013-06-06,Phoenix Mercury,79,Minnesota Lynx,99,-20.0,20.0,0,1,1338,3712,W,L,W vs. Phoenix Mercury 99-79,L @ Minnesota Lynx 79-99
2013,2013-06-07,New York Liberty,56,Atlanta Dream,75,-19.0,19.0,0,1,1339,3713,W,L,W vs. New York Liberty 75-56,L @ Atlanta Dream 56-75
2013,2013-06-07,Washington Mystics,66,Connecticut Sun,62,4.0,-4.0,1,0,1339,3714,L,W,L vs. Washington Mystics 62-66,W @ Connecticut Sun 66-62
2013,2013-06-07,Tulsa Shock,67,Seattle Storm,58,9.0,-9.0,1,0,1339,3715,L,W,L vs. Tulsa Shock 58-67,W @ Seattle Storm 67-58
2013,2013-06-07,Chicago Sky,69,San Antonio Silver Stars,81,-12.0,12.0,0,1,1339,3716,W,L,W vs. Chicago Sky 81-69,L @ San Antonio Silver Stars 69-81
2013,2013-06-08,Tulsa Shock,69,Los Angeles Sparks,76,-7.0,7.0,0,1,1340,3717,W,L,W vs. Tulsa Shock 76-69,L @ Los Angeles Sparks 69-76
2013,2013-06-08,Minnesota Lynx,80,Washington Mystics,85,-5.0,5.0,0,1,1340,3718,W,L,W vs. Minnesota Lynx 85-80,L @ Washington Mystics 80-85
2013,2013-06-08,Phoenix Mercury,82,Indiana Fever,67,15.0,-15.0,1,0,1340,3719,L,W,L vs. Phoenix Mercury 67-82,W @ Indiana Fever 82-67
2013,2013-06-09,Atlanta Dream,67,New York Liberty,76,-9.0,9.0,0,1,1341,3720,W,L,W vs. Atlanta Dream 76-67,L @ New York Liberty 67-76
2013,2013-06-09,San Antonio Silver Stars,70,Chicago Sky,72,-2.0,2.0,0,1,1341,3721,W,L,W vs. San Antonio Silver Stars 72-70,L @ Chicago Sky 70-72
2013,2013-06-11,San Antonio Silver Stars,72,Minnesota Lynx,87,-15.0,15.0,0,1,1342,3722,W,L,W vs. San Antonio Silver Stars 87-72,L @ Minnesota Lynx 72-87
2013,2013-06-12,Connecticut Sun,73,Indiana Fever,61,12.0,-12.0,1,0,1343,3723,L,W,L vs. Connecticut Sun 61-73,W @ Indiana Fever 73-61
2013,2013-06-14,Los Angeles Sparks,81,Phoenix Mercury,97,-16.0,16.0,0,1,1344,3724,W,L,W vs. Los Angeles Sparks 97-81,L @ Phoenix Mercury 81-97
2013,2013-06-14,Connecticut Sun,68,New York Liberty,78,-10.0,10.0,0,1,1344,3725,W,L,W vs. Connecticut Sun 78-68,L @ New York Liberty 68-78
2013,2013-06-14,Minnesota Lynx,83,Tulsa Shock,74,9.0,-9.0,1,0,1344,3726,L,W,L vs. Minnesota Lynx 74-83,W @ Tulsa Shock 83-74
2013,2013-06-14,Seattle Storm,59,Atlanta Dream,68,-9.0,9.0,0,1,1344,3727,W,L,W vs. Seattle Storm 68-59,L @ Atlanta Dream 59-68
2013,2013-06-15,San Antonio Silver Stars,48,Los Angeles Sparks,84,-36.0,36.0,0,1,1345,3728,W,L,W vs. San Antonio Silver Stars 84-48,L @ Los Angeles Sparks 48-84
2013,2013-06-16,Indiana Fever,60,Washington Mystics,64,-4.0,4.0,0,1,1346,3729,W,L,W vs. Indiana Fever 64-60,L @ Washington Mystics 60-64
2013,2013-06-16,Phoenix Mercury,108,Tulsa Shock,103,5.0,-5.0,1,0,1346,3730,L,W,L vs. Phoenix Mercury 103-108,W @ Tulsa Shock 108-103
2013,2013-06-16,Seattle Storm,78,Connecticut Sun,66,12.0,-12.0,1,0,1346,3731,L,W,L vs. Seattle Storm 66-78,W @ Connecticut Sun 78-66
2013,2013-06-16,Chicago Sky,74,Atlanta Dream,88,-14.0,14.0,0,1,1346,3732,W,L,W vs. Chicago Sky 88-74,L @ Atlanta Dream 74-88
2013,2013-06-18,Washington Mystics,86,Seattle Storm,96,-10.0,10.0,0,1,1347,3733,W,L,W vs. Washington Mystics 96-86,L @ Seattle Storm 86-96
2013,2013-06-19,Minnesota Lynx,80,Phoenix Mercury,69,11.0,-11.0,1,0,1348,3734,L,W,L vs. Minnesota Lynx 69-80,W @ Phoenix Mercury 80-69
2013,2013-06-20,Chicago Sky,74,Tulsa Shock,83,-9.0,9.0,0,1,1349,3735,W,L,W vs. Chicago Sky 83-74,L @ Tulsa Shock 74-83
2013,2013-06-21,Washington Mystics,82,Phoenix Mercury,90,-8.0,8.0,0,1,1350,3736,W,L,W vs. Washington Mystics 90-82,L @ Phoenix Mercury 82-90
2013,2013-06-21,Seattle Storm,91,San Antonio Silver Stars,86,5.0,-5.0,1,0,1350,3737,L,W,L vs. Seattle Storm 86-91,W @ San Antonio Silver Stars 91-86
2013,2013-06-21,Minnesota Lynx,59,Los Angeles Sparks,87,-28.0,28.0,0,1,1350,3738,W,L,W vs. Minnesota Lynx 87-59,L @ Los Angeles Sparks 59-87
2013,2013-06-22,Seattle Storm,70,Tulsa Shock,92,-22.0,22.0,0,1,1351,3739,W,L,W vs. Seattle Storm 92-70,L @ Tulsa Shock 70-92
2013,2013-06-22,Chicago Sky,71,Indiana Fever,61,10.0,-10.0,1,0,1351,3740,L,W,L vs. Chicago Sky 61-71,W @ Indiana Fever 71-61
2013,2013-06-23,Washington Mystics,69,Los Angeles Sparks,79,-10.0,10.0,0,1,1352,3741,W,L,W vs. Washington Mystics 79-69,L @ Los Angeles Sparks 69-79
2013,2013-06-23,San Antonio Silver Stars,78,New York Liberty,77,1.0,-1.0,1,0,1352,3742,L,W,L vs. San Antonio Silver Stars 77-78,W @ New York Liberty 78-77
2013,2013-06-23,Tulsa Shock,79,Minnesota Lynx,88,-9.0,9.0,0,1,1352,3743,W,L,W vs. Tulsa Shock 88-79,L @ Minnesota Lynx 79-88
2013,2013-06-23,Atlanta Dream,78,Connecticut Sun,77,1.0,-1.0,1,0,1352,3744,L,W,L vs. Atlanta Dream 77-78,W @ Connecticut Sun 78-77
2013,2013-06-25,Phoenix Mercury,83,San Antonio Silver Stars,77,6.0,-6.0,1,0,1353,3745,L,W,L vs. Phoenix Mercury 77-83,W @ San Antonio Silver Stars 83-77
2013,2013-06-25,Indiana Fever,60,Atlanta Dream,76,-16.0,16.0,0,1,1353,3746,W,L,W vs. Indiana Fever 76-60,L @ Atlanta Dream 60-76
2013,2013-06-26,New York Liberty,74,Chicago Sky,87,-13.0,13.0,0,1,1354,3747,W,L,W vs. New York Liberty 87-74,L @ Chicago Sky 74-87
2013,2013-06-27,Phoenix Mercury,101,Washington Mystics,97,4.0,-4.0,1,0,1355,3748,L,W,L vs. Phoenix Mercury 97-101,W @ Washington Mystics 101-97
2013,2013-06-28,Tulsa Shock,69,Indiana Fever,80,-11.0,11.0,0,1,1356,3749,W,L,W vs. Tulsa Shock 80-69,L @ Indiana Fever 69-80
2013,2013-06-28,Los Angeles Sparks,64,Minnesota Lynx,88,-24.0,24.0,0,1,1356,3750,W,L,W vs. Los Angeles Sparks 88-64,L @ Minnesota Lynx 64-88
2013,2013-06-28,New York Liberty,67,Seattle Storm,62,5.0,-5.0,1,0,1356,3751,L,W,L vs. New York Liberty 62-67,W @ Seattle Storm 67-62
2013,2013-06-28,Washington Mystics,75,Atlanta Dream,86,-11.0,11.0,0,1,1356,3752,W,L,W vs. Washington Mystics 86-75,L @ Atlanta Dream 75-86
2013,2013-06-29,Phoenix Mercury,89,Connecticut Sun,70,19.0,-19.0,1,0,1357,3753,L,W,L vs. Phoenix Mercury 70-89,W @ Connecticut Sun 89-70
2013,2013-06-29,Los Angeles Sparks,82,Chicago Sky,94,-12.0,12.0,0,1,1357,3754,W,L,W vs. Los Angeles Sparks 94-82,L @ Chicago Sky 82-94
2013,2013-06-30,San Antonio Silver Stars,67,Atlanta Dream,93,-26.0,26.0,0,1,1358,3755,W,L,W vs. San Antonio Silver Stars 93-67,L @ Atlanta Dream 67-93
2013,2013-06-30,Seattle Storm,63,Indiana Fever,71,-8.0,8.0,0,1,1358,3756,W,L,W vs. Seattle Storm 71-63,L @ Indiana Fever 63-71
2013,2013-06-30,Tulsa Shock,61,Washington Mystics,84,-23.0,23.0,0,1,1358,3757,W,L,W vs. Tulsa Shock 84-61,L @ Washington Mystics 61-84
2013,2013-07-02,Tulsa Shock,69,Connecticut Sun,88,-19.0,19.0,0,1,1359,3758,W,L,W vs. Tulsa Shock 88-69,L @ Connecticut Sun 69-88
2013,2013-07-02,Minnesota Lynx,66,Los Angeles Sparks,96,-30.0,30.0,0,1,1359,3759,W,L,W vs. Minnesota Lynx 96-66,L @ Los Angeles Sparks 66-96
2013,2013-07-02,Seattle Storm,69,Chicago Sky,60,9.0,-9.0,1,0,1359,3760,L,W,L vs. Seattle Storm 60-69,W @ Chicago Sky 69-60
2013,2013-07-02,New York Liberty,87,Phoenix Mercury,94,-7.0,7.0,0,1,1359,3761,W,L,W vs. New York Liberty 94-87,L @ Phoenix Mercury 87-94
2013,2013-07-04,New York Liberty,89,Los Angeles Sparks,97,-8.0,8.0,0,1,1360,3762,W,L,W vs. New York Liberty 97-89,L @ Los Angeles Sparks 89-97
2013,2013-07-06,Seattle Storm,59,Washington Mystics,62,-3.0,3.0,0,1,1361,3763,W,L,W vs. Seattle Storm 62-59,L @ Washington Mystics 59-62
2013,2013-07-06,Connecticut Sun,66,Indiana Fever,78,-12.0,12.0,0,1,1361,3764,W,L,W vs. Connecticut Sun 78-66,L @ Indiana Fever 66-78
2013,2013-07-06,San Antonio Silver Stars,66,Los Angeles Sparks,93,-27.0,27.0,0,1,1361,3765,W,L,W vs. San Antonio Silver Stars 93-66,L @ Los Angeles Sparks 66-93
2013,2013-07-07,Chicago Sky,93,New York Liberty,64,29.0,-29.0,1,0,1362,3766,L,W,L vs. Chicago Sky 64-93,W @ New York Liberty 93-64
2013,2013-07-07,Phoenix Mercury,59,Minnesota Lynx,91,-32.0,32.0,0,1,1362,3767,W,L,W vs. Phoenix Mercury 91-59,L @ Minnesota Lynx 59-91
2013,2013-07-09,Seattle Storm,57,New York Liberty,66,-9.0,9.0,0,1,1363,3768,W,L,W vs. Seattle Storm 66-57,L @ New York Liberty 57-66
2013,2013-07-09,Atlanta Dream,72,Minnesota Lynx,94,-22.0,22.0,0,1,1363,3769,W,L,W vs. Atlanta Dream 94-72,L @ Minnesota Lynx 72-94
2013,2013-07-10,San Antonio Silver Stars,88,Phoenix Mercury,80,8.0,-8.0,1,0,1364,3770,L,W,L vs. San Antonio Silver Stars 80-88,W @ Phoenix Mercury 88-80
2013,2013-07-10,Washington Mystics,85,Chicago Sky,89,-4.0,4.0,0,1,1364,3771,W,L,W vs. Washington Mystics 89-85,L @ Chicago Sky 85-89
2013,2013-07-11,Minnesota Lynx,69,Indiana Fever,62,7.0,-7.0,1,0,1365,3772,L,W,L vs. Minnesota Lynx 62-69,W @ Indiana Fever 69-62
2013,2013-07-11,Los Angeles Sparks,94,Tulsa Shock,78,16.0,-16.0,1,0,1365,3773,L,W,L vs. Los Angeles Sparks 78-94,W @ Tulsa Shock 94-78
2013,2013-07-12,Chicago Sky,83,Connecticut Sun,70,13.0,-13.0,1,0,1366,3774,L,W,L vs. Chicago Sky 70-83,W @ Connecticut Sun 83-70
2013,2013-07-12,Washington Mystics,83,San Antonio Silver Stars,73,10.0,-10.0,1,0,1366,3775,L,W,L vs. Washington Mystics 73-83,W @ San Antonio Silver Stars 83-73
2013,2013-07-13,Minnesota Lynx,86,Tulsa Shock,75,11.0,-11.0,1,0,1367,3776,L,W,L vs. Minnesota Lynx 75-86,W @ Tulsa Shock 86-75
2013,2013-07-13,Indiana Fever,74,New York Liberty,53,21.0,-21.0,1,0,1367,3777,L,W,L vs. Indiana Fever 53-74,W @ New York Liberty 74-53
2013,2013-07-14,Atlanta Dream,65,Seattle Storm,73,-8.0,8.0,0,1,1368,3778,W,L,W vs. Atlanta Dream 73-65,L @ Seattle Storm 65-73
2013,2013-07-14,San Antonio Silver Stars,84,Connecticut Sun,86,-2.0,2.0,0,1,1368,3779,W,L,W vs. San Antonio Silver Stars 86-84,L @ Connecticut Sun 84-86
2013,2013-07-14,Los Angeles Sparks,88,Phoenix Mercury,76,12.0,-12.0,1,0,1368,3780,L,W,L vs. Los Angeles Sparks 76-88,W @ Phoenix Mercury 88-76
2013,2013-07-16,San Antonio Silver Stars,64,Washington Mystics,86,-22.0,22.0,0,1,1369,3781,W,L,W vs. San Antonio Silver Stars 86-64,L @ Washington Mystics 64-86
2013,2013-07-17,Tulsa Shock,86,Seattle Storm,59,27.0,-27.0,1,0,1370,3782,L,W,L vs. Tulsa Shock 59-86,W @ Seattle Storm 86-59
2013,2013-07-17,Atlanta Dream,73,Los Angeles Sparks,77,-4.0,4.0,0,1,1370,3783,W,L,W vs. Atlanta Dream 77-73,L @ Los Angeles Sparks 73-77
2013,2013-07-18,Chicago Sky,75,New York Liberty,55,20.0,-20.0,1,0,1371,3784,L,W,L vs. Chicago Sky 55-75,W @ New York Liberty 75-55
2013,2013-07-18,Phoenix Mercury,90,Los Angeles Sparks,84,6.0,-6.0,1,0,1371,3785,L,W,L vs. Phoenix Mercury 84-90,W @ Los Angeles Sparks 90-84
2013,2013-07-19,Minnesota Lynx,87,San Antonio Silver Stars,71,16.0,-16.0,1,0,1372,3786,L,W,L vs. Minnesota Lynx 71-87,W @ San Antonio Silver Stars 87-71
2013,2013-07-19,Washington Mystics,70,Indiana Fever,77,-7.0,7.0,0,1,1372,3787,W,L,W vs. Washington Mystics 77-70,L @ Indiana Fever 70-77
2013,2013-07-19,Connecticut Sun,58,Tulsa Shock,64,-6.0,6.0,0,1,1372,3788,W,L,W vs. Connecticut Sun 64-58,L @ Tulsa Shock 58-64
2013,2013-07-20,Connecticut Sun,52,San Antonio Silver Stars,60,-8.0,8.0,0,1,1373,3789,W,L,W vs. Connecticut Sun 60-52,L @ San Antonio Silver Stars 52-60
2013,2013-07-20,New York Liberty,69,Chicago Sky,80,-11.0,11.0,0,1,1373,3790,W,L,W vs. New York Liberty 80-69,L @ Chicago Sky 69-80
2013,2013-07-20,Los Angeles Sparks,65,Seattle Storm,64,1.0,-1.0,1,0,1373,3791,L,W,L vs. Los Angeles Sparks 64-65,W @ Seattle Storm 65-64
2013,2013-07-21,Atlanta Dream,63,Tulsa Shock,90,-27.0,27.0,0,1,1374,3792,W,L,W vs. Atlanta Dream 90-63,L @ Tulsa Shock 63-90
2013,2013-07-21,Indiana Fever,65,Washington Mystics,52,13.0,-13.0,1,0,1374,3793,L,W,L vs. Indiana Fever 52-65,W @ Washington Mystics 65-52
2013,2013-07-21,Minnesota Lynx,82,Phoenix Mercury,77,5.0,-5.0,1,0,1374,3794,L,W,L vs. Minnesota Lynx 77-82,W @ Phoenix Mercury 82-77
2013,2013-07-23,New York Liberty,77,Indiana Fever,72,5.0,-5.0,1,0,1375,3795,L,W,L vs. New York Liberty 72-77,W @ Indiana Fever 77-72
2013,2013-07-24,Connecticut Sun,65,Atlanta Dream,74,-9.0,9.0,0,1,1376,3796,W,L,W vs. Connecticut Sun 74-65,L @ Atlanta Dream 65-74
2013,2013-07-24,Phoenix Mercury,69,Minnesota Lynx,81,-12.0,12.0,0,1,1376,3797,W,L,W vs. Phoenix Mercury 81-69,L @ Minnesota Lynx 69-81
2013,2013-07-24,Chicago Sky,78,Washington Mystics,82,-4.0,4.0,0,1,1376,3798,W,L,W vs. Chicago Sky 82-78,L @ Washington Mystics 78-82
2013,2013-07-25,Indiana Fever,71,Tulsa Shock,60,11.0,-11.0,1,0,1377,3799,L,W,L vs. Indiana Fever 60-71,W @ Tulsa Shock 71-60
2013,2013-07-25,New York Liberty,53,San Antonio Silver Stars,65,-12.0,12.0,0,1,1377,3800,W,L,W vs. New York Liberty 65-53,L @ San Antonio Silver Stars 53-65
2013,2013-07-25,Seattle Storm,73,Los Angeles Sparks,66,7.0,-7.0,1,0,1377,3801,L,W,L vs. Seattle Storm 66-73,W @ Los Angeles Sparks 73-66
2013,2013-07-31,New York Liberty,88,Washington Mystics,78,10.0,-10.0,1,0,1378,3802,L,W,L vs. New York Liberty 78-88,W @ Washington Mystics 88-78
2013,2013-08-01,Indiana Fever,64,Connecticut Sun,70,-6.0,6.0,0,1,1379,3803,W,L,W vs. Indiana Fever 70-64,L @ Connecticut Sun 64-70
2013,2013-08-01,Phoenix Mercury,79,Seattle Storm,88,-9.0,9.0,0,1,1379,3804,W,L,W vs. Phoenix Mercury 88-79,L @ Seattle Storm 79-88
2013,2013-08-02,Washington Mystics,78,Chicago Sky,85,-7.0,7.0,0,1,1380,3805,W,L,W vs. Washington Mystics 85-78,L @ Chicago Sky 78-85
2013,2013-08-02,San Antonio Silver Stars,63,Minnesota Lynx,85,-22.0,22.0,0,1,1380,3806,W,L,W vs. San Antonio Silver Stars 85-63,L @ Minnesota Lynx 63-85
2013,2013-08-02,Los Angeles Sparks,89,Tulsa Shock,96,-7.0,7.0,0,1,1380,3807,W,L,W vs. Los Angeles Sparks 96-89,L @ Tulsa Shock 89-96
2013,2013-08-03,Connecticut Sun,88,New York Liberty,66,22.0,-22.0,1,0,1381,3808,L,W,L vs. Connecticut Sun 66-88,W @ New York Liberty 88-66
2013,2013-08-03,Chicago Sky,58,Indiana Fever,79,-21.0,21.0,0,1,1381,3809,W,L,W vs. Chicago Sky 79-58,L @ Indiana Fever 58-79
2013,2013-08-03,Atlanta Dream,76,Phoenix Mercury,82,-6.0,6.0,0,1,1381,3810,W,L,W vs. Atlanta Dream 82-76,L @ Phoenix Mercury 76-82
2013,2013-08-04,Los Angeles Sparks,75,Washington Mystics,57,18.0,-18.0,1,0,1382,3811,L,W,L vs. Los Angeles Sparks 57-75,W @ Washington Mystics 75-57
2013,2013-08-04,Seattle Storm,72,Minnesota Lynx,90,-18.0,18.0,0,1,1382,3812,W,L,W vs. Seattle Storm 90-72,L @ Minnesota Lynx 72-90
2013,2013-08-04,Tulsa Shock,65,San Antonio Silver Stars,69,-4.0,4.0,0,1,1382,3813,W,L,W vs. Tulsa Shock 69-65,L @ San Antonio Silver Stars 65-69
2013,2013-08-06,Washington Mystics,88,New York Liberty,93,-5.0,5.0,0,1,1383,3814,W,L,W vs. Washington Mystics 93-88,L @ New York Liberty 88-93
2013,2013-08-06,Minnesota Lynx,93,San Antonio Silver Stars,80,13.0,-13.0,1,0,1383,3815,L,W,L vs. Minnesota Lynx 80-93,W @ San Antonio Silver Stars 93-80
2013,2013-08-06,Indiana Fever,64,Chicago Sky,58,6.0,-6.0,1,0,1383,3816,L,W,L vs. Indiana Fever 58-64,W @ Chicago Sky 64-58
2013,2013-08-06,Seattle Storm,80,Phoenix Mercury,65,15.0,-15.0,1,0,1383,3817,L,W,L vs. Seattle Storm 65-80,W @ Phoenix Mercury 80-65
2013,2013-08-06,Los Angeles Sparks,74,Connecticut Sun,72,2.0,-2.0,1,0,1383,3818,L,W,L vs. Los Angeles Sparks 72-74,W @ Connecticut Sun 74-72
2013,2013-08-08,Los Angeles Sparks,74,Indiana Fever,64,10.0,-10.0,1,0,1384,3819,L,W,L vs. Los Angeles Sparks 64-74,W @ Indiana Fever 74-64
2013,2013-08-08,Washington Mystics,79,Minnesota Lynx,75,4.0,-4.0,1,0,1384,3820,L,W,L vs. Washington Mystics 75-79,W @ Minnesota Lynx 79-75
2013,2013-08-09,Chicago Sky,77,Connecticut Sun,61,16.0,-16.0,1,0,1385,3821,L,W,L vs. Chicago Sky 61-77,W @ Connecticut Sun 77-61
2013,2013-08-09,San Antonio Silver Stars,77,Seattle Storm,56,21.0,-21.0,1,0,1385,3822,L,W,L vs. San Antonio Silver Stars 56-77,W @ Seattle Storm 77-56
2013,2013-08-09,Tulsa Shock,67,Phoenix Mercury,70,-3.0,3.0,0,1,1385,3823,W,L,W vs. Tulsa Shock 70-67,L @ Phoenix Mercury 67-70
2013,2013-08-10,Los Angeles Sparks,85,New York Liberty,67,18.0,-18.0,1,0,1386,3824,L,W,L vs. Los Angeles Sparks 67-85,W @ New York Liberty 85-67
2013,2013-08-10,Atlanta Dream,66,Indiana Fever,80,-14.0,14.0,0,1,1386,3825,W,L,W vs. Atlanta Dream 80-66,L @ Indiana Fever 66-80
2013,2013-08-11,Minnesota Lynx,86,Chicago Sky,94,-8.0,8.0,0,1,1387,3826,W,L,W vs. Minnesota Lynx 94-86,L @ Chicago Sky 86-94
2013,2013-08-11,Connecticut Sun,63,Washington Mystics,74,-11.0,11.0,0,1,1387,3827,W,L,W vs. Connecticut Sun 74-63,L @ Washington Mystics 63-74
2013,2013-08-11,San Antonio Silver Stars,63,Seattle Storm,69,-6.0,6.0,0,1,1387,3828,W,L,W vs. San Antonio Silver Stars 69-63,L @ Seattle Storm 63-69
2013,2013-08-11,New York Liberty,88,Atlanta Dream,82,6.0,-6.0,1,0,1387,3829,L,W,L vs. New York Liberty 82-88,W @ Atlanta Dream 88-82
2013,2013-08-11,Tulsa Shock,56,Phoenix Mercury,77,-21.0,21.0,0,1,1387,3830,W,L,W vs. Tulsa Shock 77-56,L @ Phoenix Mercury 56-77
2013,2013-08-13,Chicago Sky,76,Los Angeles Sparks,80,-4.0,4.0,0,1,1388,3831,W,L,W vs. Chicago Sky 80-76,L @ Los Angeles Sparks 76-80
2013,2013-08-14,Indiana Fever,58,Phoenix Mercury,75,-17.0,17.0,0,1,1389,3832,W,L,W vs. Indiana Fever 75-58,L @ Phoenix Mercury 58-75
2013,2013-08-14,Atlanta Dream,86,Connecticut Sun,88,-2.0,2.0,0,1,1389,3833,W,L,W vs. Atlanta Dream 88-86,L @ Connecticut Sun 86-88
2013,2013-08-15,Chicago Sky,79,Seattle Storm,66,13.0,-13.0,1,0,1390,3834,L,W,L vs. Chicago Sky 66-79,W @ Seattle Storm 79-66
2013,2013-08-16,Washington Mystics,66,New York Liberty,57,9.0,-9.0,1,0,1391,3835,L,W,L vs. Washington Mystics 57-66,W @ New York Liberty 66-57
2013,2013-08-16,Connecticut Sun,57,Atlanta Dream,88,-31.0,31.0,0,1,1391,3836,W,L,W vs. Connecticut Sun 88-57,L @ Atlanta Dream 57-88
2013,2013-08-16,Indiana Fever,72,Los Angeles Sparks,94,-22.0,22.0,0,1,1391,3837,W,L,W vs. Indiana Fever 94-72,L @ Los Angeles Sparks 72-94
2013,2013-08-16,Tulsa Shock,83,Minnesota Lynx,77,6.0,-6.0,1,0,1391,3838,L,W,L vs. Tulsa Shock 77-83,W @ Minnesota Lynx 83-77
2013,2013-08-17,Phoenix Mercury,82,San Antonio Silver Stars,88,-6.0,6.0,0,1,1392,3839,W,L,W vs. Phoenix Mercury 88-82,L @ San Antonio Silver Stars 82-88
2013,2013-08-17,Indiana Fever,70,Seattle Storm,77,-7.0,7.0,0,1,1392,3840,W,L,W vs. Indiana Fever 77-70,L @ Seattle Storm 70-77
2013,2013-08-18,New York Liberty,57,Minnesota Lynx,88,-31.0,31.0,0,1,1393,3841,W,L,W vs. New York Liberty 88-57,L @ Minnesota Lynx 57-88
2013,2013-08-18,Washington Mystics,58,Atlanta Dream,76,-18.0,18.0,0,1,1393,3842,W,L,W vs. Washington Mystics 76-58,L @ Atlanta Dream 58-76
2013,2013-08-18,Connecticut Sun,78,Chicago Sky,89,-11.0,11.0,0,1,1393,3843,W,L,W vs. Connecticut Sun 89-78,L @ Chicago Sky 78-89
2013,2013-08-20,Phoenix Mercury,89,Tulsa Shock,86,3.0,-3.0,1,0,1394,3844,L,W,L vs. Phoenix Mercury 86-89,W @ Tulsa Shock 89-86
2013,2013-08-20,Minnesota Lynx,75,Atlanta Dream,88,-13.0,13.0,0,1,1394,3845,W,L,W vs. Minnesota Lynx 88-75,L @ Atlanta Dream 75-88
2013,2013-08-20,Chicago Sky,79,Washington Mystics,73,6.0,-6.0,1,0,1394,3846,L,W,L vs. Chicago Sky 73-79,W @ Washington Mystics 79-73
2013,2013-08-20,Los Angeles Sparks,57,Seattle Storm,77,-20.0,20.0,0,1,1394,3847,W,L,W vs. Los Angeles Sparks 77-57,L @ Seattle Storm 57-77
2013,2013-08-21,San Antonio Silver Stars,63,Indiana Fever,80,-17.0,17.0,0,1,1395,3848,W,L,W vs. San Antonio Silver Stars 80-63,L @ Indiana Fever 63-80
2013,2013-08-22,Minnesota Lynx,91,Connecticut Sun,77,14.0,-14.0,1,0,1396,3849,L,W,L vs. Minnesota Lynx 77-91,W @ Connecticut Sun 91-77
2013,2013-08-23,Atlanta Dream,64,Washington Mystics,74,-10.0,10.0,0,1,1397,3850,W,L,W vs. Atlanta Dream 74-64,L @ Washington Mystics 64-74
2013,2013-08-23,San Antonio Silver Stars,67,Tulsa Shock,73,-6.0,6.0,0,1,1397,3851,W,L,W vs. San Antonio Silver Stars 73-67,L @ Tulsa Shock 67-73
2013,2013-08-23,Seattle Storm,81,Phoenix Mercury,73,8.0,-8.0,1,0,1397,3852,L,W,L vs. Seattle Storm 73-81,W @ Phoenix Mercury 81-73
2013,2013-08-23,New York Liberty,64,Chicago Sky,82,-18.0,18.0,0,1,1397,3853,W,L,W vs. New York Liberty 82-64,L @ Chicago Sky 64-82
2013,2013-08-24,Indiana Fever,77,Minnesota Lynx,84,-7.0,7.0,0,1,1398,3854,W,L,W vs. Indiana Fever 84-77,L @ Minnesota Lynx 77-84
2013,2013-08-24,Chicago Sky,67,Atlanta Dream,56,11.0,-11.0,1,0,1398,3855,L,W,L vs. Chicago Sky 56-67,W @ Atlanta Dream 67-56
2013,2013-08-25,Tulsa Shock,88,Los Angeles Sparks,90,-2.0,2.0,0,1,1399,3856,W,L,W vs. Tulsa Shock 90-88,L @ Los Angeles Sparks 88-90
2013,2013-08-25,Seattle Storm,64,San Antonio Silver Stars,70,-6.0,6.0,0,1,1399,3857,W,L,W vs. Seattle Storm 70-64,L @ San Antonio Silver Stars 64-70
2013,2013-08-25,New York Liberty,74,Connecticut Sun,66,8.0,-8.0,1,0,1399,3858,L,W,L vs. New York Liberty 66-74,W @ Connecticut Sun 74-66
2013,2013-08-27,Minnesota Lynx,73,New York Liberty,47,26.0,-26.0,1,0,1400,3859,L,W,L vs. Minnesota Lynx 47-73,W @ New York Liberty 73-47
2013,2013-08-27,Seattle Storm,72,San Antonio Silver Stars,71,1.0,-1.0,1,0,1400,3860,L,W,L vs. Seattle Storm 71-72,W @ San Antonio Silver Stars 72-71
2013,2013-08-27,Connecticut Sun,78,Los Angeles Sparks,91,-13.0,13.0,0,1,1400,3861,W,L,W vs. Connecticut Sun 91-78,L @ Los Angeles Sparks 78-91
2013,2013-08-28,Washington Mystics,85,Atlanta Dream,80,5.0,-5.0,1,0,1401,3862,L,W,L vs. Washington Mystics 80-85,W @ Atlanta Dream 85-80
2013,2013-08-29,Connecticut Sun,65,Seattle Storm,78,-13.0,13.0,0,1,1402,3863,W,L,W vs. Connecticut Sun 78-65,L @ Seattle Storm 65-78
2013,2013-08-30,San Antonio Silver Stars,74,Tulsa Shock,65,9.0,-9.0,1,0,1403,3864,L,W,L vs. San Antonio Silver Stars 65-74,W @ Tulsa Shock 74-65
2013,2013-08-30,Indiana Fever,73,New York Liberty,67,6.0,-6.0,1,0,1403,3865,L,W,L vs. Indiana Fever 67-73,W @ New York Liberty 73-67
2013,2013-08-31,Seattle Storm,74,Minnesota Lynx,97,-23.0,23.0,0,1,1404,3866,W,L,W vs. Seattle Storm 97-74,L @ Minnesota Lynx 74-97
2013,2013-08-31,Atlanta Dream,68,Chicago Sky,85,-17.0,17.0,0,1,1404,3867,W,L,W vs. Atlanta Dream 85-68,L @ Chicago Sky 68-85
2013,2013-08-31,Connecticut Sun,68,Phoenix Mercury,76,-8.0,8.0,0,1,1404,3868,W,L,W vs. Connecticut Sun 76-68,L @ Phoenix Mercury 68-76
2013,2013-08-31,Los Angeles Sparks,80,San Antonio Silver Stars,67,13.0,-13.0,1,0,1404,3869,L,W,L vs. Los Angeles Sparks 67-80,W @ San Antonio Silver Stars 80-67
2013,2013-09-01,New York Liberty,88,Tulsa Shock,93,-5.0,5.0,0,1,1405,3870,W,L,W vs. New York Liberty 93-88,L @ Tulsa Shock 88-93
2013,2013-09-02,Los Angeles Sparks,82,Atlanta Dream,92,-10.0,10.0,0,1,1406,3871,W,L,W vs. Los Angeles Sparks 92-82,L @ Atlanta Dream 82-92
2013,2013-09-04,Indiana Fever,80,Atlanta Dream,89,-9.0,9.0,0,1,1407,3872,W,L,W vs. Indiana Fever 89-80,L @ Atlanta Dream 80-89
2013,2013-09-04,Los Angeles Sparks,74,Minnesota Lynx,83,-9.0,9.0,0,1,1407,3873,W,L,W vs. Los Angeles Sparks 83-74,L @ Minnesota Lynx 74-83
2013,2013-09-06,Indiana Fever,82,Chicago Sky,77,5.0,-5.0,1,0,1408,3874,L,W,L vs. Indiana Fever 77-82,W @ Chicago Sky 82-77
2013,2013-09-06,Los Angeles Sparks,74,Tulsa Shock,70,4.0,-4.0,1,0,1408,3875,L,W,L vs. Los Angeles Sparks 70-74,W @ Tulsa Shock 74-70
2013,2013-09-06,Washington Mystics,70,Connecticut Sun,77,-7.0,7.0,0,1,1408,3876,W,L,W vs. Washington Mystics 77-70,L @ Connecticut Sun 70-77
2013,2013-09-06,Atlanta Dream,70,New York Liberty,57,13.0,-13.0,1,0,1408,3877,L,W,L vs. Atlanta Dream 57-70,W @ New York Liberty 70-57
2013,2013-09-06,San Antonio Silver Stars,80,Phoenix Mercury,83,-3.0,3.0,0,1,1408,3878,W,L,W vs. San Antonio Silver Stars 83-80,L @ Phoenix Mercury 80-83
2013,2013-09-07,Minnesota Lynx,75,Seattle Storm,60,15.0,-15.0,1,0,1409,3879,L,W,L vs. Minnesota Lynx 60-75,W @ Seattle Storm 75-60
2013,2013-09-07,Connecticut Sun,60,Indiana Fever,69,-9.0,9.0,0,1,1409,3880,W,L,W vs. Connecticut Sun 69-60,L @ Indiana Fever 60-69
2013,2013-09-08,Chicago Sky,93,Washington Mystics,79,14.0,-14.0,1,0,1410,3881,L,W,L vs. Chicago Sky 79-93,W @ Washington Mystics 93-79
2013,2013-09-08,Phoenix Mercury,79,Atlanta Dream,71,8.0,-8.0,1,0,1410,3882,L,W,L vs. Phoenix Mercury 71-79,W @ Atlanta Dream 79-71
2013,2013-09-08,Tulsa Shock,98,San Antonio Silver Stars,65,33.0,-33.0,1,0,1410,3883,L,W,L vs. Tulsa Shock 65-98,W @ San Antonio Silver Stars 98-65
2013,2013-09-10,Minnesota Lynx,73,Seattle Storm,60,13.0,-13.0,1,0,1411,3884,L,W,L vs. Minnesota Lynx 60-73,W @ Seattle Storm 73-60
2013,2013-09-10,Washington Mystics,69,Indiana Fever,67,2.0,-2.0,1,0,1411,3885,L,W,L vs. Washington Mystics 67-69,W @ Indiana Fever 69-67
2013,2013-09-10,Phoenix Mercury,80,New York Liberty,76,4.0,-4.0,1,0,1411,3886,L,W,L vs. Phoenix Mercury 76-80,W @ New York Liberty 80-76
2013,2013-09-11,Atlanta Dream,77,Connecticut Sun,78,-1.0,1.0,0,1,1412,3887,W,L,W vs. Atlanta Dream 78-77,L @ Connecticut Sun 77-78
2013,2013-09-11,Phoenix Mercury,68,Chicago Sky,70,-2.0,2.0,0,1,1412,3888,W,L,W vs. Phoenix Mercury 70-68,L @ Chicago Sky 68-70
2013,2013-09-12,Seattle Storm,76,Tulsa Shock,67,9.0,-9.0,1,0,1413,3889,L,W,L vs. Seattle Storm 67-76,W @ Tulsa Shock 76-67
2013,2013-09-12,Minnesota Lynx,84,Los Angeles Sparks,85,-1.0,1.0,0,1,1413,3890,W,L,W vs. Minnesota Lynx 85-84,L @ Los Angeles Sparks 84-85
2013,2013-09-13,Connecticut Sun,56,Washington Mystics,82,-26.0,26.0,0,1,1414,3891,W,L,W vs. Connecticut Sun 82-56,L @ Washington Mystics 56-82
2013,2013-09-13,New York Liberty,63,Indiana Fever,66,-3.0,3.0,0,1,1414,3892,W,L,W vs. New York Liberty 66-63,L @ Indiana Fever 63-66
2013,2013-09-13,San Antonio Silver Stars,61,Phoenix Mercury,82,-21.0,21.0,0,1,1414,3893,W,L,W vs. San Antonio Silver Stars 82-61,L @ Phoenix Mercury 61-82
2013,2013-09-13,Atlanta Dream,82,Chicago Sky,87,-5.0,5.0,0,1,1414,3894,W,L,W vs. Atlanta Dream 87-82,L @ Chicago Sky 82-87
2013,2013-09-14,Tulsa Shock,73,Seattle Storm,85,-12.0,12.0,0,1,1415,3895,W,L,W vs. Tulsa Shock 85-73,L @ Seattle Storm 73-85
2013,2013-09-14,Chicago Sky,66,Minnesota Lynx,79,-13.0,13.0,0,1,1415,3896,W,L,W vs. Chicago Sky 79-66,L @ Minnesota Lynx 66-79
2013,2013-09-15,New York Liberty,52,Washington Mystics,70,-18.0,18.0,0,1,1416,3897,W,L,W vs. New York Liberty 70-52,L @ Washington Mystics 52-70
2013,2013-09-15,Atlanta Dream,68,San Antonio Silver Stars,97,-29.0,29.0,0,1,1416,3898,W,L,W vs. Atlanta Dream 97-68,L @ San Antonio Silver Stars 68-97
2013,2013-09-15,Phoenix Mercury,55,Los Angeles Sparks,89,-34.0,34.0,0,1,1416,3899,W,L,W vs. Phoenix Mercury 89-55,L @ Los Angeles Sparks 55-89
2013,2013-09-15,Indiana Fever,80,Connecticut Sun,82,-2.0,2.0,0,1,1416,3900,W,L,W vs. Indiana Fever 82-80,L @ Connecticut Sun 80-82
2013,2013-09-19,Washington Mystics,71,Atlanta Dream,56,15.0,-15.0,1,0,1417,3901,L,W,L vs. Washington Mystics 56-71,W @ Atlanta Dream 71-56
2013,2013-09-19,Phoenix Mercury,86,Los Angeles Sparks,75,11.0,-11.0,1,0,1417,3902,L,W,L vs. Phoenix Mercury 75-86,W @ Los Angeles Sparks 86-75
2013,2013-09-20,Indiana Fever,85,Chicago Sky,72,13.0,-13.0,1,0,1418,3903,L,W,L vs. Indiana Fever 72-85,W @ Chicago Sky 85-72
2013,2013-09-20,Seattle Storm,64,Minnesota Lynx,80,-16.0,16.0,0,1,1418,3904,W,L,W vs. Seattle Storm 80-64,L @ Minnesota Lynx 64-80
2013,2013-09-21,Atlanta Dream,63,Washington Mystics,45,18.0,-18.0,1,0,1419,3905,L,W,L vs. Atlanta Dream 45-63,W @ Washington Mystics 63-45
2013,2013-09-21,Los Angeles Sparks,82,Phoenix Mercury,73,9.0,-9.0,1,0,1419,3906,L,W,L vs. Los Angeles Sparks 73-82,W @ Phoenix Mercury 82-73
2013,2013-09-22,Minnesota Lynx,58,Seattle Storm,55,3.0,-3.0,1,0,1420,3907,L,W,L vs. Minnesota Lynx 55-58,W @ Seattle Storm 58-55
2013,2013-09-22,Chicago Sky,57,Indiana Fever,79,-22.0,22.0,0,1,1420,3908,W,L,W vs. Chicago Sky 79-57,L @ Indiana Fever 57-79
2013,2013-09-23,Phoenix Mercury,78,Los Angeles Sparks,77,1.0,-1.0,1,0,1421,3909,L,W,L vs. Phoenix Mercury 77-78,W @ Los Angeles Sparks 78-77
2013,2013-09-23,Washington Mystics,72,Atlanta Dream,80,-8.0,8.0,0,1,1421,3910,W,L,W vs. Washington Mystics 80-72,L @ Atlanta Dream 72-80
2013,2013-09-26,Indiana Fever,79,Atlanta Dream,84,-5.0,5.0,0,1,1422,3911,W,L,W vs. Indiana Fever 84-79,L @ Atlanta Dream 79-84
2013,2013-09-26,Phoenix Mercury,62,Minnesota Lynx,85,-23.0,23.0,0,1,1422,3912,W,L,W vs. Phoenix Mercury 85-62,L @ Minnesota Lynx 62-85
2013,2013-09-29,Atlanta Dream,67,Indiana Fever,53,14.0,-14.0,1,0,1423,3913,L,W,L vs. Atlanta Dream 53-67,W @ Indiana Fever 67-53
2013,2013-09-29,Minnesota Lynx,72,Phoenix Mercury,65,7.0,-7.0,1,0,1423,3914,L,W,L vs. Minnesota Lynx 65-72,W @ Phoenix Mercury 72-65
2013,2013-10-06,Atlanta Dream,59,Minnesota Lynx,84,-25.0,25.0,0,1,1424,3915,W,L,W vs. Atlanta Dream 84-59,L @ Minnesota Lynx 59-84
2013,2013-10-08,Atlanta Dream,63,Minnesota Lynx,88,-25.0,25.0,0,1,1425,3916,W,L,W vs. Atlanta Dream 88-63,L @ Minnesota Lynx 63-88
2013,2013-10-10,Minnesota Lynx,86,Atlanta Dream,77,9.0,-9.0,1,0,1426,3917,L,W,L vs. Minnesota Lynx 77-86,W @ Atlanta Dream 86-77
2014,2014-05-16,New York Liberty,75,Connecticut Sun,54,21.0,-21.0,1,0,1427,3918,L,W,L vs. New York Liberty 54-75,W @ Connecticut Sun 75-54
2014,2014-05-16,San Antonio Silver Stars,75,Atlanta Dream,79,-4.0,4.0,0,1,1427,3919,W,L,W vs. San Antonio Silver Stars 79-75,L @ Atlanta Dream 75-79
2014,2014-05-16,Minnesota Lynx,89,Washington Mystics,77,12.0,-12.0,1,0,1427,3920,L,W,L vs. Minnesota Lynx 77-89,W @ Washington Mystics 89-77
2014,2014-05-16,Indiana Fever,71,Chicago Sky,74,-3.0,3.0,0,1,1427,3921,W,L,W vs. Indiana Fever 74-71,L @ Chicago Sky 71-74
2014,2014-05-16,Los Angeles Sparks,80,Seattle Storm,69,11.0,-11.0,1,0,1427,3922,L,W,L vs. Los Angeles Sparks 69-80,W @ Seattle Storm 80-69
2014,2014-05-17,Atlanta Dream,90,Indiana Fever,88,2.0,-2.0,1,0,1428,3923,L,W,L vs. Atlanta Dream 88-90,W @ Indiana Fever 90-88
2014,2014-05-17,Chicago Sky,79,New York Liberty,65,14.0,-14.0,1,0,1428,3924,L,W,L vs. Chicago Sky 65-79,W @ New York Liberty 79-65
2014,2014-05-17,Tulsa Shock,76,San Antonio Silver Stars,80,-4.0,4.0,0,1,1428,3925,W,L,W vs. Tulsa Shock 80-76,L @ San Antonio Silver Stars 76-80
2014,2014-05-17,Seattle Storm,64,Phoenix Mercury,81,-17.0,17.0,0,1,1428,3926,W,L,W vs. Seattle Storm 81-64,L @ Phoenix Mercury 64-81
2014,2014-05-18,Connecticut Sun,87,Minnesota Lynx,90,-3.0,3.0,0,1,1429,3927,W,L,W vs. Connecticut Sun 90-87,L @ Minnesota Lynx 87-90
2014,2014-05-18,Phoenix Mercury,74,Los Angeles Sparks,69,5.0,-5.0,1,0,1429,3928,L,W,L vs. Phoenix Mercury 69-74,W @ Los Angeles Sparks 74-69
2014,2014-05-21,Connecticut Sun,68,Chicago Sky,78,-10.0,10.0,0,1,1430,3929,W,L,W vs. Connecticut Sun 78-68,L @ Chicago Sky 68-78
2014,2014-05-23,Washington Mystics,79,Indiana Fever,63,16.0,-16.0,1,0,1431,3930,L,W,L vs. Washington Mystics 63-79,W @ Indiana Fever 79-63
2014,2014-05-23,Minnesota Lynx,94,Tulsa Shock,93,1.0,-1.0,1,0,1431,3931,L,W,L vs. Minnesota Lynx 93-94,W @ Tulsa Shock 94-93
2014,2014-05-23,Seattle Storm,59,Connecticut Sun,71,-12.0,12.0,0,1,1431,3932,W,L,W vs. Seattle Storm 71-59,L @ Connecticut Sun 59-71
2014,2014-05-23,San Antonio Silver Stars,78,Phoenix Mercury,74,4.0,-4.0,1,0,1431,3933,L,W,L vs. San Antonio Silver Stars 74-78,W @ Phoenix Mercury 78-74
2014,2014-05-24,Seattle Storm,73,Washington Mystics,65,8.0,-8.0,1,0,1432,3934,L,W,L vs. Seattle Storm 65-73,W @ Washington Mystics 73-65
2014,2014-05-24,New York Liberty,82,Minnesota Lynx,87,-5.0,5.0,0,1,1432,3935,W,L,W vs. New York Liberty 87-82,L @ Minnesota Lynx 82-87
2014,2014-05-24,Atlanta Dream,73,Chicago Sky,87,-14.0,14.0,0,1,1432,3936,W,L,W vs. Atlanta Dream 87-73,L @ Chicago Sky 73-87
2014,2014-05-25,Indiana Fever,82,Atlanta Dream,77,5.0,-5.0,1,0,1433,3937,L,W,L vs. Indiana Fever 77-82,W @ Atlanta Dream 82-77
2014,2014-05-25,San Antonio Silver Stars,62,Los Angeles Sparks,83,-21.0,21.0,0,1,1433,3938,W,L,W vs. San Antonio Silver Stars 83-62,L @ Los Angeles Sparks 62-83
2014,2014-05-26,Minnesota Lynx,75,Chicago Sky,72,3.0,-3.0,1,0,1434,3939,L,W,L vs. Minnesota Lynx 72-75,W @ Chicago Sky 75-72
2014,2014-05-27,Seattle Storm,64,New York Liberty,70,-6.0,6.0,0,1,1435,3940,W,L,W vs. Seattle Storm 70-64,L @ New York Liberty 64-70
2014,2014-05-28,Tulsa Shock,79,San Antonio Silver Stars,82,-3.0,3.0,0,1,1436,3941,W,L,W vs. Tulsa Shock 82-79,L @ San Antonio Silver Stars 79-82
2014,2014-05-29,Connecticut Sun,65,Indiana Fever,79,-14.0,14.0,0,1,1437,3942,W,L,W vs. Connecticut Sun 79-65,L @ Indiana Fever 65-79
2014,2014-05-30,Connecticut Sun,82,Chicago Sky,101,-19.0,19.0,0,1,1438,3943,W,L,W vs. Connecticut Sun 101-82,L @ Chicago Sky 82-101
2014,2014-05-30,New York Liberty,60,Washington Mystics,68,-8.0,8.0,0,1,1438,3944,W,L,W vs. New York Liberty 68-60,L @ Washington Mystics 60-68
2014,2014-05-30,Tulsa Shock,78,Phoenix Mercury,100,-22.0,22.0,0,1,1438,3945,W,L,W vs. Tulsa Shock 100-78,L @ Phoenix Mercury 78-100
2014,2014-05-30,San Antonio Silver Stars,72,Minnesota Lynx,88,-16.0,16.0,0,1,1438,3946,W,L,W vs. San Antonio Silver Stars 88-72,L @ Minnesota Lynx 72-88
2014,2014-05-30,Seattle Storm,69,Atlanta Dream,80,-11.0,11.0,0,1,1438,3947,W,L,W vs. Seattle Storm 80-69,L @ Atlanta Dream 69-80
2014,2014-05-31,New York Liberty,66,Indiana Fever,70,-4.0,4.0,0,1,1439,3948,W,L,W vs. New York Liberty 70-66,L @ Indiana Fever 66-70
2014,2014-06-01,Minnesota Lynx,87,San Antonio Silver Stars,79,8.0,-8.0,1,0,1440,3949,L,W,L vs. Minnesota Lynx 79-87,W @ San Antonio Silver Stars 87-79
2014,2014-06-01,Atlanta Dream,76,Connecticut Sun,85,-9.0,9.0,0,1,1440,3950,W,L,W vs. Atlanta Dream 85-76,L @ Connecticut Sun 76-85
2014,2014-06-01,Tulsa Shock,60,Seattle Storm,62,-2.0,2.0,0,1,1440,3951,W,L,W vs. Tulsa Shock 62-60,L @ Seattle Storm 60-62
2014,2014-06-01,Los Angeles Sparks,84,Washington Mystics,92,-8.0,8.0,0,1,1440,3952,W,L,W vs. Los Angeles Sparks 92-84,L @ Washington Mystics 84-92
2014,2014-06-03,Los Angeles Sparks,85,Atlanta Dream,93,-8.0,8.0,0,1,1441,3953,W,L,W vs. Los Angeles Sparks 93-85,L @ Atlanta Dream 85-93
2014,2014-06-03,Seattle Storm,72,Phoenix Mercury,87,-15.0,15.0,0,1,1441,3954,W,L,W vs. Seattle Storm 87-72,L @ Phoenix Mercury 72-87
2014,2014-06-05,San Antonio Silver Stars,87,New York Liberty,75,12.0,-12.0,1,0,1442,3955,L,W,L vs. San Antonio Silver Stars 75-87,W @ New York Liberty 87-75
2014,2014-06-05,Washington Mystics,74,Connecticut Sun,66,8.0,-8.0,1,0,1442,3956,L,W,L vs. Washington Mystics 66-74,W @ Connecticut Sun 74-66
2014,2014-06-06,Indiana Fever,64,Washington Mystics,61,3.0,-3.0,1,0,1443,3957,L,W,L vs. Indiana Fever 61-64,W @ Washington Mystics 64-61
2014,2014-06-06,Los Angeles Sparks,102,Chicago Sky,88,14.0,-14.0,1,0,1443,3958,L,W,L vs. Los Angeles Sparks 88-102,W @ Chicago Sky 102-88
2014,2014-06-06,Phoenix Mercury,78,Tulsa Shock,94,-16.0,16.0,0,1,1443,3959,W,L,W vs. Phoenix Mercury 94-78,L @ Tulsa Shock 78-94
2014,2014-06-06,Minnesota Lynx,62,Seattle Storm,65,-3.0,3.0,0,1,1443,3960,W,L,W vs. Minnesota Lynx 65-62,L @ Seattle Storm 62-65
2014,2014-06-07,Chicago Sky,59,Atlanta Dream,97,-38.0,38.0,0,1,1444,3961,W,L,W vs. Chicago Sky 97-59,L @ Atlanta Dream 59-97
2014,2014-06-07,Indiana Fever,71,Connecticut Sun,88,-17.0,17.0,0,1,1444,3962,W,L,W vs. Indiana Fever 88-71,L @ Connecticut Sun 71-88
2014,2014-06-07,Phoenix Mercury,91,San Antonio Silver Stars,79,12.0,-12.0,1,0,1444,3963,L,W,L vs. Phoenix Mercury 79-91,W @ San Antonio Silver Stars 91-79
2014,2014-06-08,Washington Mystics,64,New York Liberty,81,-17.0,17.0,0,1,1445,3964,W,L,W vs. Washington Mystics 81-64,L @ New York Liberty 64-81
2014,2014-06-08,Minnesota Lynx,85,Los Angeles Sparks,72,13.0,-13.0,1,0,1445,3965,L,W,L vs. Minnesota Lynx 72-85,W @ Los Angeles Sparks 85-72
2014,2014-06-10,Seattle Storm,80,Chicago Sky,76,4.0,-4.0,1,0,1446,3966,L,W,L vs. Seattle Storm 76-80,W @ Chicago Sky 80-76
2014,2014-06-10,New York Liberty,57,Tulsa Shock,72,-15.0,15.0,0,1,1446,3967,W,L,W vs. New York Liberty 72-57,L @ Tulsa Shock 57-72
2014,2014-06-10,Phoenix Mercury,81,Washington Mystics,66,15.0,-15.0,1,0,1446,3968,L,W,L vs. Phoenix Mercury 66-81,W @ Washington Mystics 81-66
2014,2014-06-11,Seattle Storm,68,Indiana Fever,76,-8.0,8.0,0,1,1447,3969,W,L,W vs. Seattle Storm 76-68,L @ Indiana Fever 68-76
2014,2014-06-12,Phoenix Mercury,95,Connecticut Sun,96,-1.0,1.0,0,1,1448,3970,W,L,W vs. Phoenix Mercury 96-95,L @ Connecticut Sun 95-96
2014,2014-06-13,Chicago Sky,68,Washington Mystics,79,-11.0,11.0,0,1,1449,3971,W,L,W vs. Chicago Sky 79-68,L @ Washington Mystics 68-79
2014,2014-06-13,Los Angeles Sparks,67,Tulsa Shock,69,-2.0,2.0,0,1,1449,3972,W,L,W vs. Los Angeles Sparks 69-67,L @ Tulsa Shock 67-69
2014,2014-06-13,Seattle Storm,79,San Antonio Silver Stars,72,7.0,-7.0,1,0,1449,3973,L,W,L vs. Seattle Storm 72-79,W @ San Antonio Silver Stars 79-72
2014,2014-06-13,Connecticut Sun,83,New York Liberty,75,8.0,-8.0,1,0,1449,3974,L,W,L vs. Connecticut Sun 75-83,W @ New York Liberty 83-75
2014,2014-06-13,Minnesota Lynx,82,Atlanta Dream,85,-3.0,3.0,0,1,1449,3975,W,L,W vs. Minnesota Lynx 85-82,L @ Atlanta Dream 82-85
2014,2014-06-14,Los Angeles Sparks,74,San Antonio Silver Stars,101,-27.0,27.0,0,1,1450,3976,W,L,W vs. Los Angeles Sparks 101-74,L @ San Antonio Silver Stars 74-101
2014,2014-06-15,Phoenix Mercury,80,Minnesota Lynx,72,8.0,-8.0,1,0,1451,3977,L,W,L vs. Phoenix Mercury 72-80,W @ Minnesota Lynx 80-72
2014,2014-06-15,New York Liberty,72,Connecticut Sun,76,-4.0,4.0,0,1,1451,3978,W,L,W vs. New York Liberty 76-72,L @ Connecticut Sun 72-76
2014,2014-06-15,Atlanta Dream,75,Washington Mystics,67,8.0,-8.0,1,0,1451,3979,L,W,L vs. Atlanta Dream 67-75,W @ Washington Mystics 75-67
2014,2014-06-15,Seattle Storm,79,Tulsa Shock,85,-6.0,6.0,0,1,1451,3980,W,L,W vs. Seattle Storm 85-79,L @ Tulsa Shock 79-85
2014,2014-06-17,Indiana Fever,67,Connecticut Sun,89,-22.0,22.0,0,1,1452,3981,W,L,W vs. Indiana Fever 89-67,L @ Connecticut Sun 67-89
2014,2014-06-17,Minnesota Lynx,94,Los Angeles Sparks,77,17.0,-17.0,1,0,1452,3982,L,W,L vs. Minnesota Lynx 77-94,W @ Los Angeles Sparks 94-77
2014,2014-06-18,New York Liberty,100,Chicago Sky,105,-5.0,5.0,0,1,1453,3983,W,L,W vs. New York Liberty 105-100,L @ Chicago Sky 100-105
2014,2014-06-18,Minnesota Lynx,79,Phoenix Mercury,92,-13.0,13.0,0,1,1453,3984,W,L,W vs. Minnesota Lynx 92-79,L @ Phoenix Mercury 79-92
2014,2014-06-18,Washington Mystics,73,Atlanta Dream,83,-10.0,10.0,0,1,1453,3985,W,L,W vs. Washington Mystics 83-73,L @ Atlanta Dream 73-83
2014,2014-06-19,San Antonio Silver Stars,87,Seattle Storm,82,5.0,-5.0,1,0,1454,3986,L,W,L vs. San Antonio Silver Stars 82-87,W @ Seattle Storm 87-82
2014,2014-06-19,Tulsa Shock,77,Los Angeles Sparks,87,-10.0,10.0,0,1,1454,3987,W,L,W vs. Tulsa Shock 87-77,L @ Los Angeles Sparks 77-87
2014,2014-06-20,Indiana Fever,83,Chicago Sky,75,8.0,-8.0,1,0,1455,3988,L,W,L vs. Indiana Fever 75-83,W @ Chicago Sky 83-75
2014,2014-06-20,Tulsa Shock,80,Phoenix Mercury,91,-11.0,11.0,0,1,1455,3989,W,L,W vs. Tulsa Shock 91-80,L @ Phoenix Mercury 80-91
2014,2014-06-20,Washington Mystics,65,Minnesota Lynx,75,-10.0,10.0,0,1,1455,3990,W,L,W vs. Washington Mystics 75-65,L @ Minnesota Lynx 65-75
2014,2014-06-20,New York Liberty,64,Atlanta Dream,85,-21.0,21.0,0,1,1455,3991,W,L,W vs. New York Liberty 85-64,L @ Atlanta Dream 64-85
2014,2014-06-22,Indiana Fever,77,Minnesota Lynx,83,-6.0,6.0,0,1,1456,3992,W,L,W vs. Indiana Fever 83-77,L @ Minnesota Lynx 77-83
2014,2014-06-22,Atlanta Dream,78,New York Liberty,85,-7.0,7.0,0,1,1456,3993,W,L,W vs. Atlanta Dream 85-78,L @ New York Liberty 78-85
2014,2014-06-22,Tulsa Shock,105,Chicago Sky,99,6.0,-6.0,1,0,1456,3994,L,W,L vs. Tulsa Shock 99-105,W @ Chicago Sky 105-99
2014,2014-06-22,San Antonio Silver Stars,72,Los Angeles Sparks,69,3.0,-3.0,1,0,1456,3995,L,W,L vs. San Antonio Silver Stars 69-72,W @ Los Angeles Sparks 72-69
2014,2014-06-22,Washington Mystics,86,Seattle Storm,89,-3.0,3.0,0,1,1456,3996,W,L,W vs. Washington Mystics 89-86,L @ Seattle Storm 86-89
2014,2014-06-24,Seattle Storm,57,Los Angeles Sparks,65,-8.0,8.0,0,1,1457,3997,W,L,W vs. Seattle Storm 65-57,L @ Los Angeles Sparks 57-65
2014,2014-06-24,Washington Mystics,81,San Antonio Silver Stars,70,11.0,-11.0,1,0,1457,3998,L,W,L vs. Washington Mystics 70-81,W @ San Antonio Silver Stars 81-70
2014,2014-06-25,Tulsa Shock,107,Indiana Fever,102,5.0,-5.0,1,0,1458,3999,L,W,L vs. Tulsa Shock 102-107,W @ Indiana Fever 107-102
2014,2014-06-25,Chicago Sky,69,Connecticut Sun,79,-10.0,10.0,0,1,1458,4000,W,L,W vs. Chicago Sky 79-69,L @ Connecticut Sun 69-79
2014,2014-06-26,Atlanta Dream,81,San Antonio Silver Stars,79,2.0,-2.0,1,0,1459,4001,L,W,L vs. Atlanta Dream 79-81,W @ San Antonio Silver Stars 81-79
2014,2014-06-27,Phoenix Mercury,81,Indiana Fever,76,5.0,-5.0,1,0,1460,4002,L,W,L vs. Phoenix Mercury 76-81,W @ Indiana Fever 81-76
2014,2014-06-27,Minnesota Lynx,71,Seattle Storm,81,-10.0,10.0,0,1,1460,4003,W,L,W vs. Minnesota Lynx 81-71,L @ Seattle Storm 71-81
2014,2014-06-27,Chicago Sky,73,New York Liberty,69,4.0,-4.0,1,0,1460,4004,L,W,L vs. Chicago Sky 69-73,W @ New York Liberty 73-69
2014,2014-06-27,Connecticut Sun,63,Washington Mystics,69,-6.0,6.0,0,1,1460,4005,W,L,W vs. Connecticut Sun 69-63,L @ Washington Mystics 63-69
2014,2014-06-28,Los Angeles Sparks,92,Tulsa Shock,89,3.0,-3.0,1,0,1461,4006,L,W,L vs. Los Angeles Sparks 89-92,W @ Tulsa Shock 92-89
2014,2014-06-29,Connecticut Sun,65,New York Liberty,67,-2.0,2.0,0,1,1462,4007,W,L,W vs. Connecticut Sun 67-65,L @ New York Liberty 65-67
2014,2014-06-29,San Antonio Silver Stars,73,Washington Mystics,65,8.0,-8.0,1,0,1462,4008,L,W,L vs. San Antonio Silver Stars 65-73,W @ Washington Mystics 73-65
2014,2014-06-29,Atlanta Dream,76,Indiana Fever,68,8.0,-8.0,1,0,1462,4009,L,W,L vs. Atlanta Dream 68-76,W @ Indiana Fever 76-68
2014,2014-06-29,Seattle Storm,69,Minnesota Lynx,74,-5.0,5.0,0,1,1462,4010,W,L,W vs. Seattle Storm 74-69,L @ Minnesota Lynx 69-74
2014,2014-06-29,Phoenix Mercury,80,Tulsa Shock,77,3.0,-3.0,1,0,1462,4011,L,W,L vs. Phoenix Mercury 77-80,W @ Tulsa Shock 80-77
2014,2014-07-01,Indiana Fever,77,Atlanta Dream,70,7.0,-7.0,1,0,1463,4012,L,W,L vs. Indiana Fever 70-77,W @ Atlanta Dream 77-70
2014,2014-07-01,Tulsa Shock,74,New York Liberty,90,-16.0,16.0,0,1,1463,4013,W,L,W vs. Tulsa Shock 90-74,L @ New York Liberty 74-90
2014,2014-07-01,San Antonio Silver Stars,74,Connecticut Sun,71,3.0,-3.0,1,0,1463,4014,L,W,L vs. San Antonio Silver Stars 71-74,W @ Connecticut Sun 74-71
2014,2014-07-01,Chicago Sky,90,Los Angeles Sparks,83,7.0,-7.0,1,0,1463,4015,L,W,L vs. Chicago Sky 83-90,W @ Los Angeles Sparks 90-83
2014,2014-07-02,Indiana Fever,80,Washington Mystics,77,3.0,-3.0,1,0,1464,4016,L,W,L vs. Indiana Fever 77-80,W @ Washington Mystics 80-77
2014,2014-07-02,Chicago Sky,69,Phoenix Mercury,87,-18.0,18.0,0,1,1464,4017,W,L,W vs. Chicago Sky 87-69,L @ Phoenix Mercury 69-87
2014,2014-07-03,Los Angeles Sparks,70,Seattle Storm,56,14.0,-14.0,1,0,1465,4018,L,W,L vs. Los Angeles Sparks 56-70,W @ Seattle Storm 70-56
2014,2014-07-03,Tulsa Shock,96,Connecticut Sun,83,13.0,-13.0,1,0,1465,4019,L,W,L vs. Tulsa Shock 83-96,W @ Connecticut Sun 96-83
2014,2014-07-03,San Antonio Silver Stars,84,Minnesota Lynx,91,-7.0,7.0,0,1,1465,4020,W,L,W vs. San Antonio Silver Stars 91-84,L @ Minnesota Lynx 84-91
2014,2014-07-05,Chicago Sky,73,Seattle Storm,80,-7.0,7.0,0,1,1466,4021,W,L,W vs. Chicago Sky 80-73,L @ Seattle Storm 73-80
2014,2014-07-05,San Antonio Silver Stars,71,Indiana Fever,70,1.0,-1.0,1,0,1466,4022,L,W,L vs. San Antonio Silver Stars 70-71,W @ Indiana Fever 71-70
2014,2014-07-05,Connecticut Sun,78,Tulsa Shock,76,2.0,-2.0,1,0,1466,4023,L,W,L vs. Connecticut Sun 76-78,W @ Tulsa Shock 78-76
2014,2014-07-05,Washington Mystics,73,Atlanta Dream,86,-13.0,13.0,0,1,1466,4024,W,L,W vs. Washington Mystics 86-73,L @ Atlanta Dream 73-86
2014,2014-07-06,Phoenix Mercury,94,Los Angeles Sparks,89,5.0,-5.0,1,0,1467,4025,L,W,L vs. Phoenix Mercury 89-94,W @ Los Angeles Sparks 94-89
2014,2014-07-06,Minnesota Lynx,80,New York Liberty,87,-7.0,7.0,0,1,1467,4026,W,L,W vs. Minnesota Lynx 87-80,L @ New York Liberty 80-87
2014,2014-07-08,Los Angeles Sparks,72,Minnesota Lynx,83,-11.0,11.0,0,1,1468,4027,W,L,W vs. Los Angeles Sparks 83-72,L @ Minnesota Lynx 72-83
2014,2014-07-08,Indiana Fever,78,Tulsa Shock,76,2.0,-2.0,1,0,1468,4028,L,W,L vs. Indiana Fever 76-78,W @ Tulsa Shock 78-76
2014,2014-07-08,Connecticut Sun,71,Atlanta Dream,83,-12.0,12.0,0,1,1468,4029,W,L,W vs. Connecticut Sun 83-71,L @ Atlanta Dream 71-83
2014,2014-07-09,Seattle Storm,58,Phoenix Mercury,78,-20.0,20.0,0,1,1469,4030,W,L,W vs. Seattle Storm 78-58,L @ Phoenix Mercury 58-78
2014,2014-07-09,Washington Mystics,72,Chicago Sky,65,7.0,-7.0,1,0,1469,4031,L,W,L vs. Washington Mystics 65-72,W @ Chicago Sky 72-65
2014,2014-07-09,New York Liberty,66,San Antonio Silver Stars,80,-14.0,14.0,0,1,1469,4032,W,L,W vs. New York Liberty 80-66,L @ San Antonio Silver Stars 66-80
2014,2014-07-10,Connecticut Sun,68,Indiana Fever,72,-4.0,4.0,0,1,1470,4033,W,L,W vs. Connecticut Sun 72-68,L @ Indiana Fever 68-72
2014,2014-07-10,Minnesota Lynx,91,Tulsa Shock,85,6.0,-6.0,1,0,1470,4034,L,W,L vs. Minnesota Lynx 85-91,W @ Tulsa Shock 91-85
2014,2014-07-11,Phoenix Mercury,72,Chicago Sky,66,6.0,-6.0,1,0,1471,4035,L,W,L vs. Phoenix Mercury 66-72,W @ Chicago Sky 72-66
2014,2014-07-11,Seattle Storm,88,San Antonio Silver Stars,67,21.0,-21.0,1,0,1471,4036,L,W,L vs. Seattle Storm 67-88,W @ San Antonio Silver Stars 88-67
2014,2014-07-11,Los Angeles Sparks,68,New York Liberty,54,14.0,-14.0,1,0,1471,4037,L,W,L vs. Los Angeles Sparks 54-68,W @ New York Liberty 68-54
2014,2014-07-12,Atlanta Dream,93,Indiana Fever,74,19.0,-19.0,1,0,1472,4038,L,W,L vs. Atlanta Dream 74-93,W @ Indiana Fever 93-74
2014,2014-07-12,Washington Mystics,91,Tulsa Shock,74,17.0,-17.0,1,0,1472,4039,L,W,L vs. Washington Mystics 74-91,W @ Tulsa Shock 91-74
2014,2014-07-13,San Antonio Silver Stars,61,Phoenix Mercury,90,-29.0,29.0,0,1,1473,4040,W,L,W vs. San Antonio Silver Stars 90-61,L @ Phoenix Mercury 61-90
2014,2014-07-13,Los Angeles Sparks,90,Connecticut Sun,64,26.0,-26.0,1,0,1473,4041,L,W,L vs. Los Angeles Sparks 64-90,W @ Connecticut Sun 90-64
2014,2014-07-13,Seattle Storm,60,Minnesota Lynx,77,-17.0,17.0,0,1,1473,4042,W,L,W vs. Seattle Storm 77-60,L @ Minnesota Lynx 60-77
2014,2014-07-13,Chicago Sky,79,Atlanta Dream,81,-2.0,2.0,0,1,1473,4043,W,L,W vs. Chicago Sky 81-79,L @ Atlanta Dream 79-81
2014,2014-07-15,Los Angeles Sparks,86,Indiana Fever,78,8.0,-8.0,1,0,1474,4044,L,W,L vs. Los Angeles Sparks 78-86,W @ Indiana Fever 86-78
2014,2014-07-15,Connecticut Sun,86,Seattle Storm,63,23.0,-23.0,1,0,1474,4045,L,W,L vs. Connecticut Sun 63-86,W @ Seattle Storm 86-63
2014,2014-07-15,Washington Mystics,78,Phoenix Mercury,90,-12.0,12.0,0,1,1474,4046,W,L,W vs. Washington Mystics 90-78,L @ Phoenix Mercury 78-90
2014,2014-07-16,Tulsa Shock,82,Minnesota Lynx,93,-11.0,11.0,0,1,1475,4047,W,L,W vs. Tulsa Shock 93-82,L @ Minnesota Lynx 82-93
2014,2014-07-16,Atlanta Dream,75,New York Liberty,77,-2.0,2.0,0,1,1475,4048,W,L,W vs. Atlanta Dream 77-75,L @ New York Liberty 75-77
2014,2014-07-17,San Antonio Silver Stars,90,Tulsa Shock,95,-5.0,5.0,0,1,1476,4049,W,L,W vs. San Antonio Silver Stars 95-90,L @ Tulsa Shock 90-95
2014,2014-07-17,Chicago Sky,64,Indiana Fever,82,-18.0,18.0,0,1,1476,4050,W,L,W vs. Chicago Sky 82-64,L @ Indiana Fever 64-82
2014,2014-07-17,Connecticut Sun,85,Phoenix Mercury,101,-16.0,16.0,0,1,1476,4051,W,L,W vs. Connecticut Sun 101-85,L @ Phoenix Mercury 85-101
2014,2014-07-17,Washington Mystics,79,Los Angeles Sparks,75,4.0,-4.0,1,0,1476,4052,L,W,L vs. Washington Mystics 75-79,W @ Los Angeles Sparks 79-75
2014,2014-07-22,Phoenix Mercury,89,Seattle Storm,71,18.0,-18.0,1,0,1477,4053,L,W,L vs. Phoenix Mercury 71-89,W @ Seattle Storm 89-71
2014,2014-07-22,Tulsa Shock,93,San Antonio Silver Stars,95,-2.0,2.0,0,1,1477,4054,W,L,W vs. Tulsa Shock 95-93,L @ San Antonio Silver Stars 93-95
2014,2014-07-22,Indiana Fever,57,Chicago Sky,60,-3.0,3.0,0,1,1477,4055,W,L,W vs. Indiana Fever 60-57,L @ Chicago Sky 57-60
2014,2014-07-22,Atlanta Dream,108,Minnesota Lynx,112,-4.0,4.0,0,1,1477,4056,W,L,W vs. Atlanta Dream 112-108,L @ Minnesota Lynx 108-112
2014,2014-07-23,New York Liberty,66,Los Angeles Sparks,64,2.0,-2.0,1,0,1478,4057,L,W,L vs. New York Liberty 64-66,W @ Los Angeles Sparks 66-64
2014,2014-07-23,Connecticut Sun,75,Washington Mystics,89,-14.0,14.0,0,1,1478,4058,W,L,W vs. Connecticut Sun 89-75,L @ Washington Mystics 75-89
2014,2014-07-24,New York Liberty,84,Seattle Storm,80,4.0,-4.0,1,0,1479,4059,L,W,L vs. New York Liberty 80-84,W @ Seattle Storm 84-80
2014,2014-07-24,Phoenix Mercury,93,Los Angeles Sparks,73,20.0,-20.0,1,0,1479,4060,L,W,L vs. Phoenix Mercury 73-93,W @ Los Angeles Sparks 93-73
2014,2014-07-25,Chicago Sky,79,Atlanta Dream,75,4.0,-4.0,1,0,1480,4061,L,W,L vs. Chicago Sky 75-79,W @ Atlanta Dream 79-75
2014,2014-07-25,Tulsa Shock,77,Washington Mystics,82,-5.0,5.0,0,1,1480,4062,W,L,W vs. Tulsa Shock 82-77,L @ Washington Mystics 77-82
2014,2014-07-25,San Antonio Silver Stars,78,Minnesota Lynx,88,-10.0,10.0,0,1,1480,4063,W,L,W vs. San Antonio Silver Stars 88-78,L @ Minnesota Lynx 78-88
2014,2014-07-26,New York Liberty,63,Phoenix Mercury,78,-15.0,15.0,0,1,1481,4064,W,L,W vs. New York Liberty 78-63,L @ Phoenix Mercury 63-78
2014,2014-07-26,Indiana Fever,75,San Antonio Silver Stars,68,7.0,-7.0,1,0,1481,4065,L,W,L vs. Indiana Fever 68-75,W @ San Antonio Silver Stars 75-68
2014,2014-07-26,Los Angeles Sparks,77,Seattle Storm,69,8.0,-8.0,1,0,1481,4066,L,W,L vs. Los Angeles Sparks 69-77,W @ Seattle Storm 77-69
2014,2014-07-27,Minnesota Lynx,76,Connecticut Sun,65,11.0,-11.0,1,0,1482,4067,L,W,L vs. Minnesota Lynx 65-76,W @ Connecticut Sun 76-65
2014,2014-07-27,Chicago Sky,69,Tulsa Shock,79,-10.0,10.0,0,1,1482,4068,W,L,W vs. Chicago Sky 79-69,L @ Tulsa Shock 69-79
2014,2014-07-27,Atlanta Dream,67,Washington Mystics,77,-10.0,10.0,0,1,1482,4069,W,L,W vs. Atlanta Dream 77-67,L @ Washington Mystics 67-77
2014,2014-07-28,Indiana Fever,73,Los Angeles Sparks,77,-4.0,4.0,0,1,1483,4070,W,L,W vs. Indiana Fever 77-73,L @ Los Angeles Sparks 73-77
2014,2014-07-29,Washington Mystics,76,New York Liberty,80,-4.0,4.0,0,1,1484,4071,W,L,W vs. Washington Mystics 80-76,L @ New York Liberty 76-80
2014,2014-07-29,Los Angeles Sparks,69,Phoenix Mercury,90,-21.0,21.0,0,1,1484,4072,W,L,W vs. Los Angeles Sparks 90-69,L @ Phoenix Mercury 69-90
2014,2014-07-29,Chicago Sky,74,San Antonio Silver Stars,92,-18.0,18.0,0,1,1484,4073,W,L,W vs. Chicago Sky 92-74,L @ San Antonio Silver Stars 74-92
2014,2014-07-29,Seattle Storm,74,Tulsa Shock,80,-6.0,6.0,0,1,1484,4074,W,L,W vs. Seattle Storm 80-74,L @ Tulsa Shock 74-80
2014,2014-07-29,Connecticut Sun,80,Atlanta Dream,89,-9.0,9.0,0,1,1484,4075,W,L,W vs. Connecticut Sun 89-80,L @ Atlanta Dream 80-89
2014,2014-07-31,Atlanta Dream,85,Tulsa Shock,75,10.0,-10.0,1,0,1485,4076,L,W,L vs. Atlanta Dream 75-85,W @ Tulsa Shock 85-75
2014,2014-07-31,New York Liberty,74,Chicago Sky,87,-13.0,13.0,0,1,1485,4077,W,L,W vs. New York Liberty 87-74,L @ Chicago Sky 74-87
2014,2014-07-31,Indiana Fever,76,Seattle Storm,67,9.0,-9.0,1,0,1485,4078,L,W,L vs. Indiana Fever 67-76,W @ Seattle Storm 76-67
2014,2014-07-31,Phoenix Mercury,67,Minnesota Lynx,75,-8.0,8.0,0,1,1485,4079,W,L,W vs. Phoenix Mercury 75-67,L @ Minnesota Lynx 67-75
2014,2014-08-01,Connecticut Sun,89,San Antonio Silver Stars,79,10.0,-10.0,1,0,1486,4080,L,W,L vs. Connecticut Sun 79-89,W @ San Antonio Silver Stars 89-79
2014,2014-08-02,Indiana Fever,69,Phoenix Mercury,79,-10.0,10.0,0,1,1487,4081,W,L,W vs. Indiana Fever 79-69,L @ Phoenix Mercury 69-79
2014,2014-08-02,Minnesota Lynx,84,Tulsa Shock,75,9.0,-9.0,1,0,1487,4082,L,W,L vs. Minnesota Lynx 75-84,W @ Tulsa Shock 84-75
2014,2014-08-03,Washington Mystics,65,Chicago Sky,76,-11.0,11.0,0,1,1488,4083,W,L,W vs. Washington Mystics 76-65,L @ Chicago Sky 65-76
2014,2014-08-03,New York Liberty,83,Atlanta Dream,76,7.0,-7.0,1,0,1488,4084,L,W,L vs. New York Liberty 76-83,W @ Atlanta Dream 83-76
2014,2014-08-03,San Antonio Silver Stars,65,Seattle Storm,71,-6.0,6.0,0,1,1488,4085,W,L,W vs. San Antonio Silver Stars 71-65,L @ Seattle Storm 65-71
2014,2014-08-03,Connecticut Sun,69,Los Angeles Sparks,70,-1.0,1.0,0,1,1488,4086,W,L,W vs. Connecticut Sun 70-69,L @ Los Angeles Sparks 69-70
2014,2014-08-05,New York Liberty,46,Washington Mystics,79,-33.0,33.0,0,1,1489,4087,W,L,W vs. New York Liberty 79-46,L @ Washington Mystics 46-79
2014,2014-08-05,Minnesota Lynx,66,Indiana Fever,64,2.0,-2.0,1,0,1489,4088,L,W,L vs. Minnesota Lynx 64-66,W @ Indiana Fever 66-64
2014,2014-08-05,Chicago Sky,82,Connecticut Sun,66,16.0,-16.0,1,0,1489,4089,L,W,L vs. Chicago Sky 66-82,W @ Connecticut Sun 82-66
2014,2014-08-05,Tulsa Shock,96,Los Angeles Sparks,90,6.0,-6.0,1,0,1489,4090,L,W,L vs. Tulsa Shock 90-96,W @ Los Angeles Sparks 96-90
2014,2014-08-05,Atlanta Dream,67,Phoenix Mercury,75,-8.0,8.0,0,1,1489,4091,W,L,W vs. Atlanta Dream 75-67,L @ Phoenix Mercury 67-75
2014,2014-08-07,Atlanta Dream,68,Seattle Storm,88,-20.0,20.0,0,1,1490,4092,W,L,W vs. Atlanta Dream 88-68,L @ Seattle Storm 68-88
2014,2014-08-07,Phoenix Mercury,78,San Antonio Silver Stars,73,5.0,-5.0,1,0,1490,4093,L,W,L vs. Phoenix Mercury 73-78,W @ San Antonio Silver Stars 78-73
2014,2014-08-07,Chicago Sky,64,Minnesota Lynx,74,-10.0,10.0,0,1,1490,4094,W,L,W vs. Chicago Sky 74-64,L @ Minnesota Lynx 64-74
2014,2014-08-08,Washington Mystics,74,Indiana Fever,61,13.0,-13.0,1,0,1491,4095,L,W,L vs. Washington Mystics 61-74,W @ Indiana Fever 74-61
2014,2014-08-08,Atlanta Dream,77,Los Angeles Sparks,80,-3.0,3.0,0,1,1491,4096,W,L,W vs. Atlanta Dream 80-77,L @ Los Angeles Sparks 77-80
2014,2014-08-08,San Antonio Silver Stars,62,Tulsa Shock,79,-17.0,17.0,0,1,1491,4097,W,L,W vs. San Antonio Silver Stars 79-62,L @ Tulsa Shock 62-79
2014,2014-08-08,Connecticut Sun,66,New York Liberty,71,-5.0,5.0,0,1,1491,4098,W,L,W vs. Connecticut Sun 71-66,L @ New York Liberty 66-71
2014,2014-08-09,Minnesota Lynx,80,Phoenix Mercury,82,-2.0,2.0,0,1,1492,4099,W,L,W vs. Minnesota Lynx 82-80,L @ Phoenix Mercury 80-82
2014,2014-08-10,Los Angeles Sparks,76,San Antonio Silver Stars,82,-6.0,6.0,0,1,1493,4100,W,L,W vs. Los Angeles Sparks 82-76,L @ San Antonio Silver Stars 76-82
2014,2014-08-10,Atlanta Dream,69,Chicago Sky,80,-11.0,11.0,0,1,1493,4101,W,L,W vs. Atlanta Dream 80-69,L @ Chicago Sky 69-80
2014,2014-08-10,Indiana Fever,90,New York Liberty,76,14.0,-14.0,1,0,1493,4102,L,W,L vs. Indiana Fever 76-90,W @ New York Liberty 90-76
2014,2014-08-10,Tulsa Shock,68,Seattle Storm,74,-6.0,6.0,0,1,1493,4103,W,L,W vs. Tulsa Shock 74-68,L @ Seattle Storm 68-74
2014,2014-08-10,Washington Mystics,81,Connecticut Sun,89,-8.0,8.0,0,1,1493,4104,W,L,W vs. Washington Mystics 89-81,L @ Connecticut Sun 81-89
2014,2014-08-12,Phoenix Mercury,76,New York Liberty,64,12.0,-12.0,1,0,1494,4105,L,W,L vs. Phoenix Mercury 64-76,W @ New York Liberty 76-64
2014,2014-08-12,Los Angeles Sparks,71,Minnesota Lynx,63,8.0,-8.0,1,0,1494,4106,L,W,L vs. Los Angeles Sparks 63-71,W @ Minnesota Lynx 71-63
2014,2014-08-13,Chicago Sky,72,Washington Mystics,69,3.0,-3.0,1,0,1495,4107,L,W,L vs. Chicago Sky 69-72,W @ Washington Mystics 72-69
2014,2014-08-13,Phoenix Mercury,82,Atlanta Dream,96,-14.0,14.0,0,1,1495,4108,W,L,W vs. Phoenix Mercury 96-82,L @ Atlanta Dream 82-96
2014,2014-08-14,New York Liberty,63,Indiana Fever,76,-13.0,13.0,0,1,1496,4109,W,L,W vs. New York Liberty 76-63,L @ Indiana Fever 63-76
2014,2014-08-15,Washington Mystics,71,Connecticut Sun,67,4.0,-4.0,1,0,1497,4110,L,W,L vs. Washington Mystics 67-71,W @ Connecticut Sun 71-67
2014,2014-08-15,Tulsa Shock,76,Atlanta Dream,92,-16.0,16.0,0,1,1497,4111,W,L,W vs. Tulsa Shock 92-76,L @ Atlanta Dream 76-92
2014,2014-08-15,Seattle Storm,65,Los Angeles Sparks,77,-12.0,12.0,0,1,1497,4112,W,L,W vs. Seattle Storm 77-65,L @ Los Angeles Sparks 65-77
2014,2014-08-15,Minnesota Lynx,76,San Antonio Silver Stars,92,-16.0,16.0,0,1,1497,4113,W,L,W vs. Minnesota Lynx 92-76,L @ San Antonio Silver Stars 76-92
2014,2014-08-16,Los Angeles Sparks,69,Phoenix Mercury,76,-7.0,7.0,0,1,1498,4114,W,L,W vs. Los Angeles Sparks 76-69,L @ Phoenix Mercury 69-76
2014,2014-08-16,Chicago Sky,67,Indiana Fever,71,-4.0,4.0,0,1,1498,4115,W,L,W vs. Chicago Sky 71-67,L @ Indiana Fever 67-71
2014,2014-08-16,Tulsa Shock,63,Minnesota Lynx,80,-17.0,17.0,0,1,1498,4116,W,L,W vs. Tulsa Shock 80-63,L @ Minnesota Lynx 63-80
2014,2014-08-16,New York Liberty,73,Washington Mystics,61,12.0,-12.0,1,0,1498,4117,L,W,L vs. New York Liberty 61-73,W @ Washington Mystics 73-61
2014,2014-08-17,Phoenix Mercury,78,Seattle Storm,65,13.0,-13.0,1,0,1499,4118,L,W,L vs. Phoenix Mercury 65-78,W @ Seattle Storm 78-65
2014,2014-08-17,San Antonio Silver Stars,84,Chicago Sky,72,12.0,-12.0,1,0,1499,4119,L,W,L vs. San Antonio Silver Stars 72-84,W @ Chicago Sky 84-72
2014,2014-08-17,Indiana Fever,61,New York Liberty,73,-12.0,12.0,0,1,1499,4120,W,L,W vs. Indiana Fever 73-61,L @ New York Liberty 61-73
2014,2014-08-17,Atlanta Dream,55,Connecticut Sun,84,-29.0,29.0,0,1,1499,4121,W,L,W vs. Atlanta Dream 84-55,L @ Connecticut Sun 55-84
2014,2014-08-21,Washington Mystics,73,Indiana Fever,78,-5.0,5.0,0,1,1500,4122,W,L,W vs. Washington Mystics 78-73,L @ Indiana Fever 73-78
2014,2014-08-21,San Antonio Silver Stars,84,Minnesota Lynx,88,-4.0,4.0,0,1,1500,4123,W,L,W vs. San Antonio Silver Stars 88-84,L @ Minnesota Lynx 84-88
2014,2014-08-22,Chicago Sky,80,Atlanta Dream,77,3.0,-3.0,1,0,1501,4124,L,W,L vs. Chicago Sky 77-80,W @ Atlanta Dream 80-77
2014,2014-08-22,Los Angeles Sparks,72,Phoenix Mercury,75,-3.0,3.0,0,1,1501,4125,W,L,W vs. Los Angeles Sparks 75-72,L @ Phoenix Mercury 72-75
2014,2014-08-23,Minnesota Lynx,94,San Antonio Silver Stars,89,5.0,-5.0,1,0,1502,4126,L,W,L vs. Minnesota Lynx 89-94,W @ San Antonio Silver Stars 94-89
2014,2014-08-23,Indiana Fever,81,Washington Mystics,76,5.0,-5.0,1,0,1502,4127,L,W,L vs. Indiana Fever 76-81,W @ Washington Mystics 81-76
2014,2014-08-24,Phoenix Mercury,93,Los Angeles Sparks,68,25.0,-25.0,1,0,1503,4128,L,W,L vs. Phoenix Mercury 68-93,W @ Los Angeles Sparks 93-68
2014,2014-08-24,Atlanta Dream,92,Chicago Sky,83,9.0,-9.0,1,0,1503,4129,L,W,L vs. Atlanta Dream 83-92,W @ Chicago Sky 92-83
2014,2014-08-26,Chicago Sky,81,Atlanta Dream,80,1.0,-1.0,1,0,1504,4130,L,W,L vs. Chicago Sky 80-81,W @ Atlanta Dream 81-80
2014,2014-08-29,Minnesota Lynx,71,Phoenix Mercury,85,-14.0,14.0,0,1,1505,4131,W,L,W vs. Minnesota Lynx 85-71,L @ Phoenix Mercury 71-85
2014,2014-08-30,Chicago Sky,70,Indiana Fever,77,-7.0,7.0,0,1,1506,4132,W,L,W vs. Chicago Sky 77-70,L @ Indiana Fever 70-77
2014,2014-08-31,Phoenix Mercury,77,Minnesota Lynx,82,-5.0,5.0,0,1,1507,4133,W,L,W vs. Phoenix Mercury 82-77,L @ Minnesota Lynx 77-82
2014,2014-09-01,Indiana Fever,84,Chicago Sky,86,-2.0,2.0,0,1,1508,4134,W,L,W vs. Indiana Fever 86-84,L @ Chicago Sky 84-86
2014,2014-09-02,Minnesota Lynx,78,Phoenix Mercury,96,-18.0,18.0,0,1,1509,4135,W,L,W vs. Minnesota Lynx 96-78,L @ Phoenix Mercury 78-96
2014,2014-09-03,Chicago Sky,75,Indiana Fever,62,13.0,-13.0,1,0,1510,4136,L,W,L vs. Chicago Sky 62-75,W @ Indiana Fever 75-62
2014,2014-09-07,Chicago Sky,62,Phoenix Mercury,83,-21.0,21.0,0,1,1511,4137,W,L,W vs. Chicago Sky 83-62,L @ Phoenix Mercury 62-83
2014,2014-09-09,Chicago Sky,68,Phoenix Mercury,97,-29.0,29.0,0,1,1512,4138,W,L,W vs. Chicago Sky 97-68,L @ Phoenix Mercury 68-97
2014,2014-09-12,Phoenix Mercury,87,Chicago Sky,82,5.0,-5.0,1,0,1513,4139,L,W,L vs. Phoenix Mercury 82-87,W @ Chicago Sky 87-82
2015,2015-06-05,San Antonio Silver Stars,71,Phoenix Mercury,76,-5.0,5.0,0,1,1514,4140,W,L,W vs. San Antonio Silver Stars 76-71,L @ Phoenix Mercury 71-76
2015,2015-06-05,Indiana Fever,72,Chicago Sky,95,-23.0,23.0,0,1,1514,4141,W,L,W vs. Indiana Fever 95-72,L @ Chicago Sky 72-95
2015,2015-06-05,Atlanta Dream,73,New York Liberty,82,-9.0,9.0,0,1,1514,4142,W,L,W vs. Atlanta Dream 82-73,L @ New York Liberty 73-82
2015,2015-06-05,Tulsa Shock,75,Minnesota Lynx,83,-8.0,8.0,0,1,1514,4143,W,L,W vs. Tulsa Shock 83-75,L @ Minnesota Lynx 75-83
2015,2015-06-05,Washington Mystics,73,Connecticut Sun,68,5.0,-5.0,1,0,1514,4144,L,W,L vs. Washington Mystics 68-73,W @ Connecticut Sun 73-68
2015,2015-06-06,New York Liberty,62,Washington Mystics,67,-5.0,5.0,0,1,1515,4145,W,L,W vs. New York Liberty 67-62,L @ Washington Mystics 62-67
2015,2015-06-06,Los Angeles Sparks,61,Seattle Storm,86,-25.0,25.0,0,1,1515,4146,W,L,W vs. Los Angeles Sparks 86-61,L @ Seattle Storm 61-86
2015,2015-06-06,Minnesota Lynx,78,Indiana Fever,69,9.0,-9.0,1,0,1515,4147,L,W,L vs. Minnesota Lynx 69-78,W @ Indiana Fever 78-69
2015,2015-06-06,Chicago Sky,93,Tulsa Shock,101,-8.0,8.0,0,1,1515,4148,W,L,W vs. Chicago Sky 101-93,L @ Tulsa Shock 93-101
2015,2015-06-07,Connecticut Sun,75,Atlanta Dream,70,5.0,-5.0,1,0,1516,4149,L,W,L vs. Connecticut Sun 70-75,W @ Atlanta Dream 75-70
2015,2015-06-09,Seattle Storm,45,Tulsa Shock,68,-23.0,23.0,0,1,1517,4150,W,L,W vs. Seattle Storm 68-45,L @ Tulsa Shock 45-68
2015,2015-06-09,Indiana Fever,79,New York Liberty,86,-7.0,7.0,0,1,1517,4151,W,L,W vs. Indiana Fever 86-79,L @ New York Liberty 79-86
2015,2015-06-11,Chicago Sky,65,Connecticut Sun,67,-2.0,2.0,0,1,1518,4152,W,L,W vs. Chicago Sky 67-65,L @ Connecticut Sun 65-67
2015,2015-06-11,Seattle Storm,70,Minnesota Lynx,94,-24.0,24.0,0,1,1518,4153,W,L,W vs. Seattle Storm 94-70,L @ Minnesota Lynx 70-94
2015,2015-06-11,San Antonio Silver Stars,69,Atlanta Dream,72,-3.0,3.0,0,1,1518,4154,W,L,W vs. San Antonio Silver Stars 72-69,L @ Atlanta Dream 69-72
2015,2015-06-11,Phoenix Mercury,57,New York Liberty,68,-11.0,11.0,0,1,1518,4155,W,L,W vs. Phoenix Mercury 68-57,L @ New York Liberty 57-68
2015,2015-06-12,Atlanta Dream,64,Washington Mystics,61,3.0,-3.0,1,0,1519,4156,L,W,L vs. Atlanta Dream 61-64,W @ Washington Mystics 64-61
2015,2015-06-12,Phoenix Mercury,74,Indiana Fever,77,-3.0,3.0,0,1,1519,4157,W,L,W vs. Phoenix Mercury 77-74,L @ Indiana Fever 74-77
2015,2015-06-14,Tulsa Shock,73,San Antonio Silver Stars,62,11.0,-11.0,1,0,1520,4158,L,W,L vs. Tulsa Shock 62-73,W @ San Antonio Silver Stars 73-62
2015,2015-06-14,Seattle Storm,60,Los Angeles Sparks,54,6.0,-6.0,1,0,1520,4159,L,W,L vs. Seattle Storm 54-60,W @ Los Angeles Sparks 60-54
2015,2015-06-14,Atlanta Dream,64,Connecticut Sun,82,-18.0,18.0,0,1,1520,4160,W,L,W vs. Atlanta Dream 82-64,L @ Connecticut Sun 64-82
2015,2015-06-14,Chicago Sky,98,Indiana Fever,72,26.0,-26.0,1,0,1520,4161,L,W,L vs. Chicago Sky 72-98,W @ Indiana Fever 98-72
2015,2015-06-14,Minnesota Lynx,66,Phoenix Mercury,81,-15.0,15.0,0,1,1520,4162,W,L,W vs. Minnesota Lynx 81-66,L @ Phoenix Mercury 66-81
2015,2015-06-14,Washington Mystics,74,New York Liberty,59,15.0,-15.0,1,0,1520,4163,L,W,L vs. Washington Mystics 59-74,W @ New York Liberty 74-59
2015,2015-06-16,Indiana Fever,90,Atlanta Dream,79,11.0,-11.0,1,0,1521,4164,L,W,L vs. Indiana Fever 79-90,W @ Atlanta Dream 90-79
2015,2015-06-16,Connecticut Sun,79,Seattle Storm,58,21.0,-21.0,1,0,1521,4165,L,W,L vs. Connecticut Sun 58-79,W @ Seattle Storm 79-58
2015,2015-06-16,Minnesota Lynx,67,Los Angeles Sparks,52,15.0,-15.0,1,0,1521,4166,L,W,L vs. Minnesota Lynx 52-67,W @ Los Angeles Sparks 67-52
2015,2015-06-16,San Antonio Silver Stars,61,Tulsa Shock,88,-27.0,27.0,0,1,1521,4167,W,L,W vs. San Antonio Silver Stars 88-61,L @ Tulsa Shock 61-88
2015,2015-06-19,Chicago Sky,73,Atlanta Dream,74,-1.0,1.0,0,1,1522,4168,W,L,W vs. Chicago Sky 74-73,L @ Atlanta Dream 73-74
2015,2015-06-19,Tulsa Shock,86,Washington Mystics,82,4.0,-4.0,1,0,1522,4169,L,W,L vs. Tulsa Shock 82-86,W @ Washington Mystics 86-82
2015,2015-06-19,Connecticut Sun,90,Phoenix Mercury,78,12.0,-12.0,1,0,1522,4170,L,W,L vs. Connecticut Sun 78-90,W @ Phoenix Mercury 90-78
2015,2015-06-19,Minnesota Lynx,74,San Antonio Silver Stars,59,15.0,-15.0,1,0,1522,4171,L,W,L vs. Minnesota Lynx 59-74,W @ San Antonio Silver Stars 74-59
2015,2015-06-19,Indiana Fever,80,New York Liberty,63,17.0,-17.0,1,0,1522,4172,L,W,L vs. Indiana Fever 63-80,W @ New York Liberty 80-63
2015,2015-06-20,Chicago Sky,95,San Antonio Silver Stars,87,8.0,-8.0,1,0,1523,4173,L,W,L vs. Chicago Sky 87-95,W @ San Antonio Silver Stars 95-87
2015,2015-06-20,Washington Mystics,87,Indiana Fever,75,12.0,-12.0,1,0,1523,4174,L,W,L vs. Washington Mystics 75-87,W @ Indiana Fever 87-75
2015,2015-06-21,Connecticut Sun,76,Los Angeles Sparks,68,8.0,-8.0,1,0,1524,4175,L,W,L vs. Connecticut Sun 68-76,W @ Los Angeles Sparks 76-68
2015,2015-06-21,New York Liberty,73,Atlanta Dream,64,9.0,-9.0,1,0,1524,4176,L,W,L vs. New York Liberty 64-73,W @ Atlanta Dream 73-64
2015,2015-06-21,Phoenix Mercury,84,Seattle Storm,72,12.0,-12.0,1,0,1524,4177,L,W,L vs. Phoenix Mercury 72-84,W @ Seattle Storm 84-72
2015,2015-06-21,Tulsa Shock,86,Minnesota Lynx,78,8.0,-8.0,1,0,1524,4178,L,W,L vs. Tulsa Shock 78-86,W @ Minnesota Lynx 86-78
2015,2015-06-23,Los Angeles Sparks,80,Washington Mystics,84,-4.0,4.0,0,1,1525,4179,W,L,W vs. Los Angeles Sparks 84-80,L @ Washington Mystics 80-84
2015,2015-06-24,Atlanta Dream,96,Chicago Sky,100,-4.0,4.0,0,1,1526,4180,W,L,W vs. Atlanta Dream 100-96,L @ Chicago Sky 96-100
2015,2015-06-25,Minnesota Lynx,76,Seattle Storm,73,3.0,-3.0,1,0,1527,4181,L,W,L vs. Minnesota Lynx 73-76,W @ Seattle Storm 76-73
2015,2015-06-25,Phoenix Mercury,71,San Antonio Silver Stars,76,-5.0,5.0,0,1,1527,4182,W,L,W vs. Phoenix Mercury 76-71,L @ San Antonio Silver Stars 71-76
2015,2015-06-26,Chicago Sky,83,Indiana Fever,77,6.0,-6.0,1,0,1528,4183,L,W,L vs. Chicago Sky 77-83,W @ Indiana Fever 83-77
2015,2015-06-26,Los Angeles Sparks,76,Connecticut Sun,80,-4.0,4.0,0,1,1528,4184,W,L,W vs. Los Angeles Sparks 80-76,L @ Connecticut Sun 76-80
2015,2015-06-26,New York Liberty,62,Tulsa Shock,71,-9.0,9.0,0,1,1528,4185,W,L,W vs. New York Liberty 71-62,L @ Tulsa Shock 62-71
2015,2015-06-26,Washington Mystics,69,Atlanta Dream,72,-3.0,3.0,0,1,1528,4186,W,L,W vs. Washington Mystics 72-69,L @ Atlanta Dream 69-72
2015,2015-06-27,Seattle Storm,71,San Antonio Silver Stars,73,-2.0,2.0,0,1,1529,4187,W,L,W vs. Seattle Storm 73-71,L @ San Antonio Silver Stars 71-73
2015,2015-06-27,Phoenix Mercury,56,Minnesota Lynx,71,-15.0,15.0,0,1,1529,4188,W,L,W vs. Phoenix Mercury 71-56,L @ Minnesota Lynx 56-71
2015,2015-06-28,Los Angeles Sparks,70,New York Liberty,79,-9.0,9.0,0,1,1530,4189,W,L,W vs. Los Angeles Sparks 79-70,L @ New York Liberty 70-79
2015,2015-06-28,Chicago Sky,71,Washington Mystics,86,-15.0,15.0,0,1,1530,4190,W,L,W vs. Chicago Sky 86-71,L @ Washington Mystics 71-86
2015,2015-06-28,Seattle Storm,89,Tulsa Shock,93,-4.0,4.0,0,1,1530,4191,W,L,W vs. Seattle Storm 93-89,L @ Tulsa Shock 89-93
2015,2015-06-30,Indiana Fever,92,Connecticut Sun,84,8.0,-8.0,1,0,1531,4192,L,W,L vs. Indiana Fever 84-92,W @ Connecticut Sun 92-84
2015,2015-06-30,San Antonio Silver Stars,78,Phoenix Mercury,85,-7.0,7.0,0,1,1531,4193,W,L,W vs. San Antonio Silver Stars 85-78,L @ Phoenix Mercury 78-85
2015,2015-06-30,New York Liberty,89,Chicago Sky,81,8.0,-8.0,1,0,1531,4194,L,W,L vs. New York Liberty 81-89,W @ Chicago Sky 89-81
2015,2015-06-30,Tulsa Shock,69,Seattle Storm,74,-5.0,5.0,0,1,1531,4195,W,L,W vs. Tulsa Shock 74-69,L @ Seattle Storm 69-74
2015,2015-07-02,Chicago Sky,77,Connecticut Sun,74,3.0,-3.0,1,0,1532,4196,L,W,L vs. Chicago Sky 74-77,W @ Connecticut Sun 77-74
2015,2015-07-02,Tulsa Shock,55,Phoenix Mercury,86,-31.0,31.0,0,1,1532,4197,W,L,W vs. Tulsa Shock 86-55,L @ Phoenix Mercury 55-86
2015,2015-07-02,Washington Mystics,50,Indiana Fever,73,-23.0,23.0,0,1,1532,4198,W,L,W vs. Washington Mystics 73-50,L @ Indiana Fever 50-73
2015,2015-07-02,San Antonio Silver Stars,81,Los Angeles Sparks,86,-5.0,5.0,0,1,1532,4199,W,L,W vs. San Antonio Silver Stars 86-81,L @ Los Angeles Sparks 81-86
2015,2015-07-03,Tulsa Shock,95,Los Angeles Sparks,98,-3.0,3.0,0,1,1533,4200,W,L,W vs. Tulsa Shock 98-95,L @ Los Angeles Sparks 95-98
2015,2015-07-03,Seattle Storm,57,Minnesota Lynx,82,-25.0,25.0,0,1,1533,4201,W,L,W vs. Seattle Storm 82-57,L @ Minnesota Lynx 57-82
2015,2015-07-05,Phoenix Mercury,94,Los Angeles Sparks,91,3.0,-3.0,1,0,1534,4202,L,W,L vs. Phoenix Mercury 91-94,W @ Los Angeles Sparks 94-91
2015,2015-07-05,Seattle Storm,64,Atlanta Dream,72,-8.0,8.0,0,1,1534,4203,W,L,W vs. Seattle Storm 72-64,L @ Atlanta Dream 64-72
2015,2015-07-07,Tulsa Shock,85,Atlanta Dream,75,10.0,-10.0,1,0,1535,4204,L,W,L vs. Tulsa Shock 75-85,W @ Atlanta Dream 85-75
2015,2015-07-08,Los Angeles Sparks,63,San Antonio Silver Stars,70,-7.0,7.0,0,1,1536,4205,W,L,W vs. Los Angeles Sparks 70-63,L @ San Antonio Silver Stars 63-70
2015,2015-07-08,Seattle Storm,65,Indiana Fever,88,-23.0,23.0,0,1,1536,4206,W,L,W vs. Seattle Storm 88-65,L @ Indiana Fever 65-88
2015,2015-07-09,New York Liberty,79,Washington Mystics,76,3.0,-3.0,1,0,1537,4207,L,W,L vs. New York Liberty 76-79,W @ Washington Mystics 79-76
2015,2015-07-10,San Antonio Silver Stars,76,Indiana Fever,83,-7.0,7.0,0,1,1538,4208,W,L,W vs. San Antonio Silver Stars 83-76,L @ Indiana Fever 76-83
2015,2015-07-10,Minnesota Lynx,83,Chicago Sky,90,-7.0,7.0,0,1,1538,4209,W,L,W vs. Minnesota Lynx 90-83,L @ Chicago Sky 83-90
2015,2015-07-10,Phoenix Mercury,94,Seattle Storm,79,15.0,-15.0,1,0,1538,4210,L,W,L vs. Phoenix Mercury 79-94,W @ Seattle Storm 94-79
2015,2015-07-11,Los Angeles Sparks,67,Tulsa Shock,82,-15.0,15.0,0,1,1539,4211,W,L,W vs. Los Angeles Sparks 82-67,L @ Tulsa Shock 67-82
2015,2015-07-12,San Antonio Silver Stars,49,Minnesota Lynx,66,-17.0,17.0,0,1,1540,4212,W,L,W vs. San Antonio Silver Stars 66-49,L @ Minnesota Lynx 49-66
2015,2015-07-12,Seattle Storm,60,Phoenix Mercury,70,-10.0,10.0,0,1,1540,4213,W,L,W vs. Seattle Storm 70-60,L @ Phoenix Mercury 60-70
2015,2015-07-12,New York Liberty,76,Atlanta Dream,84,-8.0,8.0,0,1,1540,4214,W,L,W vs. New York Liberty 84-76,L @ Atlanta Dream 76-84
2015,2015-07-12,Connecticut Sun,76,Chicago Sky,96,-20.0,20.0,0,1,1540,4215,W,L,W vs. Connecticut Sun 96-76,L @ Chicago Sky 76-96
2015,2015-07-14,Minnesota Lynx,85,Connecticut Sun,79,6.0,-6.0,1,0,1541,4216,L,W,L vs. Minnesota Lynx 79-85,W @ Connecticut Sun 85-79
2015,2015-07-14,Atlanta Dream,71,Phoenix Mercury,80,-9.0,9.0,0,1,1541,4217,W,L,W vs. Atlanta Dream 80-71,L @ Phoenix Mercury 71-80
2015,2015-07-15,Tulsa Shock,80,Indiana Fever,83,-3.0,3.0,0,1,1542,4218,W,L,W vs. Tulsa Shock 83-80,L @ Indiana Fever 80-83
2015,2015-07-15,San Antonio Silver Stars,68,New York Liberty,84,-16.0,16.0,0,1,1542,4219,W,L,W vs. San Antonio Silver Stars 84-68,L @ New York Liberty 68-84
2015,2015-07-15,Washington Mystics,57,Chicago Sky,85,-28.0,28.0,0,1,1542,4220,W,L,W vs. Washington Mystics 85-57,L @ Chicago Sky 57-85
2015,2015-07-15,Los Angeles Sparks,61,Seattle Storm,68,-7.0,7.0,0,1,1542,4221,W,L,W vs. Los Angeles Sparks 68-61,L @ Seattle Storm 61-68
2015,2015-07-16,Connecticut Sun,57,New York Liberty,64,-7.0,7.0,0,1,1543,4222,W,L,W vs. Connecticut Sun 64-57,L @ New York Liberty 57-64
2015,2015-07-16,Atlanta Dream,76,Los Angeles Sparks,72,4.0,-4.0,1,0,1543,4223,L,W,L vs. Atlanta Dream 72-76,W @ Los Angeles Sparks 76-72
2015,2015-07-17,Tulsa Shock,58,San Antonio Silver Stars,65,-7.0,7.0,0,1,1544,4224,W,L,W vs. Tulsa Shock 65-58,L @ San Antonio Silver Stars 58-65
2015,2015-07-17,Chicago Sky,66,Minnesota Lynx,84,-18.0,18.0,0,1,1544,4225,W,L,W vs. Chicago Sky 84-66,L @ Minnesota Lynx 66-84
2015,2015-07-17,Indiana Fever,50,Washington Mystics,68,-18.0,18.0,0,1,1544,4226,W,L,W vs. Indiana Fever 68-50,L @ Washington Mystics 50-68
2015,2015-07-18,New York Liberty,75,Phoenix Mercury,73,2.0,-2.0,1,0,1545,4227,L,W,L vs. New York Liberty 73-75,W @ Phoenix Mercury 75-73
2015,2015-07-18,Atlanta Dream,73,Seattle Storm,86,-13.0,13.0,0,1,1545,4228,W,L,W vs. Atlanta Dream 86-73,L @ Seattle Storm 73-86
2015,2015-07-19,Minnesota Lynx,79,Tulsa Shock,72,7.0,-7.0,1,0,1546,4229,L,W,L vs. Minnesota Lynx 72-79,W @ Tulsa Shock 79-72
2015,2015-07-19,Connecticut Sun,82,Washington Mystics,89,-7.0,7.0,0,1,1546,4230,W,L,W vs. Connecticut Sun 89-82,L @ Washington Mystics 82-89
2015,2015-07-19,San Antonio Silver Stars,82,Chicago Sky,93,-11.0,11.0,0,1,1546,4231,W,L,W vs. San Antonio Silver Stars 93-82,L @ Chicago Sky 82-93
2015,2015-07-21,Indiana Fever,62,San Antonio Silver Stars,80,-18.0,18.0,0,1,1547,4232,W,L,W vs. Indiana Fever 80-62,L @ San Antonio Silver Stars 62-80
2015,2015-07-21,New York Liberty,81,Seattle Storm,77,4.0,-4.0,1,0,1547,4233,L,W,L vs. New York Liberty 77-81,W @ Seattle Storm 81-77
2015,2015-07-21,Atlanta Dream,92,Chicago Sky,97,-5.0,5.0,0,1,1547,4234,W,L,W vs. Atlanta Dream 97-92,L @ Chicago Sky 92-97
2015,2015-07-21,Phoenix Mercury,65,Los Angeles Sparks,70,-5.0,5.0,0,1,1547,4235,W,L,W vs. Phoenix Mercury 70-65,L @ Los Angeles Sparks 65-70
2015,2015-07-21,Washington Mystics,76,Tulsa Shock,69,7.0,-7.0,1,0,1547,4236,L,W,L vs. Washington Mystics 69-76,W @ Tulsa Shock 76-69
2015,2015-07-22,New York Liberty,59,Los Angeles Sparks,53,6.0,-6.0,1,0,1548,4237,L,W,L vs. New York Liberty 53-59,W @ Los Angeles Sparks 59-53
2015,2015-07-22,Connecticut Sun,78,Minnesota Lynx,77,1.0,-1.0,1,0,1548,4238,L,W,L vs. Connecticut Sun 77-78,W @ Minnesota Lynx 78-77
2015,2015-07-28,Indiana Fever,75,Connecticut Sun,73,2.0,-2.0,1,0,1549,4239,L,W,L vs. Indiana Fever 73-75,W @ Connecticut Sun 75-73
2015,2015-07-28,Chicago Sky,87,Phoenix Mercury,89,-2.0,2.0,0,1,1549,4240,W,L,W vs. Chicago Sky 89-87,L @ Phoenix Mercury 87-89
2015,2015-07-29,Atlanta Dream,85,San Antonio Silver Stars,102,-17.0,17.0,0,1,1550,4241,W,L,W vs. Atlanta Dream 102-85,L @ San Antonio Silver Stars 85-102
2015,2015-07-29,New York Liberty,72,Indiana Fever,84,-12.0,12.0,0,1,1550,4242,W,L,W vs. New York Liberty 84-72,L @ Indiana Fever 72-84
2015,2015-07-29,Seattle Storm,74,Washington Mystics,87,-13.0,13.0,0,1,1550,4243,W,L,W vs. Seattle Storm 87-74,L @ Washington Mystics 74-87
2015,2015-07-29,Los Angeles Sparks,76,Minnesota Lynx,82,-6.0,6.0,0,1,1550,4244,W,L,W vs. Los Angeles Sparks 82-76,L @ Minnesota Lynx 76-82
2015,2015-07-30,Phoenix Mercury,78,Tulsa Shock,66,12.0,-12.0,1,0,1551,4245,L,W,L vs. Phoenix Mercury 66-78,W @ Tulsa Shock 78-66
2015,2015-07-31,Seattle Storm,66,Connecticut Sun,67,-1.0,1.0,0,1,1552,4246,W,L,W vs. Seattle Storm 67-66,L @ Connecticut Sun 66-67
2015,2015-07-31,Atlanta Dream,70,Minnesota Lynx,86,-16.0,16.0,0,1,1552,4247,W,L,W vs. Atlanta Dream 86-70,L @ Minnesota Lynx 70-86
2015,2015-07-31,Los Angeles Sparks,88,Chicago Sky,77,11.0,-11.0,1,0,1552,4248,L,W,L vs. Los Angeles Sparks 77-88,W @ Chicago Sky 88-77
2015,2015-07-31,Washington Mystics,88,San Antonio Silver Stars,53,35.0,-35.0,1,0,1552,4249,L,W,L vs. Washington Mystics 53-88,W @ San Antonio Silver Stars 88-53
2015,2015-08-01,Minnesota Lynx,86,Tulsa Shock,80,6.0,-6.0,1,0,1553,4250,L,W,L vs. Minnesota Lynx 80-86,W @ Tulsa Shock 86-80
2015,2015-08-02,Washington Mystics,68,Chicago Sky,71,-3.0,3.0,0,1,1554,4251,W,L,W vs. Washington Mystics 71-68,L @ Chicago Sky 68-71
2015,2015-08-02,Seattle Storm,62,New York Liberty,78,-16.0,16.0,0,1,1554,4252,W,L,W vs. Seattle Storm 78-62,L @ New York Liberty 62-78
2015,2015-08-02,Connecticut Sun,70,Indiana Fever,83,-13.0,13.0,0,1,1554,4253,W,L,W vs. Connecticut Sun 83-70,L @ Indiana Fever 70-83
2015,2015-08-02,Los Angeles Sparks,80,San Antonio Silver Stars,78,2.0,-2.0,1,0,1554,4254,L,W,L vs. Los Angeles Sparks 78-80,W @ San Antonio Silver Stars 80-78
2015,2015-08-02,Phoenix Mercury,71,Atlanta Dream,68,3.0,-3.0,1,0,1554,4255,L,W,L vs. Phoenix Mercury 68-71,W @ Atlanta Dream 71-68
2015,2015-08-04,Tulsa Shock,84,Phoenix Mercury,87,-3.0,3.0,0,1,1555,4256,W,L,W vs. Tulsa Shock 87-84,L @ Phoenix Mercury 84-87
2015,2015-08-04,San Antonio Silver Stars,51,Connecticut Sun,82,-31.0,31.0,0,1,1555,4257,W,L,W vs. San Antonio Silver Stars 82-51,L @ Connecticut Sun 51-82
2015,2015-08-04,Indiana Fever,82,Chicago Sky,106,-24.0,24.0,0,1,1555,4258,W,L,W vs. Indiana Fever 106-82,L @ Chicago Sky 82-106
2015,2015-08-04,Minnesota Lynx,61,Los Angeles Sparks,83,-22.0,22.0,0,1,1555,4259,W,L,W vs. Minnesota Lynx 83-61,L @ Los Angeles Sparks 61-83
2015,2015-08-05,San Antonio Silver Stars,63,Washington Mystics,66,-3.0,3.0,0,1,1556,4260,W,L,W vs. San Antonio Silver Stars 66-63,L @ Washington Mystics 63-66
2015,2015-08-06,Tulsa Shock,57,Los Angeles Sparks,84,-27.0,27.0,0,1,1557,4261,W,L,W vs. Tulsa Shock 84-57,L @ Los Angeles Sparks 57-84
2015,2015-08-07,Washington Mystics,72,Connecticut Sun,86,-14.0,14.0,0,1,1558,4262,W,L,W vs. Washington Mystics 86-72,L @ Connecticut Sun 72-86
2015,2015-08-07,New York Liberty,77,Chicago Sky,63,14.0,-14.0,1,0,1558,4263,L,W,L vs. New York Liberty 63-77,W @ Chicago Sky 77-63
2015,2015-08-07,Atlanta Dream,77,Indiana Fever,106,-29.0,29.0,0,1,1558,4264,W,L,W vs. Atlanta Dream 106-77,L @ Indiana Fever 77-106
2015,2015-08-07,Minnesota Lynx,66,Phoenix Mercury,73,-7.0,7.0,0,1,1558,4265,W,L,W vs. Minnesota Lynx 73-66,L @ Phoenix Mercury 66-73
2015,2015-08-08,Seattle Storm,81,San Antonio Silver Stars,88,-7.0,7.0,0,1,1559,4266,W,L,W vs. Seattle Storm 88-81,L @ San Antonio Silver Stars 81-88
2015,2015-08-09,Connecticut Sun,73,Washington Mystics,84,-11.0,11.0,0,1,1560,4267,W,L,W vs. Connecticut Sun 84-73,L @ Washington Mystics 73-84
2015,2015-08-09,Phoenix Mercury,64,Chicago Sky,74,-10.0,10.0,0,1,1560,4268,W,L,W vs. Phoenix Mercury 74-64,L @ Chicago Sky 64-74
2015,2015-08-09,Atlanta Dream,98,Tulsa Shock,90,8.0,-8.0,1,0,1560,4269,L,W,L vs. Atlanta Dream 90-98,W @ Tulsa Shock 98-90
2015,2015-08-09,Los Angeles Sparks,64,Minnesota Lynx,72,-8.0,8.0,0,1,1560,4270,W,L,W vs. Los Angeles Sparks 72-64,L @ Minnesota Lynx 64-72
2015,2015-08-11,Indiana Fever,73,Washington Mystics,62,11.0,-11.0,1,0,1561,4271,L,W,L vs. Indiana Fever 62-73,W @ Washington Mystics 73-62
2015,2015-08-11,Seattle Storm,85,Los Angeles Sparks,77,8.0,-8.0,1,0,1561,4272,L,W,L vs. Seattle Storm 77-85,W @ Los Angeles Sparks 85-77
2015,2015-08-11,Chicago Sky,63,New York Liberty,84,-21.0,21.0,0,1,1561,4273,W,L,W vs. Chicago Sky 84-63,L @ New York Liberty 63-84
2015,2015-08-11,San Antonio Silver Stars,76,Minnesota Lynx,83,-7.0,7.0,0,1,1561,4274,W,L,W vs. San Antonio Silver Stars 83-76,L @ Minnesota Lynx 76-83
2015,2015-08-12,Tulsa Shock,74,Connecticut Sun,80,-6.0,6.0,0,1,1562,4275,W,L,W vs. Tulsa Shock 80-74,L @ Connecticut Sun 74-80
2015,2015-08-12,Seattle Storm,66,Phoenix Mercury,83,-17.0,17.0,0,1,1562,4276,W,L,W vs. Seattle Storm 83-66,L @ Phoenix Mercury 66-83
2015,2015-08-14,Minnesota Lynx,84,Atlanta Dream,82,2.0,-2.0,1,0,1563,4277,L,W,L vs. Minnesota Lynx 82-84,W @ Atlanta Dream 84-82
2015,2015-08-14,New York Liberty,90,Connecticut Sun,78,12.0,-12.0,1,0,1563,4278,L,W,L vs. New York Liberty 78-90,W @ Connecticut Sun 90-78
2015,2015-08-14,Chicago Sky,94,Seattle Storm,84,10.0,-10.0,1,0,1563,4279,L,W,L vs. Chicago Sky 84-94,W @ Seattle Storm 94-84
2015,2015-08-15,Tulsa Shock,81,New York Liberty,76,5.0,-5.0,1,0,1564,4280,L,W,L vs. Tulsa Shock 76-81,W @ New York Liberty 81-76
2015,2015-08-16,Indiana Fever,75,Phoenix Mercury,63,12.0,-12.0,1,0,1565,4281,L,W,L vs. Indiana Fever 63-75,W @ Phoenix Mercury 75-63
2015,2015-08-16,Minnesota Lynx,69,Washington Mystics,77,-8.0,8.0,0,1,1565,4282,W,L,W vs. Minnesota Lynx 77-69,L @ Washington Mystics 69-77
2015,2015-08-16,Chicago Sky,64,Los Angeles Sparks,76,-12.0,12.0,0,1,1565,4283,W,L,W vs. Chicago Sky 76-64,L @ Los Angeles Sparks 64-76
2015,2015-08-16,Connecticut Sun,77,Atlanta Dream,90,-13.0,13.0,0,1,1565,4284,W,L,W vs. Connecticut Sun 90-77,L @ Atlanta Dream 77-90
2015,2015-08-16,San Antonio Silver Stars,63,Seattle Storm,72,-9.0,9.0,0,1,1565,4285,W,L,W vs. San Antonio Silver Stars 72-63,L @ Seattle Storm 63-72
2015,2015-08-18,Indiana Fever,79,Los Angeles Sparks,68,11.0,-11.0,1,0,1566,4286,L,W,L vs. Indiana Fever 68-79,W @ Los Angeles Sparks 79-68
2015,2015-08-18,Phoenix Mercury,59,Tulsa Shock,74,-15.0,15.0,0,1,1566,4287,W,L,W vs. Phoenix Mercury 74-59,L @ Tulsa Shock 59-74
2015,2015-08-19,Washington Mystics,79,Minnesota Lynx,61,18.0,-18.0,1,0,1567,4288,L,W,L vs. Washington Mystics 61-79,W @ Minnesota Lynx 79-61
2015,2015-08-19,New York Liberty,73,San Antonio Silver Stars,45,28.0,-28.0,1,0,1567,4289,L,W,L vs. New York Liberty 45-73,W @ San Antonio Silver Stars 73-45
2015,2015-08-21,Los Angeles Sparks,78,Phoenix Mercury,68,10.0,-10.0,1,0,1568,4290,L,W,L vs. Los Angeles Sparks 68-78,W @ Phoenix Mercury 78-68
2015,2015-08-21,Indiana Fever,75,Seattle Storm,63,12.0,-12.0,1,0,1568,4291,L,W,L vs. Indiana Fever 63-75,W @ Seattle Storm 75-63
2015,2015-08-21,Connecticut Sun,76,Tulsa Shock,84,-8.0,8.0,0,1,1568,4292,W,L,W vs. Connecticut Sun 84-76,L @ Tulsa Shock 76-84
2015,2015-08-21,Atlanta Dream,67,New York Liberty,78,-11.0,11.0,0,1,1568,4293,W,L,W vs. Atlanta Dream 78-67,L @ New York Liberty 67-78
2015,2015-08-21,Minnesota Lynx,78,San Antonio Silver Stars,61,17.0,-17.0,1,0,1568,4294,L,W,L vs. Minnesota Lynx 61-78,W @ San Antonio Silver Stars 78-61
2015,2015-08-21,Washington Mystics,85,Chicago Sky,87,-2.0,2.0,0,1,1568,4295,W,L,W vs. Washington Mystics 87-85,L @ Chicago Sky 85-87
2015,2015-08-23,New York Liberty,79,Indiana Fever,80,-1.0,1.0,0,1,1569,4296,W,L,W vs. New York Liberty 80-79,L @ Indiana Fever 79-80
2015,2015-08-23,Los Angeles Sparks,90,San Antonio Silver Stars,59,31.0,-31.0,1,0,1569,4297,L,W,L vs. Los Angeles Sparks 59-90,W @ San Antonio Silver Stars 90-59
2015,2015-08-23,Minnesota Lynx,67,Phoenix Mercury,79,-12.0,12.0,0,1,1569,4298,W,L,W vs. Minnesota Lynx 79-67,L @ Phoenix Mercury 67-79
2015,2015-08-23,Chicago Sky,66,Washington Mystics,64,2.0,-2.0,1,0,1569,4299,L,W,L vs. Chicago Sky 64-66,W @ Washington Mystics 66-64
2015,2015-08-23,Atlanta Dream,102,Connecticut Sun,92,10.0,-10.0,1,0,1569,4300,L,W,L vs. Atlanta Dream 92-102,W @ Connecticut Sun 102-92
2015,2015-08-25,Connecticut Sun,57,Atlanta Dream,71,-14.0,14.0,0,1,1570,4301,W,L,W vs. Connecticut Sun 71-57,L @ Atlanta Dream 57-71
2015,2015-08-26,Los Angeles Sparks,81,Indiana Fever,79,2.0,-2.0,1,0,1571,4302,L,W,L vs. Los Angeles Sparks 79-81,W @ Indiana Fever 81-79
2015,2015-08-27,Phoenix Mercury,81,Connecticut Sun,80,1.0,-1.0,1,0,1572,4303,L,W,L vs. Phoenix Mercury 80-81,W @ Connecticut Sun 81-80
2015,2015-08-28,Phoenix Mercury,63,Washington Mystics,71,-8.0,8.0,0,1,1573,4304,W,L,W vs. Phoenix Mercury 71-63,L @ Washington Mystics 63-71
2015,2015-08-28,Atlanta Dream,90,Indiana Fever,84,6.0,-6.0,1,0,1573,4305,L,W,L vs. Atlanta Dream 84-90,W @ Indiana Fever 90-84
2015,2015-08-28,Minnesota Lynx,68,New York Liberty,81,-13.0,13.0,0,1,1573,4306,W,L,W vs. Minnesota Lynx 81-68,L @ New York Liberty 68-81
2015,2015-08-28,San Antonio Silver Stars,69,Seattle Storm,83,-14.0,14.0,0,1,1573,4307,W,L,W vs. San Antonio Silver Stars 83-69,L @ Seattle Storm 69-83
2015,2015-08-28,Los Angeles Sparks,66,Tulsa Shock,76,-10.0,10.0,0,1,1573,4308,W,L,W vs. Los Angeles Sparks 76-66,L @ Tulsa Shock 66-76
2015,2015-08-29,New York Liberty,80,Connecticut Sun,66,14.0,-14.0,1,0,1574,4309,L,W,L vs. New York Liberty 66-80,W @ Connecticut Sun 80-66
2015,2015-08-29,Chicago Sky,98,Atlanta Dream,96,2.0,-2.0,1,0,1574,4310,L,W,L vs. Chicago Sky 96-98,W @ Atlanta Dream 98-96
2015,2015-08-30,Phoenix Mercury,61,Minnesota Lynx,71,-10.0,10.0,0,1,1575,4311,W,L,W vs. Phoenix Mercury 71-61,L @ Minnesota Lynx 61-71
2015,2015-08-30,San Antonio Silver Stars,52,Los Angeles Sparks,60,-8.0,8.0,0,1,1575,4312,W,L,W vs. San Antonio Silver Stars 60-52,L @ Los Angeles Sparks 52-60
2015,2015-08-30,Washington Mystics,59,Seattle Storm,69,-10.0,10.0,0,1,1575,4313,W,L,W vs. Washington Mystics 69-59,L @ Seattle Storm 59-69
2015,2015-08-30,Indiana Fever,70,Tulsa Shock,76,-6.0,6.0,0,1,1575,4314,W,L,W vs. Indiana Fever 76-70,L @ Tulsa Shock 70-76
2015,2015-08-30,Connecticut Sun,72,Chicago Sky,68,4.0,-4.0,1,0,1575,4315,L,W,L vs. Connecticut Sun 68-72,W @ Chicago Sky 72-68
2015,2015-09-01,Connecticut Sun,51,Indiana Fever,81,-30.0,30.0,0,1,1576,4316,W,L,W vs. Connecticut Sun 81-51,L @ Indiana Fever 51-81
2015,2015-09-01,Atlanta Dream,75,New York Liberty,80,-5.0,5.0,0,1,1576,4317,W,L,W vs. Atlanta Dream 80-75,L @ New York Liberty 75-80
2015,2015-09-02,Washington Mystics,53,Phoenix Mercury,73,-20.0,20.0,0,1,1577,4318,W,L,W vs. Washington Mystics 73-53,L @ Phoenix Mercury 53-73
2015,2015-09-03,Chicago Sky,82,New York Liberty,60,22.0,-22.0,1,0,1578,4319,L,W,L vs. Chicago Sky 60-82,W @ New York Liberty 82-60
2015,2015-09-03,Tulsa Shock,85,Seattle Storm,67,18.0,-18.0,1,0,1578,4320,L,W,L vs. Tulsa Shock 67-85,W @ Seattle Storm 85-67
2015,2015-09-03,Washington Mystics,91,Los Angeles Sparks,93,-2.0,2.0,0,1,1578,4321,W,L,W vs. Washington Mystics 93-91,L @ Los Angeles Sparks 91-93
2015,2015-09-04,Indiana Fever,65,Minnesota Lynx,81,-16.0,16.0,0,1,1579,4322,W,L,W vs. Indiana Fever 81-65,L @ Minnesota Lynx 65-81
2015,2015-09-04,Connecticut Sun,73,San Antonio Silver Stars,72,1.0,-1.0,1,0,1579,4323,L,W,L vs. Connecticut Sun 72-73,W @ San Antonio Silver Stars 73-72
2015,2015-09-05,Phoenix Mercury,82,San Antonio Silver Stars,52,30.0,-30.0,1,0,1580,4324,L,W,L vs. Phoenix Mercury 52-82,W @ San Antonio Silver Stars 82-52
2015,2015-09-06,Seattle Storm,65,Chicago Sky,93,-28.0,28.0,0,1,1581,4325,W,L,W vs. Seattle Storm 93-65,L @ Chicago Sky 65-93
2015,2015-09-06,New York Liberty,75,Minnesota Lynx,71,4.0,-4.0,1,0,1581,4326,L,W,L vs. New York Liberty 71-75,W @ Minnesota Lynx 75-71
2015,2015-09-06,Tulsa Shock,73,Los Angeles Sparks,92,-19.0,19.0,0,1,1581,4327,W,L,W vs. Tulsa Shock 92-73,L @ Los Angeles Sparks 73-92
2015,2015-09-06,Washington Mystics,67,Atlanta Dream,73,-6.0,6.0,0,1,1581,4328,W,L,W vs. Washington Mystics 73-67,L @ Atlanta Dream 67-73
2015,2015-09-08,San Antonio Silver Stars,64,Tulsa Shock,74,-10.0,10.0,0,1,1582,4329,W,L,W vs. San Antonio Silver Stars 74-64,L @ Tulsa Shock 64-74
2015,2015-09-08,Seattle Storm,67,Minnesota Lynx,73,-6.0,6.0,0,1,1582,4330,W,L,W vs. Seattle Storm 73-67,L @ Minnesota Lynx 67-73
2015,2015-09-08,Indiana Fever,72,Washington Mystics,76,-4.0,4.0,0,1,1582,4331,W,L,W vs. Indiana Fever 76-72,L @ Washington Mystics 72-76
2015,2015-09-09,Connecticut Sun,64,New York Liberty,74,-10.0,10.0,0,1,1583,4332,W,L,W vs. Connecticut Sun 74-64,L @ New York Liberty 64-74
2015,2015-09-09,Los Angeles Sparks,60,Atlanta Dream,90,-30.0,30.0,0,1,1583,4333,W,L,W vs. Los Angeles Sparks 90-60,L @ Atlanta Dream 60-90
2015,2015-09-11,Indiana Fever,75,Atlanta Dream,67,8.0,-8.0,1,0,1584,4334,L,W,L vs. Indiana Fever 67-75,W @ Atlanta Dream 75-67
2015,2015-09-11,Los Angeles Sparks,65,Phoenix Mercury,70,-5.0,5.0,0,1,1584,4335,W,L,W vs. Los Angeles Sparks 70-65,L @ Phoenix Mercury 65-70
2015,2015-09-11,Minnesota Lynx,64,Seattle Storm,78,-14.0,14.0,0,1,1584,4336,W,L,W vs. Minnesota Lynx 78-64,L @ Seattle Storm 64-78
2015,2015-09-11,Washington Mystics,82,New York Liberty,55,27.0,-27.0,1,0,1584,4337,L,W,L vs. Washington Mystics 55-82,W @ New York Liberty 82-55
2015,2015-09-11,Tulsa Shock,71,Chicago Sky,92,-21.0,21.0,0,1,1584,4338,W,L,W vs. Tulsa Shock 92-71,L @ Chicago Sky 71-92
2015,2015-09-13,San Antonio Silver Stars,59,Seattle Storm,58,1.0,-1.0,1,0,1585,4339,L,W,L vs. San Antonio Silver Stars 58-59,W @ Seattle Storm 59-58
2015,2015-09-13,New York Liberty,76,Indiana Fever,81,-5.0,5.0,0,1,1585,4340,W,L,W vs. New York Liberty 81-76,L @ Indiana Fever 76-81
2015,2015-09-13,Atlanta Dream,73,Washington Mystics,71,2.0,-2.0,1,0,1585,4341,L,W,L vs. Atlanta Dream 71-73,W @ Washington Mystics 73-71
2015,2015-09-13,Phoenix Mercury,87,Tulsa Shock,91,-4.0,4.0,0,1,1585,4342,W,L,W vs. Phoenix Mercury 91-87,L @ Tulsa Shock 87-91
2015,2015-09-13,Chicago Sky,75,Connecticut Sun,86,-11.0,11.0,0,1,1585,4343,W,L,W vs. Chicago Sky 86-75,L @ Connecticut Sun 75-86
2015,2015-09-17,Indiana Fever,72,Chicago Sky,77,-5.0,5.0,0,1,1586,4344,W,L,W vs. Indiana Fever 77-72,L @ Chicago Sky 72-77
2015,2015-09-17,Tulsa Shock,55,Phoenix Mercury,88,-33.0,33.0,0,1,1586,4345,W,L,W vs. Tulsa Shock 88-55,L @ Phoenix Mercury 55-88
2015,2015-09-18,Los Angeles Sparks,65,Minnesota Lynx,67,-2.0,2.0,0,1,1587,4346,W,L,W vs. Los Angeles Sparks 67-65,L @ Minnesota Lynx 65-67
2015,2015-09-18,Washington Mystics,86,New York Liberty,83,3.0,-3.0,1,0,1587,4347,L,W,L vs. Washington Mystics 83-86,W @ New York Liberty 86-83
2015,2015-09-19,Phoenix Mercury,91,Tulsa Shock,67,24.0,-24.0,1,0,1588,4348,L,W,L vs. Phoenix Mercury 67-91,W @ Tulsa Shock 91-67
2015,2015-09-19,Chicago Sky,82,Indiana Fever,89,-7.0,7.0,0,1,1588,4349,W,L,W vs. Chicago Sky 89-82,L @ Indiana Fever 82-89
2015,2015-09-20,New York Liberty,86,Washington Mystics,68,18.0,-18.0,1,0,1589,4350,L,W,L vs. New York Liberty 68-86,W @ Washington Mystics 86-68
2015,2015-09-20,Minnesota Lynx,71,Los Angeles Sparks,81,-10.0,10.0,0,1,1589,4351,W,L,W vs. Minnesota Lynx 81-71,L @ Los Angeles Sparks 71-81
2015,2015-09-21,Indiana Fever,100,Chicago Sky,89,11.0,-11.0,1,0,1590,4352,L,W,L vs. Indiana Fever 89-100,W @ Chicago Sky 100-89
2015,2015-09-22,Washington Mystics,74,New York Liberty,79,-5.0,5.0,0,1,1591,4353,W,L,W vs. Washington Mystics 79-74,L @ New York Liberty 74-79
2015,2015-09-22,Los Angeles Sparks,80,Minnesota Lynx,91,-11.0,11.0,0,1,1591,4354,W,L,W vs. Los Angeles Sparks 91-80,L @ Minnesota Lynx 80-91
2015,2015-09-23,Indiana Fever,67,New York Liberty,84,-17.0,17.0,0,1,1592,4355,W,L,W vs. Indiana Fever 84-67,L @ New York Liberty 67-84
2015,2015-09-24,Phoenix Mercury,60,Minnesota Lynx,67,-7.0,7.0,0,1,1593,4356,W,L,W vs. Phoenix Mercury 67-60,L @ Minnesota Lynx 60-67
2015,2015-09-27,Minnesota Lynx,72,Phoenix Mercury,71,1.0,-1.0,1,0,1594,4357,L,W,L vs. Minnesota Lynx 71-72,W @ Phoenix Mercury 72-71
2015,2015-09-27,New York Liberty,64,Indiana Fever,70,-6.0,6.0,0,1,1594,4358,W,L,W vs. New York Liberty 70-64,L @ Indiana Fever 64-70
2015,2015-09-29,Indiana Fever,66,New York Liberty,51,15.0,-15.0,1,0,1595,4359,L,W,L vs. Indiana Fever 51-66,W @ New York Liberty 66-51
2015,2015-10-04,Indiana Fever,75,Minnesota Lynx,69,6.0,-6.0,1,0,1596,4360,L,W,L vs. Indiana Fever 69-75,W @ Minnesota Lynx 75-69
2015,2015-10-06,Indiana Fever,71,Minnesota Lynx,77,-6.0,6.0,0,1,1597,4361,W,L,W vs. Indiana Fever 77-71,L @ Minnesota Lynx 71-77
2015,2015-10-09,Minnesota Lynx,80,Indiana Fever,77,3.0,-3.0,1,0,1598,4362,L,W,L vs. Minnesota Lynx 77-80,W @ Indiana Fever 80-77
2015,2015-10-11,Minnesota Lynx,69,Indiana Fever,75,-6.0,6.0,0,1,1599,4363,W,L,W vs. Minnesota Lynx 75-69,L @ Indiana Fever 69-75
2015,2015-10-14,Indiana Fever,52,Minnesota Lynx,69,-17.0,17.0,0,1,1600,4364,W,L,W vs. Indiana Fever 69-52,L @ Minnesota Lynx 52-69
2016,2016-05-14,Phoenix Mercury,76,Minnesota Lynx,95,-19.0,19.0,0,1,1601,4365,W,L,W vs. Phoenix Mercury 95-76,L @ Minnesota Lynx 76-95
2016,2016-05-14,Connecticut Sun,70,Chicago Sky,93,-23.0,23.0,0,1,1601,4366,W,L,W vs. Connecticut Sun 93-70,L @ Chicago Sky 70-93
2016,2016-05-14,Dallas Wings,90,Indiana Fever,79,11.0,-11.0,1,0,1601,4367,L,W,L vs. Dallas Wings 79-90,W @ Indiana Fever 90-79
2016,2016-05-14,Atlanta Dream,73,San Antonio Silver Stars,63,10.0,-10.0,1,0,1601,4368,L,W,L vs. Atlanta Dream 63-73,W @ San Antonio Silver Stars 73-63
2016,2016-05-14,New York Liberty,87,Washington Mystics,76,11.0,-11.0,1,0,1601,4369,L,W,L vs. New York Liberty 76-87,W @ Washington Mystics 87-76
2016,2016-05-15,Seattle Storm,66,Los Angeles Sparks,96,-30.0,30.0,0,1,1602,4370,W,L,W vs. Seattle Storm 96-66,L @ Los Angeles Sparks 66-96
2016,2016-05-15,Dallas Wings,71,New York Liberty,79,-8.0,8.0,0,1,1602,4371,W,L,W vs. Dallas Wings 79-71,L @ New York Liberty 71-79
2016,2016-05-18,Dallas Wings,87,Washington Mystics,77,10.0,-10.0,1,0,1603,4372,L,W,L vs. Dallas Wings 77-87,W @ Washington Mystics 87-77
2016,2016-05-18,Minnesota Lynx,97,Chicago Sky,80,17.0,-17.0,1,0,1603,4373,L,W,L vs. Minnesota Lynx 80-97,W @ Chicago Sky 97-80
2016,2016-05-18,Phoenix Mercury,93,Indiana Fever,97,-4.0,4.0,0,1,1603,4374,W,L,W vs. Phoenix Mercury 97-93,L @ Indiana Fever 93-97
2016,2016-05-19,Connecticut Sun,72,San Antonio Silver Stars,68,4.0,-4.0,1,0,1604,4375,L,W,L vs. Connecticut Sun 68-72,W @ San Antonio Silver Stars 72-68
2016,2016-05-20,Los Angeles Sparks,97,Washington Mystics,67,30.0,-30.0,1,0,1605,4376,L,W,L vs. Los Angeles Sparks 67-97,W @ Washington Mystics 97-67
2016,2016-05-20,Atlanta Dream,85,Indiana Fever,94,-9.0,9.0,0,1,1605,4377,W,L,W vs. Atlanta Dream 94-85,L @ Indiana Fever 85-94
2016,2016-05-20,Seattle Storm,81,Phoenix Mercury,80,1.0,-1.0,1,0,1605,4378,L,W,L vs. Seattle Storm 80-81,W @ Phoenix Mercury 81-80
2016,2016-05-21,Washington Mystics,84,Connecticut Sun,76,8.0,-8.0,1,0,1606,4379,L,W,L vs. Washington Mystics 76-84,W @ Connecticut Sun 84-76
2016,2016-05-21,San Antonio Silver Stars,77,Dallas Wings,82,-5.0,5.0,0,1,1606,4380,W,L,W vs. San Antonio Silver Stars 82-77,L @ Dallas Wings 77-82
2016,2016-05-21,Los Angeles Sparks,79,New York Liberty,72,7.0,-7.0,1,0,1606,4381,L,W,L vs. Los Angeles Sparks 72-79,W @ New York Liberty 79-72
2016,2016-05-22,Minnesota Lynx,78,Seattle Storm,71,7.0,-7.0,1,0,1607,4382,L,W,L vs. Minnesota Lynx 71-78,W @ Seattle Storm 78-71
2016,2016-05-22,Chicago Sky,81,Atlanta Dream,87,-6.0,6.0,0,1,1607,4383,W,L,W vs. Chicago Sky 87-81,L @ Atlanta Dream 81-87
2016,2016-05-24,Atlanta Dream,85,New York Liberty,79,6.0,-6.0,1,0,1608,4384,L,W,L vs. Atlanta Dream 79-85,W @ New York Liberty 85-79
2016,2016-05-24,Los Angeles Sparks,93,Chicago Sky,80,13.0,-13.0,1,0,1608,4385,L,W,L vs. Los Angeles Sparks 80-93,W @ Chicago Sky 93-80
2016,2016-05-25,Minnesota Lynx,85,Phoenix Mercury,78,7.0,-7.0,1,0,1609,4386,L,W,L vs. Minnesota Lynx 78-85,W @ Phoenix Mercury 85-78
2016,2016-05-26,Washington Mystics,84,Seattle Storm,82,2.0,-2.0,1,0,1610,4387,L,W,L vs. Washington Mystics 82-84,W @ Seattle Storm 84-82
2016,2016-05-26,Los Angeles Sparks,77,Connecticut Sun,72,5.0,-5.0,1,0,1610,4388,L,W,L vs. Los Angeles Sparks 72-77,W @ Connecticut Sun 77-72
2016,2016-05-27,Indiana Fever,71,Minnesota Lynx,74,-3.0,3.0,0,1,1611,4389,W,L,W vs. Indiana Fever 74-71,L @ Minnesota Lynx 71-74
2016,2016-05-27,Chicago Sky,78,San Antonio Silver Stars,79,-1.0,1.0,0,1,1611,4390,W,L,W vs. Chicago Sky 79-78,L @ San Antonio Silver Stars 78-79
2016,2016-05-27,Atlanta Dream,102,Dallas Wings,93,9.0,-9.0,1,0,1611,4391,L,W,L vs. Atlanta Dream 93-102,W @ Dallas Wings 102-93
2016,2016-05-28,Connecticut Sun,82,Seattle Storm,93,-11.0,11.0,0,1,1612,4392,W,L,W vs. Connecticut Sun 93-82,L @ Seattle Storm 82-93
2016,2016-05-29,Chicago Sky,92,Dallas Wings,87,5.0,-5.0,1,0,1613,4393,L,W,L vs. Chicago Sky 87-92,W @ Dallas Wings 92-87
2016,2016-05-29,Indiana Fever,76,Atlanta Dream,85,-9.0,9.0,0,1,1613,4394,W,L,W vs. Indiana Fever 85-76,L @ Atlanta Dream 76-85
2016,2016-05-29,Washington Mystics,77,Phoenix Mercury,93,-16.0,16.0,0,1,1613,4395,W,L,W vs. Washington Mystics 93-77,L @ Phoenix Mercury 77-93
2016,2016-05-31,Minnesota Lynx,79,New York Liberty,69,10.0,-10.0,1,0,1614,4396,L,W,L vs. Minnesota Lynx 69-79,W @ New York Liberty 79-69
2016,2016-05-31,Connecticut Sun,90,Phoenix Mercury,99,-9.0,9.0,0,1,1614,4397,W,L,W vs. Connecticut Sun 99-90,L @ Phoenix Mercury 90-99
2016,2016-06-01,Seattle Storm,75,Indiana Fever,85,-10.0,10.0,0,1,1615,4398,W,L,W vs. Seattle Storm 85-75,L @ Indiana Fever 75-85
2016,2016-06-01,Chicago Sky,86,Washington Mystics,78,8.0,-8.0,1,0,1615,4399,L,W,L vs. Chicago Sky 78-86,W @ Washington Mystics 86-78
2016,2016-06-02,San Antonio Silver Stars,61,Los Angeles Sparks,68,-7.0,7.0,0,1,1616,4400,W,L,W vs. San Antonio Silver Stars 68-61,L @ Los Angeles Sparks 61-68
2016,2016-06-03,Washington Mystics,72,Chicago Sky,98,-26.0,26.0,0,1,1617,4401,W,L,W vs. Washington Mystics 98-72,L @ Chicago Sky 72-98
2016,2016-06-03,Phoenix Mercury,81,Seattle Storm,95,-14.0,14.0,0,1,1617,4402,W,L,W vs. Phoenix Mercury 95-81,L @ Seattle Storm 81-95
2016,2016-06-03,Indiana Fever,59,New York Liberty,91,-32.0,32.0,0,1,1617,4403,W,L,W vs. Indiana Fever 91-59,L @ New York Liberty 59-91
2016,2016-06-03,Atlanta Dream,83,Connecticut Sun,77,6.0,-6.0,1,0,1617,4404,L,W,L vs. Atlanta Dream 77-83,W @ Connecticut Sun 83-77
2016,2016-06-04,Dallas Wings,63,Minnesota Lynx,80,-17.0,17.0,0,1,1618,4405,W,L,W vs. Dallas Wings 80-63,L @ Minnesota Lynx 63-80
2016,2016-06-04,Los Angeles Sparks,74,San Antonio Silver Stars,61,13.0,-13.0,1,0,1618,4406,L,W,L vs. Los Angeles Sparks 61-74,W @ San Antonio Silver Stars 74-61
2016,2016-06-05,Indiana Fever,88,Connecticut Sun,77,11.0,-11.0,1,0,1619,4407,L,W,L vs. Indiana Fever 77-88,W @ Connecticut Sun 88-77
2016,2016-06-05,Washington Mystics,86,Atlanta Dream,79,7.0,-7.0,1,0,1619,4408,L,W,L vs. Washington Mystics 79-86,W @ Atlanta Dream 86-79
2016,2016-06-05,New York Liberty,86,Seattle Storm,78,8.0,-8.0,1,0,1619,4409,L,W,L vs. New York Liberty 78-86,W @ Seattle Storm 86-78
2016,2016-06-07,New York Liberty,77,Los Angeles Sparks,100,-23.0,23.0,0,1,1620,4410,W,L,W vs. New York Liberty 100-77,L @ Los Angeles Sparks 77-100
2016,2016-06-07,Phoenix Mercury,81,Minnesota Lynx,89,-8.0,8.0,0,1,1620,4411,W,L,W vs. Phoenix Mercury 89-81,L @ Minnesota Lynx 81-89
2016,2016-06-08,Washington Mystics,87,Dallas Wings,79,8.0,-8.0,1,0,1621,4412,L,W,L vs. Washington Mystics 79-87,W @ Dallas Wings 87-79
2016,2016-06-09,San Antonio Silver Stars,75,Phoenix Mercury,90,-15.0,15.0,0,1,1622,4413,W,L,W vs. San Antonio Silver Stars 90-75,L @ Phoenix Mercury 75-90
2016,2016-06-10,Chicago Sky,73,Indiana Fever,64,9.0,-9.0,1,0,1623,4414,L,W,L vs. Chicago Sky 64-73,W @ Indiana Fever 73-64
2016,2016-06-10,Minnesota Lynx,110,Atlanta Dream,78,32.0,-32.0,1,0,1623,4415,L,W,L vs. Minnesota Lynx 78-110,W @ Atlanta Dream 110-78
2016,2016-06-10,Seattle Storm,76,Connecticut Sun,77,-1.0,1.0,0,1,1623,4416,W,L,W vs. Seattle Storm 77-76,L @ Connecticut Sun 76-77
2016,2016-06-11,Minnesota Lynx,83,Washington Mystics,76,7.0,-7.0,1,0,1624,4417,L,W,L vs. Minnesota Lynx 76-83,W @ Washington Mystics 83-76
2016,2016-06-11,New York Liberty,90,San Antonio Silver Stars,75,15.0,-15.0,1,0,1624,4418,L,W,L vs. New York Liberty 75-90,W @ San Antonio Silver Stars 90-75
2016,2016-06-11,Los Angeles Sparks,97,Dallas Wings,73,24.0,-24.0,1,0,1624,4419,L,W,L vs. Los Angeles Sparks 73-97,W @ Dallas Wings 97-73
2016,2016-06-12,Chicago Sky,80,Phoenix Mercury,86,-6.0,6.0,0,1,1625,4420,W,L,W vs. Chicago Sky 86-80,L @ Phoenix Mercury 80-86
2016,2016-06-12,Connecticut Sun,87,Atlanta Dream,93,-6.0,6.0,0,1,1625,4421,W,L,W vs. Connecticut Sun 93-87,L @ Atlanta Dream 87-93
2016,2016-06-12,Seattle Storm,90,Indiana Fever,88,2.0,-2.0,1,0,1625,4422,L,W,L vs. Seattle Storm 88-90,W @ Indiana Fever 90-88
2016,2016-06-14,Chicago Sky,85,Los Angeles Sparks,98,-13.0,13.0,0,1,1626,4423,W,L,W vs. Chicago Sky 98-85,L @ Los Angeles Sparks 85-98
2016,2016-06-14,Indiana Fever,63,Minnesota Lynx,87,-24.0,24.0,0,1,1626,4424,W,L,W vs. Indiana Fever 87-63,L @ Minnesota Lynx 63-87
2016,2016-06-14,Dallas Wings,88,New York Liberty,91,-3.0,3.0,0,1,1626,4425,W,L,W vs. Dallas Wings 91-88,L @ New York Liberty 88-91
2016,2016-06-14,Seattle Storm,70,San Antonio Silver Stars,77,-7.0,7.0,0,1,1626,4426,W,L,W vs. Seattle Storm 77-70,L @ San Antonio Silver Stars 70-77
2016,2016-06-14,Washington Mystics,109,Connecticut Sun,106,3.0,-3.0,1,0,1626,4427,L,W,L vs. Washington Mystics 106-109,W @ Connecticut Sun 109-106
2016,2016-06-16,New York Liberty,80,Connecticut Sun,72,8.0,-8.0,1,0,1627,4428,L,W,L vs. New York Liberty 72-80,W @ Connecticut Sun 80-72
2016,2016-06-16,Seattle Storm,79,Dallas Wings,88,-9.0,9.0,0,1,1627,4429,W,L,W vs. Seattle Storm 88-79,L @ Dallas Wings 79-88
2016,2016-06-17,Indiana Fever,84,San Antonio Silver Stars,75,9.0,-9.0,1,0,1628,4430,L,W,L vs. Indiana Fever 75-84,W @ San Antonio Silver Stars 84-75
2016,2016-06-17,Chicago Sky,97,Atlanta Dream,101,-4.0,4.0,0,1,1628,4431,W,L,W vs. Chicago Sky 101-97,L @ Atlanta Dream 97-101
2016,2016-06-17,Phoenix Mercury,71,Los Angeles Sparks,77,-6.0,6.0,0,1,1628,4432,W,L,W vs. Phoenix Mercury 77-71,L @ Los Angeles Sparks 71-77
2016,2016-06-18,Dallas Wings,117,Phoenix Mercury,111,6.0,-6.0,1,0,1629,4433,L,W,L vs. Dallas Wings 111-117,W @ Phoenix Mercury 117-111
2016,2016-06-18,Atlanta Dream,65,Washington Mystics,95,-30.0,30.0,0,1,1629,4434,W,L,W vs. Atlanta Dream 95-65,L @ Washington Mystics 65-95
2016,2016-06-19,Minnesota Lynx,96,Seattle Storm,84,12.0,-12.0,1,0,1630,4435,L,W,L vs. Minnesota Lynx 84-96,W @ Seattle Storm 96-84
2016,2016-06-19,San Antonio Silver Stars,90,Connecticut Sun,93,-3.0,3.0,0,1,1630,4436,W,L,W vs. San Antonio Silver Stars 93-90,L @ Connecticut Sun 90-93
2016,2016-06-19,New York Liberty,78,Indiana Fever,75,3.0,-3.0,1,0,1630,4437,L,W,L vs. New York Liberty 75-78,W @ Indiana Fever 78-75
2016,2016-06-21,Minnesota Lynx,72,Los Angeles Sparks,69,3.0,-3.0,1,0,1631,4438,L,W,L vs. Minnesota Lynx 69-72,W @ Los Angeles Sparks 72-69
2016,2016-06-21,Phoenix Mercury,90,Dallas Wings,100,-10.0,10.0,0,1,1631,4439,W,L,W vs. Phoenix Mercury 100-90,L @ Dallas Wings 90-100
2016,2016-06-21,San Antonio Silver Stars,75,Chicago Sky,81,-6.0,6.0,0,1,1631,4440,W,L,W vs. San Antonio Silver Stars 81-75,L @ Chicago Sky 75-81
2016,2016-06-22,Indiana Fever,62,Washington Mystics,76,-14.0,14.0,0,1,1632,4441,W,L,W vs. Indiana Fever 76-62,L @ Washington Mystics 62-76
2016,2016-06-22,New York Liberty,90,Atlanta Dream,79,11.0,-11.0,1,0,1632,4442,L,W,L vs. New York Liberty 79-90,W @ Atlanta Dream 90-79
2016,2016-06-23,San Antonio Silver Stars,90,Dallas Wings,97,-7.0,7.0,0,1,1633,4443,W,L,W vs. San Antonio Silver Stars 97-90,L @ Dallas Wings 90-97
2016,2016-06-24,Phoenix Mercury,91,Washington Mystics,79,12.0,-12.0,1,0,1634,4444,L,W,L vs. Phoenix Mercury 79-91,W @ Washington Mystics 91-79
2016,2016-06-24,Chicago Sky,79,New York Liberty,80,-1.0,1.0,0,1,1634,4445,W,L,W vs. Chicago Sky 80-79,L @ New York Liberty 79-80
2016,2016-06-24,Connecticut Sun,81,Seattle Storm,98,-17.0,17.0,0,1,1634,4446,W,L,W vs. Connecticut Sun 98-81,L @ Seattle Storm 81-98
2016,2016-06-24,Los Angeles Sparks,94,Minnesota Lynx,76,18.0,-18.0,1,0,1634,4447,L,W,L vs. Los Angeles Sparks 76-94,W @ Minnesota Lynx 94-76
2016,2016-06-25,Atlanta Dream,69,San Antonio Silver Stars,73,-4.0,4.0,0,1,1635,4448,W,L,W vs. Atlanta Dream 73-69,L @ San Antonio Silver Stars 69-73
2016,2016-06-25,Indiana Fever,92,Dallas Wings,87,5.0,-5.0,1,0,1635,4449,L,W,L vs. Indiana Fever 87-92,W @ Dallas Wings 92-87
2016,2016-06-26,Minnesota Lynx,63,Washington Mystics,87,-24.0,24.0,0,1,1636,4450,W,L,W vs. Minnesota Lynx 87-63,L @ Washington Mystics 63-87
2016,2016-06-26,Phoenix Mercury,104,New York Liberty,97,7.0,-7.0,1,0,1636,4451,L,W,L vs. Phoenix Mercury 97-104,W @ New York Liberty 104-97
2016,2016-06-26,Connecticut Sun,73,Los Angeles Sparks,80,-7.0,7.0,0,1,1636,4452,W,L,W vs. Connecticut Sun 80-73,L @ Los Angeles Sparks 73-80
2016,2016-06-28,Dallas Wings,84,Los Angeles Sparks,89,-5.0,5.0,0,1,1637,4453,W,L,W vs. Dallas Wings 89-84,L @ Los Angeles Sparks 84-89
2016,2016-06-28,Atlanta Dream,81,Seattle Storm,84,-3.0,3.0,0,1,1637,4454,W,L,W vs. Atlanta Dream 84-81,L @ Seattle Storm 81-84
2016,2016-06-29,San Antonio Silver Stars,67,Washington Mystics,84,-17.0,17.0,0,1,1638,4455,W,L,W vs. San Antonio Silver Stars 84-67,L @ Washington Mystics 67-84
2016,2016-06-29,Connecticut Sun,75,Phoenix Mercury,86,-11.0,11.0,0,1,1638,4456,W,L,W vs. Connecticut Sun 86-75,L @ Phoenix Mercury 75-86
2016,2016-06-29,New York Liberty,95,Minnesota Lynx,92,3.0,-3.0,1,0,1638,4457,L,W,L vs. New York Liberty 92-95,W @ Minnesota Lynx 95-92
2016,2016-06-29,Indiana Fever,95,Chicago Sky,83,12.0,-12.0,1,0,1638,4458,L,W,L vs. Indiana Fever 83-95,W @ Chicago Sky 95-83
2016,2016-06-30,Dallas Wings,83,Seattle Storm,78,5.0,-5.0,1,0,1639,4459,L,W,L vs. Dallas Wings 78-83,W @ Seattle Storm 83-78
2016,2016-06-30,Atlanta Dream,75,Los Angeles Sparks,84,-9.0,9.0,0,1,1639,4460,W,L,W vs. Atlanta Dream 84-75,L @ Los Angeles Sparks 75-84
2016,2016-07-01,New York Liberty,99,Phoenix Mercury,88,11.0,-11.0,1,0,1640,4461,L,W,L vs. New York Liberty 88-99,W @ Phoenix Mercury 99-88
2016,2016-07-01,San Antonio Silver Stars,87,Indiana Fever,85,2.0,-2.0,1,0,1640,4462,L,W,L vs. San Antonio Silver Stars 85-87,W @ Indiana Fever 87-85
2016,2016-07-01,Washington Mystics,84,Chicago Sky,86,-2.0,2.0,0,1,1640,4463,W,L,W vs. Washington Mystics 86-84,L @ Chicago Sky 84-86
2016,2016-07-02,Connecticut Sun,86,Dallas Wings,83,3.0,-3.0,1,0,1641,4464,L,W,L vs. Connecticut Sun 83-86,W @ Dallas Wings 86-83
2016,2016-07-02,San Antonio Silver Stars,68,Minnesota Lynx,91,-23.0,23.0,0,1,1641,4465,W,L,W vs. San Antonio Silver Stars 91-68,L @ Minnesota Lynx 68-91
2016,2016-07-03,Phoenix Mercury,95,Atlanta Dream,87,8.0,-8.0,1,0,1642,4466,L,W,L vs. Phoenix Mercury 87-95,W @ Atlanta Dream 95-87
2016,2016-07-03,New York Liberty,67,Los Angeles Sparks,77,-10.0,10.0,0,1,1642,4467,W,L,W vs. New York Liberty 77-67,L @ Los Angeles Sparks 67-77
2016,2016-07-05,Seattle Storm,64,Atlanta Dream,77,-13.0,13.0,0,1,1643,4468,W,L,W vs. Seattle Storm 77-64,L @ Atlanta Dream 64-77
2016,2016-07-05,Chicago Sky,82,Minnesota Lynx,87,-5.0,5.0,0,1,1643,4469,W,L,W vs. Chicago Sky 87-82,L @ Minnesota Lynx 82-87
2016,2016-07-05,Phoenix Mercury,74,Dallas Wings,77,-3.0,3.0,0,1,1643,4470,W,L,W vs. Phoenix Mercury 77-74,L @ Dallas Wings 74-77
2016,2016-07-06,Indiana Fever,88,Los Angeles Sparks,94,-6.0,6.0,0,1,1644,4471,W,L,W vs. Indiana Fever 94-88,L @ Los Angeles Sparks 88-94
2016,2016-07-06,Seattle Storm,74,New York Liberty,78,-4.0,4.0,0,1,1644,4472,W,L,W vs. Seattle Storm 78-74,L @ New York Liberty 74-78
2016,2016-07-06,Washington Mystics,70,San Antonio Silver Stars,77,-7.0,7.0,0,1,1644,4473,W,L,W vs. Washington Mystics 77-70,L @ San Antonio Silver Stars 70-77
2016,2016-07-07,Minnesota Lynx,89,Connecticut Sun,93,-4.0,4.0,0,1,1645,4474,W,L,W vs. Minnesota Lynx 93-89,L @ Connecticut Sun 89-93
2016,2016-07-08,New York Liberty,88,Chicago Sky,85,3.0,-3.0,1,0,1646,4475,L,W,L vs. New York Liberty 85-88,W @ Chicago Sky 88-85
2016,2016-07-08,Dallas Wings,90,Atlanta Dream,95,-5.0,5.0,0,1,1646,4476,W,L,W vs. Dallas Wings 95-90,L @ Atlanta Dream 90-95
2016,2016-07-08,Indiana Fever,78,Phoenix Mercury,60,18.0,-18.0,1,0,1646,4477,L,W,L vs. Indiana Fever 60-78,W @ Phoenix Mercury 78-60
2016,2016-07-08,Seattle Storm,78,San Antonio Silver Stars,68,10.0,-10.0,1,0,1646,4478,L,W,L vs. Seattle Storm 68-78,W @ San Antonio Silver Stars 78-68
2016,2016-07-09,Dallas Wings,56,Minnesota Lynx,93,-37.0,37.0,0,1,1647,4479,W,L,W vs. Dallas Wings 93-56,L @ Minnesota Lynx 56-93
2016,2016-07-10,Washington Mystics,82,Los Angeles Sparks,93,-11.0,11.0,0,1,1648,4480,W,L,W vs. Washington Mystics 93-82,L @ Los Angeles Sparks 82-93
2016,2016-07-10,Indiana Fever,93,Seattle Storm,82,11.0,-11.0,1,0,1648,4481,L,W,L vs. Indiana Fever 82-93,W @ Seattle Storm 93-82
2016,2016-07-10,Atlanta Dream,67,Connecticut Sun,63,4.0,-4.0,1,0,1648,4482,L,W,L vs. Atlanta Dream 63-67,W @ Connecticut Sun 67-63
2016,2016-07-10,Phoenix Mercury,95,Chicago Sky,100,-5.0,5.0,0,1,1648,4483,W,L,W vs. Phoenix Mercury 100-95,L @ Chicago Sky 95-100
2016,2016-07-10,San Antonio Silver Stars,65,New York Liberty,75,-10.0,10.0,0,1,1648,4484,W,L,W vs. San Antonio Silver Stars 75-65,L @ New York Liberty 65-75
2016,2016-07-12,Minnesota Lynx,81,San Antonio Silver Stars,57,24.0,-24.0,1,0,1649,4485,L,W,L vs. Minnesota Lynx 57-81,W @ San Antonio Silver Stars 81-57
2016,2016-07-13,Connecticut Sun,86,Indiana Fever,64,22.0,-22.0,1,0,1650,4486,L,W,L vs. Connecticut Sun 64-86,W @ Indiana Fever 86-64
2016,2016-07-13,Atlanta Dream,62,New York Liberty,86,-24.0,24.0,0,1,1650,4487,W,L,W vs. Atlanta Dream 86-62,L @ New York Liberty 62-86
2016,2016-07-13,Washington Mystics,74,Phoenix Mercury,78,-4.0,4.0,0,1,1650,4488,W,L,W vs. Washington Mystics 78-74,L @ Phoenix Mercury 74-78
2016,2016-07-13,Los Angeles Sparks,77,Chicago Sky,67,10.0,-10.0,1,0,1650,4489,L,W,L vs. Los Angeles Sparks 67-77,W @ Chicago Sky 77-67
2016,2016-07-15,New York Liberty,70,Minnesota Lynx,88,-18.0,18.0,0,1,1651,4490,W,L,W vs. New York Liberty 88-70,L @ Minnesota Lynx 70-88
2016,2016-07-15,Washington Mystics,51,Seattle Storm,80,-29.0,29.0,0,1,1651,4491,W,L,W vs. Washington Mystics 80-51,L @ Seattle Storm 51-80
2016,2016-07-15,Atlanta Dream,72,Indiana Fever,78,-6.0,6.0,0,1,1651,4492,W,L,W vs. Atlanta Dream 78-72,L @ Indiana Fever 72-78
2016,2016-07-15,Dallas Wings,77,Chicago Sky,84,-7.0,7.0,0,1,1651,4493,W,L,W vs. Dallas Wings 84-77,L @ Chicago Sky 77-84
2016,2016-07-15,Los Angeles Sparks,98,Connecticut Sun,92,6.0,-6.0,1,0,1651,4494,L,W,L vs. Los Angeles Sparks 92-98,W @ Connecticut Sun 98-92
2016,2016-07-16,San Antonio Silver Stars,64,Phoenix Mercury,83,-19.0,19.0,0,1,1652,4495,W,L,W vs. San Antonio Silver Stars 83-64,L @ Phoenix Mercury 64-83
2016,2016-07-17,Los Angeles Sparks,74,Atlanta Dream,91,-17.0,17.0,0,1,1653,4496,W,L,W vs. Los Angeles Sparks 91-74,L @ Atlanta Dream 74-91
2016,2016-07-17,Connecticut Sun,76,New York Liberty,83,-7.0,7.0,0,1,1653,4497,W,L,W vs. Connecticut Sun 83-76,L @ New York Liberty 76-83
2016,2016-07-17,Chicago Sky,91,Seattle Storm,88,3.0,-3.0,1,0,1653,4498,L,W,L vs. Chicago Sky 88-91,W @ Seattle Storm 91-88
2016,2016-07-17,Minnesota Lynx,98,Dallas Wings,97,1.0,-1.0,1,0,1653,4499,L,W,L vs. Minnesota Lynx 97-98,W @ Dallas Wings 98-97
2016,2016-07-19,Chicago Sky,79,Phoenix Mercury,77,2.0,-2.0,1,0,1654,4500,L,W,L vs. Chicago Sky 77-79,W @ Phoenix Mercury 79-77
2016,2016-07-19,Los Angeles Sparks,82,Indiana Fever,92,-10.0,10.0,0,1,1654,4501,W,L,W vs. Los Angeles Sparks 92-82,L @ Indiana Fever 82-92
2016,2016-07-20,Atlanta Dream,65,Minnesota Lynx,83,-18.0,18.0,0,1,1655,4502,W,L,W vs. Atlanta Dream 83-65,L @ Minnesota Lynx 65-83
2016,2016-07-20,Connecticut Sun,89,Dallas Wings,78,11.0,-11.0,1,0,1655,4503,L,W,L vs. Connecticut Sun 78-89,W @ Dallas Wings 89-78
2016,2016-07-20,San Antonio Silver Stars,69,Seattle Storm,83,-14.0,14.0,0,1,1655,4504,W,L,W vs. San Antonio Silver Stars 83-69,L @ Seattle Storm 69-83
2016,2016-07-20,New York Liberty,88,Washington Mystics,81,7.0,-7.0,1,0,1655,4505,L,W,L vs. New York Liberty 81-88,W @ Washington Mystics 88-81
2016,2016-07-21,Indiana Fever,82,New York Liberty,70,12.0,-12.0,1,0,1656,4506,L,W,L vs. Indiana Fever 70-82,W @ New York Liberty 82-70
2016,2016-07-22,Connecticut Sun,94,Chicago Sky,89,5.0,-5.0,1,0,1657,4507,L,W,L vs. Connecticut Sun 89-94,W @ Chicago Sky 94-89
2016,2016-07-22,Los Angeles Sparks,95,Washington Mystics,75,20.0,-20.0,1,0,1657,4508,L,W,L vs. Los Angeles Sparks 75-95,W @ Washington Mystics 95-75
2016,2016-07-22,Seattle Storm,72,Minnesota Lynx,79,-7.0,7.0,0,1,1657,4509,W,L,W vs. Seattle Storm 79-72,L @ Minnesota Lynx 72-79
2016,2016-07-22,Dallas Wings,88,Atlanta Dream,93,-5.0,5.0,0,1,1657,4510,W,L,W vs. Dallas Wings 93-88,L @ Atlanta Dream 88-93
2016,2016-08-26,New York Liberty,84,San Antonio Silver Stars,77,7.0,-7.0,1,0,1658,4511,L,W,L vs. New York Liberty 77-84,W @ San Antonio Silver Stars 84-77
2016,2016-08-26,Los Angeles Sparks,72,Seattle Storm,79,-7.0,7.0,0,1,1658,4512,W,L,W vs. Los Angeles Sparks 79-72,L @ Seattle Storm 72-79
2016,2016-08-26,Dallas Wings,72,Phoenix Mercury,98,-26.0,26.0,0,1,1658,4513,W,L,W vs. Dallas Wings 98-72,L @ Phoenix Mercury 72-98
2016,2016-08-26,Minnesota Lynx,80,Connecticut Sun,84,-4.0,4.0,0,1,1658,4514,W,L,W vs. Minnesota Lynx 84-80,L @ Connecticut Sun 80-84
2016,2016-08-26,Atlanta Dream,82,Chicago Sky,90,-8.0,8.0,0,1,1658,4515,W,L,W vs. Atlanta Dream 90-82,L @ Chicago Sky 82-90
2016,2016-08-27,Washington Mystics,92,Indiana Fever,69,23.0,-23.0,1,0,1659,4516,L,W,L vs. Washington Mystics 69-92,W @ Indiana Fever 92-69
2016,2016-08-28,Seattle Storm,80,Minnesota Lynx,92,-12.0,12.0,0,1,1660,4517,W,L,W vs. Seattle Storm 92-80,L @ Minnesota Lynx 80-92
2016,2016-08-28,Chicago Sky,92,Dallas Wings,85,7.0,-7.0,1,0,1660,4518,L,W,L vs. Chicago Sky 85-92,W @ Dallas Wings 92-85
2016,2016-08-28,Los Angeles Sparks,66,Phoenix Mercury,70,-4.0,4.0,0,1,1660,4519,W,L,W vs. Los Angeles Sparks 70-66,L @ Phoenix Mercury 66-70
2016,2016-08-28,San Antonio Silver Stars,85,Washington Mystics,74,11.0,-11.0,1,0,1660,4520,L,W,L vs. San Antonio Silver Stars 74-85,W @ Washington Mystics 85-74
2016,2016-08-28,Connecticut Sun,73,Atlanta Dream,87,-14.0,14.0,0,1,1660,4521,W,L,W vs. Connecticut Sun 87-73,L @ Atlanta Dream 73-87
2016,2016-08-30,Phoenix Mercury,79,Indiana Fever,65,14.0,-14.0,1,0,1661,4522,L,W,L vs. Phoenix Mercury 65-79,W @ Indiana Fever 79-65
2016,2016-08-30,San Antonio Silver Stars,62,Connecticut Sun,89,-27.0,27.0,0,1,1661,4523,W,L,W vs. San Antonio Silver Stars 89-62,L @ Connecticut Sun 62-89
2016,2016-08-31,Dallas Wings,66,Seattle Storm,78,-12.0,12.0,0,1,1662,4524,W,L,W vs. Dallas Wings 78-66,L @ Seattle Storm 66-78
2016,2016-09-01,New York Liberty,77,Indiana Fever,98,-21.0,21.0,0,1,1663,4525,W,L,W vs. New York Liberty 98-77,L @ Indiana Fever 77-98
2016,2016-09-01,Los Angeles Sparks,70,San Antonio Silver Stars,61,9.0,-9.0,1,0,1663,4526,L,W,L vs. Los Angeles Sparks 61-70,W @ San Antonio Silver Stars 70-61
2016,2016-09-02,Phoenix Mercury,74,Connecticut Sun,87,-13.0,13.0,0,1,1664,4527,W,L,W vs. Phoenix Mercury 87-74,L @ Connecticut Sun 74-87
2016,2016-09-02,Washington Mystics,69,Minnesota Lynx,75,-6.0,6.0,0,1,1664,4528,W,L,W vs. Washington Mystics 75-69,L @ Minnesota Lynx 69-75
2016,2016-09-02,Seattle Storm,88,Chicago Sky,92,-4.0,4.0,0,1,1664,4529,W,L,W vs. Seattle Storm 92-88,L @ Chicago Sky 88-92
2016,2016-09-02,Los Angeles Sparks,87,Dallas Wings,79,8.0,-8.0,1,0,1664,4530,L,W,L vs. Los Angeles Sparks 79-87,W @ Dallas Wings 87-79
2016,2016-09-03,Phoenix Mercury,70,New York Liberty,92,-22.0,22.0,0,1,1665,4531,W,L,W vs. Phoenix Mercury 92-70,L @ New York Liberty 70-92
2016,2016-09-04,Connecticut Sun,79,Minnesota Lynx,93,-14.0,14.0,0,1,1666,4532,W,L,W vs. Connecticut Sun 93-79,L @ Minnesota Lynx 79-93
2016,2016-09-04,Seattle Storm,91,Atlanta Dream,82,9.0,-9.0,1,0,1666,4533,L,W,L vs. Seattle Storm 82-91,W @ Atlanta Dream 91-82
2016,2016-09-04,San Antonio Silver Stars,73,Chicago Sky,97,-24.0,24.0,0,1,1666,4534,W,L,W vs. San Antonio Silver Stars 97-73,L @ Chicago Sky 73-97
2016,2016-09-04,Indiana Fever,81,Los Angeles Sparks,88,-7.0,7.0,0,1,1666,4535,W,L,W vs. Indiana Fever 88-81,L @ Los Angeles Sparks 81-88
2016,2016-09-04,Washington Mystics,88,Dallas Wings,83,5.0,-5.0,1,0,1666,4536,L,W,L vs. Washington Mystics 83-88,W @ Dallas Wings 88-83
2016,2016-09-06,Minnesota Lynx,77,Los Angeles Sparks,74,3.0,-3.0,1,0,1667,4537,L,W,L vs. Minnesota Lynx 74-77,W @ Los Angeles Sparks 77-74
2016,2016-09-06,Phoenix Mercury,87,Atlanta Dream,91,-4.0,4.0,0,1,1667,4538,W,L,W vs. Phoenix Mercury 91-87,L @ Atlanta Dream 87-91
2016,2016-09-06,Indiana Fever,71,San Antonio Silver Stars,69,2.0,-2.0,1,0,1667,4539,L,W,L vs. Indiana Fever 69-71,W @ San Antonio Silver Stars 71-69
2016,2016-09-07,Seattle Storm,102,New York Liberty,78,24.0,-24.0,1,0,1668,4540,L,W,L vs. Seattle Storm 78-102,W @ New York Liberty 102-78
2016,2016-09-07,Chicago Sky,81,Washington Mystics,118,-37.0,37.0,0,1,1668,4541,W,L,W vs. Chicago Sky 118-81,L @ Washington Mystics 81-118
2016,2016-09-08,Atlanta Dream,86,Los Angeles Sparks,81,5.0,-5.0,1,0,1669,4542,L,W,L vs. Atlanta Dream 81-86,W @ Los Angeles Sparks 86-81
2016,2016-09-09,Connecticut Sun,82,New York Liberty,89,-7.0,7.0,0,1,1670,4543,W,L,W vs. Connecticut Sun 89-82,L @ New York Liberty 82-89
2016,2016-09-09,Chicago Sky,88,Indiana Fever,95,-7.0,7.0,0,1,1670,4544,W,L,W vs. Chicago Sky 95-88,L @ Indiana Fever 88-95
2016,2016-09-09,Seattle Storm,81,Washington Mystics,76,5.0,-5.0,1,0,1670,4545,L,W,L vs. Seattle Storm 76-81,W @ Washington Mystics 81-76
2016,2016-09-09,Dallas Wings,92,San Antonio Silver Stars,84,8.0,-8.0,1,0,1670,4546,L,W,L vs. Dallas Wings 84-92,W @ San Antonio Silver Stars 92-84
2016,2016-09-11,Chicago Sky,96,Connecticut Sun,86,10.0,-10.0,1,0,1671,4547,L,W,L vs. Chicago Sky 86-96,W @ Connecticut Sun 96-86
2016,2016-09-11,New York Liberty,81,Dallas Wings,84,-3.0,3.0,0,1,1671,4548,W,L,W vs. New York Liberty 84-81,L @ Dallas Wings 81-84
2016,2016-09-11,Minnesota Lynx,81,San Antonio Silver Stars,76,5.0,-5.0,1,0,1671,4549,L,W,L vs. Minnesota Lynx 76-81,W @ San Antonio Silver Stars 81-76
2016,2016-09-11,Indiana Fever,80,Washington Mystics,73,7.0,-7.0,1,0,1671,4550,L,W,L vs. Indiana Fever 73-80,W @ Washington Mystics 80-73
2016,2016-09-11,Atlanta Dream,75,Phoenix Mercury,86,-11.0,11.0,0,1,1671,4551,W,L,W vs. Atlanta Dream 86-75,L @ Phoenix Mercury 75-86
2016,2016-09-11,Los Angeles Sparks,60,Seattle Storm,78,-18.0,18.0,0,1,1671,4552,W,L,W vs. Los Angeles Sparks 78-60,L @ Seattle Storm 60-78
2016,2016-09-13,Indiana Fever,87,Connecticut Sun,89,-2.0,2.0,0,1,1672,4553,W,L,W vs. Indiana Fever 89-87,L @ Connecticut Sun 87-89
2016,2016-09-13,Washington Mystics,75,New York Liberty,62,13.0,-13.0,1,0,1672,4554,L,W,L vs. Washington Mystics 62-75,W @ New York Liberty 75-62
2016,2016-09-13,San Antonio Silver Stars,71,Atlanta Dream,67,4.0,-4.0,1,0,1672,4555,L,W,L vs. San Antonio Silver Stars 67-71,W @ Atlanta Dream 71-67
2016,2016-09-13,Minnesota Lynx,97,Chicago Sky,98,-1.0,1.0,0,1,1672,4556,W,L,W vs. Minnesota Lynx 98-97,L @ Chicago Sky 97-98
2016,2016-09-13,Phoenix Mercury,85,Los Angeles Sparks,90,-5.0,5.0,0,1,1672,4557,W,L,W vs. Phoenix Mercury 90-85,L @ Los Angeles Sparks 85-90
2016,2016-09-15,Washington Mystics,91,Atlanta Dream,94,-3.0,3.0,0,1,1673,4558,W,L,W vs. Washington Mystics 94-91,L @ Atlanta Dream 91-94
2016,2016-09-15,Seattle Storm,62,Phoenix Mercury,86,-24.0,24.0,0,1,1673,4559,W,L,W vs. Seattle Storm 86-62,L @ Phoenix Mercury 62-86
2016,2016-09-16,Minnesota Lynx,82,Indiana Fever,75,7.0,-7.0,1,0,1674,4560,L,W,L vs. Minnesota Lynx 75-82,W @ Indiana Fever 82-75
2016,2016-09-16,San Antonio Silver Stars,65,Los Angeles Sparks,71,-6.0,6.0,0,1,1674,4561,W,L,W vs. San Antonio Silver Stars 71-65,L @ Los Angeles Sparks 65-71
2016,2016-09-16,New York Liberty,68,Chicago Sky,92,-24.0,24.0,0,1,1674,4562,W,L,W vs. New York Liberty 92-68,L @ Chicago Sky 68-92
2016,2016-09-16,Dallas Wings,74,Connecticut Sun,107,-33.0,33.0,0,1,1674,4563,W,L,W vs. Dallas Wings 107-74,L @ Connecticut Sun 74-107
2016,2016-09-17,Atlanta Dream,87,Minnesota Lynx,95,-8.0,8.0,0,1,1675,4564,W,L,W vs. Atlanta Dream 95-87,L @ Minnesota Lynx 87-95
2016,2016-09-18,Chicago Sky,75,Seattle Storm,88,-13.0,13.0,0,1,1676,4565,W,L,W vs. Chicago Sky 88-75,L @ Seattle Storm 75-88
2016,2016-09-18,Phoenix Mercury,81,San Antonio Silver Stars,65,16.0,-16.0,1,0,1676,4566,L,W,L vs. Phoenix Mercury 65-81,W @ San Antonio Silver Stars 81-65
2016,2016-09-18,Connecticut Sun,87,Washington Mystics,78,9.0,-9.0,1,0,1676,4567,L,W,L vs. Connecticut Sun 78-87,W @ Washington Mystics 87-78
2016,2016-09-18,Dallas Wings,60,Indiana Fever,83,-23.0,23.0,0,1,1676,4568,W,L,W vs. Dallas Wings 83-60,L @ Indiana Fever 60-83
2016,2016-09-21,Phoenix Mercury,89,Indiana Fever,78,11.0,-11.0,1,0,1677,4569,L,W,L vs. Phoenix Mercury 78-89,W @ Indiana Fever 89-78
2016,2016-09-21,Seattle Storm,85,Atlanta Dream,94,-9.0,9.0,0,1,1677,4570,W,L,W vs. Seattle Storm 94-85,L @ Atlanta Dream 85-94
2016,2016-09-24,Phoenix Mercury,101,New York Liberty,94,7.0,-7.0,1,0,1678,4571,L,W,L vs. Phoenix Mercury 94-101,W @ New York Liberty 101-94
2016,2016-09-25,Atlanta Dream,98,Chicago Sky,108,-10.0,10.0,0,1,1679,4572,W,L,W vs. Atlanta Dream 108-98,L @ Chicago Sky 98-108
2016,2016-09-28,Chicago Sky,75,Los Angeles Sparks,95,-20.0,20.0,0,1,1680,4573,W,L,W vs. Chicago Sky 95-75,L @ Los Angeles Sparks 75-95
2016,2016-09-28,Phoenix Mercury,95,Minnesota Lynx,113,-18.0,18.0,0,1,1680,4574,W,L,W vs. Phoenix Mercury 113-95,L @ Minnesota Lynx 95-113
2016,2016-09-30,Phoenix Mercury,86,Minnesota Lynx,96,-10.0,10.0,0,1,1681,4575,W,L,W vs. Phoenix Mercury 96-86,L @ Minnesota Lynx 86-96
2016,2016-09-30,Chicago Sky,84,Los Angeles Sparks,99,-15.0,15.0,0,1,1681,4576,W,L,W vs. Chicago Sky 99-84,L @ Los Angeles Sparks 84-99
2016,2016-10-02,Minnesota Lynx,82,Phoenix Mercury,67,15.0,-15.0,1,0,1682,4577,L,W,L vs. Minnesota Lynx 67-82,W @ Phoenix Mercury 82-67
2016,2016-10-02,Los Angeles Sparks,66,Chicago Sky,70,-4.0,4.0,0,1,1682,4578,W,L,W vs. Los Angeles Sparks 70-66,L @ Chicago Sky 66-70
2016,2016-10-04,Los Angeles Sparks,95,Chicago Sky,75,20.0,-20.0,1,0,1683,4579,L,W,L vs. Los Angeles Sparks 75-95,W @ Chicago Sky 95-75
2016,2016-10-09,Los Angeles Sparks,78,Minnesota Lynx,76,2.0,-2.0,1,0,1684,4580,L,W,L vs. Los Angeles Sparks 76-78,W @ Minnesota Lynx 78-76
2016,2016-10-11,Los Angeles Sparks,60,Minnesota Lynx,79,-19.0,19.0,0,1,1685,4581,W,L,W vs. Los Angeles Sparks 79-60,L @ Minnesota Lynx 60-79
2016,2016-10-14,Minnesota Lynx,75,Los Angeles Sparks,92,-17.0,17.0,0,1,1686,4582,W,L,W vs. Minnesota Lynx 92-75,L @ Los Angeles Sparks 75-92
2016,2016-10-16,Minnesota Lynx,85,Los Angeles Sparks,79,6.0,-6.0,1,0,1687,4583,L,W,L vs. Minnesota Lynx 79-85,W @ Los Angeles Sparks 85-79
2016,2016-10-20,Los Angeles Sparks,77,Minnesota Lynx,76,1.0,-1.0,1,0,1688,4584,L,W,L vs. Los Angeles Sparks 76-77,W @ Minnesota Lynx 77-76
2017,2017-05-13,Seattle Storm,68,Los Angeles Sparks,78,-10.0,10.0,0,1,1689,4585,W,L,W vs. Seattle Storm 78-68,L @ Los Angeles Sparks 68-78
2017,2017-05-13,Atlanta Dream,81,Connecticut Sun,74,7.0,-7.0,1,0,1689,4586,L,W,L vs. Atlanta Dream 74-81,W @ Connecticut Sun 81-74
2017,2017-05-13,San Antonio Silver Stars,64,New York Liberty,73,-9.0,9.0,0,1,1689,4587,W,L,W vs. San Antonio Silver Stars 73-64,L @ New York Liberty 64-73
2017,2017-05-14,Indiana Fever,82,Seattle Storm,87,-5.0,5.0,0,1,1690,4588,W,L,W vs. Indiana Fever 87-82,L @ Seattle Storm 82-87
2017,2017-05-14,Dallas Wings,68,Phoenix Mercury,58,10.0,-10.0,1,0,1690,4589,L,W,L vs. Dallas Wings 58-68,W @ Phoenix Mercury 68-58
2017,2017-05-14,Chicago Sky,61,Minnesota Lynx,70,-9.0,9.0,0,1,1690,4590,W,L,W vs. Chicago Sky 70-61,L @ Minnesota Lynx 61-70
2017,2017-05-14,San Antonio Silver Stars,74,Washington Mystics,89,-15.0,15.0,0,1,1690,4591,W,L,W vs. San Antonio Silver Stars 89-74,L @ Washington Mystics 74-89
2017,2017-05-17,Indiana Fever,62,Phoenix Mercury,85,-23.0,23.0,0,1,1691,4592,W,L,W vs. Indiana Fever 85-62,L @ Phoenix Mercury 62-85
2017,2017-05-18,Minnesota Lynx,90,New York Liberty,71,19.0,-19.0,1,0,1692,4593,L,W,L vs. Minnesota Lynx 71-90,W @ New York Liberty 90-71
2017,2017-05-19,Phoenix Mercury,78,San Antonio Silver Stars,72,6.0,-6.0,1,0,1693,4594,L,W,L vs. Phoenix Mercury 72-78,W @ San Antonio Silver Stars 78-72
2017,2017-05-19,Atlanta Dream,91,Chicago Sky,83,8.0,-8.0,1,0,1693,4595,L,W,L vs. Atlanta Dream 83-91,W @ Chicago Sky 91-83
2017,2017-05-19,Washington Mystics,89,Los Angeles Sparks,99,-10.0,10.0,0,1,1693,4596,W,L,W vs. Washington Mystics 99-89,L @ Los Angeles Sparks 89-99
2017,2017-05-20,Minnesota Lynx,89,Dallas Wings,87,2.0,-2.0,1,0,1694,4597,L,W,L vs. Minnesota Lynx 87-89,W @ Dallas Wings 89-87
2017,2017-05-20,Connecticut Sun,79,Indiana Fever,81,-2.0,2.0,0,1,1694,4598,W,L,W vs. Connecticut Sun 81-79,L @ Indiana Fever 79-81
2017,2017-05-21,Chicago Sky,75,Atlanta Dream,71,4.0,-4.0,1,0,1695,4599,L,W,L vs. Chicago Sky 71-75,W @ Atlanta Dream 75-71
2017,2017-05-21,Washington Mystics,71,Seattle Storm,81,-10.0,10.0,0,1,1695,4600,W,L,W vs. Washington Mystics 81-71,L @ Seattle Storm 71-81
2017,2017-05-23,Connecticut Sun,78,Minnesota Lynx,80,-2.0,2.0,0,1,1696,4601,W,L,W vs. Connecticut Sun 80-78,L @ Minnesota Lynx 78-80
2017,2017-05-23,New York Liberty,69,Phoenix Mercury,67,2.0,-2.0,1,0,1696,4602,L,W,L vs. New York Liberty 67-69,W @ Phoenix Mercury 69-67
2017,2017-05-24,Washington Mystics,82,Chicago Sky,67,15.0,-15.0,1,0,1697,4603,L,W,L vs. Washington Mystics 67-82,W @ Chicago Sky 82-67
2017,2017-05-24,Los Angeles Sparks,90,Indiana Fever,93,-3.0,3.0,0,1,1697,4604,W,L,W vs. Los Angeles Sparks 93-90,L @ Indiana Fever 90-93
2017,2017-05-25,Dallas Wings,94,San Antonio Silver Stars,82,12.0,-12.0,1,0,1698,4605,L,W,L vs. Dallas Wings 82-94,W @ San Antonio Silver Stars 94-82
2017,2017-05-26,New York Liberty,81,Seattle Storm,87,-6.0,6.0,0,1,1699,4606,W,L,W vs. New York Liberty 87-81,L @ Seattle Storm 81-87
2017,2017-05-26,Minnesota Lynx,82,Connecticut Sun,68,14.0,-14.0,1,0,1699,4607,L,W,L vs. Minnesota Lynx 68-82,W @ Connecticut Sun 82-68
2017,2017-05-26,Chicago Sky,79,Washington Mystics,88,-9.0,9.0,0,1,1699,4608,W,L,W vs. Chicago Sky 88-79,L @ Washington Mystics 79-88
2017,2017-05-27,Los Angeles Sparks,73,Atlanta Dream,75,-2.0,2.0,0,1,1700,4609,W,L,W vs. Los Angeles Sparks 75-73,L @ Atlanta Dream 73-75
2017,2017-05-27,Dallas Wings,65,Phoenix Mercury,107,-42.0,42.0,0,1,1700,4610,W,L,W vs. Dallas Wings 107-65,L @ Phoenix Mercury 65-107
2017,2017-05-28,Indiana Fever,70,Seattle Storm,94,-24.0,24.0,0,1,1701,4611,W,L,W vs. Indiana Fever 94-70,L @ Seattle Storm 70-94
2017,2017-05-28,San Antonio Silver Stars,66,Minnesota Lynx,80,-14.0,14.0,0,1,1701,4612,W,L,W vs. San Antonio Silver Stars 80-66,L @ Minnesota Lynx 66-80
2017,2017-05-28,Connecticut Sun,97,Chicago Sky,79,18.0,-18.0,1,0,1701,4613,L,W,L vs. Connecticut Sun 79-97,W @ Chicago Sky 97-79
2017,2017-05-30,Indiana Fever,62,Dallas Wings,89,-27.0,27.0,0,1,1702,4614,W,L,W vs. Indiana Fever 89-62,L @ Dallas Wings 62-89
2017,2017-05-30,Los Angeles Sparks,90,New York Liberty,75,15.0,-15.0,1,0,1702,4615,L,W,L vs. Los Angeles Sparks 75-90,W @ New York Liberty 90-75
2017,2017-05-31,Connecticut Sun,76,Washington Mystics,78,-2.0,2.0,0,1,1703,4616,W,L,W vs. Connecticut Sun 78-76,L @ Washington Mystics 76-78
2017,2017-05-31,San Antonio Silver Stars,70,Atlanta Dream,77,-7.0,7.0,0,1,1703,4617,W,L,W vs. San Antonio Silver Stars 77-70,L @ Atlanta Dream 70-77
2017,2017-06-01,Phoenix Mercury,99,Chicago Sky,91,8.0,-8.0,1,0,1704,4618,L,W,L vs. Phoenix Mercury 91-99,W @ Chicago Sky 99-91
2017,2017-06-02,Dallas Wings,89,New York Liberty,93,-4.0,4.0,0,1,1705,4619,W,L,W vs. Dallas Wings 93-89,L @ New York Liberty 89-93
2017,2017-06-03,Minnesota Lynx,100,Seattle Storm,77,23.0,-23.0,1,0,1706,4620,L,W,L vs. Minnesota Lynx 77-100,W @ Seattle Storm 100-77
2017,2017-06-03,Dallas Wings,85,Indiana Fever,91,-6.0,6.0,0,1,1706,4621,W,L,W vs. Dallas Wings 91-85,L @ Indiana Fever 85-91
2017,2017-06-03,Connecticut Sun,85,San Antonio Silver Stars,77,8.0,-8.0,1,0,1706,4622,L,W,L vs. Connecticut Sun 77-85,W @ San Antonio Silver Stars 85-77
2017,2017-06-04,Atlanta Dream,72,Washington Mystics,78,-6.0,6.0,0,1,1707,4623,W,L,W vs. Atlanta Dream 78-72,L @ Washington Mystics 72-78
2017,2017-06-04,Phoenix Mercury,72,New York Liberty,88,-16.0,16.0,0,1,1707,4624,W,L,W vs. Phoenix Mercury 88-72,L @ New York Liberty 72-88
2017,2017-06-06,Seattle Storm,85,San Antonio Silver Stars,76,9.0,-9.0,1,0,1708,4625,L,W,L vs. Seattle Storm 76-85,W @ San Antonio Silver Stars 85-76
2017,2017-06-06,Chicago Sky,70,Los Angeles Sparks,79,-9.0,9.0,0,1,1708,4626,W,L,W vs. Chicago Sky 79-70,L @ Los Angeles Sparks 70-79
2017,2017-06-06,Washington Mystics,101,Dallas Wings,89,12.0,-12.0,1,0,1708,4627,L,W,L vs. Washington Mystics 89-101,W @ Dallas Wings 101-89
2017,2017-06-07,Phoenix Mercury,98,Indiana Fever,90,8.0,-8.0,1,0,1709,4628,L,W,L vs. Phoenix Mercury 90-98,W @ Indiana Fever 98-90
2017,2017-06-07,Atlanta Dream,61,New York Liberty,76,-15.0,15.0,0,1,1709,4629,W,L,W vs. Atlanta Dream 76-61,L @ New York Liberty 61-76
2017,2017-06-09,Minnesota Lynx,98,Washington Mystics,73,25.0,-25.0,1,0,1710,4630,L,W,L vs. Minnesota Lynx 73-98,W @ Washington Mystics 98-73
2017,2017-06-09,Los Angeles Sparks,90,Dallas Wings,96,-6.0,6.0,0,1,1710,4631,W,L,W vs. Los Angeles Sparks 96-90,L @ Dallas Wings 90-96
2017,2017-06-09,Seattle Storm,80,Indiana Fever,83,-3.0,3.0,0,1,1710,4632,W,L,W vs. Seattle Storm 83-80,L @ Indiana Fever 80-83
2017,2017-06-10,Chicago Sky,85,San Antonio Silver Stars,81,4.0,-4.0,1,0,1711,4633,L,W,L vs. Chicago Sky 81-85,W @ San Antonio Silver Stars 85-81
2017,2017-06-10,Atlanta Dream,71,Connecticut Sun,104,-33.0,33.0,0,1,1711,4634,W,L,W vs. Atlanta Dream 104-71,L @ Connecticut Sun 71-104
2017,2017-06-10,Los Angeles Sparks,89,Phoenix Mercury,87,2.0,-2.0,1,0,1711,4635,L,W,L vs. Los Angeles Sparks 87-89,W @ Phoenix Mercury 89-87
2017,2017-06-11,Seattle Storm,86,New York Liberty,94,-8.0,8.0,0,1,1712,4636,W,L,W vs. Seattle Storm 94-86,L @ New York Liberty 86-94
2017,2017-06-11,Indiana Fever,70,Washington Mystics,88,-18.0,18.0,0,1,1712,4637,W,L,W vs. Indiana Fever 88-70,L @ Washington Mystics 70-88
2017,2017-06-11,Minnesota Lynx,91,Dallas Wings,74,17.0,-17.0,1,0,1712,4638,L,W,L vs. Minnesota Lynx 74-91,W @ Dallas Wings 91-74
2017,2017-06-13,Atlanta Dream,91,Seattle Storm,86,5.0,-5.0,1,0,1713,4639,L,W,L vs. Atlanta Dream 86-91,W @ Seattle Storm 91-86
2017,2017-06-13,Dallas Wings,87,Los Angeles Sparks,97,-10.0,10.0,0,1,1713,4640,W,L,W vs. Dallas Wings 97-87,L @ Los Angeles Sparks 87-97
2017,2017-06-14,New York Liberty,76,Connecticut Sun,96,-20.0,20.0,0,1,1714,4641,W,L,W vs. New York Liberty 96-76,L @ Connecticut Sun 76-96
2017,2017-06-15,Atlanta Dream,74,Indiana Fever,85,-11.0,11.0,0,1,1715,4642,W,L,W vs. Atlanta Dream 85-74,L @ Indiana Fever 74-85
2017,2017-06-15,San Antonio Silver Stars,75,Los Angeles Sparks,80,-5.0,5.0,0,1,1715,4643,W,L,W vs. San Antonio Silver Stars 80-75,L @ Los Angeles Sparks 75-80
2017,2017-06-16,New York Liberty,102,Dallas Wings,93,9.0,-9.0,1,0,1716,4644,L,W,L vs. New York Liberty 93-102,W @ Dallas Wings 102-93
2017,2017-06-16,Chicago Sky,78,Phoenix Mercury,86,-8.0,8.0,0,1,1716,4645,W,L,W vs. Chicago Sky 86-78,L @ Phoenix Mercury 78-86
2017,2017-06-17,Connecticut Sun,98,Minnesota Lynx,93,5.0,-5.0,1,0,1717,4646,L,W,L vs. Connecticut Sun 93-98,W @ Minnesota Lynx 98-93
2017,2017-06-18,Indiana Fever,91,Chicago Sky,79,12.0,-12.0,1,0,1718,4647,L,W,L vs. Indiana Fever 79-91,W @ Chicago Sky 91-79
2017,2017-06-18,Dallas Wings,87,Washington Mystics,83,4.0,-4.0,1,0,1718,4648,L,W,L vs. Dallas Wings 83-87,W @ Washington Mystics 87-83
2017,2017-06-18,Phoenix Mercury,59,Los Angeles Sparks,90,-31.0,31.0,0,1,1718,4649,W,L,W vs. Phoenix Mercury 90-59,L @ Los Angeles Sparks 59-90
2017,2017-06-18,San Antonio Silver Stars,57,Seattle Storm,75,-18.0,18.0,0,1,1718,4650,W,L,W vs. San Antonio Silver Stars 75-57,L @ Seattle Storm 57-75
2017,2017-06-21,San Antonio Silver Stars,78,Dallas Wings,81,-3.0,3.0,0,1,1719,4651,W,L,W vs. San Antonio Silver Stars 81-78,L @ Dallas Wings 78-81
2017,2017-06-23,Washington Mystics,76,Minnesota Lynx,93,-17.0,17.0,0,1,1720,4652,W,L,W vs. Washington Mystics 93-76,L @ Minnesota Lynx 76-93
2017,2017-06-23,Chicago Sky,82,Atlanta Dream,78,4.0,-4.0,1,0,1720,4653,L,W,L vs. Chicago Sky 78-82,W @ Atlanta Dream 82-78
2017,2017-06-23,Phoenix Mercury,85,Seattle Storm,82,3.0,-3.0,1,0,1720,4654,L,W,L vs. Phoenix Mercury 82-85,W @ Seattle Storm 85-82
2017,2017-06-23,Dallas Wings,81,San Antonio Silver Stars,69,12.0,-12.0,1,0,1720,4655,L,W,L vs. Dallas Wings 69-81,W @ San Antonio Silver Stars 81-69
2017,2017-06-23,Connecticut Sun,94,New York Liberty,89,5.0,-5.0,1,0,1720,4656,L,W,L vs. Connecticut Sun 89-94,W @ New York Liberty 94-89
2017,2017-06-24,Los Angeles Sparks,84,Indiana Fever,73,11.0,-11.0,1,0,1721,4657,L,W,L vs. Los Angeles Sparks 73-84,W @ Indiana Fever 84-73
2017,2017-06-25,Washington Mystics,97,Chicago Sky,63,34.0,-34.0,1,0,1722,4658,L,W,L vs. Washington Mystics 63-97,W @ Chicago Sky 97-63
2017,2017-06-25,San Antonio Silver Stars,78,Minnesota Lynx,87,-9.0,9.0,0,1,1722,4659,W,L,W vs. San Antonio Silver Stars 87-78,L @ Minnesota Lynx 78-87
2017,2017-06-25,Connecticut Sun,82,Dallas Wings,96,-14.0,14.0,0,1,1722,4660,W,L,W vs. Connecticut Sun 96-82,L @ Dallas Wings 82-96
2017,2017-06-27,Los Angeles Sparks,87,Connecticut Sun,79,8.0,-8.0,1,0,1723,4661,L,W,L vs. Los Angeles Sparks 79-87,W @ Connecticut Sun 87-79
2017,2017-06-27,Seattle Storm,70,Washington Mystics,100,-30.0,30.0,0,1,1723,4662,W,L,W vs. Seattle Storm 100-70,L @ Washington Mystics 70-100
2017,2017-06-28,Indiana Fever,82,Chicago Sky,75,7.0,-7.0,1,0,1724,4663,L,W,L vs. Indiana Fever 75-82,W @ Chicago Sky 82-75
2017,2017-06-29,Seattle Storm,89,Connecticut Sun,96,-7.0,7.0,0,1,1725,4664,W,L,W vs. Seattle Storm 96-89,L @ Connecticut Sun 89-96
2017,2017-06-29,New York Liberty,54,Washington Mystics,67,-13.0,13.0,0,1,1725,4665,W,L,W vs. New York Liberty 67-54,L @ Washington Mystics 54-67
2017,2017-06-30,Minnesota Lynx,91,Phoenix Mercury,83,8.0,-8.0,1,0,1726,4666,L,W,L vs. Minnesota Lynx 83-91,W @ Phoenix Mercury 91-83
2017,2017-06-30,Chicago Sky,82,San Antonio Silver Stars,89,-7.0,7.0,0,1,1726,4667,W,L,W vs. Chicago Sky 89-82,L @ San Antonio Silver Stars 82-89
2017,2017-06-30,Los Angeles Sparks,85,Atlanta Dream,76,9.0,-9.0,1,0,1726,4668,L,W,L vs. Los Angeles Sparks 76-85,W @ Atlanta Dream 85-76
2017,2017-07-01,Connecticut Sun,91,Indiana Fever,85,6.0,-6.0,1,0,1727,4669,L,W,L vs. Connecticut Sun 85-91,W @ Indiana Fever 91-85
2017,2017-07-01,Seattle Storm,89,Dallas Wings,69,20.0,-20.0,1,0,1727,4670,L,W,L vs. Seattle Storm 69-89,W @ Dallas Wings 89-69
2017,2017-07-02,New York Liberty,72,Atlanta Dream,81,-9.0,9.0,0,1,1728,4671,W,L,W vs. New York Liberty 81-72,L @ Atlanta Dream 72-81
2017,2017-07-02,Washington Mystics,69,Los Angeles Sparks,76,-7.0,7.0,0,1,1728,4672,W,L,W vs. Washington Mystics 76-69,L @ Los Angeles Sparks 69-76
2017,2017-07-05,Washington Mystics,80,Phoenix Mercury,88,-8.0,8.0,0,1,1729,4673,W,L,W vs. Washington Mystics 88-80,L @ Phoenix Mercury 80-88
2017,2017-07-05,Connecticut Sun,89,San Antonio Silver Stars,56,33.0,-33.0,1,0,1729,4674,L,W,L vs. Connecticut Sun 56-89,W @ San Antonio Silver Stars 89-56
2017,2017-07-05,Atlanta Dream,84,Dallas Wings,94,-10.0,10.0,0,1,1729,4675,W,L,W vs. Atlanta Dream 94-84,L @ Dallas Wings 84-94
2017,2017-07-06,New York Liberty,79,Seattle Storm,70,9.0,-9.0,1,0,1730,4676,L,W,L vs. New York Liberty 70-79,W @ Seattle Storm 79-70
2017,2017-07-06,Los Angeles Sparks,77,Minnesota Lynx,88,-11.0,11.0,0,1,1730,4677,W,L,W vs. Los Angeles Sparks 88-77,L @ Minnesota Lynx 77-88
2017,2017-07-07,Indiana Fever,68,Atlanta Dream,89,-21.0,21.0,0,1,1731,4678,W,L,W vs. Indiana Fever 89-68,L @ Atlanta Dream 68-89
2017,2017-07-07,Phoenix Mercury,92,San Antonio Silver Stars,77,15.0,-15.0,1,0,1731,4679,L,W,L vs. Phoenix Mercury 77-92,W @ San Antonio Silver Stars 92-77
2017,2017-07-08,Minnesota Lynx,76,Chicago Sky,100,-24.0,24.0,0,1,1732,4680,W,L,W vs. Minnesota Lynx 100-76,L @ Chicago Sky 76-100
2017,2017-07-08,Los Angeles Sparks,69,Seattle Storm,81,-12.0,12.0,0,1,1732,4681,W,L,W vs. Los Angeles Sparks 81-69,L @ Seattle Storm 69-81
2017,2017-07-08,Washington Mystics,92,Connecticut Sun,96,-4.0,4.0,0,1,1732,4682,W,L,W vs. Washington Mystics 96-92,L @ Connecticut Sun 92-96
2017,2017-07-09,Dallas Wings,78,Atlanta Dream,98,-20.0,20.0,0,1,1733,4683,W,L,W vs. Dallas Wings 98-78,L @ Atlanta Dream 78-98
2017,2017-07-09,New York Liberty,69,Phoenix Mercury,81,-12.0,12.0,0,1,1733,4684,W,L,W vs. New York Liberty 81-69,L @ Phoenix Mercury 69-81
2017,2017-07-12,San Antonio Silver Stars,79,Indiana Fever,72,7.0,-7.0,1,0,1734,4685,L,W,L vs. San Antonio Silver Stars 72-79,W @ Indiana Fever 79-72
2017,2017-07-12,Connecticut Sun,83,Seattle Storm,79,4.0,-4.0,1,0,1734,4686,L,W,L vs. Connecticut Sun 79-83,W @ Seattle Storm 83-79
2017,2017-07-12,Atlanta Dream,84,Phoenix Mercury,89,-5.0,5.0,0,1,1734,4687,W,L,W vs. Atlanta Dream 89-84,L @ Phoenix Mercury 84-89
2017,2017-07-12,Dallas Wings,84,Chicago Sky,90,-6.0,6.0,0,1,1734,4688,W,L,W vs. Dallas Wings 90-84,L @ Chicago Sky 84-90
2017,2017-07-13,Connecticut Sun,77,Los Angeles Sparks,87,-10.0,10.0,0,1,1735,4689,W,L,W vs. Connecticut Sun 87-77,L @ Los Angeles Sparks 77-87
2017,2017-07-14,Washington Mystics,72,Indiana Fever,58,14.0,-14.0,1,0,1736,4690,L,W,L vs. Washington Mystics 58-72,W @ Indiana Fever 72-58
2017,2017-07-14,Minnesota Lynx,88,Phoenix Mercury,71,17.0,-17.0,1,0,1736,4691,L,W,L vs. Minnesota Lynx 71-88,W @ Phoenix Mercury 88-71
2017,2017-07-14,Chicago Sky,78,New York Liberty,68,10.0,-10.0,1,0,1736,4692,L,W,L vs. Chicago Sky 68-78,W @ New York Liberty 78-68
2017,2017-07-15,Atlanta Dream,84,Seattle Storm,90,-6.0,6.0,0,1,1737,4693,W,L,W vs. Atlanta Dream 90-84,L @ Seattle Storm 84-90
2017,2017-07-16,San Antonio Silver Stars,75,Connecticut Sun,89,-14.0,14.0,0,1,1738,4694,W,L,W vs. San Antonio Silver Stars 89-75,L @ Connecticut Sun 75-89
2017,2017-07-16,Washington Mystics,55,New York Liberty,85,-30.0,30.0,0,1,1738,4695,W,L,W vs. Washington Mystics 85-55,L @ New York Liberty 55-85
2017,2017-07-16,Chicago Sky,106,Dallas Wings,112,-6.0,6.0,0,1,1738,4696,W,L,W vs. Chicago Sky 112-106,L @ Dallas Wings 106-112
2017,2017-07-16,Phoenix Mercury,66,Minnesota Lynx,81,-15.0,15.0,0,1,1738,4697,W,L,W vs. Phoenix Mercury 81-66,L @ Minnesota Lynx 66-81
2017,2017-07-17,Indiana Fever,62,Los Angeles Sparks,80,-18.0,18.0,0,1,1739,4698,W,L,W vs. Indiana Fever 80-62,L @ Los Angeles Sparks 62-80
2017,2017-07-18,San Antonio Silver Stars,75,Atlanta Dream,88,-13.0,13.0,0,1,1740,4699,W,L,W vs. San Antonio Silver Stars 88-75,L @ Atlanta Dream 75-88
2017,2017-07-18,Chicago Sky,94,Seattle Storm,83,11.0,-11.0,1,0,1740,4700,L,W,L vs. Chicago Sky 83-94,W @ Seattle Storm 94-83
2017,2017-07-19,Connecticut Sun,80,New York Liberty,96,-16.0,16.0,0,1,1741,4701,W,L,W vs. Connecticut Sun 96-80,L @ New York Liberty 80-96
2017,2017-07-19,Dallas Wings,74,Minnesota Lynx,100,-26.0,26.0,0,1,1741,4702,W,L,W vs. Dallas Wings 100-74,L @ Minnesota Lynx 74-100
2017,2017-07-19,Indiana Fever,84,Phoenix Mercury,77,7.0,-7.0,1,0,1741,4703,L,W,L vs. Indiana Fever 77-84,W @ Phoenix Mercury 84-77
2017,2017-07-19,Atlanta Dream,96,Washington Mystics,100,-4.0,4.0,0,1,1741,4704,W,L,W vs. Atlanta Dream 100-96,L @ Washington Mystics 96-100
2017,2017-07-20,Chicago Sky,82,Los Angeles Sparks,80,2.0,-2.0,1,0,1742,4705,L,W,L vs. Chicago Sky 80-82,W @ Los Angeles Sparks 82-80
2017,2017-07-20,Indiana Fever,61,San Antonio Silver Stars,85,-24.0,24.0,0,1,1742,4706,W,L,W vs. Indiana Fever 85-61,L @ San Antonio Silver Stars 61-85
2017,2017-07-25,New York Liberty,75,Minnesota Lynx,76,-1.0,1.0,0,1,1743,4707,W,L,W vs. New York Liberty 76-75,L @ Minnesota Lynx 75-76
2017,2017-07-25,Washington Mystics,85,San Antonio Silver Stars,76,9.0,-9.0,1,0,1743,4708,L,W,L vs. Washington Mystics 76-85,W @ San Antonio Silver Stars 85-76
2017,2017-07-25,Chicago Sky,72,Connecticut Sun,93,-21.0,21.0,0,1,1743,4709,W,L,W vs. Chicago Sky 93-72,L @ Connecticut Sun 72-93
2017,2017-07-25,Phoenix Mercury,91,Atlanta Dream,99,-8.0,8.0,0,1,1743,4710,W,L,W vs. Phoenix Mercury 99-91,L @ Atlanta Dream 91-99
2017,2017-07-25,Indiana Fever,82,Dallas Wings,84,-2.0,2.0,0,1,1743,4711,W,L,W vs. Indiana Fever 84-82,L @ Dallas Wings 82-84
2017,2017-07-25,Seattle Storm,60,Los Angeles Sparks,68,-8.0,8.0,0,1,1743,4712,W,L,W vs. Seattle Storm 68-60,L @ Los Angeles Sparks 60-68
2017,2017-07-28,New York Liberty,85,Indiana Fever,84,1.0,-1.0,1,0,1744,4713,L,W,L vs. New York Liberty 84-85,W @ Indiana Fever 85-84
2017,2017-07-28,Phoenix Mercury,86,Chicago Sky,80,6.0,-6.0,1,0,1744,4714,L,W,L vs. Phoenix Mercury 80-86,W @ Chicago Sky 86-80
2017,2017-07-28,Minnesota Lynx,90,Atlanta Dream,80,10.0,-10.0,1,0,1744,4715,L,W,L vs. Minnesota Lynx 80-90,W @ Atlanta Dream 90-80
2017,2017-07-28,Dallas Wings,93,Seattle Storm,109,-16.0,16.0,0,1,1744,4716,W,L,W vs. Dallas Wings 109-93,L @ Seattle Storm 93-109
2017,2017-07-28,Los Angeles Sparks,85,San Antonio Silver Stars,73,12.0,-12.0,1,0,1744,4717,L,W,L vs. Los Angeles Sparks 73-85,W @ San Antonio Silver Stars 85-73
2017,2017-07-30,New York Liberty,86,Chicago Sky,82,4.0,-4.0,1,0,1745,4718,L,W,L vs. New York Liberty 82-86,W @ Chicago Sky 86-82
2017,2017-07-30,Dallas Wings,74,Los Angeles Sparks,95,-21.0,21.0,0,1,1745,4719,W,L,W vs. Dallas Wings 95-74,L @ Los Angeles Sparks 74-95
2017,2017-07-30,San Antonio Silver Stars,64,Phoenix Mercury,81,-17.0,17.0,0,1,1745,4720,W,L,W vs. San Antonio Silver Stars 81-64,L @ Phoenix Mercury 64-81
2017,2017-07-30,Seattle Storm,82,Minnesota Lynx,93,-11.0,11.0,0,1,1745,4721,W,L,W vs. Seattle Storm 93-82,L @ Minnesota Lynx 82-93
2017,2017-07-30,Indiana Fever,73,Connecticut Sun,89,-16.0,16.0,0,1,1745,4722,W,L,W vs. Indiana Fever 89-73,L @ Connecticut Sun 73-89
2017,2017-07-30,Washington Mystics,77,Atlanta Dream,70,7.0,-7.0,1,0,1745,4723,L,W,L vs. Washington Mystics 70-77,W @ Atlanta Dream 77-70
2017,2017-08-01,New York Liberty,81,San Antonio Silver Stars,93,-12.0,12.0,0,1,1746,4724,W,L,W vs. New York Liberty 93-81,L @ San Antonio Silver Stars 81-93
2017,2017-08-03,Atlanta Dream,54,Minnesota Lynx,69,-15.0,15.0,0,1,1747,4725,W,L,W vs. Atlanta Dream 69-54,L @ Minnesota Lynx 54-69
2017,2017-08-04,Seattle Storm,80,Dallas Wings,93,-13.0,13.0,0,1,1748,4726,W,L,W vs. Seattle Storm 93-80,L @ Dallas Wings 80-93
2017,2017-08-04,Washington Mystics,74,San Antonio Silver Stars,76,-2.0,2.0,0,1,1748,4727,W,L,W vs. Washington Mystics 76-74,L @ San Antonio Silver Stars 74-76
2017,2017-08-04,Phoenix Mercury,92,Connecticut Sun,93,-1.0,1.0,0,1,1748,4728,W,L,W vs. Phoenix Mercury 93-92,L @ Connecticut Sun 92-93
2017,2017-08-04,Chicago Sky,81,Indiana Fever,70,11.0,-11.0,1,0,1748,4729,L,W,L vs. Chicago Sky 70-81,W @ Indiana Fever 81-70
2017,2017-08-04,New York Liberty,74,Los Angeles Sparks,87,-13.0,13.0,0,1,1748,4730,W,L,W vs. New York Liberty 87-74,L @ Los Angeles Sparks 74-87
2017,2017-08-05,Seattle Storm,80,San Antonio Silver Stars,87,-7.0,7.0,0,1,1749,4731,W,L,W vs. Seattle Storm 87-80,L @ San Antonio Silver Stars 80-87
2017,2017-08-05,Atlanta Dream,86,Chicago Sky,91,-5.0,5.0,0,1,1749,4732,W,L,W vs. Atlanta Dream 91-86,L @ Chicago Sky 86-91
2017,2017-08-06,Los Angeles Sparks,79,Dallas Wings,85,-6.0,6.0,0,1,1750,4733,W,L,W vs. Los Angeles Sparks 85-79,L @ Dallas Wings 79-85
2017,2017-08-06,Minnesota Lynx,82,Indiana Fever,84,-2.0,2.0,0,1,1750,4734,W,L,W vs. Minnesota Lynx 84-82,L @ Indiana Fever 82-84
2017,2017-08-06,Phoenix Mercury,80,Washington Mystics,85,-5.0,5.0,0,1,1750,4735,W,L,W vs. Phoenix Mercury 85-80,L @ Washington Mystics 80-85
2017,2017-08-08,Indiana Fever,76,New York Liberty,81,-5.0,5.0,0,1,1751,4736,W,L,W vs. Indiana Fever 81-76,L @ New York Liberty 76-81
2017,2017-08-08,Seattle Storm,71,Connecticut Sun,84,-13.0,13.0,0,1,1751,4737,W,L,W vs. Seattle Storm 84-71,L @ Connecticut Sun 71-84
2017,2017-08-08,Minnesota Lynx,81,Atlanta Dream,72,9.0,-9.0,1,0,1751,4738,L,W,L vs. Minnesota Lynx 72-81,W @ Atlanta Dream 81-72
2017,2017-08-10,San Antonio Silver Stars,74,Chicago Sky,94,-20.0,20.0,0,1,1752,4739,W,L,W vs. San Antonio Silver Stars 94-74,L @ Chicago Sky 74-94
2017,2017-08-10,Phoenix Mercury,101,Dallas Wings,100,1.0,-1.0,1,0,1752,4740,L,W,L vs. Phoenix Mercury 100-101,W @ Dallas Wings 101-100
2017,2017-08-11,Los Angeles Sparks,70,Minnesota Lynx,64,6.0,-6.0,1,0,1753,4741,L,W,L vs. Los Angeles Sparks 64-70,W @ Minnesota Lynx 70-64
2017,2017-08-11,New York Liberty,83,Atlanta Dream,77,6.0,-6.0,1,0,1753,4742,L,W,L vs. New York Liberty 77-83,W @ Atlanta Dream 83-77
2017,2017-08-12,Indiana Fever,80,Washington Mystics,100,-20.0,20.0,0,1,1754,4743,W,L,W vs. Indiana Fever 100-80,L @ Washington Mystics 80-100
2017,2017-08-12,Atlanta Dream,68,San Antonio Silver Stars,84,-16.0,16.0,0,1,1754,4744,W,L,W vs. Atlanta Dream 84-68,L @ San Antonio Silver Stars 68-84
2017,2017-08-12,Dallas Wings,88,Connecticut Sun,96,-8.0,8.0,0,1,1754,4745,W,L,W vs. Dallas Wings 96-88,L @ Connecticut Sun 88-96
2017,2017-08-12,Seattle Storm,98,Phoenix Mercury,89,9.0,-9.0,1,0,1754,4746,L,W,L vs. Seattle Storm 89-98,W @ Phoenix Mercury 98-89
2017,2017-08-13,Los Angeles Sparks,69,New York Liberty,83,-14.0,14.0,0,1,1755,4747,W,L,W vs. Los Angeles Sparks 83-69,L @ New York Liberty 69-83
2017,2017-08-15,Connecticut Sun,96,Atlanta Dream,75,21.0,-21.0,1,0,1756,4748,L,W,L vs. Connecticut Sun 75-96,W @ Atlanta Dream 96-75
2017,2017-08-16,Minnesota Lynx,61,Seattle Storm,62,-1.0,1.0,0,1,1757,4749,W,L,W vs. Minnesota Lynx 62-61,L @ Seattle Storm 61-62
2017,2017-08-16,Los Angeles Sparks,95,Washington Mystics,62,33.0,-33.0,1,0,1757,4750,L,W,L vs. Los Angeles Sparks 62-95,W @ Washington Mystics 95-62
2017,2017-08-18,Phoenix Mercury,89,Washington Mystics,79,10.0,-10.0,1,0,1758,4751,L,W,L vs. Phoenix Mercury 79-89,W @ Washington Mystics 89-79
2017,2017-08-18,Los Angeles Sparks,115,Chicago Sky,106,9.0,-9.0,1,0,1758,4752,L,W,L vs. Los Angeles Sparks 106-115,W @ Chicago Sky 115-106
2017,2017-08-18,New York Liberty,82,Connecticut Sun,70,12.0,-12.0,1,0,1758,4753,L,W,L vs. New York Liberty 70-82,W @ Connecticut Sun 82-70
2017,2017-08-18,San Antonio Silver Stars,78,Seattle Storm,79,-1.0,1.0,0,1,1758,4754,W,L,W vs. San Antonio Silver Stars 79-78,L @ Seattle Storm 78-79
2017,2017-08-18,Indiana Fever,52,Minnesota Lynx,111,-59.0,59.0,0,1,1758,4755,W,L,W vs. Indiana Fever 111-52,L @ Minnesota Lynx 52-111
2017,2017-08-19,Atlanta Dream,86,Dallas Wings,90,-4.0,4.0,0,1,1759,4756,W,L,W vs. Atlanta Dream 90-86,L @ Dallas Wings 86-90
2017,2017-08-20,Seattle Storm,103,Chicago Sky,66,37.0,-37.0,1,0,1760,4757,L,W,L vs. Seattle Storm 66-103,W @ Chicago Sky 103-66
2017,2017-08-20,Washington Mystics,87,Indiana Fever,82,5.0,-5.0,1,0,1760,4758,L,W,L vs. Washington Mystics 82-87,W @ Indiana Fever 87-82
2017,2017-08-20,Phoenix Mercury,66,Connecticut Sun,94,-28.0,28.0,0,1,1760,4759,W,L,W vs. Phoenix Mercury 94-66,L @ Connecticut Sun 66-94
2017,2017-08-20,Minnesota Lynx,61,New York Liberty,70,-9.0,9.0,0,1,1760,4760,W,L,W vs. Minnesota Lynx 70-61,L @ New York Liberty 61-70
2017,2017-08-22,Phoenix Mercury,69,Minnesota Lynx,105,-36.0,36.0,0,1,1761,4761,W,L,W vs. Phoenix Mercury 105-69,L @ Minnesota Lynx 69-105
2017,2017-08-22,San Antonio Silver Stars,55,Los Angeles Sparks,75,-20.0,20.0,0,1,1761,4762,W,L,W vs. San Antonio Silver Stars 75-55,L @ Los Angeles Sparks 55-75
2017,2017-08-23,Dallas Wings,87,Connecticut Sun,93,-6.0,6.0,0,1,1762,4763,W,L,W vs. Dallas Wings 93-87,L @ Connecticut Sun 87-93
2017,2017-08-23,Seattle Storm,83,Atlanta Dream,89,-6.0,6.0,0,1,1762,4764,W,L,W vs. Seattle Storm 89-83,L @ Atlanta Dream 83-89
2017,2017-08-23,New York Liberty,71,Indiana Fever,50,21.0,-21.0,1,0,1762,4765,L,W,L vs. New York Liberty 50-71,W @ Indiana Fever 71-50
2017,2017-08-24,Los Angeles Sparks,82,Phoenix Mercury,67,15.0,-15.0,1,0,1763,4766,L,W,L vs. Los Angeles Sparks 67-82,W @ Phoenix Mercury 82-67
2017,2017-08-25,Minnesota Lynx,89,San Antonio Silver Stars,70,19.0,-19.0,1,0,1764,4767,L,W,L vs. Minnesota Lynx 70-89,W @ San Antonio Silver Stars 89-70
2017,2017-08-25,Chicago Sky,96,Connecticut Sun,83,13.0,-13.0,1,0,1764,4768,L,W,L vs. Chicago Sky 83-96,W @ Connecticut Sun 96-83
2017,2017-08-25,Washington Mystics,66,New York Liberty,74,-8.0,8.0,0,1,1764,4769,W,L,W vs. Washington Mystics 74-66,L @ New York Liberty 66-74
2017,2017-08-26,Dallas Wings,83,Washington Mystics,78,5.0,-5.0,1,0,1765,4770,L,W,L vs. Dallas Wings 78-83,W @ Washington Mystics 83-78
2017,2017-08-26,Indiana Fever,74,Atlanta Dream,79,-5.0,5.0,0,1,1765,4771,W,L,W vs. Indiana Fever 79-74,L @ Atlanta Dream 74-79
2017,2017-08-27,Chicago Sky,62,New York Liberty,92,-30.0,30.0,0,1,1766,4772,W,L,W vs. Chicago Sky 92-62,L @ New York Liberty 62-92
2017,2017-08-27,Minnesota Lynx,67,Los Angeles Sparks,78,-11.0,11.0,0,1,1766,4773,W,L,W vs. Minnesota Lynx 78-67,L @ Los Angeles Sparks 67-78
2017,2017-08-27,Phoenix Mercury,75,Seattle Storm,71,4.0,-4.0,1,0,1766,4774,L,W,L vs. Phoenix Mercury 71-75,W @ Seattle Storm 75-71
2017,2017-08-29,Connecticut Sun,86,Washington Mystics,76,10.0,-10.0,1,0,1767,4775,L,W,L vs. Connecticut Sun 76-86,W @ Washington Mystics 86-76
2017,2017-08-30,Dallas Wings,99,Chicago Sky,96,3.0,-3.0,1,0,1768,4776,L,W,L vs. Dallas Wings 96-99,W @ Chicago Sky 99-96
2017,2017-08-30,Minnesota Lynx,80,Indiana Fever,69,11.0,-11.0,1,0,1768,4777,L,W,L vs. Minnesota Lynx 69-80,W @ Indiana Fever 80-69
2017,2017-09-01,Chicago Sky,87,Minnesota Lynx,110,-23.0,23.0,0,1,1769,4778,W,L,W vs. Chicago Sky 110-87,L @ Minnesota Lynx 87-110
2017,2017-09-01,Connecticut Sun,66,Phoenix Mercury,86,-20.0,20.0,0,1,1769,4779,W,L,W vs. Connecticut Sun 86-66,L @ Phoenix Mercury 66-86
2017,2017-09-01,Atlanta Dream,56,Los Angeles Sparks,81,-25.0,25.0,0,1,1769,4780,W,L,W vs. Atlanta Dream 81-56,L @ Los Angeles Sparks 56-81
2017,2017-09-01,San Antonio Silver Stars,69,New York Liberty,81,-12.0,12.0,0,1,1769,4781,W,L,W vs. San Antonio Silver Stars 81-69,L @ New York Liberty 69-81
2017,2017-09-01,Seattle Storm,106,Washington Mystics,110,-4.0,4.0,0,1,1769,4782,W,L,W vs. Seattle Storm 110-106,L @ Washington Mystics 106-110
2017,2017-09-02,San Antonio Silver Stars,75,Indiana Fever,71,4.0,-4.0,1,0,1770,4783,L,W,L vs. San Antonio Silver Stars 71-75,W @ Indiana Fever 75-71
2017,2017-09-03,Atlanta Dream,70,Phoenix Mercury,84,-14.0,14.0,0,1,1771,4784,W,L,W vs. Atlanta Dream 84-70,L @ Phoenix Mercury 70-84
2017,2017-09-03,Connecticut Sun,70,Los Angeles Sparks,81,-11.0,11.0,0,1,1771,4785,W,L,W vs. Connecticut Sun 81-70,L @ Los Angeles Sparks 70-81
2017,2017-09-03,New York Liberty,82,Dallas Wings,81,1.0,-1.0,1,0,1771,4786,L,W,L vs. New York Liberty 81-82,W @ Dallas Wings 82-81
2017,2017-09-03,Seattle Storm,85,Chicago Sky,80,5.0,-5.0,1,0,1771,4787,L,W,L vs. Seattle Storm 80-85,W @ Chicago Sky 85-80
2017,2017-09-03,Washington Mystics,72,Minnesota Lynx,86,-14.0,14.0,0,1,1771,4788,W,L,W vs. Washington Mystics 86-72,L @ Minnesota Lynx 72-86
2017,2017-09-06,Seattle Storm,69,Phoenix Mercury,79,-10.0,10.0,0,1,1772,4789,W,L,W vs. Seattle Storm 79-69,L @ Phoenix Mercury 69-79
2017,2017-09-06,Dallas Wings,76,Washington Mystics,86,-10.0,10.0,0,1,1772,4790,W,L,W vs. Dallas Wings 86-76,L @ Washington Mystics 76-86
2017,2017-09-10,Washington Mystics,82,New York Liberty,68,14.0,-14.0,1,0,1773,4791,L,W,L vs. Washington Mystics 68-82,W @ New York Liberty 82-68
2017,2017-09-10,Phoenix Mercury,88,Connecticut Sun,83,5.0,-5.0,1,0,1773,4792,L,W,L vs. Phoenix Mercury 83-88,W @ Connecticut Sun 88-83
2017,2017-09-12,Phoenix Mercury,66,Los Angeles Sparks,79,-13.0,13.0,0,1,1774,4793,W,L,W vs. Phoenix Mercury 79-66,L @ Los Angeles Sparks 66-79
2017,2017-09-12,Washington Mystics,81,Minnesota Lynx,101,-20.0,20.0,0,1,1774,4794,W,L,W vs. Washington Mystics 101-81,L @ Minnesota Lynx 81-101
2017,2017-09-14,Washington Mystics,83,Minnesota Lynx,93,-10.0,10.0,0,1,1775,4795,W,L,W vs. Washington Mystics 93-83,L @ Minnesota Lynx 83-93
2017,2017-09-14,Phoenix Mercury,72,Los Angeles Sparks,86,-14.0,14.0,0,1,1775,4796,W,L,W vs. Phoenix Mercury 86-72,L @ Los Angeles Sparks 72-86
2017,2017-09-17,Minnesota Lynx,81,Washington Mystics,70,11.0,-11.0,1,0,1776,4797,L,W,L vs. Minnesota Lynx 70-81,W @ Washington Mystics 81-70
2017,2017-09-17,Los Angeles Sparks,89,Phoenix Mercury,87,2.0,-2.0,1,0,1776,4798,L,W,L vs. Los Angeles Sparks 87-89,W @ Phoenix Mercury 89-87
2017,2017-09-24,Los Angeles Sparks,85,Minnesota Lynx,84,1.0,-1.0,1,0,1777,4799,L,W,L vs. Los Angeles Sparks 84-85,W @ Minnesota Lynx 85-84
2017,2017-09-26,Los Angeles Sparks,68,Minnesota Lynx,70,-2.0,2.0,0,1,1778,4800,W,L,W vs. Los Angeles Sparks 70-68,L @ Minnesota Lynx 68-70
2017,2017-09-29,Minnesota Lynx,64,Los Angeles Sparks,75,-11.0,11.0,0,1,1779,4801,W,L,W vs. Minnesota Lynx 75-64,L @ Los Angeles Sparks 64-75
2017,2017-10-01,Minnesota Lynx,80,Los Angeles Sparks,69,11.0,-11.0,1,0,1780,4802,L,W,L vs. Minnesota Lynx 69-80,W @ Los Angeles Sparks 80-69
2017,2017-10-04,Los Angeles Sparks,76,Minnesota Lynx,85,-9.0,9.0,0,1,1781,4803,W,L,W vs. Los Angeles Sparks 85-76,L @ Minnesota Lynx 76-85
2018,2018-05-18,Dallas Wings,78,Phoenix Mercury,86,-8.0,8.0,0,1,1782,4804,W,L,W vs. Dallas Wings 86-78,L @ Phoenix Mercury 78-86
2018,2018-05-19,Chicago Sky,82,Indiana Fever,64,18.0,-18.0,1,0,1783,4805,L,W,L vs. Chicago Sky 64-82,W @ Indiana Fever 82-64
2018,2018-05-20,Phoenix Mercury,87,Seattle Storm,82,5.0,-5.0,1,0,1784,4806,L,W,L vs. Phoenix Mercury 82-87,W @ Seattle Storm 87-82
2018,2018-05-20,Los Angeles Sparks,77,Minnesota Lynx,76,1.0,-1.0,1,0,1784,4807,L,W,L vs. Los Angeles Sparks 76-77,W @ Minnesota Lynx 77-76
2018,2018-05-20,New York Liberty,76,Chicago Sky,80,-4.0,4.0,0,1,1784,4808,W,L,W vs. New York Liberty 80-76,L @ Chicago Sky 76-80
2018,2018-05-20,Atlanta Dream,78,Dallas Wings,101,-23.0,23.0,0,1,1784,4809,W,L,W vs. Atlanta Dream 101-78,L @ Dallas Wings 78-101
2018,2018-05-20,Indiana Fever,75,Washington Mystics,82,-7.0,7.0,0,1,1784,4810,W,L,W vs. Indiana Fever 82-75,L @ Washington Mystics 75-82
2018,2018-05-20,Las Vegas Aces,65,Connecticut Sun,101,-36.0,36.0,0,1,1784,4811,W,L,W vs. Las Vegas Aces 101-65,L @ Connecticut Sun 65-101
2018,2018-05-22,Las Vegas Aces,70,Washington Mystics,75,-5.0,5.0,0,1,1785,4812,W,L,W vs. Las Vegas Aces 75-70,L @ Washington Mystics 70-75
2018,2018-05-22,Los Angeles Sparks,87,Indiana Fever,70,17.0,-17.0,1,0,1785,4813,L,W,L vs. Los Angeles Sparks 70-87,W @ Indiana Fever 87-70
2018,2018-05-23,Atlanta Dream,81,Chicago Sky,63,18.0,-18.0,1,0,1786,4814,L,W,L vs. Atlanta Dream 63-81,W @ Chicago Sky 81-63
2018,2018-05-23,Dallas Wings,68,Minnesota Lynx,76,-8.0,8.0,0,1,1786,4815,W,L,W vs. Dallas Wings 76-68,L @ Minnesota Lynx 68-76
2018,2018-05-23,Seattle Storm,87,Phoenix Mercury,71,16.0,-16.0,1,0,1786,4816,L,W,L vs. Seattle Storm 71-87,W @ Phoenix Mercury 87-71
2018,2018-05-24,Washington Mystics,93,Indiana Fever,84,9.0,-9.0,1,0,1787,4817,L,W,L vs. Washington Mystics 84-93,W @ Indiana Fever 93-84
2018,2018-05-24,Los Angeles Sparks,94,Connecticut Sun,102,-8.0,8.0,0,1,1787,4818,W,L,W vs. Los Angeles Sparks 102-94,L @ Connecticut Sun 94-102
2018,2018-05-25,Chicago Sky,91,Seattle Storm,95,-4.0,4.0,0,1,1788,4819,W,L,W vs. Chicago Sky 95-91,L @ Seattle Storm 91-95
2018,2018-05-25,Minnesota Lynx,78,New York Liberty,72,6.0,-6.0,1,0,1788,4820,L,W,L vs. Minnesota Lynx 72-78,W @ New York Liberty 78-72
2018,2018-05-26,Dallas Wings,78,Atlanta Dream,70,8.0,-8.0,1,0,1789,4821,L,W,L vs. Dallas Wings 70-78,W @ Atlanta Dream 78-70
2018,2018-05-26,Indiana Fever,77,Connecticut Sun,86,-9.0,9.0,0,1,1789,4822,W,L,W vs. Indiana Fever 86-77,L @ Connecticut Sun 77-86
2018,2018-05-27,Minnesota Lynx,78,Washington Mystics,90,-12.0,12.0,0,1,1790,4823,W,L,W vs. Minnesota Lynx 90-78,L @ Washington Mystics 78-90
2018,2018-05-27,Phoenix Mercury,72,Los Angeles Sparks,80,-8.0,8.0,0,1,1790,4824,W,L,W vs. Phoenix Mercury 80-72,L @ Los Angeles Sparks 72-80
2018,2018-05-27,Seattle Storm,105,Las Vegas Aces,98,7.0,-7.0,1,0,1790,4825,L,W,L vs. Seattle Storm 98-105,W @ Las Vegas Aces 105-98
2018,2018-05-29,Minnesota Lynx,74,Atlanta Dream,76,-2.0,2.0,0,1,1791,4826,W,L,W vs. Minnesota Lynx 76-74,L @ Atlanta Dream 74-76
2018,2018-05-29,Dallas Wings,89,New York Liberty,94,-5.0,5.0,0,1,1791,4827,W,L,W vs. Dallas Wings 94-89,L @ New York Liberty 89-94
2018,2018-05-29,Washington Mystics,77,Seattle Storm,81,-4.0,4.0,0,1,1791,4828,W,L,W vs. Washington Mystics 81-77,L @ Seattle Storm 77-81
2018,2018-05-30,Washington Mystics,103,Phoenix Mercury,95,8.0,-8.0,1,0,1792,4829,L,W,L vs. Washington Mystics 95-103,W @ Phoenix Mercury 103-95
2018,2018-05-31,Las Vegas Aces,74,Seattle Storm,101,-27.0,27.0,0,1,1793,4830,W,L,W vs. Las Vegas Aces 101-74,L @ Seattle Storm 74-101
2018,2018-06-01,Washington Mystics,73,Las Vegas Aces,85,-12.0,12.0,0,1,1794,4831,W,L,W vs. Washington Mystics 85-73,L @ Las Vegas Aces 73-85
2018,2018-06-01,Connecticut Sun,110,Chicago Sky,72,38.0,-38.0,1,0,1794,4832,L,W,L vs. Connecticut Sun 72-110,W @ Chicago Sky 110-72
2018,2018-06-01,Phoenix Mercury,95,Minnesota Lynx,85,10.0,-10.0,1,0,1794,4833,L,W,L vs. Phoenix Mercury 85-95,W @ Minnesota Lynx 95-85
2018,2018-06-02,New York Liberty,87,Indiana Fever,81,6.0,-6.0,1,0,1795,4834,L,W,L vs. New York Liberty 81-87,W @ Indiana Fever 87-81
2018,2018-06-02,Seattle Storm,90,Dallas Wings,94,-4.0,4.0,0,1,1795,4835,W,L,W vs. Seattle Storm 94-90,L @ Dallas Wings 90-94
2018,2018-06-03,Connecticut Sun,88,Washington Mystics,64,24.0,-24.0,1,0,1796,4836,L,W,L vs. Connecticut Sun 64-88,W @ Washington Mystics 88-64
2018,2018-06-03,Las Vegas Aces,90,Chicago Sky,95,-5.0,5.0,0,1,1796,4837,W,L,W vs. Las Vegas Aces 95-90,L @ Chicago Sky 90-95
2018,2018-06-03,Minnesota Lynx,69,Los Angeles Sparks,77,-8.0,8.0,0,1,1796,4838,W,L,W vs. Minnesota Lynx 77-69,L @ Los Angeles Sparks 69-77
2018,2018-06-03,Phoenix Mercury,78,Atlanta Dream,71,7.0,-7.0,1,0,1796,4839,L,W,L vs. Phoenix Mercury 71-78,W @ Atlanta Dream 78-71
2018,2018-06-05,Connecticut Sun,77,Atlanta Dream,82,-5.0,5.0,0,1,1797,4840,W,L,W vs. Connecticut Sun 82-77,L @ Atlanta Dream 77-82
2018,2018-06-05,Phoenix Mercury,80,New York Liberty,74,6.0,-6.0,1,0,1797,4841,L,W,L vs. Phoenix Mercury 74-80,W @ New York Liberty 80-74
2018,2018-06-07,Minnesota Lynx,88,Washington Mystics,80,8.0,-8.0,1,0,1798,4842,L,W,L vs. Minnesota Lynx 80-88,W @ Washington Mystics 88-80
2018,2018-06-07,Connecticut Sun,88,New York Liberty,86,2.0,-2.0,1,0,1798,4843,L,W,L vs. Connecticut Sun 86-88,W @ New York Liberty 88-86
2018,2018-06-07,Seattle Storm,88,Los Angeles Sparks,63,25.0,-25.0,1,0,1798,4844,L,W,L vs. Seattle Storm 63-88,W @ Los Angeles Sparks 88-63
2018,2018-06-08,Chicago Sky,79,Phoenix Mercury,96,-17.0,17.0,0,1,1799,4845,W,L,W vs. Chicago Sky 96-79,L @ Phoenix Mercury 79-96
2018,2018-06-08,Dallas Wings,89,Indiana Fever,83,6.0,-6.0,1,0,1799,4846,L,W,L vs. Dallas Wings 83-89,W @ Indiana Fever 89-83
2018,2018-06-08,Atlanta Dream,87,Las Vegas Aces,83,4.0,-4.0,1,0,1799,4847,L,W,L vs. Atlanta Dream 83-87,W @ Las Vegas Aces 87-83
2018,2018-06-09,Minnesota Lynx,75,Connecticut Sun,89,-14.0,14.0,0,1,1800,4848,W,L,W vs. Minnesota Lynx 89-75,L @ Connecticut Sun 75-89
2018,2018-06-10,Indiana Fever,75,New York Liberty,78,-3.0,3.0,0,1,1801,4849,W,L,W vs. Indiana Fever 78-75,L @ New York Liberty 75-78
2018,2018-06-10,Chicago Sky,59,Los Angeles Sparks,77,-18.0,18.0,0,1,1801,4850,W,L,W vs. Chicago Sky 77-59,L @ Los Angeles Sparks 59-77
2018,2018-06-10,Atlanta Dream,67,Seattle Storm,64,3.0,-3.0,1,0,1801,4851,L,W,L vs. Atlanta Dream 64-67,W @ Seattle Storm 67-64
2018,2018-06-10,Las Vegas Aces,66,Phoenix Mercury,72,-6.0,6.0,0,1,1801,4852,W,L,W vs. Las Vegas Aces 72-66,L @ Phoenix Mercury 66-72
2018,2018-06-12,Chicago Sky,85,Seattle Storm,96,-11.0,11.0,0,1,1802,4853,W,L,W vs. Chicago Sky 96-85,L @ Seattle Storm 85-96
2018,2018-06-12,Atlanta Dream,64,Los Angeles Sparks,72,-8.0,8.0,0,1,1802,4854,W,L,W vs. Atlanta Dream 72-64,L @ Los Angeles Sparks 64-72
2018,2018-06-12,Phoenix Mercury,75,Dallas Wings,72,3.0,-3.0,1,0,1802,4855,L,W,L vs. Phoenix Mercury 72-75,W @ Dallas Wings 75-72
2018,2018-06-12,Las Vegas Aces,101,Indiana Fever,92,9.0,-9.0,1,0,1802,4856,L,W,L vs. Las Vegas Aces 92-101,W @ Indiana Fever 101-92
2018,2018-06-13,Washington Mystics,95,Connecticut Sun,91,4.0,-4.0,1,0,1803,4857,L,W,L vs. Washington Mystics 91-95,W @ Connecticut Sun 95-91
2018,2018-06-13,Las Vegas Aces,78,New York Liberty,63,15.0,-15.0,1,0,1803,4858,L,W,L vs. Las Vegas Aces 63-78,W @ New York Liberty 78-63
2018,2018-06-14,Indiana Fever,67,Atlanta Dream,72,-5.0,5.0,0,1,1804,4859,W,L,W vs. Indiana Fever 72-67,L @ Atlanta Dream 67-72
2018,2018-06-15,Los Angeles Sparks,97,Washington Mystics,86,11.0,-11.0,1,0,1805,4860,L,W,L vs. Los Angeles Sparks 86-97,W @ Washington Mystics 97-86
2018,2018-06-15,Connecticut Sun,92,Seattle Storm,103,-11.0,11.0,0,1,1805,4861,W,L,W vs. Connecticut Sun 103-92,L @ Seattle Storm 92-103
2018,2018-06-15,Las Vegas Aces,67,Dallas Wings,77,-10.0,10.0,0,1,1805,4862,W,L,W vs. Las Vegas Aces 77-67,L @ Dallas Wings 67-77
2018,2018-06-16,New York Liberty,71,Minnesota Lynx,85,-14.0,14.0,0,1,1806,4863,W,L,W vs. New York Liberty 85-71,L @ Minnesota Lynx 71-85
2018,2018-06-16,Atlanta Dream,64,Indiana Fever,96,-32.0,32.0,0,1,1806,4864,W,L,W vs. Atlanta Dream 96-64,L @ Indiana Fever 64-96
2018,2018-06-16,Connecticut Sun,72,Phoenix Mercury,89,-17.0,17.0,0,1,1806,4865,W,L,W vs. Connecticut Sun 89-72,L @ Phoenix Mercury 72-89
2018,2018-06-17,Phoenix Mercury,92,Las Vegas Aces,80,12.0,-12.0,1,0,1807,4866,L,W,L vs. Phoenix Mercury 80-92,W @ Las Vegas Aces 92-80
2018,2018-06-17,Los Angeles Sparks,81,Chicago Sky,72,9.0,-9.0,1,0,1807,4867,L,W,L vs. Los Angeles Sparks 72-81,W @ Chicago Sky 81-72
2018,2018-06-19,Indiana Fever,55,Los Angeles Sparks,74,-19.0,19.0,0,1,1808,4868,W,L,W vs. Indiana Fever 74-55,L @ Los Angeles Sparks 55-74
2018,2018-06-19,Atlanta Dream,72,New York Liberty,79,-7.0,7.0,0,1,1808,4869,W,L,W vs. Atlanta Dream 79-72,L @ New York Liberty 72-79
2018,2018-06-19,Dallas Wings,83,Minnesota Lynx,91,-8.0,8.0,0,1,1808,4870,W,L,W vs. Dallas Wings 91-83,L @ Minnesota Lynx 83-91
2018,2018-06-19,Las Vegas Aces,89,Seattle Storm,77,12.0,-12.0,1,0,1808,4871,L,W,L vs. Las Vegas Aces 77-89,W @ Seattle Storm 89-77
2018,2018-06-19,Chicago Sky,60,Washington Mystics,88,-28.0,28.0,0,1,1808,4872,W,L,W vs. Chicago Sky 88-60,L @ Washington Mystics 60-88
2018,2018-06-22,Indiana Fever,63,Seattle Storm,72,-9.0,9.0,0,1,1809,4873,W,L,W vs. Indiana Fever 72-63,L @ Seattle Storm 63-72
2018,2018-06-22,Connecticut Sun,70,Atlanta Dream,75,-5.0,5.0,0,1,1809,4874,W,L,W vs. Connecticut Sun 75-70,L @ Atlanta Dream 70-75
2018,2018-06-22,Washington Mystics,93,Chicago Sky,77,16.0,-16.0,1,0,1809,4875,L,W,L vs. Washington Mystics 77-93,W @ Chicago Sky 93-77
2018,2018-06-22,Los Angeles Sparks,72,Dallas Wings,101,-29.0,29.0,0,1,1809,4876,W,L,W vs. Los Angeles Sparks 101-72,L @ Dallas Wings 72-101
2018,2018-06-22,New York Liberty,78,Las Vegas Aces,88,-10.0,10.0,0,1,1809,4877,W,L,W vs. New York Liberty 88-78,L @ Las Vegas Aces 78-88
2018,2018-06-22,Minnesota Lynx,83,Phoenix Mercury,72,11.0,-11.0,1,0,1809,4878,L,W,L vs. Minnesota Lynx 72-83,W @ Phoenix Mercury 83-72
2018,2018-06-24,Minnesota Lynx,88,Las Vegas Aces,73,15.0,-15.0,1,0,1810,4879,L,W,L vs. Minnesota Lynx 73-88,W @ Las Vegas Aces 88-73
2018,2018-06-24,Phoenix Mercury,88,Chicago Sky,97,-9.0,9.0,0,1,1810,4880,W,L,W vs. Phoenix Mercury 97-88,L @ Chicago Sky 88-97
2018,2018-06-24,Seattle Storm,97,Dallas Wings,76,21.0,-21.0,1,0,1810,4881,L,W,L vs. Seattle Storm 76-97,W @ Dallas Wings 97-76
2018,2018-06-24,Connecticut Sun,87,Indiana Fever,78,9.0,-9.0,1,0,1810,4882,L,W,L vs. Connecticut Sun 78-87,W @ Indiana Fever 87-78
2018,2018-06-24,New York Liberty,54,Los Angeles Sparks,80,-26.0,26.0,0,1,1810,4883,W,L,W vs. New York Liberty 80-54,L @ Los Angeles Sparks 54-80
2018,2018-06-26,Dallas Wings,83,Los Angeles Sparks,87,-4.0,4.0,0,1,1811,4884,W,L,W vs. Dallas Wings 87-83,L @ Los Angeles Sparks 83-87
2018,2018-06-26,Phoenix Mercury,83,New York Liberty,69,14.0,-14.0,1,0,1811,4885,L,W,L vs. Phoenix Mercury 69-83,W @ New York Liberty 83-69
2018,2018-06-26,Seattle Storm,79,Minnesota Lynx,91,-12.0,12.0,0,1,1811,4886,W,L,W vs. Seattle Storm 91-79,L @ Minnesota Lynx 79-91
2018,2018-06-26,Connecticut Sun,80,Washington Mystics,92,-12.0,12.0,0,1,1811,4887,W,L,W vs. Connecticut Sun 92-80,L @ Washington Mystics 80-92
2018,2018-06-27,Dallas Wings,97,Las Vegas Aces,91,6.0,-6.0,1,0,1812,4888,L,W,L vs. Dallas Wings 91-97,W @ Las Vegas Aces 97-91
2018,2018-06-27,Atlanta Dream,80,Chicago Sky,93,-13.0,13.0,0,1,1812,4889,W,L,W vs. Atlanta Dream 93-80,L @ Chicago Sky 80-93
2018,2018-06-27,Indiana Fever,89,Connecticut Sun,101,-12.0,12.0,0,1,1812,4890,W,L,W vs. Indiana Fever 101-89,L @ Connecticut Sun 89-101
2018,2018-06-28,New York Liberty,77,Washington Mystics,80,-3.0,3.0,0,1,1813,4891,W,L,W vs. New York Liberty 80-77,L @ Washington Mystics 77-80
2018,2018-06-28,Los Angeles Sparks,72,Seattle Storm,81,-9.0,9.0,0,1,1813,4892,W,L,W vs. Los Angeles Sparks 81-72,L @ Seattle Storm 72-81
2018,2018-06-29,Chicago Sky,103,New York Liberty,99,4.0,-4.0,1,0,1814,4893,L,W,L vs. Chicago Sky 99-103,W @ New York Liberty 103-99
2018,2018-06-29,Los Angeles Sparks,78,Las Vegas Aces,94,-16.0,16.0,0,1,1814,4894,W,L,W vs. Los Angeles Sparks 94-78,L @ Las Vegas Aces 78-94
2018,2018-06-29,Atlanta Dream,74,Minnesota Lynx,85,-11.0,11.0,0,1,1814,4895,W,L,W vs. Atlanta Dream 85-74,L @ Minnesota Lynx 74-85
2018,2018-06-29,Phoenix Mercury,95,Indiana Fever,77,18.0,-18.0,1,0,1814,4896,L,W,L vs. Phoenix Mercury 77-95,W @ Indiana Fever 95-77
2018,2018-06-30,Phoenix Mercury,84,Washington Mystics,74,10.0,-10.0,1,0,1815,4897,L,W,L vs. Phoenix Mercury 74-84,W @ Washington Mystics 84-74
2018,2018-07-01,Connecticut Sun,70,Seattle Storm,84,-14.0,14.0,0,1,1816,4898,W,L,W vs. Connecticut Sun 84-70,L @ Seattle Storm 70-84
2018,2018-07-01,New York Liberty,97,Chicago Sky,94,3.0,-3.0,1,0,1816,4899,L,W,L vs. New York Liberty 94-97,W @ Chicago Sky 97-94
2018,2018-07-01,Atlanta Dream,87,Indiana Fever,83,4.0,-4.0,1,0,1816,4900,L,W,L vs. Atlanta Dream 83-87,W @ Indiana Fever 87-83
2018,2018-07-01,Minnesota Lynx,76,Dallas Wings,72,4.0,-4.0,1,0,1816,4901,L,W,L vs. Minnesota Lynx 72-76,W @ Dallas Wings 76-72
2018,2018-07-01,Las Vegas Aces,71,Los Angeles Sparks,87,-16.0,16.0,0,1,1816,4902,W,L,W vs. Las Vegas Aces 87-71,L @ Los Angeles Sparks 71-87
2018,2018-07-03,Indiana Fever,71,Minnesota Lynx,59,12.0,-12.0,1,0,1817,4903,L,W,L vs. Indiana Fever 59-71,W @ Minnesota Lynx 71-59
2018,2018-07-03,Chicago Sky,85,Dallas Wings,108,-23.0,23.0,0,1,1817,4904,W,L,W vs. Chicago Sky 108-85,L @ Dallas Wings 85-108
2018,2018-07-03,Seattle Storm,77,New York Liberty,62,15.0,-15.0,1,0,1817,4905,L,W,L vs. Seattle Storm 62-77,W @ New York Liberty 77-62
2018,2018-07-03,Connecticut Sun,73,Los Angeles Sparks,72,1.0,-1.0,1,0,1817,4906,L,W,L vs. Connecticut Sun 72-73,W @ Los Angeles Sparks 73-72
2018,2018-07-05,Chicago Sky,80,Las Vegas Aces,84,-4.0,4.0,0,1,1818,4907,W,L,W vs. Chicago Sky 84-80,L @ Las Vegas Aces 80-84
2018,2018-07-05,Indiana Fever,63,Dallas Wings,90,-27.0,27.0,0,1,1818,4908,W,L,W vs. Indiana Fever 90-63,L @ Dallas Wings 63-90
2018,2018-07-05,Connecticut Sun,77,Phoenix Mercury,84,-7.0,7.0,0,1,1818,4909,W,L,W vs. Connecticut Sun 84-77,L @ Phoenix Mercury 77-84
2018,2018-07-05,New York Liberty,67,Washington Mystics,86,-19.0,19.0,0,1,1818,4910,W,L,W vs. New York Liberty 86-67,L @ Washington Mystics 67-86
2018,2018-07-05,Los Angeles Sparks,72,Minnesota Lynx,83,-11.0,11.0,0,1,1818,4911,W,L,W vs. Los Angeles Sparks 83-72,L @ Minnesota Lynx 72-83
2018,2018-07-06,Seattle Storm,95,Atlanta Dream,86,9.0,-9.0,1,0,1819,4912,L,W,L vs. Seattle Storm 86-95,W @ Atlanta Dream 95-86
2018,2018-07-07,Connecticut Sun,90,Las Vegas Aces,94,-4.0,4.0,0,1,1820,4913,W,L,W vs. Connecticut Sun 94-90,L @ Las Vegas Aces 90-94
2018,2018-07-07,Washington Mystics,83,Los Angeles Sparks,74,9.0,-9.0,1,0,1820,4914,L,W,L vs. Washington Mystics 74-83,W @ Los Angeles Sparks 83-74
2018,2018-07-07,Minnesota Lynx,63,Chicago Sky,77,-14.0,14.0,0,1,1820,4915,W,L,W vs. Minnesota Lynx 77-63,L @ Chicago Sky 63-77
2018,2018-07-08,Phoenix Mercury,70,Atlanta Dream,76,-6.0,6.0,0,1,1821,4916,W,L,W vs. Phoenix Mercury 76-70,L @ Atlanta Dream 70-76
2018,2018-07-08,Dallas Wings,97,New York Liberty,87,10.0,-10.0,1,0,1821,4917,L,W,L vs. Dallas Wings 87-97,W @ New York Liberty 97-87
2018,2018-07-08,Washington Mystics,91,Seattle Storm,97,-6.0,6.0,0,1,1821,4918,W,L,W vs. Washington Mystics 97-91,L @ Seattle Storm 91-97
2018,2018-07-10,Los Angeles Sparks,77,Seattle Storm,75,2.0,-2.0,1,0,1822,4919,L,W,L vs. Los Angeles Sparks 75-77,W @ Seattle Storm 77-75
2018,2018-07-10,Phoenix Mercury,72,Dallas Wings,101,-29.0,29.0,0,1,1822,4920,W,L,W vs. Phoenix Mercury 101-72,L @ Dallas Wings 72-101
2018,2018-07-10,Las Vegas Aces,98,Chicago Sky,74,24.0,-24.0,1,0,1822,4921,L,W,L vs. Las Vegas Aces 74-98,W @ Chicago Sky 98-74
2018,2018-07-11,Atlanta Dream,106,Washington Mystics,89,17.0,-17.0,1,0,1823,4922,L,W,L vs. Atlanta Dream 89-106,W @ Washington Mystics 106-89
2018,2018-07-11,Minnesota Lynx,87,Indiana Fever,65,22.0,-22.0,1,0,1823,4923,L,W,L vs. Minnesota Lynx 65-87,W @ Indiana Fever 87-65
2018,2018-07-11,New York Liberty,79,Connecticut Sun,76,3.0,-3.0,1,0,1823,4924,L,W,L vs. New York Liberty 76-79,W @ Connecticut Sun 79-76
2018,2018-07-12,Dallas Wings,92,Los Angeles Sparks,77,15.0,-15.0,1,0,1824,4925,L,W,L vs. Dallas Wings 77-92,W @ Los Angeles Sparks 92-77
2018,2018-07-13,Las Vegas Aces,85,Minnesota Lynx,77,8.0,-8.0,1,0,1825,4926,L,W,L vs. Las Vegas Aces 77-85,W @ Minnesota Lynx 85-77
2018,2018-07-13,Phoenix Mercury,87,Connecticut Sun,91,-4.0,4.0,0,1,1825,4927,W,L,W vs. Phoenix Mercury 91-87,L @ Connecticut Sun 87-91
2018,2018-07-13,Indiana Fever,74,Atlanta Dream,98,-24.0,24.0,0,1,1825,4928,W,L,W vs. Indiana Fever 98-74,L @ Atlanta Dream 74-98
2018,2018-07-13,Chicago Sky,72,Washington Mystics,88,-16.0,16.0,0,1,1825,4929,W,L,W vs. Chicago Sky 88-72,L @ Washington Mystics 72-88
2018,2018-07-14,Dallas Wings,84,Seattle Storm,91,-7.0,7.0,0,1,1826,4930,W,L,W vs. Dallas Wings 91-84,L @ Seattle Storm 84-91
2018,2018-07-15,Washington Mystics,77,Atlanta Dream,80,-3.0,3.0,0,1,1827,4931,W,L,W vs. Washington Mystics 80-77,L @ Atlanta Dream 77-80
2018,2018-07-15,Chicago Sky,84,New York Liberty,107,-23.0,23.0,0,1,1827,4932,W,L,W vs. Chicago Sky 107-84,L @ New York Liberty 84-107
2018,2018-07-15,Los Angeles Sparks,99,Las Vegas Aces,78,21.0,-21.0,1,0,1827,4933,L,W,L vs. Los Angeles Sparks 78-99,W @ Las Vegas Aces 99-78
2018,2018-07-15,Phoenix Mercury,101,Indiana Fever,82,19.0,-19.0,1,0,1827,4934,L,W,L vs. Phoenix Mercury 82-101,W @ Indiana Fever 101-82
2018,2018-07-15,Connecticut Sun,83,Minnesota Lynx,64,19.0,-19.0,1,0,1827,4935,L,W,L vs. Connecticut Sun 64-83,W @ Minnesota Lynx 83-64
2018,2018-07-17,New York Liberty,87,Dallas Wings,104,-17.0,17.0,0,1,1828,4936,W,L,W vs. New York Liberty 104-87,L @ Dallas Wings 87-104
2018,2018-07-17,Atlanta Dream,86,Connecticut Sun,83,3.0,-3.0,1,0,1828,4937,L,W,L vs. Atlanta Dream 83-86,W @ Connecticut Sun 86-83
2018,2018-07-18,Seattle Storm,101,Chicago Sky,83,18.0,-18.0,1,0,1829,4938,L,W,L vs. Seattle Storm 83-101,W @ Chicago Sky 101-83
2018,2018-07-18,Indiana Fever,65,Minnesota Lynx,89,-24.0,24.0,0,1,1829,4939,W,L,W vs. Indiana Fever 89-65,L @ Minnesota Lynx 65-89
2018,2018-07-19,Washington Mystics,81,Dallas Wings,90,-9.0,9.0,0,1,1830,4940,W,L,W vs. Washington Mystics 90-81,L @ Dallas Wings 81-90
2018,2018-07-19,Las Vegas Aces,85,Phoenix Mercury,82,3.0,-3.0,1,0,1830,4941,L,W,L vs. Las Vegas Aces 82-85,W @ Phoenix Mercury 85-82
2018,2018-07-19,New York Liberty,68,Atlanta Dream,82,-14.0,14.0,0,1,1830,4942,W,L,W vs. New York Liberty 82-68,L @ Atlanta Dream 68-82
2018,2018-07-20,Dallas Wings,99,Chicago Sky,114,-15.0,15.0,0,1,1831,4943,W,L,W vs. Dallas Wings 114-99,L @ Chicago Sky 99-114
2018,2018-07-20,Seattle Storm,78,Connecticut Sun,65,13.0,-13.0,1,0,1831,4944,L,W,L vs. Seattle Storm 65-78,W @ Connecticut Sun 78-65
2018,2018-07-20,Indiana Fever,78,Los Angeles Sparks,76,2.0,-2.0,1,0,1831,4945,L,W,L vs. Indiana Fever 76-78,W @ Los Angeles Sparks 78-76
2018,2018-07-21,Minnesota Lynx,80,Phoenix Mercury,75,5.0,-5.0,1,0,1832,4946,L,W,L vs. Minnesota Lynx 75-80,W @ Phoenix Mercury 80-75
2018,2018-07-21,Washington Mystics,95,New York Liberty,78,17.0,-17.0,1,0,1832,4947,L,W,L vs. Washington Mystics 78-95,W @ New York Liberty 95-78
2018,2018-07-22,Los Angeles Sparks,93,Chicago Sky,76,17.0,-17.0,1,0,1833,4948,L,W,L vs. Los Angeles Sparks 76-93,W @ Chicago Sky 93-76
2018,2018-07-22,Connecticut Sun,92,Dallas Wings,75,17.0,-17.0,1,0,1833,4949,L,W,L vs. Connecticut Sun 75-92,W @ Dallas Wings 92-75
2018,2018-07-22,Seattle Storm,74,Atlanta Dream,87,-13.0,13.0,0,1,1833,4950,W,L,W vs. Seattle Storm 87-74,L @ Atlanta Dream 74-87
2018,2018-07-22,Indiana Fever,74,Las Vegas Aces,88,-14.0,14.0,0,1,1833,4951,W,L,W vs. Indiana Fever 88-74,L @ Las Vegas Aces 74-88
2018,2018-07-24,Seattle Storm,92,Indiana Fever,72,20.0,-20.0,1,0,1834,4952,L,W,L vs. Seattle Storm 72-92,W @ Indiana Fever 92-72
2018,2018-07-24,Washington Mystics,68,Connecticut Sun,94,-26.0,26.0,0,1,1834,4953,W,L,W vs. Washington Mystics 94-68,L @ Connecticut Sun 68-94
2018,2018-07-24,Atlanta Dream,81,Los Angeles Sparks,71,10.0,-10.0,1,0,1834,4954,L,W,L vs. Atlanta Dream 71-81,W @ Los Angeles Sparks 81-71
2018,2018-07-24,New York Liberty,82,Minnesota Lynx,85,-3.0,3.0,0,1,1834,4955,W,L,W vs. New York Liberty 85-82,L @ Minnesota Lynx 82-85
2018,2018-07-25,Chicago Sky,101,Phoenix Mercury,87,14.0,-14.0,1,0,1835,4956,L,W,L vs. Chicago Sky 87-101,W @ Phoenix Mercury 101-87
2018,2018-07-31,Washington Mystics,86,Atlanta Dream,71,15.0,-15.0,1,0,1836,4957,L,W,L vs. Washington Mystics 71-86,W @ Atlanta Dream 86-71
2018,2018-07-31,Seattle Storm,102,Phoenix Mercury,91,11.0,-11.0,1,0,1836,4958,L,W,L vs. Seattle Storm 91-102,W @ Phoenix Mercury 102-91
2018,2018-07-31,Chicago Sky,92,Dallas Wings,91,1.0,-1.0,1,0,1836,4959,L,W,L vs. Chicago Sky 91-92,W @ Dallas Wings 92-91
2018,2018-08-01,New York Liberty,77,Connecticut Sun,92,-15.0,15.0,0,1,1837,4960,W,L,W vs. New York Liberty 92-77,L @ Connecticut Sun 77-92
2018,2018-08-01,Phoenix Mercury,104,Las Vegas Aces,93,11.0,-11.0,1,0,1837,4961,L,W,L vs. Phoenix Mercury 93-104,W @ Las Vegas Aces 104-93
2018,2018-08-02,Minnesota Lynx,57,Los Angeles Sparks,79,-22.0,22.0,0,1,1838,4962,W,L,W vs. Minnesota Lynx 79-57,L @ Los Angeles Sparks 57-79
2018,2018-08-02,Dallas Wings,78,Indiana Fever,84,-6.0,6.0,0,1,1838,4963,W,L,W vs. Dallas Wings 84-78,L @ Indiana Fever 78-84
2018,2018-08-03,Minnesota Lynx,75,Seattle Storm,85,-10.0,10.0,0,1,1839,4964,W,L,W vs. Minnesota Lynx 85-75,L @ Seattle Storm 75-85
2018,2018-08-03,Chicago Sky,74,Atlanta Dream,89,-15.0,15.0,0,1,1839,4965,W,L,W vs. Chicago Sky 89-74,L @ Atlanta Dream 74-89
2018,2018-08-03,Las Vegas Aces,0,Washington Mystics,1,-1.0,1.0,0,1,1839,4966,W,L,W vs. Las Vegas Aces 1-0,L @ Washington Mystics 0-1
2018,2018-08-04,Indiana Fever,68,New York Liberty,55,13.0,-13.0,1,0,1840,4967,L,W,L vs. Indiana Fever 55-68,W @ New York Liberty 68-55
2018,2018-08-05,Phoenix Mercury,75,Los Angeles Sparks,78,-3.0,3.0,0,1,1841,4968,W,L,W vs. Phoenix Mercury 78-75,L @ Los Angeles Sparks 75-78
2018,2018-08-05,Atlanta Dream,86,Minnesota Lynx,66,20.0,-20.0,1,0,1841,4969,L,W,L vs. Atlanta Dream 66-86,W @ Minnesota Lynx 86-66
2018,2018-08-05,Washington Mystics,76,Dallas Wings,74,2.0,-2.0,1,0,1841,4970,L,W,L vs. Washington Mystics 74-76,W @ Dallas Wings 76-74
2018,2018-08-05,Las Vegas Aces,88,Connecticut Sun,109,-21.0,21.0,0,1,1841,4971,W,L,W vs. Las Vegas Aces 109-88,L @ Connecticut Sun 88-109
2018,2018-08-06,Seattle Storm,96,New York Liberty,80,16.0,-16.0,1,0,1842,4972,L,W,L vs. Seattle Storm 80-96,W @ New York Liberty 96-80
2018,2018-08-07,Minnesota Lynx,85,Chicago Sky,64,21.0,-21.0,1,0,1843,4973,L,W,L vs. Minnesota Lynx 64-85,W @ Chicago Sky 85-64
2018,2018-08-07,Washington Mystics,103,Phoenix Mercury,98,5.0,-5.0,1,0,1843,4974,L,W,L vs. Washington Mystics 98-103,W @ Phoenix Mercury 103-98
2018,2018-08-07,Seattle Storm,94,Indiana Fever,79,15.0,-15.0,1,0,1843,4975,L,W,L vs. Seattle Storm 79-94,W @ Indiana Fever 94-79
2018,2018-08-07,Las Vegas Aces,100,Atlanta Dream,109,-9.0,9.0,0,1,1843,4976,W,L,W vs. Las Vegas Aces 109-100,L @ Atlanta Dream 100-109
2018,2018-08-08,Los Angeles Sparks,82,New York Liberty,81,1.0,-1.0,1,0,1844,4977,L,W,L vs. Los Angeles Sparks 81-82,W @ New York Liberty 82-81
2018,2018-08-08,Connecticut Sun,101,Dallas Wings,92,9.0,-9.0,1,0,1844,4978,L,W,L vs. Connecticut Sun 92-101,W @ Dallas Wings 101-92
2018,2018-08-09,Seattle Storm,77,Washington Mystics,100,-23.0,23.0,0,1,1845,4979,W,L,W vs. Seattle Storm 100-77,L @ Washington Mystics 77-100
2018,2018-08-09,Los Angeles Sparks,73,Atlanta Dream,79,-6.0,6.0,0,1,1845,4980,W,L,W vs. Los Angeles Sparks 79-73,L @ Atlanta Dream 73-79
2018,2018-08-09,Minnesota Lynx,89,Las Vegas Aces,73,16.0,-16.0,1,0,1845,4981,L,W,L vs. Minnesota Lynx 73-89,W @ Las Vegas Aces 89-73
2018,2018-08-10,Indiana Fever,74,Phoenix Mercury,94,-20.0,20.0,0,1,1846,4982,W,L,W vs. Indiana Fever 94-74,L @ Phoenix Mercury 74-94
2018,2018-08-10,Connecticut Sun,86,Chicago Sky,97,-11.0,11.0,0,1,1846,4983,W,L,W vs. Connecticut Sun 97-86,L @ Chicago Sky 86-97
2018,2018-08-11,Indiana Fever,74,Las Vegas Aces,92,-18.0,18.0,0,1,1847,4984,W,L,W vs. Indiana Fever 92-74,L @ Las Vegas Aces 74-92
2018,2018-08-11,Dallas Wings,82,Atlanta Dream,92,-10.0,10.0,0,1,1847,4985,W,L,W vs. Dallas Wings 92-82,L @ Atlanta Dream 82-92
2018,2018-08-12,Seattle Storm,81,Minnesota Lynx,72,9.0,-9.0,1,0,1848,4986,L,W,L vs. Seattle Storm 72-81,W @ Minnesota Lynx 81-72
2018,2018-08-12,Dallas Wings,80,Washington Mystics,93,-13.0,13.0,0,1,1848,4987,W,L,W vs. Dallas Wings 93-80,L @ Washington Mystics 80-93
2018,2018-08-12,Los Angeles Sparks,78,Phoenix Mercury,86,-8.0,8.0,0,1,1848,4988,W,L,W vs. Los Angeles Sparks 86-78,L @ Phoenix Mercury 78-86
2018,2018-08-12,Atlanta Dream,86,New York Liberty,77,9.0,-9.0,1,0,1848,4989,L,W,L vs. Atlanta Dream 77-86,W @ New York Liberty 86-77
2018,2018-08-12,Chicago Sky,75,Connecticut Sun,82,-7.0,7.0,0,1,1848,4990,W,L,W vs. Chicago Sky 82-75,L @ Connecticut Sun 75-82
2018,2018-08-14,Dallas Wings,76,Connecticut Sun,96,-20.0,20.0,0,1,1849,4991,W,L,W vs. Dallas Wings 96-76,L @ Connecticut Sun 76-96
2018,2018-08-14,Chicago Sky,91,Minnesota Lynx,88,3.0,-3.0,1,0,1849,4992,L,W,L vs. Chicago Sky 88-91,W @ Minnesota Lynx 91-88
2018,2018-08-14,New York Liberty,66,Los Angeles Sparks,74,-8.0,8.0,0,1,1849,4993,W,L,W vs. New York Liberty 74-66,L @ Los Angeles Sparks 66-74
2018,2018-08-15,New York Liberty,72,Las Vegas Aces,85,-13.0,13.0,0,1,1850,4994,W,L,W vs. New York Liberty 85-72,L @ Las Vegas Aces 72-85
2018,2018-08-15,Washington Mystics,76,Indiana Fever,62,14.0,-14.0,1,0,1850,4995,L,W,L vs. Washington Mystics 62-76,W @ Indiana Fever 76-62
2018,2018-08-17,New York Liberty,77,Seattle Storm,85,-8.0,8.0,0,1,1851,4996,W,L,W vs. New York Liberty 85-77,L @ Seattle Storm 77-85
2018,2018-08-17,Atlanta Dream,95,Phoenix Mercury,104,-9.0,9.0,0,1,1851,4997,W,L,W vs. Atlanta Dream 104-95,L @ Phoenix Mercury 95-104
2018,2018-08-17,Las Vegas Aces,102,Dallas Wings,107,-5.0,5.0,0,1,1851,4998,W,L,W vs. Las Vegas Aces 107-102,L @ Dallas Wings 102-107
2018,2018-08-17,Los Angeles Sparks,67,Washington Mystics,69,-2.0,2.0,0,1,1851,4999,W,L,W vs. Los Angeles Sparks 69-67,L @ Washington Mystics 67-69
2018,2018-08-17,Minnesota Lynx,79,Connecticut Sun,96,-17.0,17.0,0,1,1851,5000,W,L,W vs. Minnesota Lynx 96-79,L @ Connecticut Sun 79-96
2018,2018-08-18,Chicago Sky,115,Indiana Fever,106,9.0,-9.0,1,0,1852,5001,L,W,L vs. Chicago Sky 106-115,W @ Indiana Fever 115-106
2018,2018-08-19,Atlanta Dream,93,Las Vegas Aces,78,15.0,-15.0,1,0,1853,5002,L,W,L vs. Atlanta Dream 78-93,W @ Las Vegas Aces 93-78
2018,2018-08-19,Los Angeles Sparks,86,Connecticut Sun,89,-3.0,3.0,0,1,1853,5003,W,L,W vs. Los Angeles Sparks 89-86,L @ Connecticut Sun 86-89
2018,2018-08-19,New York Liberty,85,Phoenix Mercury,96,-11.0,11.0,0,1,1853,5004,W,L,W vs. New York Liberty 96-85,L @ Phoenix Mercury 85-96
2018,2018-08-19,Washington Mystics,83,Minnesota Lynx,88,-5.0,5.0,0,1,1853,5005,W,L,W vs. Washington Mystics 88-83,L @ Minnesota Lynx 83-88
2018,2018-08-19,Indiana Fever,97,Chicago Sky,92,5.0,-5.0,1,0,1853,5006,L,W,L vs. Indiana Fever 92-97,W @ Chicago Sky 97-92
2018,2018-08-19,Dallas Wings,68,Seattle Storm,84,-16.0,16.0,0,1,1853,5007,W,L,W vs. Dallas Wings 84-68,L @ Seattle Storm 68-84
2018,2018-08-21,Dallas Wings,83,Phoenix Mercury,101,-18.0,18.0,0,1,1854,5008,W,L,W vs. Dallas Wings 101-83,L @ Phoenix Mercury 83-101
2018,2018-08-21,Minnesota Lynx,68,Los Angeles Sparks,75,-7.0,7.0,0,1,1854,5009,W,L,W vs. Minnesota Lynx 75-68,L @ Los Angeles Sparks 68-75
2018,2018-08-23,Los Angeles Sparks,64,Washington Mystics,96,-32.0,32.0,0,1,1855,5010,W,L,W vs. Los Angeles Sparks 96-64,L @ Washington Mystics 64-96
2018,2018-08-23,Phoenix Mercury,96,Connecticut Sun,86,10.0,-10.0,1,0,1855,5011,L,W,L vs. Phoenix Mercury 86-96,W @ Connecticut Sun 96-86
2018,2018-08-26,Phoenix Mercury,87,Seattle Storm,91,-4.0,4.0,0,1,1856,5012,W,L,W vs. Phoenix Mercury 91-87,L @ Seattle Storm 87-91
2018,2018-08-26,Washington Mystics,87,Atlanta Dream,84,3.0,-3.0,1,0,1856,5013,L,W,L vs. Washington Mystics 84-87,W @ Atlanta Dream 87-84
2018,2018-08-28,Washington Mystics,75,Atlanta Dream,78,-3.0,3.0,0,1,1857,5014,W,L,W vs. Washington Mystics 78-75,L @ Atlanta Dream 75-78
2018,2018-08-28,Phoenix Mercury,87,Seattle Storm,91,-4.0,4.0,0,1,1857,5015,W,L,W vs. Phoenix Mercury 91-87,L @ Seattle Storm 87-91
2018,2018-08-31,Atlanta Dream,81,Washington Mystics,76,5.0,-5.0,1,0,1858,5016,L,W,L vs. Atlanta Dream 76-81,W @ Washington Mystics 81-76
2018,2018-08-31,Seattle Storm,66,Phoenix Mercury,86,-20.0,20.0,0,1,1858,5017,W,L,W vs. Seattle Storm 86-66,L @ Phoenix Mercury 66-86
2018,2018-09-02,Seattle Storm,84,Phoenix Mercury,86,-2.0,2.0,0,1,1859,5018,W,L,W vs. Seattle Storm 86-84,L @ Phoenix Mercury 84-86
2018,2018-09-02,Atlanta Dream,76,Washington Mystics,97,-21.0,21.0,0,1,1859,5019,W,L,W vs. Atlanta Dream 97-76,L @ Washington Mystics 76-97
2018,2018-09-04,Washington Mystics,86,Atlanta Dream,81,5.0,-5.0,1,0,1860,5020,L,W,L vs. Washington Mystics 81-86,W @ Atlanta Dream 86-81
2018,2018-09-04,Phoenix Mercury,84,Seattle Storm,94,-10.0,10.0,0,1,1860,5021,W,L,W vs. Phoenix Mercury 94-84,L @ Seattle Storm 84-94
2018,2018-09-07,Washington Mystics,76,Seattle Storm,89,-13.0,13.0,0,1,1861,5022,W,L,W vs. Washington Mystics 89-76,L @ Seattle Storm 76-89
2018,2018-09-09,Washington Mystics,73,Seattle Storm,75,-2.0,2.0,0,1,1862,5023,W,L,W vs. Washington Mystics 75-73,L @ Seattle Storm 73-75
2018,2018-09-12,Seattle Storm,98,Washington Mystics,82,16.0,-16.0,1,0,1863,5024,L,W,L vs. Seattle Storm 82-98,W @ Washington Mystics 98-82
2019,2019-05-24,Dallas Wings,72,Atlanta Dream,76,-4.0,4.0,0,1,1864,5025,W,L,W vs. Dallas Wings 76-72,L @ Atlanta Dream 72-76
2019,2019-05-24,Indiana Fever,81,New York Liberty,80,1.0,-1.0,1,0,1864,5026,L,W,L vs. Indiana Fever 80-81,W @ New York Liberty 81-80
2019,2019-05-25,Phoenix Mercury,68,Seattle Storm,77,-9.0,9.0,0,1,1865,5027,W,L,W vs. Phoenix Mercury 77-68,L @ Seattle Storm 68-77
2019,2019-05-25,Chicago Sky,71,Minnesota Lynx,89,-18.0,18.0,0,1,1865,5028,W,L,W vs. Chicago Sky 89-71,L @ Minnesota Lynx 71-89
2019,2019-05-25,Washington Mystics,69,Connecticut Sun,84,-15.0,15.0,0,1,1865,5029,W,L,W vs. Washington Mystics 84-69,L @ Connecticut Sun 69-84
2019,2019-05-26,Los Angeles Sparks,70,Las Vegas Aces,83,-13.0,13.0,0,1,1866,5030,W,L,W vs. Los Angeles Sparks 83-70,L @ Las Vegas Aces 70-83
2019,2019-05-28,Indiana Fever,77,Connecticut Sun,88,-11.0,11.0,0,1,1867,5031,W,L,W vs. Indiana Fever 88-77,L @ Connecticut Sun 77-88
2019,2019-05-29,Seattle Storm,61,Minnesota Lynx,72,-11.0,11.0,0,1,1868,5032,W,L,W vs. Seattle Storm 72-61,L @ Minnesota Lynx 61-72
2019,2019-05-31,Connecticut Sun,70,Los Angeles Sparks,77,-7.0,7.0,0,1,1869,5033,W,L,W vs. Connecticut Sun 77-70,L @ Los Angeles Sparks 70-77
2019,2019-05-31,Seattle Storm,82,Atlanta Dream,66,16.0,-16.0,1,0,1869,5034,L,W,L vs. Seattle Storm 66-82,W @ Atlanta Dream 82-66
2019,2019-05-31,Las Vegas Aces,84,Phoenix Mercury,86,-2.0,2.0,0,1,1869,5035,W,L,W vs. Las Vegas Aces 86-84,L @ Phoenix Mercury 84-86
2019,2019-06-01,Minnesota Lynx,70,Dallas Wings,67,3.0,-3.0,1,0,1870,5036,L,W,L vs. Minnesota Lynx 67-70,W @ Dallas Wings 70-67
2019,2019-06-01,Atlanta Dream,75,Washington Mystics,96,-21.0,21.0,0,1,1870,5037,W,L,W vs. Atlanta Dream 96-75,L @ Washington Mystics 75-96
2019,2019-06-01,Seattle Storm,79,Chicago Sky,83,-4.0,4.0,0,1,1870,5038,W,L,W vs. Seattle Storm 83-79,L @ Chicago Sky 79-83
2019,2019-06-01,New York Liberty,77,Indiana Fever,92,-15.0,15.0,0,1,1870,5039,W,L,W vs. New York Liberty 92-77,L @ Indiana Fever 77-92
2019,2019-06-02,Connecticut Sun,80,Las Vegas Aces,74,6.0,-6.0,1,0,1871,5040,L,W,L vs. Connecticut Sun 74-80,W @ Las Vegas Aces 80-74
2019,2019-06-04,Minnesota Lynx,77,Seattle Storm,84,-7.0,7.0,0,1,1872,5041,W,L,W vs. Minnesota Lynx 84-77,L @ Seattle Storm 77-84
2019,2019-06-04,Los Angeles Sparks,78,New York Liberty,73,5.0,-5.0,1,0,1872,5042,L,W,L vs. Los Angeles Sparks 73-78,W @ New York Liberty 78-73
2019,2019-06-05,Chicago Sky,85,Washington Mystics,103,-18.0,18.0,0,1,1873,5043,W,L,W vs. Chicago Sky 103-85,L @ Washington Mystics 85-103
2019,2019-06-06,Las Vegas Aces,92,Atlanta Dream,69,23.0,-23.0,1,0,1874,5044,L,W,L vs. Las Vegas Aces 69-92,W @ Atlanta Dream 92-69
2019,2019-06-06,Los Angeles Sparks,77,Connecticut Sun,89,-12.0,12.0,0,1,1874,5045,W,L,W vs. Los Angeles Sparks 89-77,L @ Connecticut Sun 77-89
2019,2019-06-06,Phoenix Mercury,56,Minnesota Lynx,58,-2.0,2.0,0,1,1874,5046,W,L,W vs. Phoenix Mercury 58-56,L @ Minnesota Lynx 56-58
2019,2019-06-07,Washington Mystics,94,New York Liberty,85,9.0,-9.0,1,0,1875,5047,L,W,L vs. Washington Mystics 85-94,W @ New York Liberty 94-85
2019,2019-06-07,Dallas Wings,64,Indiana Fever,79,-15.0,15.0,0,1,1875,5048,W,L,W vs. Dallas Wings 79-64,L @ Indiana Fever 64-79
2019,2019-06-08,Los Angeles Sparks,89,Minnesota Lynx,85,4.0,-4.0,1,0,1876,5049,L,W,L vs. Los Angeles Sparks 85-89,W @ Minnesota Lynx 89-85
2019,2019-06-09,Seattle Storm,71,Chicago Sky,78,-7.0,7.0,0,1,1877,5050,W,L,W vs. Seattle Storm 78-71,L @ Chicago Sky 71-78
2019,2019-06-09,Dallas Wings,62,Washington Mystics,86,-24.0,24.0,0,1,1877,5051,W,L,W vs. Dallas Wings 86-62,L @ Washington Mystics 62-86
2019,2019-06-09,Phoenix Mercury,94,Indiana Fever,87,7.0,-7.0,1,0,1877,5052,L,W,L vs. Phoenix Mercury 87-94,W @ Indiana Fever 94-87
2019,2019-06-09,Connecticut Sun,65,Atlanta Dream,59,6.0,-6.0,1,0,1877,5053,L,W,L vs. Connecticut Sun 59-65,W @ Atlanta Dream 65-59
2019,2019-06-09,Las Vegas Aces,78,New York Liberty,88,-10.0,10.0,0,1,1877,5054,W,L,W vs. Las Vegas Aces 88-78,L @ New York Liberty 78-88
2019,2019-06-11,Phoenix Mercury,75,Chicago Sky,82,-7.0,7.0,0,1,1878,5055,W,L,W vs. Phoenix Mercury 82-75,L @ Chicago Sky 75-82
2019,2019-06-11,Seattle Storm,84,Indiana Fever,82,2.0,-2.0,1,0,1878,5056,L,W,L vs. Seattle Storm 82-84,W @ Indiana Fever 84-82
2019,2019-06-11,Washington Mystics,75,Connecticut Sun,83,-8.0,8.0,0,1,1878,5057,W,L,W vs. Washington Mystics 83-75,L @ Connecticut Sun 75-83
2019,2019-06-12,Minnesota Lynx,69,New York Liberty,75,-6.0,6.0,0,1,1879,5058,W,L,W vs. Minnesota Lynx 75-69,L @ New York Liberty 69-75
2019,2019-06-13,Indiana Fever,76,Dallas Wings,72,4.0,-4.0,1,0,1880,5059,L,W,L vs. Indiana Fever 72-76,W @ Dallas Wings 76-72
2019,2019-06-14,New York Liberty,65,Las Vegas Aces,100,-35.0,35.0,0,1,1881,5060,W,L,W vs. New York Liberty 100-65,L @ Las Vegas Aces 65-100
2019,2019-06-14,Connecticut Sun,85,Minnesota Lynx,81,4.0,-4.0,1,0,1881,5061,L,W,L vs. Connecticut Sun 81-85,W @ Minnesota Lynx 85-81
2019,2019-06-14,Seattle Storm,74,Washington Mystics,71,3.0,-3.0,1,0,1881,5062,L,W,L vs. Seattle Storm 71-74,W @ Washington Mystics 74-71
2019,2019-06-14,Los Angeles Sparks,85,Phoenix Mercury,68,17.0,-17.0,1,0,1881,5063,L,W,L vs. Los Angeles Sparks 68-85,W @ Phoenix Mercury 85-68
2019,2019-06-15,Chicago Sky,70,Indiana Fever,64,6.0,-6.0,1,0,1882,5064,L,W,L vs. Chicago Sky 64-70,W @ Indiana Fever 70-64
2019,2019-06-15,New York Liberty,98,Los Angeles Sparks,92,6.0,-6.0,1,0,1882,5065,L,W,L vs. New York Liberty 92-98,W @ Los Angeles Sparks 98-92
2019,2019-06-15,Atlanta Dream,61,Dallas Wings,71,-10.0,10.0,0,1,1882,5066,W,L,W vs. Atlanta Dream 71-61,L @ Dallas Wings 61-71
2019,2019-06-16,Las Vegas Aces,80,Minnesota Lynx,75,5.0,-5.0,1,0,1883,5067,L,W,L vs. Las Vegas Aces 75-80,W @ Minnesota Lynx 80-75
2019,2019-06-16,Seattle Storm,67,Connecticut Sun,81,-14.0,14.0,0,1,1883,5068,W,L,W vs. Seattle Storm 81-67,L @ Connecticut Sun 67-81
2019,2019-06-18,Washington Mystics,81,Los Angeles Sparks,52,29.0,-29.0,1,0,1884,5069,L,W,L vs. Washington Mystics 52-81,W @ Los Angeles Sparks 81-52
2019,2019-06-19,Chicago Sky,91,New York Liberty,83,8.0,-8.0,1,0,1885,5070,L,W,L vs. Chicago Sky 83-91,W @ New York Liberty 91-83
2019,2019-06-19,Indiana Fever,78,Atlanta Dream,88,-10.0,10.0,0,1,1885,5071,W,L,W vs. Indiana Fever 88-78,L @ Atlanta Dream 78-88
2019,2019-06-20,Washington Mystics,95,Las Vegas Aces,72,23.0,-23.0,1,0,1886,5072,L,W,L vs. Washington Mystics 72-95,W @ Las Vegas Aces 95-72
2019,2019-06-20,Phoenix Mercury,54,Dallas Wings,69,-15.0,15.0,0,1,1886,5073,W,L,W vs. Phoenix Mercury 69-54,L @ Dallas Wings 54-69
2019,2019-06-21,Los Angeles Sparks,62,Seattle Storm,84,-22.0,22.0,0,1,1887,5074,W,L,W vs. Los Angeles Sparks 84-62,L @ Seattle Storm 62-84
2019,2019-06-21,Atlanta Dream,76,Connecticut Sun,86,-10.0,10.0,0,1,1887,5075,W,L,W vs. Atlanta Dream 86-76,L @ Connecticut Sun 76-86
2019,2019-06-21,Indiana Fever,76,Chicago Sky,69,7.0,-7.0,1,0,1887,5076,L,W,L vs. Indiana Fever 69-76,W @ Chicago Sky 76-69
2019,2019-06-22,New York Liberty,83,Minnesota Lynx,92,-9.0,9.0,0,1,1888,5077,W,L,W vs. New York Liberty 92-83,L @ Minnesota Lynx 83-92
2019,2019-06-22,Dallas Wings,68,Las Vegas Aces,86,-18.0,18.0,0,1,1888,5078,W,L,W vs. Dallas Wings 86-68,L @ Las Vegas Aces 68-86
2019,2019-06-23,Connecticut Sun,75,Chicago Sky,93,-18.0,18.0,0,1,1889,5079,W,L,W vs. Connecticut Sun 93-75,L @ Chicago Sky 75-93
2019,2019-06-23,Indiana Fever,61,Seattle Storm,65,-4.0,4.0,0,1,1889,5080,W,L,W vs. Indiana Fever 65-61,L @ Seattle Storm 61-65
2019,2019-06-23,Washington Mystics,89,Atlanta Dream,73,16.0,-16.0,1,0,1889,5081,L,W,L vs. Washington Mystics 73-89,W @ Atlanta Dream 89-73
2019,2019-06-23,Los Angeles Sparks,72,Phoenix Mercury,82,-10.0,10.0,0,1,1889,5082,W,L,W vs. Los Angeles Sparks 82-72,L @ Phoenix Mercury 72-82
2019,2019-06-25,Minnesota Lynx,78,Indiana Fever,74,4.0,-4.0,1,0,1890,5083,L,W,L vs. Minnesota Lynx 74-78,W @ Indiana Fever 78-74
2019,2019-06-25,Seattle Storm,56,Las Vegas Aces,60,-4.0,4.0,0,1,1890,5084,W,L,W vs. Seattle Storm 60-56,L @ Las Vegas Aces 56-60
2019,2019-06-26,Connecticut Sun,73,Dallas Wings,74,-1.0,1.0,0,1,1891,5085,W,L,W vs. Connecticut Sun 74-73,L @ Dallas Wings 73-74
2019,2019-06-26,Washington Mystics,81,Chicago Sky,74,7.0,-7.0,1,0,1891,5086,L,W,L vs. Washington Mystics 74-81,W @ Chicago Sky 81-74
2019,2019-06-27,Las Vegas Aces,74,Los Angeles Sparks,86,-12.0,12.0,0,1,1892,5087,W,L,W vs. Las Vegas Aces 86-74,L @ Los Angeles Sparks 74-86
2019,2019-06-28,Indiana Fever,69,Phoenix Mercury,91,-22.0,22.0,0,1,1893,5088,W,L,W vs. Indiana Fever 91-69,L @ Phoenix Mercury 69-91
2019,2019-06-28,Dallas Wings,68,New York Liberty,69,-1.0,1.0,0,1,1893,5089,W,L,W vs. Dallas Wings 69-68,L @ New York Liberty 68-69
2019,2019-06-28,Chicago Sky,76,Seattle Storm,79,-3.0,3.0,0,1,1893,5090,W,L,W vs. Chicago Sky 79-76,L @ Seattle Storm 76-79
2019,2019-06-29,Indiana Fever,97,Las Vegas Aces,102,-5.0,5.0,0,1,1894,5091,W,L,W vs. Indiana Fever 102-97,L @ Las Vegas Aces 97-102
2019,2019-06-29,Connecticut Sun,59,Washington Mystics,102,-43.0,43.0,0,1,1894,5092,W,L,W vs. Connecticut Sun 102-59,L @ Washington Mystics 59-102
2019,2019-06-30,New York Liberty,74,Atlanta Dream,58,16.0,-16.0,1,0,1895,5093,L,W,L vs. New York Liberty 58-74,W @ Atlanta Dream 74-58
2019,2019-06-30,Phoenix Mercury,69,Seattle Storm,67,2.0,-2.0,1,0,1895,5094,L,W,L vs. Phoenix Mercury 67-69,W @ Seattle Storm 69-67
2019,2019-06-30,Chicago Sky,69,Los Angeles Sparks,94,-25.0,25.0,0,1,1895,5095,W,L,W vs. Chicago Sky 94-69,L @ Los Angeles Sparks 69-94
2019,2019-06-30,Minnesota Lynx,86,Dallas Wings,89,-3.0,3.0,0,1,1895,5096,W,L,W vs. Minnesota Lynx 89-86,L @ Dallas Wings 86-89
2019,2019-07-02,Chicago Sky,82,Las Vegas Aces,90,-8.0,8.0,0,1,1896,5097,W,L,W vs. Chicago Sky 90-82,L @ Las Vegas Aces 82-90
2019,2019-07-02,Atlanta Dream,68,Minnesota Lynx,85,-17.0,17.0,0,1,1896,5098,W,L,W vs. Atlanta Dream 85-68,L @ Minnesota Lynx 68-85
2019,2019-07-03,New York Liberty,84,Seattle Storm,83,1.0,-1.0,1,0,1897,5099,L,W,L vs. New York Liberty 83-84,W @ Seattle Storm 84-83
2019,2019-07-05,Indiana Fever,76,Dallas Wings,56,20.0,-20.0,1,0,1898,5100,L,W,L vs. Indiana Fever 56-76,W @ Dallas Wings 76-56
2019,2019-07-05,New York Liberty,80,Phoenix Mercury,76,4.0,-4.0,1,0,1898,5101,L,W,L vs. New York Liberty 76-80,W @ Phoenix Mercury 80-76
2019,2019-07-05,Atlanta Dream,77,Seattle Storm,66,11.0,-11.0,1,0,1898,5102,L,W,L vs. Atlanta Dream 66-77,W @ Seattle Storm 77-66
2019,2019-07-06,Minnesota Lynx,74,Connecticut Sun,71,3.0,-3.0,1,0,1899,5103,L,W,L vs. Minnesota Lynx 71-74,W @ Connecticut Sun 74-71
2019,2019-07-07,Las Vegas Aces,90,New York Liberty,58,32.0,-32.0,1,0,1900,5104,L,W,L vs. Las Vegas Aces 58-90,W @ New York Liberty 90-58
2019,2019-07-07,Dallas Wings,66,Chicago Sky,78,-12.0,12.0,0,1,1900,5105,W,L,W vs. Dallas Wings 78-66,L @ Chicago Sky 66-78
2019,2019-07-07,Washington Mystics,81,Los Angeles Sparks,98,-17.0,17.0,0,1,1900,5106,W,L,W vs. Washington Mystics 98-81,L @ Los Angeles Sparks 81-98
2019,2019-07-07,Atlanta Dream,63,Phoenix Mercury,65,-2.0,2.0,0,1,1900,5107,W,L,W vs. Atlanta Dream 65-63,L @ Phoenix Mercury 63-65
2019,2019-07-09,Los Angeles Sparks,62,Dallas Wings,74,-12.0,12.0,0,1,1901,5108,W,L,W vs. Los Angeles Sparks 74-62,L @ Dallas Wings 62-74
2019,2019-07-10,Connecticut Sun,75,Atlanta Dream,78,-3.0,3.0,0,1,1902,5109,W,L,W vs. Connecticut Sun 78-75,L @ Atlanta Dream 75-78
2019,2019-07-10,Minnesota Lynx,73,Chicago Sky,72,1.0,-1.0,1,0,1902,5110,L,W,L vs. Minnesota Lynx 72-73,W @ Chicago Sky 73-72
2019,2019-07-10,Phoenix Mercury,91,Washington Mystics,68,23.0,-23.0,1,0,1902,5111,L,W,L vs. Phoenix Mercury 68-91,W @ Washington Mystics 91-68
2019,2019-07-10,Las Vegas Aces,74,Indiana Fever,71,3.0,-3.0,1,0,1902,5112,L,W,L vs. Las Vegas Aces 71-74,W @ Indiana Fever 74-71
2019,2019-07-12,Phoenix Mercury,64,Connecticut Sun,79,-15.0,15.0,0,1,1903,5113,W,L,W vs. Phoenix Mercury 79-64,L @ Connecticut Sun 64-79
2019,2019-07-12,Dallas Wings,81,Seattle Storm,95,-14.0,14.0,0,1,1903,5114,W,L,W vs. Dallas Wings 95-81,L @ Seattle Storm 81-95
2019,2019-07-12,New York Liberty,83,Chicago Sky,99,-16.0,16.0,0,1,1903,5115,W,L,W vs. New York Liberty 99-83,L @ Chicago Sky 83-99
2019,2019-07-12,Los Angeles Sparks,90,Indiana Fever,84,6.0,-6.0,1,0,1903,5116,L,W,L vs. Los Angeles Sparks 84-90,W @ Indiana Fever 90-84
2019,2019-07-12,Minnesota Lynx,53,Atlanta Dream,60,-7.0,7.0,0,1,1903,5117,W,L,W vs. Minnesota Lynx 60-53,L @ Atlanta Dream 53-60
2019,2019-07-13,Las Vegas Aces,85,Washington Mystics,81,4.0,-4.0,1,0,1904,5118,L,W,L vs. Las Vegas Aces 81-85,W @ Washington Mystics 85-81
2019,2019-07-14,New York Liberty,69,Seattle Storm,78,-9.0,9.0,0,1,1905,5119,W,L,W vs. New York Liberty 78-69,L @ Seattle Storm 69-78
2019,2019-07-14,Chicago Sky,89,Dallas Wings,79,10.0,-10.0,1,0,1905,5120,L,W,L vs. Chicago Sky 79-89,W @ Dallas Wings 89-79
2019,2019-07-14,Connecticut Sun,76,Indiana Fever,63,13.0,-13.0,1,0,1905,5121,L,W,L vs. Connecticut Sun 63-76,W @ Indiana Fever 76-63
2019,2019-07-14,Los Angeles Sparks,76,Atlanta Dream,71,5.0,-5.0,1,0,1905,5122,L,W,L vs. Los Angeles Sparks 71-76,W @ Atlanta Dream 76-71
2019,2019-07-14,Phoenix Mercury,62,Minnesota Lynx,75,-13.0,13.0,0,1,1905,5123,W,L,W vs. Phoenix Mercury 75-62,L @ Minnesota Lynx 62-75
2019,2019-07-17,Seattle Storm,90,Minnesota Lynx,79,11.0,-11.0,1,0,1906,5124,L,W,L vs. Seattle Storm 79-90,W @ Minnesota Lynx 90-79
2019,2019-07-17,Dallas Wings,64,Phoenix Mercury,69,-5.0,5.0,0,1,1906,5125,W,L,W vs. Dallas Wings 69-64,L @ Phoenix Mercury 64-69
2019,2019-07-17,Atlanta Dream,76,Chicago Sky,77,-1.0,1.0,0,1,1906,5126,W,L,W vs. Atlanta Dream 77-76,L @ Chicago Sky 76-77
2019,2019-07-18,Dallas Wings,64,Los Angeles Sparks,69,-5.0,5.0,0,1,1907,5127,W,L,W vs. Dallas Wings 69-64,L @ Los Angeles Sparks 64-69
2019,2019-07-19,Washington Mystics,95,Indiana Fever,88,7.0,-7.0,1,0,1908,5128,L,W,L vs. Washington Mystics 88-95,W @ Indiana Fever 95-88
2019,2019-07-19,Las Vegas Aces,66,Seattle Storm,69,-3.0,3.0,0,1,1908,5129,W,L,W vs. Las Vegas Aces 69-66,L @ Seattle Storm 66-69
2019,2019-07-19,Atlanta Dream,69,Connecticut Sun,98,-29.0,29.0,0,1,1908,5130,W,L,W vs. Atlanta Dream 98-69,L @ Connecticut Sun 69-98
2019,2019-07-20,Los Angeles Sparks,78,New York Liberty,83,-5.0,5.0,0,1,1909,5131,W,L,W vs. Los Angeles Sparks 83-78,L @ New York Liberty 78-83
2019,2019-07-20,Phoenix Mercury,70,Dallas Wings,66,4.0,-4.0,1,0,1909,5132,L,W,L vs. Phoenix Mercury 66-70,W @ Dallas Wings 70-66
2019,2019-07-21,Indiana Fever,70,Chicago Sky,78,-8.0,8.0,0,1,1910,5133,W,L,W vs. Indiana Fever 78-70,L @ Chicago Sky 70-78
2019,2019-07-21,Atlanta Dream,65,Washington Mystics,93,-28.0,28.0,0,1,1910,5134,W,L,W vs. Atlanta Dream 93-65,L @ Washington Mystics 65-93
2019,2019-07-21,Minnesota Lynx,74,Las Vegas Aces,79,-5.0,5.0,0,1,1910,5135,W,L,W vs. Minnesota Lynx 79-74,L @ Las Vegas Aces 74-79
2019,2019-07-23,Indiana Fever,77,Phoenix Mercury,95,-18.0,18.0,0,1,1911,5136,W,L,W vs. Indiana Fever 95-77,L @ Phoenix Mercury 77-95
2019,2019-07-23,Los Angeles Sparks,78,Atlanta Dream,66,12.0,-12.0,1,0,1911,5137,L,W,L vs. Los Angeles Sparks 66-78,W @ Atlanta Dream 78-66
2019,2019-07-23,Seattle Storm,62,Las Vegas Aces,79,-17.0,17.0,0,1,1911,5138,W,L,W vs. Seattle Storm 79-62,L @ Las Vegas Aces 62-79
2019,2019-07-24,New York Liberty,63,Connecticut Sun,70,-7.0,7.0,0,1,1912,5139,W,L,W vs. New York Liberty 70-63,L @ Connecticut Sun 63-70
2019,2019-07-24,Washington Mystics,79,Minnesota Lynx,71,8.0,-8.0,1,0,1912,5140,L,W,L vs. Washington Mystics 71-79,W @ Minnesota Lynx 79-71
2019,2019-07-30,Dallas Wings,54,Las Vegas Aces,86,-32.0,32.0,0,1,1913,5141,W,L,W vs. Dallas Wings 86-54,L @ Las Vegas Aces 54-86
2019,2019-07-30,Phoenix Mercury,93,Washington Mystics,99,-6.0,6.0,0,1,1913,5142,W,L,W vs. Phoenix Mercury 99-93,L @ Washington Mystics 93-99
2019,2019-07-30,Chicago Sky,94,Connecticut Sun,100,-6.0,6.0,0,1,1913,5143,W,L,W vs. Chicago Sky 100-94,L @ Connecticut Sun 94-100
2019,2019-07-31,Atlanta Dream,59,Indiana Fever,61,-2.0,2.0,0,1,1914,5144,W,L,W vs. Atlanta Dream 61-59,L @ Indiana Fever 59-61
2019,2019-08-01,Las Vegas Aces,68,Los Angeles Sparks,76,-8.0,8.0,0,1,1915,5145,W,L,W vs. Las Vegas Aces 76-68,L @ Los Angeles Sparks 68-76
2019,2019-08-01,New York Liberty,64,Dallas Wings,87,-23.0,23.0,0,1,1915,5146,W,L,W vs. New York Liberty 87-64,L @ Dallas Wings 64-87
2019,2019-08-01,Phoenix Mercury,62,Connecticut Sun,68,-6.0,6.0,0,1,1915,5147,W,L,W vs. Phoenix Mercury 68-62,L @ Connecticut Sun 62-68
2019,2019-08-02,Washington Mystics,99,Seattle Storm,79,20.0,-20.0,1,0,1916,5148,L,W,L vs. Washington Mystics 79-99,W @ Seattle Storm 99-79
2019,2019-08-03,Las Vegas Aces,75,Dallas Wings,70,5.0,-5.0,1,0,1917,5149,L,W,L vs. Las Vegas Aces 70-75,W @ Dallas Wings 75-70
2019,2019-08-03,Chicago Sky,87,Atlanta Dream,75,12.0,-12.0,1,0,1917,5150,L,W,L vs. Chicago Sky 75-87,W @ Atlanta Dream 87-75
2019,2019-08-03,Minnesota Lynx,75,Indiana Fever,86,-11.0,11.0,0,1,1917,5151,W,L,W vs. Minnesota Lynx 86-75,L @ Indiana Fever 75-86
2019,2019-08-04,Washington Mystics,82,Phoenix Mercury,103,-21.0,21.0,0,1,1918,5152,W,L,W vs. Washington Mystics 103-82,L @ Phoenix Mercury 82-103
2019,2019-08-04,Connecticut Sun,94,New York Liberty,79,15.0,-15.0,1,0,1918,5153,L,W,L vs. Connecticut Sun 79-94,W @ New York Liberty 94-79
2019,2019-08-04,Seattle Storm,75,Los Angeles Sparks,83,-8.0,8.0,0,1,1918,5154,W,L,W vs. Seattle Storm 83-75,L @ Los Angeles Sparks 75-83
2019,2019-08-05,Washington Mystics,99,Las Vegas Aces,70,29.0,-29.0,1,0,1919,5155,L,W,L vs. Washington Mystics 70-99,W @ Las Vegas Aces 99-70
2019,2019-08-06,Minnesota Lynx,85,Atlanta Dream,69,16.0,-16.0,1,0,1920,5156,L,W,L vs. Minnesota Lynx 69-85,W @ Atlanta Dream 85-69
2019,2019-08-07,New York Liberty,92,Chicago Sky,101,-9.0,9.0,0,1,1921,5157,W,L,W vs. New York Liberty 101-92,L @ Chicago Sky 92-101
2019,2019-08-08,Phoenix Mercury,74,Los Angeles Sparks,84,-10.0,10.0,0,1,1922,5158,W,L,W vs. Phoenix Mercury 84-74,L @ Los Angeles Sparks 74-84
2019,2019-08-08,Dallas Wings,57,Seattle Storm,69,-12.0,12.0,0,1,1922,5159,W,L,W vs. Dallas Wings 69-57,L @ Seattle Storm 57-69
2019,2019-08-08,Indiana Fever,78,Washington Mystics,91,-13.0,13.0,0,1,1922,5160,W,L,W vs. Indiana Fever 91-78,L @ Washington Mystics 78-91
2019,2019-08-09,Chicago Sky,87,Las Vegas Aces,84,3.0,-3.0,1,0,1923,5161,L,W,L vs. Chicago Sky 84-87,W @ Las Vegas Aces 87-84
2019,2019-08-09,Connecticut Sun,57,Minnesota Lynx,89,-32.0,32.0,0,1,1923,5162,W,L,W vs. Connecticut Sun 89-57,L @ Minnesota Lynx 57-89
2019,2019-08-10,Dallas Wings,80,Phoenix Mercury,77,3.0,-3.0,1,0,1924,5163,L,W,L vs. Dallas Wings 77-80,W @ Phoenix Mercury 80-77
2019,2019-08-10,Atlanta Dream,82,Indiana Fever,87,-5.0,5.0,0,1,1924,5164,W,L,W vs. Atlanta Dream 87-82,L @ Indiana Fever 82-87
2019,2019-08-11,Chicago Sky,81,Los Angeles Sparks,84,-3.0,3.0,0,1,1925,5165,W,L,W vs. Chicago Sky 84-81,L @ Los Angeles Sparks 81-84
2019,2019-08-11,Connecticut Sun,81,Las Vegas Aces,89,-8.0,8.0,0,1,1925,5166,W,L,W vs. Connecticut Sun 89-81,L @ Las Vegas Aces 81-89
2019,2019-08-11,Seattle Storm,84,New York Liberty,69,15.0,-15.0,1,0,1925,5167,L,W,L vs. Seattle Storm 69-84,W @ New York Liberty 84-69
2019,2019-08-11,Minnesota Lynx,78,Washington Mystics,101,-23.0,23.0,0,1,1925,5168,W,L,W vs. Minnesota Lynx 101-78,L @ Washington Mystics 78-101
2019,2019-08-13,Atlanta Dream,90,Las Vegas Aces,94,-4.0,4.0,0,1,1926,5169,W,L,W vs. Atlanta Dream 94-90,L @ Las Vegas Aces 90-94
2019,2019-08-13,Minnesota Lynx,89,New York Liberty,73,16.0,-16.0,1,0,1926,5170,L,W,L vs. Minnesota Lynx 73-89,W @ New York Liberty 89-73
2019,2019-08-14,Los Angeles Sparks,78,Dallas Wings,84,-6.0,6.0,0,1,1927,5171,W,L,W vs. Los Angeles Sparks 84-78,L @ Dallas Wings 78-84
2019,2019-08-14,Seattle Storm,59,Washington Mystics,88,-29.0,29.0,0,1,1927,5172,W,L,W vs. Seattle Storm 88-59,L @ Washington Mystics 59-88
2019,2019-08-14,Connecticut Sun,78,Phoenix Mercury,71,7.0,-7.0,1,0,1927,5173,L,W,L vs. Connecticut Sun 71-78,W @ Phoenix Mercury 78-71
2019,2019-08-16,New York Liberty,77,Dallas Wings,83,-6.0,6.0,0,1,1928,5174,W,L,W vs. New York Liberty 83-77,L @ Dallas Wings 77-83
2019,2019-08-16,Washington Mystics,86,Minnesota Lynx,79,7.0,-7.0,1,0,1928,5175,L,W,L vs. Washington Mystics 79-86,W @ Minnesota Lynx 86-79
2019,2019-08-16,Atlanta Dream,68,Phoenix Mercury,77,-9.0,9.0,0,1,1928,5176,W,L,W vs. Atlanta Dream 77-68,L @ Phoenix Mercury 68-77
2019,2019-08-16,Seattle Storm,78,Connecticut Sun,79,-1.0,1.0,0,1,1928,5177,W,L,W vs. Seattle Storm 79-78,L @ Connecticut Sun 78-79
2019,2019-08-16,Los Angeles Sparks,81,Chicago Sky,91,-10.0,10.0,0,1,1928,5178,W,L,W vs. Los Angeles Sparks 91-81,L @ Chicago Sky 81-91
2019,2019-08-18,New York Liberty,72,Phoenix Mercury,78,-6.0,6.0,0,1,1929,5179,W,L,W vs. New York Liberty 78-72,L @ Phoenix Mercury 72-78
2019,2019-08-18,Indiana Fever,68,Washington Mystics,107,-39.0,39.0,0,1,1929,5180,W,L,W vs. Indiana Fever 107-68,L @ Washington Mystics 68-107
2019,2019-08-18,Las Vegas Aces,100,Chicago Sky,85,15.0,-15.0,1,0,1929,5181,L,W,L vs. Las Vegas Aces 85-100,W @ Chicago Sky 100-85
2019,2019-08-18,Minnesota Lynx,74,Seattle Storm,82,-8.0,8.0,0,1,1929,5182,W,L,W vs. Minnesota Lynx 82-74,L @ Seattle Storm 74-82
2019,2019-08-18,Dallas Wings,68,Connecticut Sun,78,-10.0,10.0,0,1,1929,5183,W,L,W vs. Dallas Wings 78-68,L @ Connecticut Sun 68-78
2019,2019-08-20,Chicago Sky,87,Atlanta Dream,83,4.0,-4.0,1,0,1930,5184,L,W,L vs. Chicago Sky 83-87,W @ Atlanta Dream 87-83
2019,2019-08-20,Phoenix Mercury,79,Las Vegas Aces,84,-5.0,5.0,0,1,1930,5185,W,L,W vs. Phoenix Mercury 84-79,L @ Las Vegas Aces 79-84
2019,2019-08-20,New York Liberty,82,Indiana Fever,76,6.0,-6.0,1,0,1930,5186,L,W,L vs. New York Liberty 76-82,W @ Indiana Fever 82-76
2019,2019-08-20,Minnesota Lynx,71,Los Angeles Sparks,81,-10.0,10.0,0,1,1930,5187,W,L,W vs. Minnesota Lynx 81-71,L @ Los Angeles Sparks 71-81
2019,2019-08-22,Dallas Wings,70,Minnesota Lynx,86,-16.0,16.0,0,1,1931,5188,W,L,W vs. Dallas Wings 86-70,L @ Minnesota Lynx 70-86
2019,2019-08-22,Indiana Fever,65,Los Angeles Sparks,98,-33.0,33.0,0,1,1931,5189,W,L,W vs. Indiana Fever 98-65,L @ Los Angeles Sparks 65-98
2019,2019-08-23,Las Vegas Aces,85,Connecticut Sun,89,-4.0,4.0,0,1,1932,5190,W,L,W vs. Las Vegas Aces 89-85,L @ Connecticut Sun 85-89
2019,2019-08-23,Washington Mystics,78,Chicago Sky,85,-7.0,7.0,0,1,1932,5191,W,L,W vs. Washington Mystics 85-78,L @ Chicago Sky 78-85
2019,2019-08-23,Atlanta Dream,90,New York Liberty,87,3.0,-3.0,1,0,1932,5192,L,W,L vs. Atlanta Dream 87-90,W @ New York Liberty 90-87
2019,2019-08-25,Atlanta Dream,77,Dallas Wings,73,4.0,-4.0,1,0,1933,5193,L,W,L vs. Atlanta Dream 73-77,W @ Dallas Wings 77-73
2019,2019-08-25,Connecticut Sun,72,Los Angeles Sparks,84,-12.0,12.0,0,1,1933,5194,W,L,W vs. Connecticut Sun 84-72,L @ Los Angeles Sparks 72-84
2019,2019-08-25,Las Vegas Aces,77,Minnesota Lynx,98,-21.0,21.0,0,1,1933,5195,W,L,W vs. Las Vegas Aces 98-77,L @ Minnesota Lynx 77-98
2019,2019-08-25,Chicago Sky,94,Phoenix Mercury,86,8.0,-8.0,1,0,1933,5196,L,W,L vs. Chicago Sky 86-94,W @ Phoenix Mercury 94-86
2019,2019-08-25,Indiana Fever,63,Seattle Storm,54,9.0,-9.0,1,0,1933,5197,L,W,L vs. Indiana Fever 54-63,W @ Seattle Storm 63-54
2019,2019-08-25,New York Liberty,72,Washington Mystics,101,-29.0,29.0,0,1,1933,5198,W,L,W vs. New York Liberty 101-72,L @ Washington Mystics 72-101
2019,2019-08-27,Connecticut Sun,89,Seattle Storm,70,19.0,-19.0,1,0,1934,5199,L,W,L vs. Connecticut Sun 70-89,W @ Seattle Storm 89-70
2019,2019-08-27,Chicago Sky,85,Minnesota Lynx,93,-8.0,8.0,0,1,1934,5200,W,L,W vs. Chicago Sky 93-85,L @ Minnesota Lynx 85-93
2019,2019-08-27,Las Vegas Aces,71,Indiana Fever,86,-15.0,15.0,0,1,1934,5201,W,L,W vs. Las Vegas Aces 86-71,L @ Indiana Fever 71-86
2019,2019-08-27,Los Angeles Sparks,66,Washington Mystics,95,-29.0,29.0,0,1,1934,5202,W,L,W vs. Los Angeles Sparks 95-66,L @ Washington Mystics 66-95
2019,2019-08-27,Phoenix Mercury,95,New York Liberty,82,13.0,-13.0,1,0,1934,5203,L,W,L vs. Phoenix Mercury 82-95,W @ New York Liberty 95-82
2019,2019-08-29,Dallas Wings,88,Chicago Sky,83,5.0,-5.0,1,0,1935,5204,L,W,L vs. Dallas Wings 83-88,W @ Chicago Sky 88-83
2019,2019-08-29,Los Angeles Sparks,87,Indiana Fever,83,4.0,-4.0,1,0,1935,5205,L,W,L vs. Los Angeles Sparks 83-87,W @ Indiana Fever 87-83
2019,2019-08-29,Phoenix Mercury,65,Atlanta Dream,58,7.0,-7.0,1,0,1935,5206,L,W,L vs. Phoenix Mercury 58-65,W @ Atlanta Dream 65-58
2019,2019-08-30,Connecticut Sun,94,New York Liberty,84,10.0,-10.0,1,0,1936,5207,L,W,L vs. Connecticut Sun 84-94,W @ New York Liberty 94-84
2019,2019-08-31,Washington Mystics,91,Dallas Wings,85,6.0,-6.0,1,0,1937,5208,L,W,L vs. Washington Mystics 85-91,W @ Dallas Wings 91-85
2019,2019-08-31,Los Angeles Sparks,86,Las Vegas Aces,92,-6.0,6.0,0,1,1937,5209,W,L,W vs. Los Angeles Sparks 92-86,L @ Las Vegas Aces 86-92
2019,2019-09-01,Indiana Fever,73,Minnesota Lynx,81,-8.0,8.0,0,1,1938,5210,W,L,W vs. Indiana Fever 81-73,L @ Minnesota Lynx 73-81
2019,2019-09-01,Atlanta Dream,75,Seattle Storm,92,-17.0,17.0,0,1,1938,5211,W,L,W vs. Atlanta Dream 92-75,L @ Seattle Storm 75-92
2019,2019-09-01,Phoenix Mercury,78,Chicago Sky,105,-27.0,27.0,0,1,1938,5212,W,L,W vs. Phoenix Mercury 105-78,L @ Chicago Sky 78-105
2019,2019-09-03,Atlanta Dream,60,Los Angeles Sparks,70,-10.0,10.0,0,1,1939,5213,W,L,W vs. Atlanta Dream 70-60,L @ Los Angeles Sparks 60-70
2019,2019-09-03,Seattle Storm,82,Phoenix Mercury,70,12.0,-12.0,1,0,1939,5214,L,W,L vs. Seattle Storm 70-82,W @ Phoenix Mercury 82-70
2019,2019-09-03,Washington Mystics,93,New York Liberty,77,16.0,-16.0,1,0,1939,5215,L,W,L vs. Washington Mystics 77-93,W @ New York Liberty 93-77
2019,2019-09-04,Dallas Wings,72,Connecticut Sun,102,-30.0,30.0,0,1,1940,5216,W,L,W vs. Dallas Wings 102-72,L @ Connecticut Sun 72-102
2019,2019-09-05,Las Vegas Aces,74,Atlanta Dream,78,-4.0,4.0,0,1,1941,5217,W,L,W vs. Las Vegas Aces 78-74,L @ Atlanta Dream 74-78
2019,2019-09-05,Seattle Storm,68,Los Angeles Sparks,102,-34.0,34.0,0,1,1941,5218,W,L,W vs. Seattle Storm 102-68,L @ Los Angeles Sparks 68-102
2019,2019-09-06,Indiana Fever,86,New York Liberty,81,5.0,-5.0,1,0,1942,5219,L,W,L vs. Indiana Fever 81-86,W @ New York Liberty 86-81
2019,2019-09-06,Chicago Sky,109,Connecticut Sun,104,5.0,-5.0,1,0,1942,5220,L,W,L vs. Chicago Sky 104-109,W @ Connecticut Sun 109-104
2019,2019-09-06,Dallas Wings,73,Washington Mystics,86,-13.0,13.0,0,1,1942,5221,W,L,W vs. Dallas Wings 86-73,L @ Washington Mystics 73-86
2019,2019-09-06,Minnesota Lynx,83,Phoenix Mercury,69,14.0,-14.0,1,0,1942,5222,L,W,L vs. Minnesota Lynx 69-83,W @ Phoenix Mercury 83-69
2019,2019-09-08,Connecticut Sun,76,Indiana Fever,104,-28.0,28.0,0,1,1943,5223,W,L,W vs. Connecticut Sun 104-76,L @ Indiana Fever 76-104
2019,2019-09-08,Seattle Storm,78,Dallas Wings,64,14.0,-14.0,1,0,1943,5224,L,W,L vs. Seattle Storm 64-78,W @ Dallas Wings 78-64
2019,2019-09-08,Minnesota Lynx,68,Los Angeles Sparks,77,-9.0,9.0,0,1,1943,5225,W,L,W vs. Minnesota Lynx 77-68,L @ Los Angeles Sparks 68-77
2019,2019-09-08,Las Vegas Aces,98,Phoenix Mercury,89,9.0,-9.0,1,0,1943,5226,L,W,L vs. Las Vegas Aces 89-98,W @ Phoenix Mercury 98-89
2019,2019-09-08,Chicago Sky,86,Washington Mystics,100,-14.0,14.0,0,1,1943,5227,W,L,W vs. Chicago Sky 100-86,L @ Washington Mystics 86-100
2019,2019-09-08,New York Liberty,71,Atlanta Dream,63,8.0,-8.0,1,0,1943,5228,L,W,L vs. New York Liberty 63-71,W @ Atlanta Dream 71-63
2019,2019-09-11,Phoenix Mercury,76,Chicago Sky,105,-29.0,29.0,0,1,1944,5229,W,L,W vs. Phoenix Mercury 105-76,L @ Chicago Sky 76-105
2019,2019-09-11,Minnesota Lynx,74,Seattle Storm,84,-10.0,10.0,0,1,1944,5230,W,L,W vs. Minnesota Lynx 84-74,L @ Seattle Storm 74-84
2019,2019-09-15,Chicago Sky,92,Las Vegas Aces,93,-1.0,1.0,0,1,1945,5231,W,L,W vs. Chicago Sky 93-92,L @ Las Vegas Aces 92-93
2019,2019-09-15,Seattle Storm,69,Los Angeles Sparks,92,-23.0,23.0,0,1,1945,5232,W,L,W vs. Seattle Storm 92-69,L @ Los Angeles Sparks 69-92
2019,2019-09-17,Las Vegas Aces,95,Washington Mystics,97,-2.0,2.0,0,1,1946,5233,W,L,W vs. Las Vegas Aces 97-95,L @ Washington Mystics 95-97
2019,2019-09-17,Los Angeles Sparks,75,Connecticut Sun,84,-9.0,9.0,0,1,1946,5234,W,L,W vs. Los Angeles Sparks 84-75,L @ Connecticut Sun 75-84
2019,2019-09-19,Los Angeles Sparks,68,Connecticut Sun,94,-26.0,26.0,0,1,1947,5235,W,L,W vs. Los Angeles Sparks 94-68,L @ Connecticut Sun 68-94
2019,2019-09-19,Las Vegas Aces,91,Washington Mystics,103,-12.0,12.0,0,1,1947,5236,W,L,W vs. Las Vegas Aces 103-91,L @ Washington Mystics 91-103
2019,2019-09-22,Connecticut Sun,78,Los Angeles Sparks,56,22.0,-22.0,1,0,1948,5237,L,W,L vs. Connecticut Sun 56-78,W @ Los Angeles Sparks 78-56
2019,2019-09-22,Washington Mystics,75,Las Vegas Aces,92,-17.0,17.0,0,1,1948,5238,W,L,W vs. Washington Mystics 92-75,L @ Las Vegas Aces 75-92
2019,2019-09-24,Washington Mystics,94,Las Vegas Aces,90,4.0,-4.0,1,0,1949,5239,L,W,L vs. Washington Mystics 90-94,W @ Las Vegas Aces 94-90
2019,2019-09-29,Connecticut Sun,86,Washington Mystics,95,-9.0,9.0,0,1,1950,5240,W,L,W vs. Connecticut Sun 95-86,L @ Washington Mystics 86-95
2019,2019-10-01,Connecticut Sun,99,Washington Mystics,87,12.0,-12.0,1,0,1951,5241,L,W,L vs. Connecticut Sun 87-99,W @ Washington Mystics 99-87
2019,2019-10-06,Washington Mystics,94,Connecticut Sun,81,13.0,-13.0,1,0,1952,5242,L,W,L vs. Washington Mystics 81-94,W @ Connecticut Sun 94-81
2019,2019-10-08,Washington Mystics,86,Connecticut Sun,90,-4.0,4.0,0,1,1953,5243,W,L,W vs. Washington Mystics 90-86,L @ Connecticut Sun 86-90
2019,2019-10-10,Connecticut Sun,78,Washington Mystics,89,-11.0,11.0,0,1,1954,5244,W,L,W vs. Connecticut Sun 89-78,L @ Washington Mystics 78-89
2020,2020-07-25,Indiana Fever,76,Washington Mystics,101,-25.0,25.0,0,1,1955,5245,W,L,W vs. Indiana Fever 101-76,L @ Washington Mystics 76-101
2020,2020-07-25,Seattle Storm,87,New York Liberty,71,16.0,-16.0,1,0,1955,5246,L,W,L vs. Seattle Storm 71-87,W @ New York Liberty 87-71
2020,2020-07-25,Los Angeles Sparks,99,Phoenix Mercury,76,23.0,-23.0,1,0,1955,5247,L,W,L vs. Los Angeles Sparks 76-99,W @ Phoenix Mercury 99-76
2020,2020-07-26,Chicago Sky,88,Las Vegas Aces,86,2.0,-2.0,1,0,1956,5248,L,W,L vs. Chicago Sky 86-88,W @ Las Vegas Aces 88-86
2020,2020-07-26,Dallas Wings,95,Atlanta Dream,105,-10.0,10.0,0,1,1956,5249,W,L,W vs. Dallas Wings 105-95,L @ Atlanta Dream 95-105
2020,2020-07-26,Connecticut Sun,69,Minnesota Lynx,77,-8.0,8.0,0,1,1956,5250,W,L,W vs. Connecticut Sun 77-69,L @ Minnesota Lynx 69-77
2020,2020-07-28,Los Angeles Sparks,78,Chicago Sky,96,-18.0,18.0,0,1,1957,5251,W,L,W vs. Los Angeles Sparks 96-78,L @ Chicago Sky 78-96
2020,2020-07-28,Minnesota Lynx,66,Seattle Storm,90,-24.0,24.0,0,1,1957,5252,W,L,W vs. Minnesota Lynx 90-66,L @ Seattle Storm 66-90
2020,2020-07-28,Washington Mystics,94,Connecticut Sun,89,5.0,-5.0,1,0,1957,5253,L,W,L vs. Washington Mystics 89-94,W @ Connecticut Sun 94-89
2020,2020-07-29,New York Liberty,80,Dallas Wings,93,-13.0,13.0,0,1,1958,5254,W,L,W vs. New York Liberty 93-80,L @ Dallas Wings 80-93
2020,2020-07-29,Atlanta Dream,70,Las Vegas Aces,100,-30.0,30.0,0,1,1958,5255,W,L,W vs. Atlanta Dream 100-70,L @ Las Vegas Aces 70-100
2020,2020-07-29,Phoenix Mercury,100,Indiana Fever,106,-6.0,6.0,0,1,1958,5256,W,L,W vs. Phoenix Mercury 106-100,L @ Indiana Fever 100-106
2020,2020-07-30,Connecticut Sun,76,Los Angeles Sparks,81,-5.0,5.0,0,1,1959,5257,W,L,W vs. Connecticut Sun 81-76,L @ Los Angeles Sparks 76-81
2020,2020-07-30,Chicago Sky,81,Minnesota Lynx,83,-2.0,2.0,0,1,1959,5258,W,L,W vs. Chicago Sky 83-81,L @ Minnesota Lynx 81-83
2020,2020-07-30,Seattle Storm,71,Washington Mystics,89,-18.0,18.0,0,1,1959,5259,W,L,W vs. Seattle Storm 89-71,L @ Washington Mystics 71-89
2020,2020-07-31,New York Liberty,78,Atlanta Dream,84,-6.0,6.0,0,1,1960,5260,W,L,W vs. New York Liberty 84-78,L @ Atlanta Dream 78-84
2020,2020-07-31,Indiana Fever,73,Dallas Wings,76,-3.0,3.0,0,1,1960,5261,W,L,W vs. Indiana Fever 76-73,L @ Dallas Wings 73-76
2020,2020-07-31,Las Vegas Aces,95,Phoenix Mercury,102,-7.0,7.0,0,1,1960,5262,W,L,W vs. Las Vegas Aces 102-95,L @ Phoenix Mercury 95-102
2020,2020-08-01,Los Angeles Sparks,75,Seattle Storm,81,-6.0,6.0,0,1,1961,5263,W,L,W vs. Los Angeles Sparks 81-75,L @ Seattle Storm 75-81
2020,2020-08-01,Minnesota Lynx,78,Connecticut Sun,69,9.0,-9.0,1,0,1961,5264,L,W,L vs. Minnesota Lynx 69-78,W @ Connecticut Sun 78-69
2020,2020-08-01,Washington Mystics,86,Chicago Sky,88,-2.0,2.0,0,1,1961,5265,W,L,W vs. Washington Mystics 88-86,L @ Chicago Sky 86-88
2020,2020-08-02,Atlanta Dream,77,Indiana Fever,93,-16.0,16.0,0,1,1962,5266,W,L,W vs. Atlanta Dream 93-77,L @ Indiana Fever 77-93
2020,2020-08-02,Dallas Wings,70,Las Vegas Aces,79,-9.0,9.0,0,1,1962,5267,W,L,W vs. Dallas Wings 79-70,L @ Las Vegas Aces 70-79
2020,2020-08-02,Phoenix Mercury,96,New York Liberty,67,29.0,-29.0,1,0,1962,5268,L,W,L vs. Phoenix Mercury 67-96,W @ New York Liberty 96-67
2020,2020-08-04,Connecticut Sun,74,Seattle Storm,87,-13.0,13.0,0,1,1963,5269,W,L,W vs. Connecticut Sun 87-74,L @ Seattle Storm 74-87
2020,2020-08-04,Phoenix Mercury,81,Atlanta Dream,74,7.0,-7.0,1,0,1963,5270,L,W,L vs. Phoenix Mercury 74-81,W @ Atlanta Dream 81-74
2020,2020-08-04,Dallas Wings,79,Chicago Sky,82,-3.0,3.0,0,1,1963,5271,W,L,W vs. Dallas Wings 82-79,L @ Chicago Sky 79-82
2020,2020-08-05,Minnesota Lynx,92,New York Liberty,66,26.0,-26.0,1,0,1964,5272,L,W,L vs. Minnesota Lynx 66-92,W @ New York Liberty 92-66
2020,2020-08-05,Indiana Fever,75,Los Angeles Sparks,86,-11.0,11.0,0,1,1964,5273,W,L,W vs. Indiana Fever 86-75,L @ Los Angeles Sparks 75-86
2020,2020-08-05,Las Vegas Aces,83,Washington Mystics,77,6.0,-6.0,1,0,1964,5274,L,W,L vs. Las Vegas Aces 77-83,W @ Washington Mystics 83-77
2020,2020-08-06,Connecticut Sun,91,Dallas Wings,68,23.0,-23.0,1,0,1965,5275,L,W,L vs. Connecticut Sun 68-91,W @ Dallas Wings 91-68
2020,2020-08-06,Seattle Storm,93,Atlanta Dream,92,1.0,-1.0,1,0,1965,5276,L,W,L vs. Seattle Storm 92-93,W @ Atlanta Dream 93-92
2020,2020-08-06,Chicago Sky,86,Phoenix Mercury,96,-10.0,10.0,0,1,1965,5277,W,L,W vs. Chicago Sky 96-86,L @ Phoenix Mercury 86-96
2020,2020-08-07,New York Liberty,74,Washington Mystics,66,8.0,-8.0,1,0,1966,5278,L,W,L vs. New York Liberty 66-74,W @ Washington Mystics 74-66
2020,2020-08-07,Los Angeles Sparks,82,Las Vegas Aces,86,-4.0,4.0,0,1,1966,5279,W,L,W vs. Los Angeles Sparks 86-82,L @ Las Vegas Aces 82-86
2020,2020-08-07,Indiana Fever,80,Minnesota Lynx,87,-7.0,7.0,0,1,1966,5280,W,L,W vs. Indiana Fever 87-80,L @ Minnesota Lynx 80-87
2020,2020-08-08,Atlanta Dream,75,Dallas Wings,85,-10.0,10.0,0,1,1967,5281,W,L,W vs. Atlanta Dream 85-75,L @ Dallas Wings 75-85
2020,2020-08-08,Chicago Sky,100,Connecticut Sun,93,7.0,-7.0,1,0,1967,5282,L,W,L vs. Chicago Sky 93-100,W @ Connecticut Sun 100-93
2020,2020-08-08,Phoenix Mercury,68,Seattle Storm,74,-6.0,6.0,0,1,1967,5283,W,L,W vs. Phoenix Mercury 74-68,L @ Seattle Storm 68-74
2020,2020-08-09,Washington Mystics,84,Indiana Fever,91,-7.0,7.0,0,1,1968,5284,W,L,W vs. Washington Mystics 91-84,L @ Indiana Fever 84-91
2020,2020-08-09,Minnesota Lynx,81,Los Angeles Sparks,97,-16.0,16.0,0,1,1968,5285,W,L,W vs. Minnesota Lynx 97-81,L @ Los Angeles Sparks 81-97
2020,2020-08-09,Las Vegas Aces,78,New York Liberty,76,2.0,-2.0,1,0,1968,5286,L,W,L vs. Las Vegas Aces 76-78,W @ New York Liberty 78-76
2020,2020-08-10,Chicago Sky,71,Seattle Storm,89,-18.0,18.0,0,1,1969,5287,W,L,W vs. Chicago Sky 89-71,L @ Seattle Storm 71-89
2020,2020-08-10,Connecticut Sun,93,Atlanta Dream,82,11.0,-11.0,1,0,1969,5288,L,W,L vs. Connecticut Sun 82-93,W @ Atlanta Dream 93-82
2020,2020-08-10,Phoenix Mercury,91,Dallas Wings,79,12.0,-12.0,1,0,1969,5289,L,W,L vs. Phoenix Mercury 79-91,W @ Dallas Wings 91-79
2020,2020-08-11,Las Vegas Aces,98,Indiana Fever,79,19.0,-19.0,1,0,1970,5290,L,W,L vs. Las Vegas Aces 79-98,W @ Indiana Fever 98-79
2020,2020-08-11,Washington Mystics,48,Minnesota Lynx,68,-20.0,20.0,0,1,1970,5291,W,L,W vs. Washington Mystics 68-48,L @ Minnesota Lynx 48-68
2020,2020-08-11,New York Liberty,78,Los Angeles Sparks,93,-15.0,15.0,0,1,1970,5292,W,L,W vs. New York Liberty 93-78,L @ Los Angeles Sparks 78-93
2020,2020-08-12,Atlanta Dream,63,Seattle Storm,100,-37.0,37.0,0,1,1971,5293,W,L,W vs. Atlanta Dream 100-63,L @ Seattle Storm 63-100
2020,2020-08-12,Dallas Wings,66,Connecticut Sun,70,-4.0,4.0,0,1,1971,5294,W,L,W vs. Dallas Wings 70-66,L @ Connecticut Sun 66-70
2020,2020-08-12,Phoenix Mercury,71,Chicago Sky,89,-18.0,18.0,0,1,1971,5295,W,L,W vs. Phoenix Mercury 89-71,L @ Chicago Sky 71-89
2020,2020-08-13,Minnesota Lynx,77,Las Vegas Aces,87,-10.0,10.0,0,1,1972,5296,W,L,W vs. Minnesota Lynx 87-77,L @ Las Vegas Aces 77-87
2020,2020-08-13,Indiana Fever,86,New York Liberty,79,7.0,-7.0,1,0,1972,5297,L,W,L vs. Indiana Fever 79-86,W @ New York Liberty 86-79
2020,2020-08-13,Los Angeles Sparks,81,Washington Mystics,64,17.0,-17.0,1,0,1972,5298,L,W,L vs. Los Angeles Sparks 64-81,W @ Washington Mystics 81-64
2020,2020-08-14,Seattle Storm,83,Dallas Wings,65,18.0,-18.0,1,0,1973,5299,L,W,L vs. Seattle Storm 65-83,W @ Dallas Wings 83-65
2020,2020-08-14,Atlanta Dream,80,Phoenix Mercury,96,-16.0,16.0,0,1,1973,5300,W,L,W vs. Atlanta Dream 96-80,L @ Phoenix Mercury 80-96
2020,2020-08-14,Connecticut Sun,77,Chicago Sky,74,3.0,-3.0,1,0,1973,5301,L,W,L vs. Connecticut Sun 74-77,W @ Chicago Sky 77-74
2020,2020-08-15,Washington Mystics,73,Las Vegas Aces,88,-15.0,15.0,0,1,1974,5302,W,L,W vs. Washington Mystics 88-73,L @ Las Vegas Aces 73-88
2020,2020-08-15,New York Liberty,64,Minnesota Lynx,94,-30.0,30.0,0,1,1974,5303,W,L,W vs. New York Liberty 94-64,L @ Minnesota Lynx 64-94
2020,2020-08-15,Los Angeles Sparks,90,Indiana Fever,76,14.0,-14.0,1,0,1974,5304,L,W,L vs. Los Angeles Sparks 76-90,W @ Indiana Fever 90-76
2020,2020-08-16,Dallas Wings,95,Phoenix Mercury,89,6.0,-6.0,1,0,1975,5305,L,W,L vs. Dallas Wings 89-95,W @ Phoenix Mercury 95-89
2020,2020-08-16,Chicago Sky,92,Atlanta Dream,67,25.0,-25.0,1,0,1975,5306,L,W,L vs. Chicago Sky 67-92,W @ Atlanta Dream 92-67
2020,2020-08-16,Seattle Storm,95,Connecticut Sun,72,23.0,-23.0,1,0,1975,5307,L,W,L vs. Seattle Storm 72-95,W @ Connecticut Sun 95-72
2020,2020-08-18,Indiana Fever,62,Connecticut Sun,84,-22.0,22.0,0,1,1976,5308,W,L,W vs. Indiana Fever 84-62,L @ Connecticut Sun 62-84
2020,2020-08-18,Las Vegas Aces,82,Chicago Sky,84,-2.0,2.0,0,1,1976,5309,W,L,W vs. Las Vegas Aces 84-82,L @ Chicago Sky 82-84
2020,2020-08-18,New York Liberty,64,Seattle Storm,105,-41.0,41.0,0,1,1976,5310,W,L,W vs. New York Liberty 105-64,L @ Seattle Storm 64-105
2020,2020-08-19,Dallas Wings,84,Minnesota Lynx,91,-7.0,7.0,0,1,1977,5311,W,L,W vs. Dallas Wings 91-84,L @ Minnesota Lynx 84-91
2020,2020-08-19,Phoenix Mercury,74,Los Angeles Sparks,83,-9.0,9.0,0,1,1977,5312,W,L,W vs. Phoenix Mercury 83-74,L @ Los Angeles Sparks 74-83
2020,2020-08-19,Atlanta Dream,91,Washington Mystics,98,-7.0,7.0,0,1,1977,5313,W,L,W vs. Atlanta Dream 98-91,L @ Washington Mystics 91-98
2020,2020-08-20,Chicago Sky,101,New York Liberty,85,16.0,-16.0,1,0,1978,5314,L,W,L vs. Chicago Sky 85-101,W @ New York Liberty 101-85
2020,2020-08-20,Seattle Storm,84,Indiana Fever,90,-6.0,6.0,0,1,1978,5315,W,L,W vs. Seattle Storm 90-84,L @ Indiana Fever 84-90
2020,2020-08-20,Connecticut Sun,78,Las Vegas Aces,99,-21.0,21.0,0,1,1978,5316,W,L,W vs. Connecticut Sun 99-78,L @ Las Vegas Aces 78-99
2020,2020-08-21,Los Angeles Sparks,93,Atlanta Dream,85,8.0,-8.0,1,0,1979,5317,L,W,L vs. Los Angeles Sparks 85-93,W @ Atlanta Dream 93-85
2020,2020-08-21,Washington Mystics,92,Dallas Wings,101,-9.0,9.0,0,1,1979,5318,W,L,W vs. Washington Mystics 101-92,L @ Dallas Wings 92-101
2020,2020-08-21,Minnesota Lynx,90,Phoenix Mercury,80,10.0,-10.0,1,0,1979,5319,L,W,L vs. Minnesota Lynx 80-90,W @ Phoenix Mercury 90-80
2020,2020-08-22,New York Liberty,65,Connecticut Sun,82,-17.0,17.0,0,1,1980,5320,W,L,W vs. New York Liberty 82-65,L @ Connecticut Sun 65-82
2020,2020-08-22,Seattle Storm,74,Las Vegas Aces,82,-8.0,8.0,0,1,1980,5321,W,L,W vs. Seattle Storm 82-74,L @ Las Vegas Aces 74-82
2020,2020-08-22,Indiana Fever,76,Chicago Sky,87,-11.0,11.0,0,1,1980,5322,W,L,W vs. Indiana Fever 87-76,L @ Chicago Sky 76-87
2020,2020-08-23,Atlanta Dream,78,Minnesota Lynx,75,3.0,-3.0,1,0,1981,5323,L,W,L vs. Atlanta Dream 75-78,W @ Minnesota Lynx 78-75
2020,2020-08-23,Dallas Wings,81,Los Angeles Sparks,84,-3.0,3.0,0,1,1981,5324,W,L,W vs. Dallas Wings 84-81,L @ Los Angeles Sparks 81-84
2020,2020-08-23,Phoenix Mercury,88,Washington Mystics,87,1.0,-1.0,1,0,1981,5325,L,W,L vs. Phoenix Mercury 87-88,W @ Washington Mystics 88-87
2020,2020-08-25,Las Vegas Aces,96,Dallas Wings,92,4.0,-4.0,1,0,1982,5326,L,W,L vs. Las Vegas Aces 92-96,W @ Dallas Wings 96-92
2020,2020-08-25,Indiana Fever,74,Seattle Storm,87,-13.0,13.0,0,1,1982,5327,W,L,W vs. Indiana Fever 87-74,L @ Seattle Storm 74-87
2020,2020-08-25,New York Liberty,101,Chicago Sky,99,2.0,-2.0,1,0,1982,5328,L,W,L vs. New York Liberty 99-101,W @ Chicago Sky 101-99
2020,2020-08-28,Minnesota Lynx,88,Atlanta Dream,79,9.0,-9.0,1,0,1983,5329,L,W,L vs. Minnesota Lynx 79-88,W @ Atlanta Dream 88-79
2020,2020-08-28,Washington Mystics,72,Phoenix Mercury,94,-22.0,22.0,0,1,1983,5330,W,L,W vs. Washington Mystics 94-72,L @ Phoenix Mercury 72-94
2020,2020-08-28,Los Angeles Sparks,80,Connecticut Sun,76,4.0,-4.0,1,0,1983,5331,L,W,L vs. Los Angeles Sparks 76-80,W @ Connecticut Sun 80-76
2020,2020-08-29,Seattle Storm,88,Chicago Sky,74,14.0,-14.0,1,0,1984,5332,L,W,L vs. Seattle Storm 74-88,W @ Chicago Sky 88-74
2020,2020-08-29,New York Liberty,63,Las Vegas Aces,80,-17.0,17.0,0,1,1984,5333,W,L,W vs. New York Liberty 80-63,L @ Las Vegas Aces 63-80
2020,2020-08-29,Dallas Wings,82,Indiana Fever,78,4.0,-4.0,1,0,1984,5334,L,W,L vs. Dallas Wings 78-82,W @ Indiana Fever 82-78
2020,2020-08-30,Phoenix Mercury,83,Minnesota Lynx,79,4.0,-4.0,1,0,1985,5335,L,W,L vs. Phoenix Mercury 79-83,W @ Minnesota Lynx 83-79
2020,2020-08-30,Connecticut Sun,76,Washington Mystics,63,13.0,-13.0,1,0,1985,5336,L,W,L vs. Connecticut Sun 63-76,W @ Washington Mystics 76-63
2020,2020-08-30,Atlanta Dream,79,Los Angeles Sparks,84,-5.0,5.0,0,1,1985,5337,W,L,W vs. Atlanta Dream 84-79,L @ Los Angeles Sparks 79-84
2020,2020-08-31,Los Angeles Sparks,78,Minnesota Lynx,96,-18.0,18.0,0,1,1986,5338,W,L,W vs. Los Angeles Sparks 96-78,L @ Minnesota Lynx 78-96
2020,2020-08-31,Chicago Sky,100,Indiana Fever,77,23.0,-23.0,1,0,1986,5339,L,W,L vs. Chicago Sky 77-100,W @ Indiana Fever 100-77
2020,2020-09-01,Phoenix Mercury,92,Las Vegas Aces,85,7.0,-7.0,1,0,1987,5340,L,W,L vs. Phoenix Mercury 85-92,W @ Las Vegas Aces 92-85
2020,2020-09-01,Indiana Fever,90,Atlanta Dream,102,-12.0,12.0,0,1,1987,5341,W,L,W vs. Indiana Fever 102-90,L @ Atlanta Dream 90-102
2020,2020-09-01,Connecticut Sun,70,New York Liberty,65,5.0,-5.0,1,0,1987,5342,L,W,L vs. Connecticut Sun 65-70,W @ New York Liberty 70-65
2020,2020-09-02,Washington Mystics,64,Seattle Storm,71,-7.0,7.0,0,1,1988,5343,W,L,W vs. Washington Mystics 71-64,L @ Seattle Storm 64-71
2020,2020-09-02,Minnesota Lynx,86,Chicago Sky,83,3.0,-3.0,1,0,1988,5344,L,W,L vs. Minnesota Lynx 83-86,W @ Chicago Sky 86-83
2020,2020-09-02,Los Angeles Sparks,91,Dallas Wings,83,8.0,-8.0,1,0,1988,5345,L,W,L vs. Los Angeles Sparks 83-91,W @ Dallas Wings 91-83
2020,2020-09-03,Indiana Fever,81,Phoenix Mercury,105,-24.0,24.0,0,1,1989,5346,W,L,W vs. Indiana Fever 105-81,L @ Phoenix Mercury 81-105
2020,2020-09-03,Atlanta Dream,62,New York Liberty,56,6.0,-6.0,1,0,1989,5347,L,W,L vs. Atlanta Dream 56-62,W @ New York Liberty 62-56
2020,2020-09-03,Las Vegas Aces,93,Connecticut Sun,78,15.0,-15.0,1,0,1989,5348,L,W,L vs. Las Vegas Aces 78-93,W @ Connecticut Sun 93-78
2020,2020-09-04,Seattle Storm,90,Los Angeles Sparks,89,1.0,-1.0,1,0,1990,5349,L,W,L vs. Seattle Storm 89-90,W @ Los Angeles Sparks 90-89
2020,2020-09-04,Chicago Sky,69,Washington Mystics,79,-10.0,10.0,0,1,1990,5350,W,L,W vs. Chicago Sky 79-69,L @ Washington Mystics 69-79
2020,2020-09-04,Minnesota Lynx,88,Dallas Wings,75,13.0,-13.0,1,0,1990,5351,L,W,L vs. Minnesota Lynx 75-88,W @ Dallas Wings 88-75
2020,2020-09-05,New York Liberty,67,Phoenix Mercury,83,-16.0,16.0,0,1,1991,5352,W,L,W vs. New York Liberty 83-67,L @ Phoenix Mercury 67-83
2020,2020-09-05,Las Vegas Aces,89,Atlanta Dream,79,10.0,-10.0,1,0,1991,5353,L,W,L vs. Las Vegas Aces 79-89,W @ Atlanta Dream 89-79
2020,2020-09-05,Connecticut Sun,96,Indiana Fever,77,19.0,-19.0,1,0,1991,5354,L,W,L vs. Connecticut Sun 77-96,W @ Indiana Fever 96-77
2020,2020-09-06,Chicago Sky,80,Los Angeles Sparks,86,-6.0,6.0,0,1,1992,5355,W,L,W vs. Chicago Sky 86-80,L @ Los Angeles Sparks 80-86
2020,2020-09-06,Seattle Storm,103,Minnesota Lynx,88,15.0,-15.0,1,0,1992,5356,L,W,L vs. Seattle Storm 88-103,W @ Minnesota Lynx 103-88
2020,2020-09-06,Dallas Wings,101,Washington Mystics,94,7.0,-7.0,1,0,1992,5357,L,W,L vs. Dallas Wings 94-101,W @ Washington Mystics 101-94
2020,2020-09-07,Connecticut Sun,85,Phoenix Mercury,70,15.0,-15.0,1,0,1993,5358,L,W,L vs. Connecticut Sun 70-85,W @ Phoenix Mercury 85-70
2020,2020-09-08,Indiana Fever,86,Las Vegas Aces,92,-6.0,6.0,0,1,1994,5359,W,L,W vs. Indiana Fever 92-86,L @ Las Vegas Aces 86-92
2020,2020-09-08,Minnesota Lynx,86,Washington Mystics,89,-3.0,3.0,0,1,1994,5360,W,L,W vs. Minnesota Lynx 89-86,L @ Washington Mystics 86-89
2020,2020-09-08,Los Angeles Sparks,96,New York Liberty,70,26.0,-26.0,1,0,1994,5361,L,W,L vs. Los Angeles Sparks 70-96,W @ New York Liberty 96-70
2020,2020-09-09,Atlanta Dream,97,Chicago Sky,89,8.0,-8.0,1,0,1995,5362,L,W,L vs. Atlanta Dream 89-97,W @ Chicago Sky 97-89
2020,2020-09-09,Dallas Wings,95,Seattle Storm,107,-12.0,12.0,0,1,1995,5363,W,L,W vs. Dallas Wings 107-95,L @ Seattle Storm 95-107
2020,2020-09-09,Phoenix Mercury,100,Connecticut Sun,95,5.0,-5.0,1,0,1995,5364,L,W,L vs. Phoenix Mercury 95-100,W @ Connecticut Sun 100-95
2020,2020-09-10,New York Liberty,75,Indiana Fever,85,-10.0,10.0,0,1,1996,5365,W,L,W vs. New York Liberty 85-75,L @ Indiana Fever 75-85
2020,2020-09-10,Washington Mystics,80,Los Angeles Sparks,72,8.0,-8.0,1,0,1996,5366,L,W,L vs. Washington Mystics 72-80,W @ Los Angeles Sparks 80-72
2020,2020-09-10,Las Vegas Aces,104,Minnesota Lynx,89,15.0,-15.0,1,0,1996,5367,L,W,L vs. Las Vegas Aces 89-104,W @ Minnesota Lynx 104-89
2020,2020-09-11,Atlanta Dream,82,Connecticut Sun,75,7.0,-7.0,1,0,1997,5368,L,W,L vs. Atlanta Dream 75-82,W @ Connecticut Sun 82-75
2020,2020-09-11,Chicago Sky,95,Dallas Wings,88,7.0,-7.0,1,0,1997,5369,L,W,L vs. Chicago Sky 88-95,W @ Dallas Wings 95-88
2020,2020-09-11,Seattle Storm,83,Phoenix Mercury,60,23.0,-23.0,1,0,1997,5370,L,W,L vs. Seattle Storm 60-83,W @ Phoenix Mercury 83-60
2020,2020-09-12,Minnesota Lynx,98,Indiana Fever,86,12.0,-12.0,1,0,1998,5371,L,W,L vs. Minnesota Lynx 86-98,W @ Indiana Fever 98-86
2020,2020-09-12,Las Vegas Aces,84,Los Angeles Sparks,70,14.0,-14.0,1,0,1998,5372,L,W,L vs. Las Vegas Aces 70-84,W @ Los Angeles Sparks 84-70
2020,2020-09-12,Washington Mystics,75,New York Liberty,58,17.0,-17.0,1,0,1998,5373,L,W,L vs. Washington Mystics 58-75,W @ New York Liberty 75-58
2020,2020-09-13,Dallas Wings,82,New York Liberty,79,3.0,-3.0,1,0,1999,5374,L,W,L vs. Dallas Wings 79-82,W @ New York Liberty 82-79
2020,2020-09-13,Washington Mystics,85,Atlanta Dream,78,7.0,-7.0,1,0,1999,5375,L,W,L vs. Washington Mystics 78-85,W @ Atlanta Dream 85-78
2020,2020-09-13,Las Vegas Aces,86,Seattle Storm,84,2.0,-2.0,1,0,1999,5376,L,W,L vs. Las Vegas Aces 84-86,W @ Seattle Storm 86-84
2020,2020-09-15,Connecticut Sun,94,Chicago Sky,81,13.0,-13.0,1,0,2000,5377,L,W,L vs. Connecticut Sun 81-94,W @ Chicago Sky 94-81
2020,2020-09-15,Washington Mystics,84,Phoenix Mercury,85,-1.0,1.0,0,1,2000,5378,W,L,W vs. Washington Mystics 85-84,L @ Phoenix Mercury 84-85
2020,2020-09-17,Phoenix Mercury,79,Minnesota Lynx,80,-1.0,1.0,0,1,2001,5379,W,L,W vs. Phoenix Mercury 80-79,L @ Minnesota Lynx 79-80
2020,2020-09-17,Connecticut Sun,73,Los Angeles Sparks,59,14.0,-14.0,1,0,2001,5380,L,W,L vs. Connecticut Sun 59-73,W @ Los Angeles Sparks 73-59
2020,2020-09-20,Connecticut Sun,87,Las Vegas Aces,62,25.0,-25.0,1,0,2002,5381,L,W,L vs. Connecticut Sun 62-87,W @ Las Vegas Aces 87-62
2020,2020-09-22,Connecticut Sun,75,Las Vegas Aces,83,-8.0,8.0,0,1,2003,5382,W,L,W vs. Connecticut Sun 83-75,L @ Las Vegas Aces 75-83
2020,2020-09-22,Minnesota Lynx,86,Seattle Storm,88,-2.0,2.0,0,1,2003,5383,W,L,W vs. Minnesota Lynx 88-86,L @ Seattle Storm 86-88
2020,2020-09-24,Las Vegas Aces,68,Connecticut Sun,77,-9.0,9.0,0,1,2004,5384,W,L,W vs. Las Vegas Aces 77-68,L @ Connecticut Sun 68-77
2020,2020-09-24,Minnesota Lynx,79,Seattle Storm,89,-10.0,10.0,0,1,2004,5385,W,L,W vs. Minnesota Lynx 89-79,L @ Seattle Storm 79-89
2020,2020-09-27,Seattle Storm,92,Minnesota Lynx,71,21.0,-21.0,1,0,2005,5386,L,W,L vs. Seattle Storm 71-92,W @ Minnesota Lynx 92-71
2020,2020-09-27,Las Vegas Aces,84,Connecticut Sun,75,9.0,-9.0,1,0,2005,5387,L,W,L vs. Las Vegas Aces 75-84,W @ Connecticut Sun 84-75
2020,2020-09-29,Connecticut Sun,63,Las Vegas Aces,66,-3.0,3.0,0,1,2006,5388,W,L,W vs. Connecticut Sun 66-63,L @ Las Vegas Aces 63-66
2020,2020-10-02,Seattle Storm,93,Las Vegas Aces,80,13.0,-13.0,1,0,2007,5389,L,W,L vs. Seattle Storm 80-93,W @ Las Vegas Aces 93-80
2020,2020-10-04,Seattle Storm,104,Las Vegas Aces,91,13.0,-13.0,1,0,2008,5390,L,W,L vs. Seattle Storm 91-104,W @ Las Vegas Aces 104-91
2020,2020-10-06,Las Vegas Aces,59,Seattle Storm,92,-33.0,33.0,0,1,2009,5391,W,L,W vs. Las Vegas Aces 92-59,L @ Seattle Storm 59-92
2021,2021-05-14,Dallas Wings,94,Los Angeles Sparks,71,23.0,-23.0,1,0,2010,5392,L,W,L vs. Dallas Wings 71-94,W @ Los Angeles Sparks 94-71
2021,2021-05-14,Phoenix Mercury,77,Minnesota Lynx,75,2.0,-2.0,1,0,2010,5393,L,W,L vs. Phoenix Mercury 75-77,W @ Minnesota Lynx 77-75
2021,2021-05-14,Indiana Fever,87,New York Liberty,90,-3.0,3.0,0,1,2010,5394,W,L,W vs. Indiana Fever 90-87,L @ New York Liberty 87-90
2021,2021-05-14,Connecticut Sun,78,Atlanta Dream,67,11.0,-11.0,1,0,2010,5395,L,W,L vs. Connecticut Sun 67-78,W @ Atlanta Dream 78-67
2021,2021-05-15,Chicago Sky,70,Washington Mystics,56,14.0,-14.0,1,0,2011,5396,L,W,L vs. Chicago Sky 56-70,W @ Washington Mystics 70-56
2021,2021-05-15,Las Vegas Aces,83,Seattle Storm,97,-14.0,14.0,0,1,2011,5397,W,L,W vs. Las Vegas Aces 97-83,L @ Seattle Storm 83-97
2021,2021-05-16,New York Liberty,73,Indiana Fever,65,8.0,-8.0,1,0,2012,5398,L,W,L vs. New York Liberty 65-73,W @ Indiana Fever 73-65
2021,2021-05-16,Phoenix Mercury,78,Connecticut Sun,86,-8.0,8.0,0,1,2012,5399,W,L,W vs. Phoenix Mercury 86-78,L @ Connecticut Sun 78-86
2021,2021-05-18,Las Vegas Aces,96,Seattle Storm,80,16.0,-16.0,1,0,2013,5400,L,W,L vs. Las Vegas Aces 80-96,W @ Seattle Storm 96-80
2021,2021-05-18,Minnesota Lynx,75,New York Liberty,86,-11.0,11.0,0,1,2013,5401,W,L,W vs. Minnesota Lynx 86-75,L @ New York Liberty 75-86
2021,2021-05-18,Phoenix Mercury,91,Washington Mystics,70,21.0,-21.0,1,0,2013,5402,L,W,L vs. Phoenix Mercury 70-91,W @ Washington Mystics 91-70
2021,2021-05-19,Chicago Sky,85,Atlanta Dream,77,8.0,-8.0,1,0,2014,5403,L,W,L vs. Chicago Sky 77-85,W @ Atlanta Dream 85-77
2021,2021-05-19,Indiana Fever,67,Connecticut Sun,88,-21.0,21.0,0,1,2014,5404,W,L,W vs. Indiana Fever 88-67,L @ Connecticut Sun 67-88
2021,2021-05-20,Seattle Storm,90,Minnesota Lynx,78,12.0,-12.0,1,0,2015,5405,L,W,L vs. Seattle Storm 78-90,W @ Minnesota Lynx 90-78
2021,2021-05-21,Atlanta Dream,83,Indiana Fever,79,4.0,-4.0,1,0,2016,5406,L,W,L vs. Atlanta Dream 79-83,W @ Indiana Fever 83-79
2021,2021-05-21,New York Liberty,72,Washington Mystics,101,-29.0,29.0,0,1,2016,5407,W,L,W vs. New York Liberty 101-72,L @ Washington Mystics 72-101
2021,2021-05-21,Los Angeles Sparks,69,Las Vegas Aces,97,-28.0,28.0,0,1,2016,5408,W,L,W vs. Los Angeles Sparks 97-69,L @ Las Vegas Aces 69-97
2021,2021-05-21,Connecticut Sun,84,Phoenix Mercury,67,17.0,-17.0,1,0,2016,5409,L,W,L vs. Connecticut Sun 67-84,W @ Phoenix Mercury 84-67
2021,2021-05-22,Seattle Storm,100,Dallas Wings,97,3.0,-3.0,1,0,2017,5410,L,W,L vs. Seattle Storm 97-100,W @ Dallas Wings 100-97
2021,2021-05-23,Connecticut Sun,72,Las Vegas Aces,65,7.0,-7.0,1,0,2018,5411,L,W,L vs. Connecticut Sun 65-72,W @ Las Vegas Aces 72-65
2021,2021-05-23,New York Liberty,93,Chicago Sky,85,8.0,-8.0,1,0,2018,5412,L,W,L vs. New York Liberty 85-93,W @ Chicago Sky 93-85
2021,2021-05-23,Washington Mystics,77,Indiana Fever,89,-12.0,12.0,0,1,2018,5413,W,L,W vs. Washington Mystics 89-77,L @ Indiana Fever 77-89
2021,2021-05-24,Dallas Wings,81,New York Liberty,88,-7.0,7.0,0,1,2019,5414,W,L,W vs. Dallas Wings 88-81,L @ New York Liberty 81-88
2021,2021-05-25,Atlanta Dream,90,Chicago Sky,83,7.0,-7.0,1,0,2020,5415,L,W,L vs. Atlanta Dream 83-90,W @ Chicago Sky 90-83
2021,2021-05-25,Washington Mystics,85,Indiana Fever,69,16.0,-16.0,1,0,2020,5416,L,W,L vs. Washington Mystics 69-85,W @ Indiana Fever 85-69
2021,2021-05-25,Connecticut Sun,87,Seattle Storm,90,-3.0,3.0,0,1,2020,5417,W,L,W vs. Connecticut Sun 90-87,L @ Seattle Storm 87-90
2021,2021-05-26,Las Vegas Aces,85,Phoenix Mercury,79,6.0,-6.0,1,0,2021,5418,L,W,L vs. Las Vegas Aces 79-85,W @ Phoenix Mercury 85-79
2021,2021-05-27,Dallas Wings,95,Atlanta Dream,101,-6.0,6.0,0,1,2022,5419,W,L,W vs. Dallas Wings 101-95,L @ Atlanta Dream 95-101
2021,2021-05-28,Minnesota Lynx,72,Seattle Storm,82,-10.0,10.0,0,1,2023,5420,W,L,W vs. Minnesota Lynx 82-72,L @ Seattle Storm 72-82
2021,2021-05-28,Indiana Fever,77,Las Vegas Aces,113,-36.0,36.0,0,1,2023,5421,W,L,W vs. Indiana Fever 113-77,L @ Las Vegas Aces 77-113
2021,2021-05-28,Los Angeles Sparks,76,Chicago Sky,61,15.0,-15.0,1,0,2023,5422,L,W,L vs. Los Angeles Sparks 61-76,W @ Chicago Sky 76-61
2021,2021-05-28,Washington Mystics,81,Connecticut Sun,86,-5.0,5.0,0,1,2023,5423,W,L,W vs. Washington Mystics 86-81,L @ Connecticut Sun 81-86
2021,2021-05-29,Phoenix Mercury,89,Dallas Wings,85,4.0,-4.0,1,0,2024,5424,L,W,L vs. Phoenix Mercury 85-89,W @ Dallas Wings 89-85
2021,2021-05-29,Atlanta Dream,90,New York Liberty,87,3.0,-3.0,1,0,2024,5425,L,W,L vs. Atlanta Dream 87-90,W @ New York Liberty 90-87
2021,2021-05-30,Indiana Fever,78,Las Vegas Aces,101,-23.0,23.0,0,1,2025,5426,W,L,W vs. Indiana Fever 101-78,L @ Las Vegas Aces 78-101
2021,2021-05-30,Los Angeles Sparks,82,Chicago Sky,79,3.0,-3.0,1,0,2025,5427,L,W,L vs. Los Angeles Sparks 79-82,W @ Chicago Sky 82-79
2021,2021-05-30,Connecticut Sun,74,Minnesota Lynx,79,-5.0,5.0,0,1,2025,5428,W,L,W vs. Connecticut Sun 79-74,L @ Minnesota Lynx 74-79
2021,2021-06-01,Los Angeles Sparks,69,Dallas Wings,79,-10.0,10.0,0,1,2026,5429,W,L,W vs. Los Angeles Sparks 79-69,L @ Dallas Wings 69-79
2021,2021-06-01,Indiana Fever,73,Seattle Storm,88,-15.0,15.0,0,1,2026,5430,W,L,W vs. Indiana Fever 88-73,L @ Seattle Storm 73-88
2021,2021-06-01,Las Vegas Aces,67,Connecticut Sun,74,-7.0,7.0,0,1,2026,5431,W,L,W vs. Las Vegas Aces 74-67,L @ Connecticut Sun 67-74
2021,2021-06-01,Phoenix Mercury,84,Chicago Sky,83,1.0,-1.0,1,0,2026,5432,L,W,L vs. Phoenix Mercury 83-84,W @ Chicago Sky 84-83
2021,2021-06-03,Indiana Fever,63,Los Angeles Sparks,98,-35.0,35.0,0,1,2027,5433,W,L,W vs. Indiana Fever 98-63,L @ Los Angeles Sparks 63-98
2021,2021-06-03,Las Vegas Aces,94,New York Liberty,82,12.0,-12.0,1,0,2027,5434,L,W,L vs. Las Vegas Aces 82-94,W @ New York Liberty 94-82
2021,2021-06-03,Chicago Sky,74,Phoenix Mercury,77,-3.0,3.0,0,1,2027,5435,W,L,W vs. Chicago Sky 77-74,L @ Phoenix Mercury 74-77
2021,2021-06-04,Atlanta Dream,84,Minnesota Lynx,86,-2.0,2.0,0,1,2028,5436,W,L,W vs. Atlanta Dream 86-84,L @ Minnesota Lynx 84-86
2021,2021-06-04,Dallas Wings,102,Seattle Storm,105,-3.0,3.0,0,1,2028,5437,W,L,W vs. Dallas Wings 105-102,L @ Seattle Storm 102-105
2021,2021-06-05,Las Vegas Aces,96,Washington Mystics,93,3.0,-3.0,1,0,2029,5438,L,W,L vs. Las Vegas Aces 93-96,W @ Washington Mystics 96-93
2021,2021-06-05,Chicago Sky,63,Los Angeles Sparks,68,-5.0,5.0,0,1,2029,5439,W,L,W vs. Chicago Sky 68-63,L @ Los Angeles Sparks 63-68
2021,2021-06-05,New York Liberty,64,Connecticut Sun,85,-21.0,21.0,0,1,2029,5440,W,L,W vs. New York Liberty 85-64,L @ Connecticut Sun 64-85
2021,2021-06-06,Atlanta Dream,80,Minnesota Lynx,100,-20.0,20.0,0,1,2030,5441,W,L,W vs. Atlanta Dream 100-80,L @ Minnesota Lynx 80-100
2021,2021-06-06,Dallas Wings,68,Seattle Storm,67,1.0,-1.0,1,0,2030,5442,L,W,L vs. Dallas Wings 67-68,W @ Seattle Storm 68-67
2021,2021-06-08,Minnesota Lynx,81,Washington Mystics,85,-4.0,4.0,0,1,2031,5443,W,L,W vs. Minnesota Lynx 85-81,L @ Washington Mystics 81-85
2021,2021-06-08,Dallas Wings,85,Phoenix Mercury,81,4.0,-4.0,1,0,2031,5444,L,W,L vs. Dallas Wings 81-85,W @ Phoenix Mercury 85-81
2021,2021-06-09,Seattle Storm,95,Atlanta Dream,71,24.0,-24.0,1,0,2032,5445,L,W,L vs. Seattle Storm 71-95,W @ Atlanta Dream 95-71
2021,2021-06-09,Indiana Fever,76,Chicago Sky,92,-16.0,16.0,0,1,2032,5446,W,L,W vs. Indiana Fever 92-76,L @ Chicago Sky 76-92
2021,2021-06-10,Los Angeles Sparks,71,Washington Mystics,89,-18.0,18.0,0,1,2033,5447,W,L,W vs. Los Angeles Sparks 89-71,L @ Washington Mystics 71-89
2021,2021-06-11,Dallas Wings,77,Phoenix Mercury,59,18.0,-18.0,1,0,2034,5448,L,W,L vs. Dallas Wings 59-77,W @ Phoenix Mercury 77-59
2021,2021-06-11,Seattle Storm,86,Atlanta Dream,75,11.0,-11.0,1,0,2034,5449,L,W,L vs. Seattle Storm 75-86,W @ Atlanta Dream 86-75
2021,2021-06-12,Los Angeles Sparks,64,Minnesota Lynx,80,-16.0,16.0,0,1,2035,5450,W,L,W vs. Los Angeles Sparks 80-64,L @ Minnesota Lynx 64-80
2021,2021-06-12,Chicago Sky,83,Indiana Fever,79,4.0,-4.0,1,0,2035,5451,L,W,L vs. Chicago Sky 79-83,W @ Indiana Fever 83-79
2021,2021-06-13,Washington Mystics,78,Atlanta Dream,101,-23.0,23.0,0,1,2036,5452,W,L,W vs. Washington Mystics 101-78,L @ Atlanta Dream 78-101
2021,2021-06-13,New York Liberty,85,Phoenix Mercury,83,2.0,-2.0,1,0,2036,5453,L,W,L vs. New York Liberty 83-85,W @ Phoenix Mercury 85-83
2021,2021-06-13,Dallas Wings,78,Las Vegas Aces,85,-7.0,7.0,0,1,2036,5454,W,L,W vs. Dallas Wings 85-78,L @ Las Vegas Aces 78-85
2021,2021-06-13,Seattle Storm,89,Connecticut Sun,66,23.0,-23.0,1,0,2036,5455,L,W,L vs. Seattle Storm 66-89,W @ Connecticut Sun 89-66
2021,2021-06-15,Seattle Storm,87,Indiana Fever,70,17.0,-17.0,1,0,2037,5456,L,W,L vs. Seattle Storm 70-87,W @ Indiana Fever 87-70
2021,2021-06-15,Chicago Sky,105,Minnesota Lynx,89,16.0,-16.0,1,0,2037,5457,L,W,L vs. Chicago Sky 89-105,W @ Minnesota Lynx 105-89
2021,2021-06-15,New York Liberty,78,Las Vegas Aces,100,-22.0,22.0,0,1,2037,5458,W,L,W vs. New York Liberty 100-78,L @ Las Vegas Aces 78-100
2021,2021-06-16,Phoenix Mercury,80,Los Angeles Sparks,85,-5.0,5.0,0,1,2038,5459,W,L,W vs. Phoenix Mercury 85-80,L @ Los Angeles Sparks 80-85
2021,2021-06-17,Connecticut Sun,75,Chicago Sky,81,-6.0,6.0,0,1,2039,5460,W,L,W vs. Connecticut Sun 81-75,L @ Chicago Sky 75-81
2021,2021-06-17,Seattle Storm,79,Indiana Fever,69,10.0,-10.0,1,0,2039,5461,L,W,L vs. Seattle Storm 69-79,W @ Indiana Fever 79-69
2021,2021-06-17,New York Liberty,76,Las Vegas Aces,103,-27.0,27.0,0,1,2039,5462,W,L,W vs. New York Liberty 103-76,L @ Las Vegas Aces 76-103
2021,2021-06-17,Atlanta Dream,93,Washington Mystics,96,-3.0,3.0,0,1,2039,5463,W,L,W vs. Atlanta Dream 96-93,L @ Washington Mystics 93-96
2021,2021-06-17,Minnesota Lynx,85,Dallas Wings,73,12.0,-12.0,1,0,2039,5464,L,W,L vs. Minnesota Lynx 73-85,W @ Dallas Wings 85-73
2021,2021-06-18,Phoenix Mercury,80,Los Angeles Sparks,66,14.0,-14.0,1,0,2040,5465,L,W,L vs. Phoenix Mercury 66-80,W @ Los Angeles Sparks 80-66
2021,2021-06-19,Connecticut Sun,81,Chicago Sky,91,-10.0,10.0,0,1,2041,5466,W,L,W vs. Connecticut Sun 91-81,L @ Chicago Sky 81-91
2021,2021-06-19,Minnesota Lynx,77,Dallas Wings,95,-18.0,18.0,0,1,2041,5467,W,L,W vs. Minnesota Lynx 95-77,L @ Dallas Wings 77-95
2021,2021-06-19,Indiana Fever,77,Washington Mystics,82,-5.0,5.0,0,1,2041,5468,W,L,W vs. Indiana Fever 82-77,L @ Washington Mystics 77-82
2021,2021-06-20,New York Liberty,76,Los Angeles Sparks,73,3.0,-3.0,1,0,2042,5469,L,W,L vs. New York Liberty 73-76,W @ Los Angeles Sparks 76-73
2021,2021-06-22,Washington Mystics,87,Seattle Storm,83,4.0,-4.0,1,0,2043,5470,L,W,L vs. Washington Mystics 83-87,W @ Seattle Storm 87-83
2021,2021-06-22,Chicago Sky,92,New York Liberty,72,20.0,-20.0,1,0,2043,5471,L,W,L vs. Chicago Sky 72-92,W @ New York Liberty 92-72
2021,2021-06-22,Dallas Wings,70,Connecticut Sun,80,-10.0,10.0,0,1,2043,5472,W,L,W vs. Dallas Wings 80-70,L @ Connecticut Sun 70-80
2021,2021-06-23,Minnesota Lynx,87,Atlanta Dream,85,2.0,-2.0,1,0,2044,5473,L,W,L vs. Minnesota Lynx 85-87,W @ Atlanta Dream 87-85
2021,2021-06-24,Chicago Sky,91,New York Liberty,68,23.0,-23.0,1,0,2045,5474,L,W,L vs. Chicago Sky 68-91,W @ New York Liberty 91-68
2021,2021-06-24,Dallas Wings,89,Indiana Fever,64,25.0,-25.0,1,0,2045,5475,L,W,L vs. Dallas Wings 64-89,W @ Indiana Fever 89-64
2021,2021-06-24,Washington Mystics,82,Los Angeles Sparks,89,-7.0,7.0,0,1,2045,5476,W,L,W vs. Washington Mystics 89-82,L @ Los Angeles Sparks 82-89
2021,2021-06-25,Las Vegas Aces,89,Minnesota Lynx,90,-1.0,1.0,0,1,2046,5477,W,L,W vs. Las Vegas Aces 90-89,L @ Minnesota Lynx 89-90
2021,2021-06-26,New York Liberty,101,Atlanta Dream,78,23.0,-23.0,1,0,2047,5478,L,W,L vs. New York Liberty 78-101,W @ Atlanta Dream 101-78
2021,2021-06-26,Washington Mystics,74,Dallas Wings,85,-11.0,11.0,0,1,2047,5479,W,L,W vs. Washington Mystics 85-74,L @ Dallas Wings 74-85
2021,2021-06-27,Los Angeles Sparks,79,Phoenix Mercury,88,-9.0,9.0,0,1,2048,5480,W,L,W vs. Los Angeles Sparks 88-79,L @ Phoenix Mercury 79-88
2021,2021-06-27,Seattle Storm,92,Las Vegas Aces,95,-3.0,3.0,0,1,2048,5481,W,L,W vs. Seattle Storm 95-92,L @ Las Vegas Aces 92-95
2021,2021-06-27,Chicago Sky,58,Connecticut Sun,74,-16.0,16.0,0,1,2048,5482,W,L,W vs. Chicago Sky 74-58,L @ Connecticut Sun 58-74
2021,2021-06-29,Connecticut Sun,90,Washington Mystics,71,19.0,-19.0,1,0,2049,5483,L,W,L vs. Connecticut Sun 71-90,W @ Washington Mystics 90-71
2021,2021-06-29,New York Liberty,69,Atlanta Dream,73,-4.0,4.0,0,1,2049,5484,W,L,W vs. New York Liberty 73-69,L @ Atlanta Dream 69-73
2021,2021-06-30,Chicago Sky,91,Dallas Wings,81,10.0,-10.0,1,0,2050,5485,L,W,L vs. Chicago Sky 81-91,W @ Dallas Wings 91-81
2021,2021-06-30,Minnesota Lynx,82,Phoenix Mercury,76,6.0,-6.0,1,0,2050,5486,L,W,L vs. Minnesota Lynx 76-82,W @ Phoenix Mercury 82-76
2021,2021-06-30,Las Vegas Aces,99,Los Angeles Sparks,75,24.0,-24.0,1,0,2050,5487,L,W,L vs. Las Vegas Aces 75-99,W @ Los Angeles Sparks 99-75
2021,2021-07-01,Connecticut Sun,86,Indiana Fever,80,6.0,-6.0,1,0,2051,5488,L,W,L vs. Connecticut Sun 80-86,W @ Indiana Fever 86-80
2021,2021-07-02,Atlanta Dream,88,Seattle Storm,91,-3.0,3.0,0,1,2052,5489,W,L,W vs. Atlanta Dream 91-88,L @ Seattle Storm 88-91
2021,2021-07-02,Chicago Sky,91,Dallas Wings,100,-9.0,9.0,0,1,2052,5490,W,L,W vs. Chicago Sky 100-91,L @ Dallas Wings 91-100
2021,2021-07-02,Las Vegas Aces,66,Los Angeles Sparks,58,8.0,-8.0,1,0,2052,5491,L,W,L vs. Las Vegas Aces 58-66,W @ Los Angeles Sparks 66-58
2021,2021-07-03,Washington Mystics,79,New York Liberty,82,-3.0,3.0,0,1,2053,5492,W,L,W vs. Washington Mystics 82-79,L @ New York Liberty 79-82
2021,2021-07-03,Minnesota Lynx,99,Phoenix Mercury,68,31.0,-31.0,1,0,2053,5493,L,W,L vs. Minnesota Lynx 68-99,W @ Phoenix Mercury 99-68
2021,2021-07-03,Connecticut Sun,67,Indiana Fever,73,-6.0,6.0,0,1,2053,5494,W,L,W vs. Connecticut Sun 73-67,L @ Indiana Fever 67-73
2021,2021-07-04,Seattle Storm,84,Los Angeles Sparks,74,10.0,-10.0,1,0,2054,5495,L,W,L vs. Seattle Storm 74-84,W @ Los Angeles Sparks 84-74
2021,2021-07-04,Atlanta Dream,95,Las Vegas Aces,118,-23.0,23.0,0,1,2054,5496,W,L,W vs. Atlanta Dream 118-95,L @ Las Vegas Aces 95-118
2021,2021-07-05,Dallas Wings,96,New York Liberty,99,-3.0,3.0,0,1,2055,5497,W,L,W vs. Dallas Wings 99-96,L @ New York Liberty 96-99
2021,2021-07-07,Dallas Wings,79,Minnesota Lynx,85,-6.0,6.0,0,1,2056,5498,W,L,W vs. Dallas Wings 85-79,L @ Minnesota Lynx 79-85
2021,2021-07-07,Phoenix Mercury,99,Las Vegas Aces,90,9.0,-9.0,1,0,2056,5499,L,W,L vs. Phoenix Mercury 90-99,W @ Las Vegas Aces 99-90
2021,2021-07-07,Los Angeles Sparks,62,Seattle Storm,71,-9.0,9.0,0,1,2056,5500,W,L,W vs. Los Angeles Sparks 71-62,L @ Seattle Storm 62-71
2021,2021-07-09,New York Liberty,69,Indiana Fever,82,-13.0,13.0,0,1,2057,5501,W,L,W vs. New York Liberty 82-69,L @ Indiana Fever 69-82
2021,2021-07-09,Seattle Storm,77,Phoenix Mercury,85,-8.0,8.0,0,1,2057,5502,W,L,W vs. Seattle Storm 85-77,L @ Phoenix Mercury 77-85
2021,2021-07-09,Atlanta Dream,72,Connecticut Sun,84,-12.0,12.0,0,1,2057,5503,W,L,W vs. Atlanta Dream 84-72,L @ Connecticut Sun 72-84
2021,2021-07-09,Minnesota Lynx,77,Las Vegas Aces,67,10.0,-10.0,1,0,2057,5504,L,W,L vs. Minnesota Lynx 67-77,W @ Las Vegas Aces 77-67
2021,2021-07-10,Washington Mystics,89,Chicago Sky,85,4.0,-4.0,1,0,2058,5505,L,W,L vs. Washington Mystics 85-89,W @ Chicago Sky 89-85
2021,2021-07-11,Indiana Fever,79,Atlanta Dream,68,11.0,-11.0,1,0,2059,5506,L,W,L vs. Indiana Fever 68-79,W @ Atlanta Dream 79-68
2021,2021-07-11,Las Vegas Aces,95,Dallas Wings,79,16.0,-16.0,1,0,2059,5507,L,W,L vs. Las Vegas Aces 79-95,W @ Dallas Wings 95-79
2021,2021-07-11,Phoenix Mercury,75,Seattle Storm,82,-7.0,7.0,0,1,2059,5508,W,L,W vs. Phoenix Mercury 82-75,L @ Seattle Storm 75-82
2021,2021-07-11,Connecticut Sun,71,New York Liberty,54,17.0,-17.0,1,0,2059,5509,L,W,L vs. Connecticut Sun 54-71,W @ New York Liberty 71-54
2021,2021-07-11,Minnesota Lynx,86,Los Angeles Sparks,61,25.0,-25.0,1,0,2059,5510,L,W,L vs. Minnesota Lynx 61-86,W @ Los Angeles Sparks 86-61
2021,2021-08-15,New York Liberty,78,Minnesota Lynx,88,-10.0,10.0,0,1,2060,5511,W,L,W vs. New York Liberty 88-78,L @ Minnesota Lynx 78-88
2021,2021-08-15,Indiana Fever,70,Los Angeles Sparks,75,-5.0,5.0,0,1,2060,5512,W,L,W vs. Indiana Fever 75-70,L @ Los Angeles Sparks 70-75
2021,2021-08-15,Atlanta Dream,81,Phoenix Mercury,92,-11.0,11.0,0,1,2060,5513,W,L,W vs. Atlanta Dream 92-81,L @ Phoenix Mercury 81-92
2021,2021-08-15,Connecticut Sun,80,Dallas Wings,59,21.0,-21.0,1,0,2060,5514,L,W,L vs. Connecticut Sun 59-80,W @ Dallas Wings 80-59
2021,2021-08-15,Seattle Storm,85,Chicago Sky,87,-2.0,2.0,0,1,2060,5515,W,L,W vs. Seattle Storm 87-85,L @ Chicago Sky 85-87
2021,2021-08-15,Washington Mystics,83,Las Vegas Aces,84,-1.0,1.0,0,1,2060,5516,W,L,W vs. Washington Mystics 84-83,L @ Las Vegas Aces 83-84
2021,2021-08-17,Minnesota Lynx,60,Connecticut Sun,72,-12.0,12.0,0,1,2061,5517,W,L,W vs. Minnesota Lynx 72-60,L @ Connecticut Sun 60-72
2021,2021-08-17,Atlanta Dream,80,Los Angeles Sparks,85,-5.0,5.0,0,1,2061,5518,W,L,W vs. Atlanta Dream 85-80,L @ Los Angeles Sparks 80-85
2021,2021-08-17,Washington Mystics,83,Las Vegas Aces,93,-10.0,10.0,0,1,2061,5519,W,L,W vs. Washington Mystics 93-83,L @ Las Vegas Aces 83-93
2021,2021-08-17,Indiana Fever,80,Phoenix Mercury,84,-4.0,4.0,0,1,2061,5520,W,L,W vs. Indiana Fever 84-80,L @ Phoenix Mercury 80-84
2021,2021-08-17,Dallas Wings,80,Chicago Sky,76,4.0,-4.0,1,0,2061,5521,L,W,L vs. Dallas Wings 76-80,W @ Chicago Sky 80-76
2021,2021-08-18,Seattle Storm,79,New York Liberty,83,-4.0,4.0,0,1,2062,5522,W,L,W vs. Seattle Storm 83-79,L @ New York Liberty 79-83
2021,2021-08-19,Atlanta Dream,64,Los Angeles Sparks,66,-2.0,2.0,0,1,2063,5523,W,L,W vs. Atlanta Dream 66-64,L @ Los Angeles Sparks 64-66
2021,2021-08-19,Minnesota Lynx,71,Connecticut Sun,82,-11.0,11.0,0,1,2063,5524,W,L,W vs. Minnesota Lynx 82-71,L @ Connecticut Sun 71-82
2021,2021-08-19,Washington Mystics,64,Phoenix Mercury,77,-13.0,13.0,0,1,2063,5525,W,L,W vs. Washington Mystics 77-64,L @ Phoenix Mercury 64-77
2021,2021-08-20,Seattle Storm,99,New York Liberty,83,16.0,-16.0,1,0,2064,5526,L,W,L vs. Seattle Storm 83-99,W @ New York Liberty 99-83
2021,2021-08-20,Indiana Fever,83,Dallas Wings,81,2.0,-2.0,1,0,2064,5527,L,W,L vs. Indiana Fever 81-83,W @ Dallas Wings 83-81
2021,2021-08-21,Minnesota Lynx,101,Chicago Sky,95,6.0,-6.0,1,0,2065,5528,L,W,L vs. Minnesota Lynx 95-101,W @ Chicago Sky 101-95
2021,2021-08-21,Phoenix Mercury,84,Atlanta Dream,69,15.0,-15.0,1,0,2065,5529,L,W,L vs. Phoenix Mercury 69-84,W @ Atlanta Dream 84-69
2021,2021-08-22,Seattle Storm,85,Washington Mystics,78,7.0,-7.0,1,0,2066,5530,L,W,L vs. Seattle Storm 78-85,W @ Washington Mystics 85-78
2021,2021-08-22,Los Angeles Sparks,86,New York Liberty,83,3.0,-3.0,1,0,2066,5531,L,W,L vs. Los Angeles Sparks 83-86,W @ New York Liberty 86-83
2021,2021-08-24,Chicago Sky,86,Atlanta Dream,79,7.0,-7.0,1,0,2067,5532,L,W,L vs. Chicago Sky 79-86,W @ Atlanta Dream 86-79
2021,2021-08-24,Seattle Storm,70,Minnesota Lynx,76,-6.0,6.0,0,1,2067,5533,W,L,W vs. Seattle Storm 76-70,L @ Minnesota Lynx 70-76
2021,2021-08-24,Las Vegas Aces,62,Connecticut Sun,76,-14.0,14.0,0,1,2067,5534,W,L,W vs. Las Vegas Aces 76-62,L @ Connecticut Sun 62-76
2021,2021-08-24,Los Angeles Sparks,68,Washington Mystics,78,-10.0,10.0,0,1,2067,5535,W,L,W vs. Los Angeles Sparks 78-68,L @ Washington Mystics 68-78
2021,2021-08-25,Phoenix Mercury,106,New York Liberty,79,27.0,-27.0,1,0,2068,5536,L,W,L vs. Phoenix Mercury 79-106,W @ New York Liberty 106-79
2021,2021-08-26,Dallas Wings,82,Washington Mystics,77,5.0,-5.0,1,0,2069,5537,L,W,L vs. Dallas Wings 77-82,W @ Washington Mystics 82-77
2021,2021-08-26,Los Angeles Sparks,72,Connecticut Sun,76,-4.0,4.0,0,1,2069,5538,W,L,W vs. Los Angeles Sparks 76-72,L @ Connecticut Sun 72-76
2021,2021-08-26,Las Vegas Aces,78,Atlanta Dream,71,7.0,-7.0,1,0,2069,5539,L,W,L vs. Las Vegas Aces 71-78,W @ Atlanta Dream 78-71
2021,2021-08-27,Chicago Sky,73,Seattle Storm,69,4.0,-4.0,1,0,2070,5540,L,W,L vs. Chicago Sky 69-73,W @ Seattle Storm 73-69
2021,2021-08-27,Phoenix Mercury,80,New York Liberty,64,16.0,-16.0,1,0,2070,5541,L,W,L vs. Phoenix Mercury 64-80,W @ New York Liberty 80-64
2021,2021-08-28,Dallas Wings,75,Washington Mystics,76,-1.0,1.0,0,1,2071,5542,W,L,W vs. Dallas Wings 76-75,L @ Washington Mystics 75-76
2021,2021-08-28,Las Vegas Aces,87,Indiana Fever,71,16.0,-16.0,1,0,2071,5543,L,W,L vs. Las Vegas Aces 71-87,W @ Indiana Fever 87-71
2021,2021-08-28,Los Angeles Sparks,61,Connecticut Sun,76,-15.0,15.0,0,1,2071,5544,W,L,W vs. Los Angeles Sparks 76-61,L @ Connecticut Sun 61-76
2021,2021-08-29,Chicago Sky,107,Seattle Storm,75,32.0,-32.0,1,0,2072,5545,L,W,L vs. Chicago Sky 75-107,W @ Seattle Storm 107-75
2021,2021-08-31,Los Angeles Sparks,72,Indiana Fever,74,-2.0,2.0,0,1,2073,5546,W,L,W vs. Los Angeles Sparks 74-72,L @ Indiana Fever 72-74
2021,2021-08-31,New York Liberty,66,Minnesota Lynx,74,-8.0,8.0,0,1,2073,5547,W,L,W vs. New York Liberty 74-66,L @ Minnesota Lynx 66-74
2021,2021-08-31,Connecticut Sun,85,Washington Mystics,75,10.0,-10.0,1,0,2073,5548,L,W,L vs. Connecticut Sun 75-85,W @ Washington Mystics 85-75
2021,2021-08-31,Chicago Sky,83,Phoenix Mercury,103,-20.0,20.0,0,1,2073,5549,W,L,W vs. Chicago Sky 103-83,L @ Phoenix Mercury 83-103
2021,2021-09-02,New York Liberty,75,Seattle Storm,85,-10.0,10.0,0,1,2074,5550,W,L,W vs. New York Liberty 85-75,L @ Seattle Storm 75-85
2021,2021-09-02,Atlanta Dream,68,Dallas Wings,72,-4.0,4.0,0,1,2074,5551,W,L,W vs. Atlanta Dream 72-68,L @ Dallas Wings 68-72
2021,2021-09-02,Chicago Sky,83,Las Vegas Aces,90,-7.0,7.0,0,1,2074,5552,W,L,W vs. Chicago Sky 90-83,L @ Las Vegas Aces 83-90
2021,2021-09-02,Los Angeles Sparks,57,Minnesota Lynx,66,-9.0,9.0,0,1,2074,5553,W,L,W vs. Los Angeles Sparks 66-57,L @ Minnesota Lynx 57-66
2021,2021-09-04,Phoenix Mercury,87,Indiana Fever,65,22.0,-22.0,1,0,2075,5554,L,W,L vs. Phoenix Mercury 65-87,W @ Indiana Fever 87-65
2021,2021-09-04,Washington Mystics,75,Minnesota Lynx,93,-18.0,18.0,0,1,2075,5555,W,L,W vs. Washington Mystics 93-75,L @ Minnesota Lynx 75-93
2021,2021-09-05,Atlanta Dream,69,Dallas Wings,64,5.0,-5.0,1,0,2076,5556,L,W,L vs. Atlanta Dream 64-69,W @ Dallas Wings 69-64
2021,2021-09-05,Las Vegas Aces,84,Chicago Sky,92,-8.0,8.0,0,1,2076,5557,W,L,W vs. Las Vegas Aces 92-84,L @ Chicago Sky 84-92
2021,2021-09-06,Phoenix Mercury,86,Indiana Fever,81,5.0,-5.0,1,0,2077,5558,L,W,L vs. Phoenix Mercury 81-86,W @ Indiana Fever 86-81
2021,2021-09-07,Connecticut Sun,83,Dallas Wings,56,27.0,-27.0,1,0,2078,5559,L,W,L vs. Connecticut Sun 56-83,W @ Dallas Wings 83-56
2021,2021-09-07,Washington Mystics,71,Seattle Storm,105,-34.0,34.0,0,1,2078,5560,W,L,W vs. Washington Mystics 105-71,L @ Seattle Storm 71-105
2021,2021-09-08,Minnesota Lynx,81,Las Vegas Aces,102,-21.0,21.0,0,1,2079,5561,W,L,W vs. Minnesota Lynx 102-81,L @ Las Vegas Aces 81-102
2021,2021-09-08,Phoenix Mercury,76,Atlanta Dream,75,1.0,-1.0,1,0,2079,5562,L,W,L vs. Phoenix Mercury 75-76,W @ Atlanta Dream 76-75
2021,2021-09-09,Connecticut Sun,75,Los Angeles Sparks,57,18.0,-18.0,1,0,2080,5563,L,W,L vs. Connecticut Sun 57-75,W @ Los Angeles Sparks 75-57
2021,2021-09-10,Indiana Fever,72,Minnesota Lynx,89,-17.0,17.0,0,1,2081,5564,W,L,W vs. Indiana Fever 89-72,L @ Minnesota Lynx 72-89
2021,2021-09-10,Atlanta Dream,74,Washington Mystics,82,-8.0,8.0,0,1,2081,5565,W,L,W vs. Atlanta Dream 82-74,L @ Washington Mystics 74-82
2021,2021-09-11,Connecticut Sun,76,Phoenix Mercury,67,9.0,-9.0,1,0,2082,5566,L,W,L vs. Connecticut Sun 67-76,W @ Phoenix Mercury 76-67
2021,2021-09-11,New York Liberty,76,Dallas Wings,77,-1.0,1.0,0,1,2082,5567,W,L,W vs. New York Liberty 77-76,L @ Dallas Wings 76-77
2021,2021-09-12,Indiana Fever,80,Minnesota Lynx,90,-10.0,10.0,0,1,2083,5568,W,L,W vs. Indiana Fever 90-80,L @ Minnesota Lynx 80-90
2021,2021-09-12,Washington Mystics,79,Chicago Sky,71,8.0,-8.0,1,0,2083,5569,L,W,L vs. Washington Mystics 71-79,W @ Chicago Sky 79-71
2021,2021-09-12,Seattle Storm,53,Los Angeles Sparks,81,-28.0,28.0,0,1,2083,5570,W,L,W vs. Seattle Storm 81-53,L @ Los Angeles Sparks 53-81
2021,2021-09-13,Dallas Wings,75,Las Vegas Aces,85,-10.0,10.0,0,1,2084,5571,W,L,W vs. Dallas Wings 85-75,L @ Las Vegas Aces 75-85
2021,2021-09-14,Indiana Fever,78,Atlanta Dream,85,-7.0,7.0,0,1,2085,5572,W,L,W vs. Indiana Fever 85-78,L @ Atlanta Dream 78-85
2021,2021-09-15,New York Liberty,69,Connecticut Sun,98,-29.0,29.0,0,1,2086,5573,W,L,W vs. New York Liberty 98-69,L @ Connecticut Sun 69-98
2021,2021-09-16,Los Angeles Sparks,74,Atlanta Dream,68,6.0,-6.0,1,0,2087,5574,L,W,L vs. Los Angeles Sparks 68-74,W @ Atlanta Dream 74-68
2021,2021-09-17,Las Vegas Aces,103,Chicago Sky,70,33.0,-33.0,1,0,2088,5575,L,W,L vs. Las Vegas Aces 70-103,W @ Chicago Sky 103-70
2021,2021-09-17,Phoenix Mercury,85,Seattle Storm,94,-9.0,9.0,0,1,2088,5576,W,L,W vs. Phoenix Mercury 94-85,L @ Seattle Storm 85-94
2021,2021-09-17,Washington Mystics,80,New York Liberty,91,-11.0,11.0,0,1,2088,5577,W,L,W vs. Washington Mystics 91-80,L @ New York Liberty 80-91
2021,2021-09-17,Minnesota Lynx,92,Indiana Fever,73,19.0,-19.0,1,0,2088,5578,L,W,L vs. Minnesota Lynx 73-92,W @ Indiana Fever 92-73
2021,2021-09-19,Indiana Fever,87,Chicago Sky,98,-11.0,11.0,0,1,2089,5579,W,L,W vs. Indiana Fever 98-87,L @ Chicago Sky 87-98
2021,2021-09-19,Atlanta Dream,64,Connecticut Sun,84,-20.0,20.0,0,1,2089,5580,W,L,W vs. Atlanta Dream 84-64,L @ Connecticut Sun 64-84
2021,2021-09-19,Las Vegas Aces,84,Phoenix Mercury,83,1.0,-1.0,1,0,2089,5581,L,W,L vs. Las Vegas Aces 83-84,W @ Phoenix Mercury 84-83
2021,2021-09-19,Los Angeles Sparks,84,Dallas Wings,87,-3.0,3.0,0,1,2089,5582,W,L,W vs. Los Angeles Sparks 87-84,L @ Dallas Wings 84-87
2021,2021-09-19,Minnesota Lynx,83,Washington Mystics,77,6.0,-6.0,1,0,2089,5583,L,W,L vs. Minnesota Lynx 77-83,W @ Washington Mystics 83-77
2021,2021-09-23,New York Liberty,82,Phoenix Mercury,83,-1.0,1.0,0,1,2090,5584,W,L,W vs. New York Liberty 83-82,L @ Phoenix Mercury 82-83
2021,2021-09-23,Dallas Wings,64,Chicago Sky,81,-17.0,17.0,0,1,2090,5585,W,L,W vs. Dallas Wings 81-64,L @ Chicago Sky 64-81
2021,2021-09-26,Chicago Sky,89,Minnesota Lynx,76,13.0,-13.0,1,0,2091,5586,L,W,L vs. Chicago Sky 76-89,W @ Minnesota Lynx 89-76
2021,2021-09-26,Phoenix Mercury,85,Seattle Storm,80,5.0,-5.0,1,0,2091,5587,L,W,L vs. Phoenix Mercury 80-85,W @ Seattle Storm 85-80
2021,2021-09-28,Chicago Sky,101,Connecticut Sun,95,6.0,-6.0,1,0,2092,5588,L,W,L vs. Chicago Sky 95-101,W @ Connecticut Sun 101-95
2021,2021-09-28,Phoenix Mercury,90,Las Vegas Aces,96,-6.0,6.0,0,1,2092,5589,W,L,W vs. Phoenix Mercury 96-90,L @ Las Vegas Aces 90-96
2021,2021-09-30,Chicago Sky,68,Connecticut Sun,79,-11.0,11.0,0,1,2093,5590,W,L,W vs. Chicago Sky 79-68,L @ Connecticut Sun 68-79
2021,2021-09-30,Phoenix Mercury,117,Las Vegas Aces,91,26.0,-26.0,1,0,2093,5591,L,W,L vs. Phoenix Mercury 91-117,W @ Las Vegas Aces 117-91
2021,2021-10-03,Las Vegas Aces,60,Phoenix Mercury,87,-27.0,27.0,0,1,2094,5592,W,L,W vs. Las Vegas Aces 87-60,L @ Phoenix Mercury 60-87
2021,2021-10-03,Connecticut Sun,83,Chicago Sky,86,-3.0,3.0,0,1,2094,5593,W,L,W vs. Connecticut Sun 86-83,L @ Chicago Sky 83-86
2021,2021-10-06,Las Vegas Aces,93,Phoenix Mercury,76,17.0,-17.0,1,0,2095,5594,L,W,L vs. Las Vegas Aces 76-93,W @ Phoenix Mercury 93-76
2021,2021-10-06,Connecticut Sun,69,Chicago Sky,79,-10.0,10.0,0,1,2095,5595,W,L,W vs. Connecticut Sun 79-69,L @ Chicago Sky 69-79
2021,2021-10-08,Phoenix Mercury,87,Las Vegas Aces,84,3.0,-3.0,1,0,2096,5596,L,W,L vs. Phoenix Mercury 84-87,W @ Las Vegas Aces 87-84
2021,2021-10-10,Chicago Sky,91,Phoenix Mercury,77,14.0,-14.0,1,0,2097,5597,L,W,L vs. Chicago Sky 77-91,W @ Phoenix Mercury 91-77
2021,2021-10-13,Chicago Sky,86,Phoenix Mercury,91,-5.0,5.0,0,1,2098,5598,W,L,W vs. Chicago Sky 91-86,L @ Phoenix Mercury 86-91
2021,2021-10-15,Phoenix Mercury,50,Chicago Sky,86,-36.0,36.0,0,1,2099,5599,W,L,W vs. Phoenix Mercury 86-50,L @ Chicago Sky 50-86
2021,2021-10-17,Phoenix Mercury,74,Chicago Sky,80,-6.0,6.0,0,1,2100,5600,W,L,W vs. Phoenix Mercury 80-74,L @ Chicago Sky 74-80
2022,2022-05-06,Indiana Fever,70,Washington Mystics,84,-14.0,14.0,0,1,2101,5601,W,L,W vs. Indiana Fever 84-70,L @ Washington Mystics 70-84
2022,2022-05-06,Las Vegas Aces,106,Phoenix Mercury,88,18.0,-18.0,1,0,2101,5602,L,W,L vs. Las Vegas Aces 88-106,W @ Phoenix Mercury 106-88
2022,2022-05-06,Minnesota Lynx,74,Seattle Storm,97,-23.0,23.0,0,1,2101,5603,W,L,W vs. Minnesota Lynx 97-74,L @ Seattle Storm 74-97
2022,2022-05-06,Los Angeles Sparks,98,Chicago Sky,91,7.0,-7.0,1,0,2101,5604,L,W,L vs. Los Angeles Sparks 91-98,W @ Chicago Sky 98-91
2022,2022-05-07,Atlanta Dream,66,Dallas Wings,59,7.0,-7.0,1,0,2102,5605,L,W,L vs. Atlanta Dream 59-66,W @ Dallas Wings 66-59
2022,2022-05-07,Connecticut Sun,79,New York Liberty,81,-2.0,2.0,0,1,2102,5606,W,L,W vs. Connecticut Sun 81-79,L @ New York Liberty 79-81
2022,2022-05-08,Washington Mystics,78,Minnesota Lynx,66,12.0,-12.0,1,0,2103,5607,L,W,L vs. Washington Mystics 66-78,W @ Minnesota Lynx 78-66
2022,2022-05-08,Los Angeles Sparks,87,Indiana Fever,77,10.0,-10.0,1,0,2103,5608,L,W,L vs. Los Angeles Sparks 77-87,W @ Indiana Fever 87-77
2022,2022-05-08,Seattle Storm,74,Las Vegas Aces,85,-11.0,11.0,0,1,2103,5609,W,L,W vs. Seattle Storm 85-74,L @ Las Vegas Aces 74-85
2022,2022-05-10,Minnesota Lynx,76,Indiana Fever,82,-6.0,6.0,0,1,2104,5610,W,L,W vs. Minnesota Lynx 82-76,L @ Indiana Fever 76-82
2022,2022-05-10,Las Vegas Aces,76,Washington Mystics,89,-13.0,13.0,0,1,2104,5611,W,L,W vs. Las Vegas Aces 89-76,L @ Washington Mystics 76-89
2022,2022-05-11,Los Angeles Sparks,75,Atlanta Dream,77,-2.0,2.0,0,1,2105,5612,W,L,W vs. Los Angeles Sparks 77-75,L @ Atlanta Dream 75-77
2022,2022-05-11,New York Liberty,50,Chicago Sky,83,-33.0,33.0,0,1,2105,5613,W,L,W vs. New York Liberty 83-50,L @ Chicago Sky 50-83
2022,2022-05-11,Seattle Storm,77,Phoenix Mercury,97,-20.0,20.0,0,1,2105,5614,W,L,W vs. Seattle Storm 97-77,L @ Phoenix Mercury 77-97
2022,2022-05-13,Indiana Fever,92,New York Liberty,86,6.0,-6.0,1,0,2106,5615,L,W,L vs. Indiana Fever 86-92,W @ New York Liberty 92-86
2022,2022-05-13,Las Vegas Aces,96,Atlanta Dream,73,23.0,-23.0,1,0,2106,5616,L,W,L vs. Las Vegas Aces 73-96,W @ Atlanta Dream 96-73
2022,2022-05-13,Dallas Wings,94,Washington Mystics,86,8.0,-8.0,1,0,2106,5617,L,W,L vs. Dallas Wings 86-94,W @ Washington Mystics 94-86
2022,2022-05-14,Phoenix Mercury,69,Seattle Storm,64,5.0,-5.0,1,0,2107,5618,L,W,L vs. Phoenix Mercury 64-69,W @ Seattle Storm 69-64
2022,2022-05-14,Los Angeles Sparks,60,Connecticut Sun,77,-17.0,17.0,0,1,2107,5619,W,L,W vs. Los Angeles Sparks 77-60,L @ Connecticut Sun 60-77
2022,2022-05-14,Chicago Sky,82,Minnesota Lynx,78,4.0,-4.0,1,0,2107,5620,L,W,L vs. Chicago Sky 78-82,W @ Minnesota Lynx 82-78
2022,2022-05-15,Dallas Wings,81,New York Liberty,71,10.0,-10.0,1,0,2108,5621,L,W,L vs. Dallas Wings 71-81,W @ New York Liberty 81-71
2022,2022-05-15,Atlanta Dream,85,Indiana Fever,79,6.0,-6.0,1,0,2108,5622,L,W,L vs. Atlanta Dream 79-85,W @ Indiana Fever 85-79
2022,2022-05-17,Minnesota Lynx,87,Los Angeles Sparks,84,3.0,-3.0,1,0,2109,5623,L,W,L vs. Minnesota Lynx 84-87,W @ Los Angeles Sparks 87-84
2022,2022-05-17,Connecticut Sun,92,New York Liberty,65,27.0,-27.0,1,0,2109,5624,L,W,L vs. Connecticut Sun 65-92,W @ New York Liberty 92-65
2022,2022-05-17,Phoenix Mercury,74,Las Vegas Aces,86,-12.0,12.0,0,1,2109,5625,W,L,W vs. Phoenix Mercury 86-74,L @ Las Vegas Aces 74-86
2022,2022-05-17,Atlanta Dream,101,Indiana Fever,79,22.0,-22.0,1,0,2109,5626,L,W,L vs. Atlanta Dream 79-101,W @ Indiana Fever 101-79
2022,2022-05-17,Washington Mystics,84,Dallas Wings,68,16.0,-16.0,1,0,2109,5627,L,W,L vs. Washington Mystics 68-84,W @ Dallas Wings 84-68
2022,2022-05-18,Chicago Sky,71,Seattle Storm,74,-3.0,3.0,0,1,2110,5628,W,L,W vs. Chicago Sky 74-71,L @ Seattle Storm 71-74
2022,2022-05-19,Minnesota Lynx,87,Las Vegas Aces,93,-6.0,6.0,0,1,2111,5629,W,L,W vs. Minnesota Lynx 93-87,L @ Las Vegas Aces 87-93
2022,2022-05-19,Dallas Wings,94,Phoenix Mercury,84,10.0,-10.0,1,0,2111,5630,L,W,L vs. Dallas Wings 84-94,W @ Phoenix Mercury 94-84
2022,2022-05-20,Los Angeles Sparks,80,Seattle Storm,83,-3.0,3.0,0,1,2112,5631,W,L,W vs. Los Angeles Sparks 83-80,L @ Seattle Storm 80-83
2022,2022-05-20,Indiana Fever,85,Connecticut Sun,94,-9.0,9.0,0,1,2112,5632,W,L,W vs. Indiana Fever 94-85,L @ Connecticut Sun 85-94
2022,2022-05-20,Washington Mystics,78,Atlanta Dream,73,5.0,-5.0,1,0,2112,5633,L,W,L vs. Washington Mystics 73-78,W @ Atlanta Dream 78-73
2022,2022-05-21,Minnesota Lynx,78,Dallas Wings,94,-16.0,16.0,0,1,2113,5634,W,L,W vs. Minnesota Lynx 94-78,L @ Dallas Wings 78-94
2022,2022-05-21,Phoenix Mercury,80,Las Vegas Aces,100,-20.0,20.0,0,1,2113,5635,W,L,W vs. Phoenix Mercury 100-80,L @ Las Vegas Aces 80-100
2022,2022-05-22,Chicago Sky,82,Washington Mystics,73,9.0,-9.0,1,0,2114,5636,L,W,L vs. Chicago Sky 73-82,W @ Washington Mystics 82-73
2022,2022-05-22,Connecticut Sun,92,Indiana Fever,70,22.0,-22.0,1,0,2114,5637,L,W,L vs. Connecticut Sun 70-92,W @ Indiana Fever 92-70
2022,2022-05-23,Los Angeles Sparks,76,Las Vegas Aces,104,-28.0,28.0,0,1,2115,5638,W,L,W vs. Los Angeles Sparks 104-76,L @ Las Vegas Aces 76-104
2022,2022-05-24,Dallas Wings,85,Connecticut Sun,77,8.0,-8.0,1,0,2116,5639,L,W,L vs. Dallas Wings 77-85,W @ Connecticut Sun 85-77
2022,2022-05-24,New York Liberty,78,Minnesota Lynx,84,-6.0,6.0,0,1,2116,5640,W,L,W vs. New York Liberty 84-78,L @ Minnesota Lynx 78-84
2022,2022-05-24,Indiana Fever,90,Chicago Sky,95,-5.0,5.0,0,1,2116,5641,W,L,W vs. Indiana Fever 95-90,L @ Chicago Sky 90-95
2022,2022-05-24,Atlanta Dream,50,Washington Mystics,70,-20.0,20.0,0,1,2116,5642,W,L,W vs. Atlanta Dream 70-50,L @ Washington Mystics 50-70
2022,2022-05-25,Phoenix Mercury,94,Los Angeles Sparks,99,-5.0,5.0,0,1,2117,5643,W,L,W vs. Phoenix Mercury 99-94,L @ Los Angeles Sparks 94-99
2022,2022-05-26,Dallas Wings,68,Connecticut Sun,99,-31.0,31.0,0,1,2118,5644,W,L,W vs. Dallas Wings 99-68,L @ Connecticut Sun 68-99
2022,2022-05-27,New York Liberty,71,Seattle Storm,79,-8.0,8.0,0,1,2119,5645,W,L,W vs. New York Liberty 79-71,L @ Seattle Storm 71-79
2022,2022-05-27,Los Angeles Sparks,96,Indiana Fever,101,-5.0,5.0,0,1,2119,5646,W,L,W vs. Los Angeles Sparks 101-96,L @ Indiana Fever 96-101
2022,2022-05-28,Las Vegas Aces,83,Chicago Sky,76,7.0,-7.0,1,0,2120,5647,L,W,L vs. Las Vegas Aces 76-83,W @ Chicago Sky 83-76
2022,2022-05-28,Washington Mystics,71,Connecticut Sun,79,-8.0,8.0,0,1,2120,5648,W,L,W vs. Washington Mystics 79-71,L @ Connecticut Sun 71-79
2022,2022-05-29,Los Angeles Sparks,85,Minnesota Lynx,83,2.0,-2.0,1,0,2121,5649,L,W,L vs. Los Angeles Sparks 83-85,W @ Minnesota Lynx 85-83
2022,2022-05-29,Phoenix Mercury,54,Atlanta Dream,81,-27.0,27.0,0,1,2121,5650,W,L,W vs. Phoenix Mercury 81-54,L @ Atlanta Dream 54-81
2022,2022-05-29,New York Liberty,61,Seattle Storm,92,-31.0,31.0,0,1,2121,5651,W,L,W vs. New York Liberty 92-61,L @ Seattle Storm 61-92
2022,2022-05-31,Dallas Wings,91,Los Angeles Sparks,93,-2.0,2.0,0,1,2122,5652,W,L,W vs. Dallas Wings 93-91,L @ Los Angeles Sparks 91-93
2022,2022-05-31,Phoenix Mercury,70,Chicago Sky,73,-3.0,3.0,0,1,2122,5653,W,L,W vs. Phoenix Mercury 73-70,L @ Chicago Sky 70-73
2022,2022-05-31,Connecticut Sun,81,Las Vegas Aces,89,-8.0,8.0,0,1,2122,5654,W,L,W vs. Connecticut Sun 89-81,L @ Las Vegas Aces 81-89
2022,2022-05-31,Washington Mystics,87,Indiana Fever,75,12.0,-12.0,1,0,2122,5655,L,W,L vs. Washington Mystics 75-87,W @ Indiana Fever 87-75
2022,2022-06-01,Indiana Fever,74,New York Liberty,87,-13.0,13.0,0,1,2123,5656,W,L,W vs. Indiana Fever 87-74,L @ New York Liberty 74-87
2022,2022-06-01,Minnesota Lynx,76,Atlanta Dream,84,-8.0,8.0,0,1,2123,5657,W,L,W vs. Minnesota Lynx 84-76,L @ Atlanta Dream 76-84
2022,2022-06-02,Connecticut Sun,97,Las Vegas Aces,90,7.0,-7.0,1,0,2124,5658,L,W,L vs. Connecticut Sun 90-97,W @ Las Vegas Aces 97-90
2022,2022-06-03,Connecticut Sun,92,Phoenix Mercury,88,4.0,-4.0,1,0,2125,5659,L,W,L vs. Connecticut Sun 88-92,W @ Phoenix Mercury 92-88
2022,2022-06-03,Chicago Sky,73,Atlanta Dream,65,8.0,-8.0,1,0,2125,5660,L,W,L vs. Chicago Sky 65-73,W @ Atlanta Dream 73-65
2022,2022-06-03,Dallas Wings,68,Seattle Storm,51,17.0,-17.0,1,0,2125,5661,L,W,L vs. Dallas Wings 51-68,W @ Seattle Storm 68-51
2022,2022-06-03,New York Liberty,74,Washington Mystics,70,4.0,-4.0,1,0,2125,5662,L,W,L vs. New York Liberty 70-74,W @ Washington Mystics 74-70
2022,2022-06-05,Los Angeles Sparks,74,Phoenix Mercury,81,-7.0,7.0,0,1,2126,5663,W,L,W vs. Los Angeles Sparks 81-74,L @ Phoenix Mercury 74-81
2022,2022-06-05,Connecticut Sun,93,Seattle Storm,86,7.0,-7.0,1,0,2126,5664,L,W,L vs. Connecticut Sun 86-93,W @ Seattle Storm 93-86
2022,2022-06-05,Indiana Fever,66,Atlanta Dream,75,-9.0,9.0,0,1,2126,5665,W,L,W vs. Indiana Fever 75-66,L @ Atlanta Dream 66-75
2022,2022-06-05,Washington Mystics,82,Chicago Sky,91,-9.0,9.0,0,1,2126,5666,W,L,W vs. Washington Mystics 91-82,L @ Chicago Sky 82-91
2022,2022-06-05,Minnesota Lynx,84,New York Liberty,77,7.0,-7.0,1,0,2126,5667,L,W,L vs. Minnesota Lynx 77-84,W @ New York Liberty 84-77
2022,2022-06-05,Dallas Wings,78,Las Vegas Aces,84,-6.0,6.0,0,1,2126,5668,W,L,W vs. Dallas Wings 84-78,L @ Las Vegas Aces 78-84
2022,2022-06-07,Minnesota Lynx,69,New York Liberty,88,-19.0,19.0,0,1,2127,5669,W,L,W vs. Minnesota Lynx 88-69,L @ New York Liberty 69-88
2022,2022-06-07,Atlanta Dream,60,Seattle Storm,72,-12.0,12.0,0,1,2127,5670,W,L,W vs. Atlanta Dream 72-60,L @ Seattle Storm 60-72
2022,2022-06-08,Chicago Sky,82,Washington Mystics,84,-2.0,2.0,0,1,2128,5671,W,L,W vs. Chicago Sky 84-82,L @ Washington Mystics 82-84
2022,2022-06-08,Indiana Fever,69,Connecticut Sun,88,-19.0,19.0,0,1,2128,5672,W,L,W vs. Indiana Fever 88-69,L @ Connecticut Sun 69-88
2022,2022-06-10,Seattle Storm,89,Dallas Wings,88,1.0,-1.0,1,0,2129,5673,L,W,L vs. Seattle Storm 88-89,W @ Dallas Wings 89-88
2022,2022-06-10,Washington Mystics,76,Minnesota Lynx,59,17.0,-17.0,1,0,2129,5674,L,W,L vs. Washington Mystics 59-76,W @ Minnesota Lynx 76-59
2022,2022-06-10,Chicago Sky,83,Connecticut Sun,79,4.0,-4.0,1,0,2129,5675,L,W,L vs. Chicago Sky 79-83,W @ Connecticut Sun 83-79
2022,2022-06-10,Atlanta Dream,88,Phoenix Mercury,90,-2.0,2.0,0,1,2129,5676,W,L,W vs. Atlanta Dream 90-88,L @ Phoenix Mercury 88-90
2022,2022-06-10,New York Liberty,97,Indiana Fever,83,14.0,-14.0,1,0,2129,5677,L,W,L vs. New York Liberty 83-97,W @ Indiana Fever 97-83
2022,2022-06-11,Las Vegas Aces,89,Los Angeles Sparks,72,17.0,-17.0,1,0,2130,5678,L,W,L vs. Las Vegas Aces 72-89,W @ Los Angeles Sparks 89-72
2022,2022-06-12,Phoenix Mercury,99,Washington Mystics,90,9.0,-9.0,1,0,2131,5679,L,W,L vs. Phoenix Mercury 90-99,W @ Washington Mystics 99-90
2022,2022-06-12,Seattle Storm,84,Dallas Wings,79,5.0,-5.0,1,0,2131,5680,L,W,L vs. Seattle Storm 79-84,W @ Dallas Wings 84-79
2022,2022-06-12,Chicago Sky,88,New York Liberty,86,2.0,-2.0,1,0,2131,5681,L,W,L vs. Chicago Sky 86-88,W @ New York Liberty 88-86
2022,2022-06-12,Indiana Fever,84,Minnesota Lynx,80,4.0,-4.0,1,0,2131,5682,L,W,L vs. Indiana Fever 80-84,W @ Minnesota Lynx 84-80
2022,2022-06-14,Seattle Storm,81,Minnesota Lynx,79,2.0,-2.0,1,0,2132,5683,L,W,L vs. Seattle Storm 79-81,W @ Minnesota Lynx 81-79
2022,2022-06-14,Phoenix Mercury,65,Washington Mystics,83,-18.0,18.0,0,1,2132,5684,W,L,W vs. Phoenix Mercury 83-65,L @ Washington Mystics 65-83
2022,2022-06-15,Las Vegas Aces,92,Dallas Wings,84,8.0,-8.0,1,0,2133,5685,L,W,L vs. Las Vegas Aces 84-92,W @ Dallas Wings 92-84
2022,2022-06-15,Phoenix Mercury,93,Indiana Fever,80,13.0,-13.0,1,0,2133,5686,L,W,L vs. Phoenix Mercury 80-93,W @ Indiana Fever 93-80
2022,2022-06-15,Atlanta Dream,92,Connecticut Sun,105,-13.0,13.0,0,1,2133,5687,W,L,W vs. Atlanta Dream 105-92,L @ Connecticut Sun 92-105
2022,2022-06-16,Washington Mystics,65,New York Liberty,77,-12.0,12.0,0,1,2134,5688,W,L,W vs. Washington Mystics 77-65,L @ New York Liberty 65-77
2022,2022-06-17,Atlanta Dream,100,Chicago Sky,106,-6.0,6.0,0,1,2135,5689,W,L,W vs. Atlanta Dream 106-100,L @ Chicago Sky 100-106
2022,2022-06-17,Seattle Storm,71,Connecticut Sun,82,-11.0,11.0,0,1,2135,5690,W,L,W vs. Seattle Storm 82-71,L @ Connecticut Sun 71-82
2022,2022-06-17,Phoenix Mercury,88,Dallas Wings,93,-5.0,5.0,0,1,2135,5691,W,L,W vs. Phoenix Mercury 93-88,L @ Dallas Wings 88-93
2022,2022-06-19,Chicago Sky,87,Indiana Fever,89,-2.0,2.0,0,1,2136,5692,W,L,W vs. Chicago Sky 89-87,L @ Indiana Fever 87-89
2022,2022-06-19,Minnesota Lynx,95,Las Vegas Aces,96,-1.0,1.0,0,1,2136,5693,W,L,W vs. Minnesota Lynx 96-95,L @ Las Vegas Aces 95-96
2022,2022-06-19,Los Angeles Sparks,82,Dallas Wings,92,-10.0,10.0,0,1,2136,5694,W,L,W vs. Los Angeles Sparks 92-82,L @ Dallas Wings 82-92
2022,2022-06-19,Seattle Storm,81,New York Liberty,72,9.0,-9.0,1,0,2136,5695,L,W,L vs. Seattle Storm 72-81,W @ New York Liberty 81-72
2022,2022-06-19,Connecticut Sun,63,Washington Mystics,71,-8.0,8.0,0,1,2136,5696,W,L,W vs. Connecticut Sun 71-63,L @ Washington Mystics 63-71
2022,2022-06-21,Washington Mystics,82,Los Angeles Sparks,84,-2.0,2.0,0,1,2137,5697,W,L,W vs. Washington Mystics 84-82,L @ Los Angeles Sparks 82-84
2022,2022-06-21,Minnesota Lynx,84,Phoenix Mercury,71,13.0,-13.0,1,0,2137,5698,L,W,L vs. Minnesota Lynx 71-84,W @ Phoenix Mercury 84-71
2022,2022-06-21,Dallas Wings,75,Atlanta Dream,80,-5.0,5.0,0,1,2137,5699,W,L,W vs. Dallas Wings 80-75,L @ Atlanta Dream 75-80
2022,2022-06-21,Chicago Sky,104,Las Vegas Aces,95,9.0,-9.0,1,0,2137,5700,L,W,L vs. Chicago Sky 95-104,W @ Las Vegas Aces 104-95
2022,2022-06-22,New York Liberty,81,Connecticut Sun,77,4.0,-4.0,1,0,2138,5701,L,W,L vs. New York Liberty 77-81,W @ Connecticut Sun 81-77
2022,2022-06-23,Phoenix Mercury,88,Minnesota Lynx,100,-12.0,12.0,0,1,2139,5702,W,L,W vs. Phoenix Mercury 100-88,L @ Minnesota Lynx 88-100
2022,2022-06-23,Chicago Sky,82,Los Angeles Sparks,59,23.0,-23.0,1,0,2139,5703,L,W,L vs. Chicago Sky 59-82,W @ Los Angeles Sparks 82-59
2022,2022-06-23,Washington Mystics,71,Seattle Storm,85,-14.0,14.0,0,1,2139,5704,W,L,W vs. Washington Mystics 85-71,L @ Seattle Storm 71-85
2022,2022-06-23,Indiana Fever,68,Dallas Wings,94,-26.0,26.0,0,1,2139,5705,W,L,W vs. Indiana Fever 94-68,L @ Dallas Wings 68-94
2022,2022-06-24,New York Liberty,89,Atlanta Dream,77,12.0,-12.0,1,0,2140,5706,L,W,L vs. New York Liberty 77-89,W @ Atlanta Dream 89-77
2022,2022-06-25,Los Angeles Sparks,85,Seattle Storm,77,8.0,-8.0,1,0,2141,5707,L,W,L vs. Los Angeles Sparks 77-85,W @ Seattle Storm 85-77
2022,2022-06-25,Phoenix Mercury,83,Dallas Wings,72,11.0,-11.0,1,0,2141,5708,L,W,L vs. Phoenix Mercury 72-83,W @ Dallas Wings 83-72
2022,2022-06-25,Washington Mystics,87,Las Vegas Aces,86,1.0,-1.0,1,0,2141,5709,L,W,L vs. Washington Mystics 86-87,W @ Las Vegas Aces 87-86
2022,2022-06-26,Connecticut Sun,72,Atlanta Dream,61,11.0,-11.0,1,0,2142,5710,L,W,L vs. Connecticut Sun 61-72,W @ Atlanta Dream 72-61
2022,2022-06-26,Minnesota Lynx,85,Chicago Sky,88,-3.0,3.0,0,1,2142,5711,W,L,W vs. Minnesota Lynx 88-85,L @ Chicago Sky 85-88
2022,2022-06-27,Las Vegas Aces,79,Los Angeles Sparks,73,6.0,-6.0,1,0,2143,5712,L,W,L vs. Las Vegas Aces 73-79,W @ Los Angeles Sparks 79-73
2022,2022-06-27,Indiana Fever,71,Phoenix Mercury,83,-12.0,12.0,0,1,2143,5713,W,L,W vs. Indiana Fever 83-71,L @ Phoenix Mercury 71-83
2022,2022-06-28,Atlanta Dream,74,Washington Mystics,92,-18.0,18.0,0,1,2144,5714,W,L,W vs. Atlanta Dream 92-74,L @ Washington Mystics 74-92
2022,2022-06-28,Dallas Wings,64,Minnesota Lynx,92,-28.0,28.0,0,1,2144,5715,W,L,W vs. Dallas Wings 92-64,L @ Minnesota Lynx 64-92
2022,2022-06-29,Las Vegas Aces,78,Seattle Storm,88,-10.0,10.0,0,1,2145,5716,W,L,W vs. Las Vegas Aces 88-78,L @ Seattle Storm 78-88
2022,2022-06-29,Indiana Fever,78,Phoenix Mercury,99,-21.0,21.0,0,1,2145,5717,W,L,W vs. Indiana Fever 99-78,L @ Phoenix Mercury 78-99
2022,2022-06-29,Connecticut Sun,83,Chicago Sky,91,-8.0,8.0,0,1,2145,5718,W,L,W vs. Connecticut Sun 91-83,L @ Chicago Sky 83-91
2022,2022-06-30,Atlanta Dream,92,New York Liberty,81,11.0,-11.0,1,0,2146,5719,L,W,L vs. Atlanta Dream 81-92,W @ New York Liberty 92-81
2022,2022-07-01,Los Angeles Sparks,97,Dallas Wings,89,8.0,-8.0,1,0,2147,5720,L,W,L vs. Los Angeles Sparks 89-97,W @ Dallas Wings 97-89
2022,2022-07-01,Las Vegas Aces,91,Minnesota Lynx,85,6.0,-6.0,1,0,2147,5721,L,W,L vs. Las Vegas Aces 85-91,W @ Minnesota Lynx 91-85
2022,2022-07-01,Indiana Fever,57,Seattle Storm,73,-16.0,16.0,0,1,2147,5722,W,L,W vs. Indiana Fever 73-57,L @ Seattle Storm 57-73
2022,2022-07-02,Phoenix Mercury,75,Chicago Sky,91,-16.0,16.0,0,1,2148,5723,W,L,W vs. Phoenix Mercury 91-75,L @ Chicago Sky 75-91
2022,2022-07-03,Seattle Storm,76,Atlanta Dream,90,-14.0,14.0,0,1,2149,5724,W,L,W vs. Seattle Storm 90-76,L @ Atlanta Dream 76-90
2022,2022-07-03,Las Vegas Aces,71,Minnesota Lynx,102,-31.0,31.0,0,1,2149,5725,W,L,W vs. Las Vegas Aces 102-71,L @ Minnesota Lynx 71-102
2022,2022-07-03,Washington Mystics,72,Connecticut Sun,74,-2.0,2.0,0,1,2149,5726,W,L,W vs. Washington Mystics 74-72,L @ Connecticut Sun 72-74
2022,2022-07-03,New York Liberty,74,Los Angeles Sparks,84,-10.0,10.0,0,1,2149,5727,W,L,W vs. New York Liberty 84-74,L @ Los Angeles Sparks 74-84
2022,2022-07-04,Phoenix Mercury,75,Los Angeles Sparks,78,-3.0,3.0,0,1,2150,5728,W,L,W vs. Phoenix Mercury 78-75,L @ Los Angeles Sparks 75-78
2022,2022-07-05,Seattle Storm,95,Indiana Fever,73,22.0,-22.0,1,0,2151,5729,L,W,L vs. Seattle Storm 73-95,W @ Indiana Fever 95-73
2022,2022-07-05,Connecticut Sun,71,Dallas Wings,82,-11.0,11.0,0,1,2151,5730,W,L,W vs. Connecticut Sun 82-71,L @ Dallas Wings 71-82
2022,2022-07-06,New York Liberty,116,Las Vegas Aces,107,9.0,-9.0,1,0,2152,5731,L,W,L vs. New York Liberty 107-116,W @ Las Vegas Aces 116-107
2022,2022-07-06,Chicago Sky,78,Minnesota Lynx,81,-3.0,3.0,0,1,2152,5732,W,L,W vs. Chicago Sky 81-78,L @ Minnesota Lynx 78-81
2022,2022-07-06,Washington Mystics,85,Atlanta Dream,66,19.0,-19.0,1,0,2152,5733,L,W,L vs. Washington Mystics 66-85,W @ Atlanta Dream 85-66
2022,2022-07-07,Chicago Sky,93,Indiana Fever,84,9.0,-9.0,1,0,2153,5734,L,W,L vs. Chicago Sky 84-93,W @ Indiana Fever 93-84
2022,2022-07-07,Seattle Storm,106,Los Angeles Sparks,69,37.0,-37.0,1,0,2153,5735,L,W,L vs. Seattle Storm 69-106,W @ Los Angeles Sparks 106-69
2022,2022-07-07,New York Liberty,81,Phoenix Mercury,84,-3.0,3.0,0,1,2153,5736,W,L,W vs. New York Liberty 84-81,L @ Phoenix Mercury 81-84
2022,2022-07-12,Las Vegas Aces,107,New York Liberty,101,6.0,-6.0,1,0,2154,5737,L,W,L vs. Las Vegas Aces 101-107,W @ New York Liberty 107-101
2022,2022-07-12,Atlanta Dream,75,Chicago Sky,90,-15.0,15.0,0,1,2154,5738,W,L,W vs. Atlanta Dream 90-75,L @ Chicago Sky 75-90
2022,2022-07-12,Phoenix Mercury,107,Minnesota Lynx,118,-11.0,11.0,0,1,2154,5739,W,L,W vs. Phoenix Mercury 118-107,L @ Minnesota Lynx 107-118
2022,2022-07-12,Dallas Wings,74,Seattle Storm,83,-9.0,9.0,0,1,2154,5740,W,L,W vs. Dallas Wings 83-74,L @ Seattle Storm 74-83
2022,2022-07-12,Washington Mystics,94,Los Angeles Sparks,81,13.0,-13.0,1,0,2154,5741,L,W,L vs. Washington Mystics 81-94,W @ Los Angeles Sparks 94-81
2022,2022-07-13,Connecticut Sun,89,Indiana Fever,81,8.0,-8.0,1,0,2155,5742,L,W,L vs. Connecticut Sun 81-89,W @ Indiana Fever 89-81
2022,2022-07-14,Washington Mystics,75,Phoenix Mercury,80,-5.0,5.0,0,1,2156,5743,W,L,W vs. Washington Mystics 80-75,L @ Phoenix Mercury 75-80
2022,2022-07-14,Dallas Wings,92,Minnesota Lynx,87,5.0,-5.0,1,0,2156,5744,L,W,L vs. Dallas Wings 87-92,W @ Minnesota Lynx 92-87
2022,2022-07-14,Chicago Sky,80,Los Angeles Sparks,68,12.0,-12.0,1,0,2156,5745,L,W,L vs. Chicago Sky 68-80,W @ Los Angeles Sparks 80-68
2022,2022-07-14,Las Vegas Aces,108,New York Liberty,74,34.0,-34.0,1,0,2156,5746,L,W,L vs. Las Vegas Aces 74-108,W @ New York Liberty 108-74
2022,2022-07-15,Connecticut Sun,93,Atlanta Dream,68,25.0,-25.0,1,0,2157,5747,L,W,L vs. Connecticut Sun 68-93,W @ Atlanta Dream 93-68
2022,2022-07-15,Minnesota Lynx,87,Indiana Fever,77,10.0,-10.0,1,0,2157,5748,L,W,L vs. Minnesota Lynx 77-87,W @ Indiana Fever 87-77
2022,2022-07-16,Chicago Sky,89,Dallas Wings,81,8.0,-8.0,1,0,2158,5749,L,W,L vs. Chicago Sky 81-89,W @ Dallas Wings 89-81
2022,2022-07-17,Minnesota Lynx,57,Washington Mystics,70,-13.0,13.0,0,1,2159,5750,W,L,W vs. Minnesota Lynx 70-57,L @ Washington Mystics 57-70
2022,2022-07-17,Atlanta Dream,85,Phoenix Mercury,75,10.0,-10.0,1,0,2159,5751,L,W,L vs. Atlanta Dream 75-85,W @ Phoenix Mercury 85-75
2022,2022-07-17,Indiana Fever,65,Seattle Storm,81,-16.0,16.0,0,1,2159,5752,W,L,W vs. Indiana Fever 81-65,L @ Seattle Storm 65-81
2022,2022-07-17,Las Vegas Aces,91,Connecticut Sun,83,8.0,-8.0,1,0,2159,5753,L,W,L vs. Las Vegas Aces 83-91,W @ Connecticut Sun 91-83
2022,2022-07-19,New York Liberty,63,Connecticut Sun,82,-19.0,19.0,0,1,2160,5754,W,L,W vs. New York Liberty 82-63,L @ Connecticut Sun 63-82
2022,2022-07-19,Indiana Fever,79,Los Angeles Sparks,86,-7.0,7.0,0,1,2160,5755,W,L,W vs. Indiana Fever 86-79,L @ Los Angeles Sparks 79-86
2022,2022-07-19,Atlanta Dream,92,Las Vegas Aces,76,16.0,-16.0,1,0,2160,5756,L,W,L vs. Atlanta Dream 76-92,W @ Las Vegas Aces 92-76
2022,2022-07-20,Seattle Storm,74,Chicago Sky,78,-4.0,4.0,0,1,2161,5757,W,L,W vs. Seattle Storm 78-74,L @ Chicago Sky 74-78
2022,2022-07-21,Atlanta Dream,78,Los Angeles Sparks,85,-7.0,7.0,0,1,2162,5758,W,L,W vs. Atlanta Dream 85-78,L @ Los Angeles Sparks 78-85
2022,2022-07-21,Indiana Fever,77,Las Vegas Aces,90,-13.0,13.0,0,1,2162,5759,W,L,W vs. Indiana Fever 90-77,L @ Las Vegas Aces 77-90
2022,2022-07-21,New York Liberty,69,Washington Mystics,78,-9.0,9.0,0,1,2162,5760,W,L,W vs. New York Liberty 78-69,L @ Washington Mystics 69-78
2022,2022-07-22,Dallas Wings,83,Chicago Sky,89,-6.0,6.0,0,1,2163,5761,W,L,W vs. Dallas Wings 89-83,L @ Chicago Sky 83-89
2022,2022-07-22,Seattle Storm,78,Phoenix Mercury,94,-16.0,16.0,0,1,2163,5762,W,L,W vs. Seattle Storm 94-78,L @ Phoenix Mercury 78-94
2022,2022-07-22,Connecticut Sun,94,Minnesota Lynx,84,10.0,-10.0,1,0,2163,5763,L,W,L vs. Connecticut Sun 84-94,W @ Minnesota Lynx 94-84
2022,2022-07-23,Chicago Sky,80,New York Liberty,83,-3.0,3.0,0,1,2164,5764,W,L,W vs. Chicago Sky 83-80,L @ New York Liberty 80-83
2022,2022-07-23,Los Angeles Sparks,66,Las Vegas Aces,84,-18.0,18.0,0,1,2164,5765,W,L,W vs. Los Angeles Sparks 84-66,L @ Las Vegas Aces 66-84
2022,2022-07-24,Dallas Wings,96,Indiana Fever,86,10.0,-10.0,1,0,2165,5766,L,W,L vs. Dallas Wings 86-96,W @ Indiana Fever 96-86
2022,2022-07-24,Atlanta Dream,72,Seattle Storm,82,-10.0,10.0,0,1,2165,5767,W,L,W vs. Atlanta Dream 82-72,L @ Seattle Storm 72-82
2022,2022-07-24,Connecticut Sun,86,Minnesota Lynx,79,7.0,-7.0,1,0,2165,5768,L,W,L vs. Connecticut Sun 79-86,W @ Minnesota Lynx 86-79
2022,2022-07-28,Washington Mystics,87,Dallas Wings,77,10.0,-10.0,1,0,2166,5769,L,W,L vs. Washington Mystics 77-87,W @ Dallas Wings 87-77
2022,2022-07-28,Los Angeles Sparks,80,Phoenix Mercury,90,-10.0,10.0,0,1,2166,5770,W,L,W vs. Los Angeles Sparks 90-80,L @ Phoenix Mercury 80-90
2022,2022-07-28,Seattle Storm,83,Connecticut Sun,88,-5.0,5.0,0,1,2166,5771,W,L,W vs. Seattle Storm 88-83,L @ Connecticut Sun 83-88
2022,2022-07-28,Minnesota Lynx,92,Atlanta Dream,85,7.0,-7.0,1,0,2166,5772,L,W,L vs. Minnesota Lynx 85-92,W @ Atlanta Dream 92-85
2022,2022-07-29,New York Liberty,81,Chicago Sky,89,-8.0,8.0,0,1,2167,5773,W,L,W vs. New York Liberty 89-81,L @ Chicago Sky 81-89
2022,2022-07-29,Las Vegas Aces,93,Indiana Fever,72,21.0,-21.0,1,0,2167,5774,L,W,L vs. Las Vegas Aces 72-93,W @ Indiana Fever 93-72
2022,2022-07-30,Dallas Wings,81,Atlanta Dream,68,13.0,-13.0,1,0,2168,5775,L,W,L vs. Dallas Wings 68-81,W @ Atlanta Dream 81-68
2022,2022-07-30,Seattle Storm,82,Washington Mystics,77,5.0,-5.0,1,0,2168,5776,L,W,L vs. Seattle Storm 77-82,W @ Washington Mystics 82-77
2022,2022-07-31,Minnesota Lynx,84,Los Angeles Sparks,77,7.0,-7.0,1,0,2169,5777,L,W,L vs. Minnesota Lynx 77-84,W @ Los Angeles Sparks 84-77
2022,2022-07-31,Seattle Storm,75,Washington Mystics,78,-3.0,3.0,0,1,2169,5778,W,L,W vs. Seattle Storm 78-75,L @ Washington Mystics 75-78
2022,2022-07-31,Chicago Sky,95,Connecticut Sun,92,3.0,-3.0,1,0,2169,5779,L,W,L vs. Chicago Sky 92-95,W @ Connecticut Sun 95-92
2022,2022-07-31,Las Vegas Aces,94,Indiana Fever,69,25.0,-25.0,1,0,2169,5780,L,W,L vs. Las Vegas Aces 69-94,W @ Indiana Fever 94-69
2022,2022-07-31,Phoenix Mercury,69,New York Liberty,89,-20.0,20.0,0,1,2169,5781,W,L,W vs. Phoenix Mercury 89-69,L @ New York Liberty 69-89
2022,2022-08-02,Dallas Wings,84,Chicago Sky,78,6.0,-6.0,1,0,2170,5782,L,W,L vs. Dallas Wings 78-84,W @ Chicago Sky 84-78
2022,2022-08-02,Las Vegas Aces,73,Washington Mystics,83,-10.0,10.0,0,1,2170,5783,W,L,W vs. Las Vegas Aces 83-73,L @ Washington Mystics 73-83
2022,2022-08-02,Phoenix Mercury,63,Connecticut Sun,87,-24.0,24.0,0,1,2170,5784,W,L,W vs. Phoenix Mercury 87-63,L @ Connecticut Sun 63-87
2022,2022-08-02,Los Angeles Sparks,73,New York Liberty,102,-29.0,29.0,0,1,2170,5785,W,L,W vs. Los Angeles Sparks 102-73,L @ New York Liberty 73-102
2022,2022-08-03,Indiana Fever,81,Atlanta Dream,91,-10.0,10.0,0,1,2171,5786,W,L,W vs. Indiana Fever 91-81,L @ Atlanta Dream 81-91
2022,2022-08-03,Los Angeles Sparks,61,New York Liberty,64,-3.0,3.0,0,1,2171,5787,W,L,W vs. Los Angeles Sparks 64-61,L @ New York Liberty 61-64
2022,2022-08-03,Minnesota Lynx,77,Seattle Storm,89,-12.0,12.0,0,1,2171,5788,W,L,W vs. Minnesota Lynx 89-77,L @ Seattle Storm 77-89
2022,2022-08-04,Las Vegas Aces,80,Dallas Wings,82,-2.0,2.0,0,1,2172,5789,W,L,W vs. Las Vegas Aces 82-80,L @ Dallas Wings 80-82
2022,2022-08-04,Phoenix Mercury,64,Connecticut Sun,77,-13.0,13.0,0,1,2172,5790,W,L,W vs. Phoenix Mercury 77-64,L @ Connecticut Sun 64-77
2022,2022-08-05,Washington Mystics,83,Chicago Sky,93,-10.0,10.0,0,1,2173,5791,W,L,W vs. Washington Mystics 93-83,L @ Chicago Sky 83-93
2022,2022-08-05,Los Angeles Sparks,86,Atlanta Dream,88,-2.0,2.0,0,1,2173,5792,W,L,W vs. Los Angeles Sparks 88-86,L @ Atlanta Dream 86-88
2022,2022-08-06,Indiana Fever,91,Dallas Wings,95,-4.0,4.0,0,1,2174,5793,W,L,W vs. Indiana Fever 95-91,L @ Dallas Wings 91-95
2022,2022-08-06,New York Liberty,62,Phoenix Mercury,76,-14.0,14.0,0,1,2174,5794,W,L,W vs. New York Liberty 76-62,L @ Phoenix Mercury 62-76
2022,2022-08-07,Atlanta Dream,71,Minnesota Lynx,81,-10.0,10.0,0,1,2175,5795,W,L,W vs. Atlanta Dream 81-71,L @ Minnesota Lynx 71-81
2022,2022-08-07,Las Vegas Aces,89,Seattle Storm,81,8.0,-8.0,1,0,2175,5796,L,W,L vs. Las Vegas Aces 81-89,W @ Seattle Storm 89-81
2022,2022-08-07,Connecticut Sun,91,Chicago Sky,94,-3.0,3.0,0,1,2175,5797,W,L,W vs. Connecticut Sun 94-91,L @ Chicago Sky 91-94
2022,2022-08-07,Los Angeles Sparks,79,Washington Mystics,76,3.0,-3.0,1,0,2175,5798,L,W,L vs. Los Angeles Sparks 76-79,W @ Washington Mystics 79-76
2022,2022-08-08,New York Liberty,77,Dallas Wings,86,-9.0,9.0,0,1,2176,5799,W,L,W vs. New York Liberty 86-77,L @ Dallas Wings 77-86
2022,2022-08-09,Connecticut Sun,97,Los Angeles Sparks,71,26.0,-26.0,1,0,2177,5800,L,W,L vs. Connecticut Sun 71-97,W @ Los Angeles Sparks 97-71
2022,2022-08-09,Seattle Storm,111,Chicago Sky,100,11.0,-11.0,1,0,2177,5801,L,W,L vs. Seattle Storm 100-111,W @ Chicago Sky 111-100
2022,2022-08-09,Atlanta Dream,90,Las Vegas Aces,97,-7.0,7.0,0,1,2177,5802,W,L,W vs. Atlanta Dream 97-90,L @ Las Vegas Aces 90-97
2022,2022-08-10,Minnesota Lynx,86,Phoenix Mercury,77,9.0,-9.0,1,0,2178,5803,L,W,L vs. Minnesota Lynx 77-86,W @ Phoenix Mercury 86-77
2022,2022-08-10,New York Liberty,91,Dallas Wings,73,18.0,-18.0,1,0,2178,5804,L,W,L vs. New York Liberty 73-91,W @ Dallas Wings 91-73
2022,2022-08-11,Chicago Sky,78,Las Vegas Aces,89,-11.0,11.0,0,1,2179,5805,W,L,W vs. Chicago Sky 89-78,L @ Las Vegas Aces 78-89
2022,2022-08-11,Connecticut Sun,93,Los Angeles Sparks,69,24.0,-24.0,1,0,2179,5806,L,W,L vs. Connecticut Sun 69-93,W @ Los Angeles Sparks 93-69
2022,2022-08-12,Washington Mystics,82,Indiana Fever,70,12.0,-12.0,1,0,2180,5807,L,W,L vs. Washington Mystics 70-82,W @ Indiana Fever 82-70
2022,2022-08-12,New York Liberty,80,Atlanta Dream,70,10.0,-10.0,1,0,2180,5808,L,W,L vs. New York Liberty 70-80,W @ Atlanta Dream 80-70
2022,2022-08-12,Dallas Wings,74,Phoenix Mercury,86,-12.0,12.0,0,1,2180,5809,W,L,W vs. Dallas Wings 86-74,L @ Phoenix Mercury 74-86
2022,2022-08-12,Seattle Storm,96,Minnesota Lynx,69,27.0,-27.0,1,0,2180,5810,L,W,L vs. Seattle Storm 69-96,W @ Minnesota Lynx 96-69
2022,2022-08-14,Seattle Storm,100,Las Vegas Aces,109,-9.0,9.0,0,1,2181,5811,W,L,W vs. Seattle Storm 109-100,L @ Las Vegas Aces 100-109
2022,2022-08-14,Indiana Fever,83,Washington Mystics,95,-12.0,12.0,0,1,2181,5812,W,L,W vs. Indiana Fever 95-83,L @ Washington Mystics 83-95
2022,2022-08-14,Minnesota Lynx,83,Connecticut Sun,90,-7.0,7.0,0,1,2181,5813,W,L,W vs. Minnesota Lynx 90-83,L @ Connecticut Sun 83-90
2022,2022-08-14,Chicago Sky,82,Phoenix Mercury,67,15.0,-15.0,1,0,2181,5814,L,W,L vs. Chicago Sky 67-82,W @ Phoenix Mercury 82-67
2022,2022-08-14,Dallas Wings,116,Los Angeles Sparks,88,28.0,-28.0,1,0,2181,5815,L,W,L vs. Dallas Wings 88-116,W @ Los Angeles Sparks 116-88
2022,2022-08-14,Atlanta Dream,83,New York Liberty,87,-4.0,4.0,0,1,2181,5816,W,L,W vs. Atlanta Dream 87-83,L @ New York Liberty 83-87
2022,2022-08-17,Phoenix Mercury,63,Las Vegas Aces,79,-16.0,16.0,0,1,2182,5817,W,L,W vs. Phoenix Mercury 79-63,L @ Las Vegas Aces 63-79
2022,2022-08-17,New York Liberty,98,Chicago Sky,91,7.0,-7.0,1,0,2182,5818,L,W,L vs. New York Liberty 91-98,W @ Chicago Sky 98-91
2022,2022-08-18,Dallas Wings,68,Connecticut Sun,93,-25.0,25.0,0,1,2183,5819,W,L,W vs. Dallas Wings 93-68,L @ Connecticut Sun 68-93
2022,2022-08-18,Washington Mystics,83,Seattle Storm,86,-3.0,3.0,0,1,2183,5820,W,L,W vs. Washington Mystics 86-83,L @ Seattle Storm 83-86
2022,2022-08-20,New York Liberty,62,Chicago Sky,100,-38.0,38.0,0,1,2184,5821,W,L,W vs. New York Liberty 100-62,L @ Chicago Sky 62-100
2022,2022-08-20,Phoenix Mercury,80,Las Vegas Aces,117,-37.0,37.0,0,1,2184,5822,W,L,W vs. Phoenix Mercury 117-80,L @ Las Vegas Aces 80-117
2022,2022-08-21,Washington Mystics,84,Seattle Storm,97,-13.0,13.0,0,1,2185,5823,W,L,W vs. Washington Mystics 97-84,L @ Seattle Storm 84-97
2022,2022-08-21,Dallas Wings,89,Connecticut Sun,79,10.0,-10.0,1,0,2185,5824,L,W,L vs. Dallas Wings 79-89,W @ Connecticut Sun 89-79
2022,2022-08-23,Chicago Sky,90,New York Liberty,72,18.0,-18.0,1,0,2186,5825,L,W,L vs. Chicago Sky 72-90,W @ New York Liberty 90-72
2022,2022-08-24,Connecticut Sun,73,Dallas Wings,58,15.0,-15.0,1,0,2187,5826,L,W,L vs. Connecticut Sun 58-73,W @ Dallas Wings 73-58
2022,2022-08-28,Seattle Storm,76,Las Vegas Aces,73,3.0,-3.0,1,0,2188,5827,L,W,L vs. Seattle Storm 73-76,W @ Las Vegas Aces 76-73
2022,2022-08-28,Connecticut Sun,68,Chicago Sky,63,5.0,-5.0,1,0,2188,5828,L,W,L vs. Connecticut Sun 63-68,W @ Chicago Sky 68-63
2022,2022-08-31,Seattle Storm,73,Las Vegas Aces,78,-5.0,5.0,0,1,2189,5829,W,L,W vs. Seattle Storm 78-73,L @ Las Vegas Aces 73-78
2022,2022-08-31,Connecticut Sun,77,Chicago Sky,85,-8.0,8.0,0,1,2189,5830,W,L,W vs. Connecticut Sun 85-77,L @ Chicago Sky 77-85
2022,2022-09-04,Las Vegas Aces,110,Seattle Storm,98,12.0,-12.0,1,0,2190,5831,L,W,L vs. Las Vegas Aces 98-110,W @ Seattle Storm 110-98
2022,2022-09-04,Chicago Sky,76,Connecticut Sun,72,4.0,-4.0,1,0,2190,5832,L,W,L vs. Chicago Sky 72-76,W @ Connecticut Sun 76-72
2022,2022-09-06,Chicago Sky,80,Connecticut Sun,104,-24.0,24.0,0,1,2191,5833,W,L,W vs. Chicago Sky 104-80,L @ Connecticut Sun 80-104
2022,2022-09-06,Las Vegas Aces,97,Seattle Storm,92,5.0,-5.0,1,0,2191,5834,L,W,L vs. Las Vegas Aces 92-97,W @ Seattle Storm 97-92
2022,2022-09-08,Connecticut Sun,72,Chicago Sky,63,9.0,-9.0,1,0,2192,5835,L,W,L vs. Connecticut Sun 63-72,W @ Chicago Sky 72-63
2022,2022-09-11,Connecticut Sun,64,Las Vegas Aces,67,-3.0,3.0,0,1,2193,5836,W,L,W vs. Connecticut Sun 67-64,L @ Las Vegas Aces 64-67
2022,2022-09-13,Connecticut Sun,71,Las Vegas Aces,85,-14.0,14.0,0,1,2194,5837,W,L,W vs. Connecticut Sun 85-71,L @ Las Vegas Aces 71-85
2022,2022-09-15,Las Vegas Aces,76,Connecticut Sun,105,-29.0,29.0,0,1,2195,5838,W,L,W vs. Las Vegas Aces 105-76,L @ Connecticut Sun 76-105
2022,2022-09-18,Las Vegas Aces,78,Connecticut Sun,71,7.0,-7.0,1,0,2196,5839,L,W,L vs. Las Vegas Aces 71-78,W @ Connecticut Sun 78-71
2023,2023-05-19,Chicago Sky,77,Minnesota Lynx,66,11.0,-11.0,1,0,2197,5840,L,W,L vs. Chicago Sky 66-77,W @ Minnesota Lynx 77-66
2023,2023-05-19,Connecticut Sun,70,Indiana Fever,61,9.0,-9.0,1,0,2197,5841,L,W,L vs. Connecticut Sun 61-70,W @ Indiana Fever 70-61
2023,2023-05-19,Phoenix Mercury,71,Los Angeles Sparks,94,-23.0,23.0,0,1,2197,5842,W,L,W vs. Phoenix Mercury 94-71,L @ Los Angeles Sparks 71-94
2023,2023-05-19,New York Liberty,64,Washington Mystics,80,-16.0,16.0,0,1,2197,5843,W,L,W vs. New York Liberty 80-64,L @ Washington Mystics 64-80
2023,2023-05-20,Atlanta Dream,78,Dallas Wings,85,-7.0,7.0,0,1,2198,5844,W,L,W vs. Atlanta Dream 85-78,L @ Dallas Wings 78-85
2023,2023-05-20,Las Vegas Aces,105,Seattle Storm,64,41.0,-41.0,1,0,2198,5845,L,W,L vs. Las Vegas Aces 64-105,W @ Seattle Storm 105-64
2023,2023-05-21,Indiana Fever,73,New York Liberty,90,-17.0,17.0,0,1,2199,5846,W,L,W vs. Indiana Fever 90-73,L @ New York Liberty 73-90
2023,2023-05-21,Chicago Sky,75,Phoenix Mercury,69,6.0,-6.0,1,0,2199,5847,L,W,L vs. Chicago Sky 69-75,W @ Phoenix Mercury 75-69
2023,2023-05-21,Washington Mystics,74,Connecticut Sun,80,-6.0,6.0,0,1,2199,5848,W,L,W vs. Washington Mystics 80-74,L @ Connecticut Sun 74-80
2023,2023-05-23,Connecticut Sun,88,Washington Mystics,81,7.0,-7.0,1,0,2200,5849,L,W,L vs. Connecticut Sun 81-88,W @ Washington Mystics 88-81
2023,2023-05-23,Atlanta Dream,83,Minnesota Lynx,77,6.0,-6.0,1,0,2200,5850,L,W,L vs. Atlanta Dream 77-83,W @ Minnesota Lynx 83-77
2023,2023-05-25,Minnesota Lynx,81,Phoenix Mercury,90,-9.0,9.0,0,1,2201,5851,W,L,W vs. Minnesota Lynx 90-81,L @ Phoenix Mercury 81-90
2023,2023-05-25,Las Vegas Aces,94,Los Angeles Sparks,85,9.0,-9.0,1,0,2201,5852,L,W,L vs. Las Vegas Aces 85-94,W @ Los Angeles Sparks 94-85
2023,2023-05-26,Dallas Wings,95,Seattle Storm,91,4.0,-4.0,1,0,2202,5853,L,W,L vs. Dallas Wings 91-95,W @ Seattle Storm 95-91
2023,2023-05-26,Washington Mystics,71,Chicago Sky,69,2.0,-2.0,1,0,2202,5854,L,W,L vs. Washington Mystics 69-71,W @ Chicago Sky 71-69
2023,2023-05-27,Connecticut Sun,65,New York Liberty,81,-16.0,16.0,0,1,2203,5855,W,L,W vs. Connecticut Sun 81-65,L @ New York Liberty 65-81
2023,2023-05-27,Los Angeles Sparks,65,Las Vegas Aces,93,-28.0,28.0,0,1,2203,5856,W,L,W vs. Los Angeles Sparks 93-65,L @ Las Vegas Aces 65-93
2023,2023-05-28,Dallas Wings,88,Chicago Sky,94,-6.0,6.0,0,1,2204,5857,W,L,W vs. Dallas Wings 94-88,L @ Chicago Sky 88-94
2023,2023-05-28,Minnesota Lynx,73,Las Vegas Aces,94,-21.0,21.0,0,1,2204,5858,W,L,W vs. Minnesota Lynx 94-73,L @ Las Vegas Aces 73-94
2023,2023-05-28,Indiana Fever,90,Atlanta Dream,87,3.0,-3.0,1,0,2204,5859,L,W,L vs. Indiana Fever 87-90,W @ Atlanta Dream 90-87
2023,2023-05-30,Minnesota Lynx,89,Dallas Wings,94,-5.0,5.0,0,1,2205,5860,W,L,W vs. Minnesota Lynx 94-89,L @ Dallas Wings 89-94
2023,2023-05-30,Chicago Sky,65,Atlanta Dream,83,-18.0,18.0,0,1,2205,5861,W,L,W vs. Chicago Sky 83-65,L @ Atlanta Dream 65-83
2023,2023-05-30,Indiana Fever,78,Connecticut Sun,81,-3.0,3.0,0,1,2205,5862,W,L,W vs. Indiana Fever 81-78,L @ Connecticut Sun 78-81
2023,2023-05-30,New York Liberty,86,Seattle Storm,78,8.0,-8.0,1,0,2205,5863,L,W,L vs. New York Liberty 78-86,W @ Seattle Storm 86-78
2023,2023-06-01,Connecticut Sun,89,Minnesota Lynx,84,5.0,-5.0,1,0,2206,5864,L,W,L vs. Connecticut Sun 84-89,W @ Minnesota Lynx 89-84
2023,2023-06-02,Los Angeles Sparks,99,Phoenix Mercury,93,6.0,-6.0,1,0,2207,5865,L,W,L vs. Los Angeles Sparks 93-99,W @ Phoenix Mercury 99-93
2023,2023-06-02,Las Vegas Aces,92,Atlanta Dream,87,5.0,-5.0,1,0,2207,5866,L,W,L vs. Las Vegas Aces 87-92,W @ Atlanta Dream 92-87
2023,2023-06-02,Dallas Wings,74,Washington Mystics,75,-1.0,1.0,0,1,2207,5867,W,L,W vs. Dallas Wings 75-74,L @ Washington Mystics 74-75
2023,2023-06-02,New York Liberty,77,Chicago Sky,76,1.0,-1.0,1,0,2207,5868,L,W,L vs. New York Liberty 76-77,W @ Chicago Sky 77-76
2023,2023-06-03,Minnesota Lynx,80,Washington Mystics,78,2.0,-2.0,1,0,2208,5869,L,W,L vs. Minnesota Lynx 78-80,W @ Washington Mystics 80-78
2023,2023-06-03,Seattle Storm,85,Los Angeles Sparks,92,-7.0,7.0,0,1,2208,5870,W,L,W vs. Seattle Storm 92-85,L @ Los Angeles Sparks 85-92
2023,2023-06-04,Chicago Sky,86,New York Liberty,82,4.0,-4.0,1,0,2209,5871,L,W,L vs. Chicago Sky 82-86,W @ New York Liberty 86-82
2023,2023-06-04,Dallas Wings,74,Connecticut Sun,80,-6.0,6.0,0,1,2209,5872,W,L,W vs. Dallas Wings 80-74,L @ Connecticut Sun 74-80
2023,2023-06-04,Las Vegas Aces,84,Indiana Fever,80,4.0,-4.0,1,0,2209,5873,L,W,L vs. Las Vegas Aces 80-84,W @ Indiana Fever 84-80
2023,2023-06-06,Indiana Fever,103,Chicago Sky,108,-5.0,5.0,0,1,2210,5874,W,L,W vs. Indiana Fever 108-103,L @ Chicago Sky 103-108
2023,2023-06-06,Los Angeles Sparks,63,Seattle Storm,66,-3.0,3.0,0,1,2210,5875,W,L,W vs. Los Angeles Sparks 66-63,L @ Seattle Storm 63-66
2023,2023-06-06,Las Vegas Aces,90,Connecticut Sun,84,6.0,-6.0,1,0,2210,5876,L,W,L vs. Las Vegas Aces 84-90,W @ Connecticut Sun 90-84
2023,2023-06-07,Phoenix Mercury,79,Dallas Wings,84,-5.0,5.0,0,1,2211,5877,W,L,W vs. Phoenix Mercury 84-79,L @ Dallas Wings 79-84
2023,2023-06-08,Las Vegas Aces,77,Connecticut Sun,94,-17.0,17.0,0,1,2212,5878,W,L,W vs. Las Vegas Aces 94-77,L @ Connecticut Sun 77-94
2023,2023-06-09,Indiana Fever,71,Minnesota Lynx,69,2.0,-2.0,1,0,2213,5879,L,W,L vs. Indiana Fever 69-71,W @ Minnesota Lynx 71-69
2023,2023-06-09,New York Liberty,106,Atlanta Dream,83,23.0,-23.0,1,0,2213,5880,L,W,L vs. New York Liberty 83-106,W @ Atlanta Dream 106-83
2023,2023-06-09,Chicago Sky,62,Los Angeles Sparks,77,-15.0,15.0,0,1,2213,5881,W,L,W vs. Chicago Sky 77-62,L @ Los Angeles Sparks 62-77
2023,2023-06-09,Washington Mystics,73,Seattle Storm,66,7.0,-7.0,1,0,2213,5882,L,W,L vs. Washington Mystics 66-73,W @ Seattle Storm 73-66
2023,2023-06-09,Phoenix Mercury,77,Dallas Wings,90,-13.0,13.0,0,1,2213,5883,W,L,W vs. Phoenix Mercury 90-77,L @ Dallas Wings 77-90
2023,2023-06-11,Connecticut Sun,89,Atlanta Dream,77,12.0,-12.0,1,0,2214,5884,L,W,L vs. Connecticut Sun 77-89,W @ Atlanta Dream 89-77
2023,2023-06-11,Dallas Wings,93,New York Liberty,102,-9.0,9.0,0,1,2214,5885,W,L,W vs. Dallas Wings 102-93,L @ New York Liberty 93-102
2023,2023-06-11,Los Angeles Sparks,86,Minnesota Lynx,91,-5.0,5.0,0,1,2214,5886,W,L,W vs. Los Angeles Sparks 91-86,L @ Minnesota Lynx 86-91
2023,2023-06-11,Chicago Sky,80,Las Vegas Aces,93,-13.0,13.0,0,1,2214,5887,W,L,W vs. Chicago Sky 93-80,L @ Las Vegas Aces 80-93
2023,2023-06-11,Phoenix Mercury,85,Indiana Fever,82,3.0,-3.0,1,0,2214,5888,L,W,L vs. Phoenix Mercury 82-85,W @ Indiana Fever 85-82
2023,2023-06-11,Washington Mystics,71,Seattle Storm,65,6.0,-6.0,1,0,2214,5889,L,W,L vs. Washington Mystics 65-71,W @ Seattle Storm 71-65
2023,2023-06-13,Seattle Storm,83,Phoenix Mercury,69,14.0,-14.0,1,0,2215,5890,L,W,L vs. Seattle Storm 69-83,W @ Phoenix Mercury 83-69
2023,2023-06-13,Atlanta Dream,86,New York Liberty,79,7.0,-7.0,1,0,2215,5891,L,W,L vs. Atlanta Dream 79-86,W @ New York Liberty 86-79
2023,2023-06-13,Washington Mystics,66,Indiana Fever,87,-21.0,21.0,0,1,2215,5892,W,L,W vs. Washington Mystics 87-66,L @ Indiana Fever 66-87
2023,2023-06-14,Los Angeles Sparks,79,Dallas Wings,61,18.0,-18.0,1,0,2216,5893,L,W,L vs. Los Angeles Sparks 61-79,W @ Dallas Wings 79-61
2023,2023-06-15,Seattle Storm,63,Las Vegas Aces,96,-33.0,33.0,0,1,2217,5894,W,L,W vs. Seattle Storm 96-63,L @ Las Vegas Aces 63-96
2023,2023-06-15,Indiana Fever,92,Chicago Sky,90,2.0,-2.0,1,0,2217,5895,L,W,L vs. Indiana Fever 90-92,W @ Chicago Sky 92-90
2023,2023-06-15,Atlanta Dream,92,Connecticut Sun,88,4.0,-4.0,1,0,2217,5896,L,W,L vs. Atlanta Dream 88-92,W @ Connecticut Sun 92-88
2023,2023-06-16,Phoenix Mercury,69,Washington Mystics,88,-19.0,19.0,0,1,2218,5897,W,L,W vs. Phoenix Mercury 88-69,L @ Washington Mystics 69-88
2023,2023-06-16,Minnesota Lynx,77,Los Angeles Sparks,72,5.0,-5.0,1,0,2218,5898,L,W,L vs. Minnesota Lynx 72-77,W @ Los Angeles Sparks 77-72
2023,2023-06-17,Seattle Storm,109,Dallas Wings,103,6.0,-6.0,1,0,2219,5899,L,W,L vs. Seattle Storm 103-109,W @ Dallas Wings 109-103
2023,2023-06-18,Minnesota Lynx,62,Las Vegas Aces,93,-31.0,31.0,0,1,2220,5900,W,L,W vs. Minnesota Lynx 93-62,L @ Las Vegas Aces 62-93
2023,2023-06-18,Chicago Sky,69,Washington Mystics,77,-8.0,8.0,0,1,2220,5901,W,L,W vs. Chicago Sky 77-69,L @ Washington Mystics 69-77
2023,2023-06-18,Atlanta Dream,100,Indiana Fever,94,6.0,-6.0,1,0,2220,5902,L,W,L vs. Atlanta Dream 94-100,W @ Indiana Fever 100-94
2023,2023-06-18,Phoenix Mercury,71,New York Liberty,89,-18.0,18.0,0,1,2220,5903,W,L,W vs. Phoenix Mercury 89-71,L @ New York Liberty 71-89
2023,2023-06-18,Connecticut Sun,83,Los Angeles Sparks,74,9.0,-9.0,1,0,2220,5904,L,W,L vs. Connecticut Sun 74-83,W @ Los Angeles Sparks 83-74
2023,2023-06-20,Connecticut Sun,85,Seattle Storm,79,6.0,-6.0,1,0,2221,5905,L,W,L vs. Connecticut Sun 79-85,W @ Seattle Storm 85-79
2023,2023-06-20,Atlanta Dream,73,Dallas Wings,85,-12.0,12.0,0,1,2221,5906,W,L,W vs. Atlanta Dream 85-73,L @ Dallas Wings 73-85
2023,2023-06-20,Minnesota Lynx,67,Los Angeles Sparks,61,6.0,-6.0,1,0,2221,5907,L,W,L vs. Minnesota Lynx 61-67,W @ Los Angeles Sparks 67-61
2023,2023-06-21,Las Vegas Aces,99,Phoenix Mercury,79,20.0,-20.0,1,0,2222,5908,L,W,L vs. Las Vegas Aces 79-99,W @ Phoenix Mercury 99-79
2023,2023-06-22,Connecticut Sun,89,Minnesota Lynx,68,21.0,-21.0,1,0,2223,5909,L,W,L vs. Connecticut Sun 68-89,W @ Minnesota Lynx 89-68
2023,2023-06-22,Indiana Fever,80,Seattle Storm,68,12.0,-12.0,1,0,2223,5910,L,W,L vs. Indiana Fever 68-80,W @ Seattle Storm 80-68
2023,2023-06-22,Washington Mystics,80,Chicago Sky,59,21.0,-21.0,1,0,2223,5911,L,W,L vs. Washington Mystics 59-80,W @ Chicago Sky 80-59
2023,2023-06-23,New York Liberty,110,Atlanta Dream,80,30.0,-30.0,1,0,2224,5912,L,W,L vs. New York Liberty 80-110,W @ Atlanta Dream 110-80
2023,2023-06-23,Dallas Wings,74,Los Angeles Sparks,76,-2.0,2.0,0,1,2224,5913,W,L,W vs. Dallas Wings 76-74,L @ Los Angeles Sparks 74-76
2023,2023-06-24,Phoenix Mercury,74,Seattle Storm,97,-23.0,23.0,0,1,2225,5914,W,L,W vs. Phoenix Mercury 97-74,L @ Seattle Storm 74-97
2023,2023-06-24,Indiana Fever,88,Las Vegas Aces,101,-13.0,13.0,0,1,2225,5915,W,L,W vs. Indiana Fever 101-88,L @ Las Vegas Aces 88-101
2023,2023-06-25,Washington Mystics,88,New York Liberty,89,-1.0,1.0,0,1,2226,5916,W,L,W vs. Washington Mystics 89-88,L @ New York Liberty 88-89
2023,2023-06-25,Chicago Sky,72,Connecticut Sun,96,-24.0,24.0,0,1,2226,5917,W,L,W vs. Chicago Sky 96-72,L @ Connecticut Sun 72-96
2023,2023-06-25,Dallas Wings,83,Los Angeles Sparks,93,-10.0,10.0,0,1,2226,5918,W,L,W vs. Dallas Wings 93-83,L @ Los Angeles Sparks 83-93
2023,2023-06-26,Indiana Fever,80,Las Vegas Aces,88,-8.0,8.0,0,1,2227,5919,W,L,W vs. Indiana Fever 88-80,L @ Las Vegas Aces 80-88
2023,2023-06-27,New York Liberty,89,Connecticut Sun,81,8.0,-8.0,1,0,2228,5920,L,W,L vs. New York Liberty 81-89,W @ Connecticut Sun 89-81
2023,2023-06-27,Dallas Wings,77,Phoenix Mercury,62,15.0,-15.0,1,0,2228,5921,L,W,L vs. Dallas Wings 62-77,W @ Phoenix Mercury 77-62
2023,2023-06-27,Seattle Storm,93,Minnesota Lynx,104,-11.0,11.0,0,1,2228,5922,W,L,W vs. Seattle Storm 104-93,L @ Minnesota Lynx 93-104
2023,2023-06-28,Atlanta Dream,86,Washington Mystics,109,-23.0,23.0,0,1,2229,5923,W,L,W vs. Atlanta Dream 109-86,L @ Washington Mystics 86-109
2023,2023-06-28,Los Angeles Sparks,63,Chicago Sky,80,-17.0,17.0,0,1,2229,5924,W,L,W vs. Los Angeles Sparks 80-63,L @ Chicago Sky 63-80
2023,2023-06-29,Indiana Fever,63,Phoenix Mercury,85,-22.0,22.0,0,1,2230,5925,W,L,W vs. Indiana Fever 85-63,L @ Phoenix Mercury 63-85
2023,2023-06-29,Minnesota Lynx,99,Seattle Storm,97,2.0,-2.0,1,0,2230,5926,L,W,L vs. Minnesota Lynx 97-99,W @ Seattle Storm 99-97
2023,2023-06-29,New York Liberty,81,Las Vegas Aces,98,-17.0,17.0,0,1,2230,5927,W,L,W vs. New York Liberty 98-81,L @ Las Vegas Aces 81-98
2023,2023-06-30,Washington Mystics,89,Atlanta Dream,94,-5.0,5.0,0,1,2231,5928,W,L,W vs. Washington Mystics 94-89,L @ Atlanta Dream 89-94
2023,2023-06-30,Los Angeles Sparks,78,Chicago Sky,86,-8.0,8.0,0,1,2231,5929,W,L,W vs. Los Angeles Sparks 86-78,L @ Chicago Sky 78-86
2023,2023-07-01,Minnesota Lynx,86,Phoenix Mercury,76,10.0,-10.0,1,0,2232,5930,L,W,L vs. Minnesota Lynx 76-86,W @ Phoenix Mercury 86-76
2023,2023-07-01,Connecticut Sun,84,Las Vegas Aces,102,-18.0,18.0,0,1,2232,5931,W,L,W vs. Connecticut Sun 102-84,L @ Las Vegas Aces 84-102
2023,2023-07-02,Washington Mystics,72,Dallas Wings,89,-17.0,17.0,0,1,2233,5932,W,L,W vs. Washington Mystics 89-72,L @ Dallas Wings 72-89
2023,2023-07-02,Los Angeles Sparks,84,Atlanta Dream,112,-28.0,28.0,0,1,2233,5933,W,L,W vs. Los Angeles Sparks 112-84,L @ Atlanta Dream 84-112
2023,2023-07-02,New York Liberty,81,Seattle Storm,66,15.0,-15.0,1,0,2233,5934,L,W,L vs. New York Liberty 66-81,W @ Seattle Storm 81-66
2023,2023-07-02,Chicago Sky,89,Indiana Fever,87,2.0,-2.0,1,0,2233,5935,L,W,L vs. Chicago Sky 87-89,W @ Indiana Fever 89-87
2023,2023-07-05,Phoenix Mercury,95,New York Liberty,99,-4.0,4.0,0,1,2234,5936,W,L,W vs. Phoenix Mercury 99-95,L @ New York Liberty 95-99
2023,2023-07-05,Dallas Wings,82,Las Vegas Aces,89,-7.0,7.0,0,1,2234,5937,W,L,W vs. Dallas Wings 89-82,L @ Las Vegas Aces 82-89
2023,2023-07-05,Indiana Fever,83,Minnesota Lynx,90,-7.0,7.0,0,1,2234,5938,W,L,W vs. Indiana Fever 90-83,L @ Minnesota Lynx 83-90
2023,2023-07-05,Atlanta Dream,90,Los Angeles Sparks,79,11.0,-11.0,1,0,2234,5939,L,W,L vs. Atlanta Dream 79-90,W @ Los Angeles Sparks 90-79
2023,2023-07-06,Seattle Storm,73,Connecticut Sun,93,-20.0,20.0,0,1,2235,5940,W,L,W vs. Seattle Storm 93-73,L @ Connecticut Sun 73-93
2023,2023-07-07,Phoenix Mercury,64,Minnesota Lynx,75,-11.0,11.0,0,1,2236,5941,W,L,W vs. Phoenix Mercury 75-64,L @ Minnesota Lynx 64-75
2023,2023-07-07,Indiana Fever,88,Washington Mystics,96,-8.0,8.0,0,1,2236,5942,W,L,W vs. Indiana Fever 96-88,L @ Washington Mystics 88-96
2023,2023-07-07,Las Vegas Aces,78,Dallas Wings,80,-2.0,2.0,0,1,2236,5943,W,L,W vs. Las Vegas Aces 80-78,L @ Dallas Wings 78-80
2023,2023-07-07,Atlanta Dream,82,Chicago Sky,68,14.0,-14.0,1,0,2236,5944,L,W,L vs. Atlanta Dream 68-82,W @ Chicago Sky 82-68
2023,2023-07-08,Seattle Storm,76,New York Liberty,80,-4.0,4.0,0,1,2237,5945,W,L,W vs. Seattle Storm 80-76,L @ New York Liberty 76-80
2023,2023-07-09,Los Angeles Sparks,72,Phoenix Mercury,78,-6.0,6.0,0,1,2238,5946,W,L,W vs. Los Angeles Sparks 78-72,L @ Phoenix Mercury 72-78
2023,2023-07-09,Washington Mystics,84,Connecticut Sun,92,-8.0,8.0,0,1,2238,5947,W,L,W vs. Washington Mystics 92-84,L @ Connecticut Sun 84-92
2023,2023-07-09,Las Vegas Aces,113,Minnesota Lynx,89,24.0,-24.0,1,0,2238,5948,L,W,L vs. Las Vegas Aces 89-113,W @ Minnesota Lynx 113-89
2023,2023-07-09,Atlanta Dream,88,Chicago Sky,77,11.0,-11.0,1,0,2238,5949,L,W,L vs. Atlanta Dream 77-88,W @ Chicago Sky 88-77
2023,2023-07-09,Dallas Wings,77,Indiana Fever,76,1.0,-1.0,1,0,2238,5950,L,W,L vs. Dallas Wings 76-77,W @ Indiana Fever 77-76
2023,2023-07-11,Seattle Storm,86,Washington Mystics,93,-7.0,7.0,0,1,2239,5951,W,L,W vs. Seattle Storm 93-86,L @ Washington Mystics 86-93
2023,2023-07-11,Phoenix Mercury,72,Las Vegas Aces,98,-26.0,26.0,0,1,2239,5952,W,L,W vs. Phoenix Mercury 98-72,L @ Las Vegas Aces 72-98
2023,2023-07-12,Seattle Storm,75,Atlanta Dream,85,-10.0,10.0,0,1,2240,5953,W,L,W vs. Seattle Storm 85-75,L @ Atlanta Dream 75-85
2023,2023-07-12,Las Vegas Aces,97,Los Angeles Sparks,78,19.0,-19.0,1,0,2240,5954,L,W,L vs. Las Vegas Aces 78-97,W @ Los Angeles Sparks 97-78
2023,2023-07-12,Dallas Wings,107,Minnesota Lynx,67,40.0,-40.0,1,0,2240,5955,L,W,L vs. Dallas Wings 67-107,W @ Minnesota Lynx 107-67
2023,2023-07-12,New York Liberty,95,Indiana Fever,87,8.0,-8.0,1,0,2240,5956,L,W,L vs. New York Liberty 87-95,W @ Indiana Fever 95-87
2023,2023-07-12,Connecticut Sun,84,Chicago Sky,72,12.0,-12.0,1,0,2240,5957,L,W,L vs. Connecticut Sun 72-84,W @ Chicago Sky 84-72
2023,2023-07-18,Connecticut Sun,66,Phoenix Mercury,72,-6.0,6.0,0,1,2241,5958,W,L,W vs. Connecticut Sun 72-66,L @ Phoenix Mercury 66-72
2023,2023-07-18,Minnesota Lynx,73,Atlanta Dream,82,-9.0,9.0,0,1,2241,5959,W,L,W vs. Minnesota Lynx 82-73,L @ Atlanta Dream 73-82
2023,2023-07-19,Indiana Fever,82,Washington Mystics,76,6.0,-6.0,1,0,2242,5960,L,W,L vs. Indiana Fever 76-82,W @ Washington Mystics 82-76
2023,2023-07-19,Dallas Wings,98,New York Liberty,88,10.0,-10.0,1,0,2242,5961,L,W,L vs. Dallas Wings 88-98,W @ New York Liberty 98-88
2023,2023-07-20,Atlanta Dream,71,Connecticut Sun,82,-11.0,11.0,0,1,2243,5962,W,L,W vs. Atlanta Dream 82-71,L @ Connecticut Sun 71-82
2023,2023-07-20,Las Vegas Aces,79,Seattle Storm,63,16.0,-16.0,1,0,2243,5963,L,W,L vs. Las Vegas Aces 63-79,W @ Seattle Storm 79-63
2023,2023-07-20,Chicago Sky,62,Phoenix Mercury,80,-18.0,18.0,0,1,2243,5964,W,L,W vs. Chicago Sky 80-62,L @ Phoenix Mercury 62-80
2023,2023-07-20,Los Angeles Sparks,70,Minnesota Lynx,73,-3.0,3.0,0,1,2243,5965,W,L,W vs. Los Angeles Sparks 73-70,L @ Minnesota Lynx 70-73
2023,2023-07-21,New York Liberty,96,Washington Mystics,87,9.0,-9.0,1,0,2244,5966,L,W,L vs. New York Liberty 87-96,W @ Washington Mystics 96-87
2023,2023-07-22,Chicago Sky,90,Seattle Storm,75,15.0,-15.0,1,0,2245,5967,L,W,L vs. Chicago Sky 75-90,W @ Seattle Storm 90-75
2023,2023-07-22,Connecticut Sun,86,Atlanta Dream,78,8.0,-8.0,1,0,2245,5968,L,W,L vs. Connecticut Sun 78-86,W @ Atlanta Dream 86-78
2023,2023-07-22,Las Vegas Aces,98,Minnesota Lynx,81,17.0,-17.0,1,0,2245,5969,L,W,L vs. Las Vegas Aces 81-98,W @ Minnesota Lynx 98-81
2023,2023-07-22,Los Angeles Sparks,84,Dallas Wings,98,-14.0,14.0,0,1,2245,5970,W,L,W vs. Los Angeles Sparks 98-84,L @ Dallas Wings 84-98
2023,2023-07-23,Phoenix Mercury,69,Washington Mystics,84,-15.0,15.0,0,1,2246,5971,W,L,W vs. Phoenix Mercury 84-69,L @ Washington Mystics 69-84
2023,2023-07-23,Indiana Fever,83,New York Liberty,101,-18.0,18.0,0,1,2246,5972,W,L,W vs. Indiana Fever 101-83,L @ New York Liberty 83-101
2023,2023-07-25,Phoenix Mercury,65,Atlanta Dream,78,-13.0,13.0,0,1,2247,5973,W,L,W vs. Phoenix Mercury 78-65,L @ Atlanta Dream 65-78
2023,2023-07-25,Connecticut Sun,88,Dallas Wings,83,5.0,-5.0,1,0,2247,5974,L,W,L vs. Connecticut Sun 83-88,W @ Dallas Wings 88-83
2023,2023-07-25,Indiana Fever,78,Los Angeles Sparks,79,-1.0,1.0,0,1,2247,5975,W,L,W vs. Indiana Fever 79-78,L @ Los Angeles Sparks 78-79
2023,2023-07-25,Seattle Storm,82,New York Liberty,86,-4.0,4.0,0,1,2247,5976,W,L,W vs. Seattle Storm 86-82,L @ New York Liberty 82-86
2023,2023-07-25,Las Vegas Aces,107,Chicago Sky,95,12.0,-12.0,1,0,2247,5977,L,W,L vs. Las Vegas Aces 95-107,W @ Chicago Sky 107-95
2023,2023-07-26,Washington Mystics,92,Minnesota Lynx,97,-5.0,5.0,0,1,2248,5978,W,L,W vs. Washington Mystics 97-92,L @ Minnesota Lynx 92-97
2023,2023-07-27,Atlanta Dream,84,New York Liberty,95,-11.0,11.0,0,1,2249,5979,W,L,W vs. Atlanta Dream 95-84,L @ New York Liberty 84-95
2023,2023-07-27,Indiana Fever,68,Los Angeles Sparks,81,-13.0,13.0,0,1,2249,5980,W,L,W vs. Indiana Fever 81-68,L @ Los Angeles Sparks 68-81
2023,2023-07-28,Washington Mystics,62,Dallas Wings,90,-28.0,28.0,0,1,2250,5981,W,L,W vs. Washington Mystics 90-62,L @ Dallas Wings 62-90
2023,2023-07-28,Minnesota Lynx,88,New York Liberty,83,5.0,-5.0,1,0,2250,5982,L,W,L vs. Minnesota Lynx 83-88,W @ New York Liberty 88-83
2023,2023-07-28,Seattle Storm,83,Chicago Sky,74,9.0,-9.0,1,0,2250,5983,L,W,L vs. Seattle Storm 74-83,W @ Chicago Sky 83-74
2023,2023-07-30,Seattle Storm,85,Indiana Fever,62,23.0,-23.0,1,0,2251,5984,L,W,L vs. Seattle Storm 62-85,W @ Indiana Fever 85-62
2023,2023-07-30,Washington Mystics,73,Atlanta Dream,80,-7.0,7.0,0,1,2251,5985,W,L,W vs. Washington Mystics 80-73,L @ Atlanta Dream 73-80
2023,2023-07-30,Minnesota Lynx,87,Connecticut Sun,83,4.0,-4.0,1,0,2251,5986,L,W,L vs. Minnesota Lynx 83-87,W @ Connecticut Sun 87-83
2023,2023-07-30,Dallas Wings,91,Las Vegas Aces,104,-13.0,13.0,0,1,2251,5987,W,L,W vs. Dallas Wings 104-91,L @ Las Vegas Aces 91-104
2023,2023-07-30,New York Liberty,87,Los Angeles Sparks,79,8.0,-8.0,1,0,2251,5988,L,W,L vs. New York Liberty 79-87,W @ Los Angeles Sparks 87-79
2023,2023-07-30,Phoenix Mercury,85,Chicago Sky,104,-19.0,19.0,0,1,2251,5989,W,L,W vs. Phoenix Mercury 104-85,L @ Chicago Sky 85-104
2023,2023-08-01,Minnesota Lynx,69,Connecticut Sun,79,-10.0,10.0,0,1,2252,5990,W,L,W vs. Minnesota Lynx 79-69,L @ Connecticut Sun 69-79
2023,2023-08-01,Atlanta Dream,72,Las Vegas Aces,93,-21.0,21.0,0,1,2252,5991,W,L,W vs. Atlanta Dream 93-72,L @ Las Vegas Aces 72-93
2023,2023-08-01,New York Liberty,76,Los Angeles Sparks,69,7.0,-7.0,1,0,2252,5992,L,W,L vs. New York Liberty 69-76,W @ Los Angeles Sparks 76-69
2023,2023-08-01,Phoenix Mercury,71,Indiana Fever,72,-1.0,1.0,0,1,2252,5993,W,L,W vs. Phoenix Mercury 72-71,L @ Indiana Fever 71-72
2023,2023-08-02,Dallas Wings,76,Seattle Storm,65,11.0,-11.0,1,0,2253,5994,L,W,L vs. Dallas Wings 65-76,W @ Seattle Storm 76-65
2023,2023-08-03,Atlanta Dream,71,Phoenix Mercury,91,-20.0,20.0,0,1,2254,5995,W,L,W vs. Atlanta Dream 91-71,L @ Phoenix Mercury 71-91
2023,2023-08-04,Los Angeles Sparks,77,Washington Mystics,79,-2.0,2.0,0,1,2255,5996,W,L,W vs. Los Angeles Sparks 79-77,L @ Washington Mystics 77-79
2023,2023-08-04,New York Liberty,76,Minnesota Lynx,66,10.0,-10.0,1,0,2255,5997,L,W,L vs. New York Liberty 66-76,W @ Minnesota Lynx 76-66
2023,2023-08-04,Chicago Sky,104,Dallas Wings,89,15.0,-15.0,1,0,2255,5998,L,W,L vs. Chicago Sky 89-104,W @ Dallas Wings 104-89
2023,2023-08-04,Connecticut Sun,88,Indiana Fever,72,16.0,-16.0,1,0,2255,5999,L,W,L vs. Connecticut Sun 72-88,W @ Indiana Fever 88-72
2023,2023-08-05,Seattle Storm,97,Phoenix Mercury,91,6.0,-6.0,1,0,2256,6000,L,W,L vs. Seattle Storm 91-97,W @ Phoenix Mercury 97-91
2023,2023-08-06,Las Vegas Aces,61,New York Liberty,99,-38.0,38.0,0,1,2257,6001,W,L,W vs. Las Vegas Aces 99-61,L @ New York Liberty 61-99
2023,2023-08-06,Indiana Fever,73,Atlanta Dream,82,-9.0,9.0,0,1,2257,6002,W,L,W vs. Indiana Fever 82-73,L @ Atlanta Dream 73-82
2023,2023-08-06,Chicago Sky,104,Dallas Wings,96,8.0,-8.0,1,0,2257,6003,L,W,L vs. Chicago Sky 96-104,W @ Dallas Wings 104-96
2023,2023-08-06,Los Angeles Sparks,91,Washington Mystics,83,8.0,-8.0,1,0,2257,6004,L,W,L vs. Los Angeles Sparks 83-91,W @ Washington Mystics 91-83
2023,2023-08-08,Los Angeles Sparks,87,Indiana Fever,80,7.0,-7.0,1,0,2258,6005,L,W,L vs. Los Angeles Sparks 80-87,W @ Indiana Fever 87-80
2023,2023-08-08,Minnesota Lynx,88,Chicago Sky,79,9.0,-9.0,1,0,2258,6006,L,W,L vs. Minnesota Lynx 79-88,W @ Chicago Sky 88-79
2023,2023-08-08,Connecticut Sun,81,Seattle Storm,69,12.0,-12.0,1,0,2258,6007,L,W,L vs. Connecticut Sun 69-81,W @ Seattle Storm 81-69
2023,2023-08-08,Washington Mystics,72,Phoenix Mercury,91,-19.0,19.0,0,1,2258,6008,W,L,W vs. Washington Mystics 91-72,L @ Phoenix Mercury 72-91
2023,2023-08-08,Las Vegas Aces,104,Dallas Wings,84,20.0,-20.0,1,0,2258,6009,L,W,L vs. Las Vegas Aces 84-104,W @ Dallas Wings 104-84
2023,2023-08-10,Atlanta Dream,67,Seattle Storm,68,-1.0,1.0,0,1,2259,6010,W,L,W vs. Atlanta Dream 68-67,L @ Seattle Storm 67-68
2023,2023-08-10,Connecticut Sun,84,Phoenix Mercury,90,-6.0,6.0,0,1,2259,6011,W,L,W vs. Connecticut Sun 90-84,L @ Phoenix Mercury 84-90
2023,2023-08-10,Minnesota Lynx,73,Indiana Fever,91,-18.0,18.0,0,1,2259,6012,W,L,W vs. Minnesota Lynx 91-73,L @ Indiana Fever 73-91
2023,2023-08-11,Chicago Sky,73,New York Liberty,89,-16.0,16.0,0,1,2260,6013,W,L,W vs. Chicago Sky 89-73,L @ New York Liberty 73-89
2023,2023-08-11,Washington Mystics,89,Las Vegas Aces,113,-24.0,24.0,0,1,2260,6014,W,L,W vs. Washington Mystics 113-89,L @ Las Vegas Aces 89-113
2023,2023-08-12,Atlanta Dream,74,Los Angeles Sparks,85,-11.0,11.0,0,1,2261,6015,W,L,W vs. Atlanta Dream 85-74,L @ Los Angeles Sparks 74-85
2023,2023-08-12,Connecticut Sun,81,Dallas Wings,91,-10.0,10.0,0,1,2261,6016,W,L,W vs. Connecticut Sun 91-81,L @ Dallas Wings 81-91
2023,2023-08-13,Chicago Sky,76,Washington Mystics,83,-7.0,7.0,0,1,2262,6017,W,L,W vs. Chicago Sky 83-76,L @ Washington Mystics 76-83
2023,2023-08-13,Phoenix Mercury,71,Seattle Storm,81,-10.0,10.0,0,1,2262,6018,W,L,W vs. Phoenix Mercury 81-71,L @ Seattle Storm 71-81
2023,2023-08-13,Atlanta Dream,65,Las Vegas Aces,86,-21.0,21.0,0,1,2262,6019,W,L,W vs. Atlanta Dream 86-65,L @ Las Vegas Aces 65-86
2023,2023-08-13,New York Liberty,100,Indiana Fever,89,11.0,-11.0,1,0,2262,6020,L,W,L vs. New York Liberty 89-100,W @ Indiana Fever 100-89
2023,2023-08-17,New York Liberty,75,Las Vegas Aces,88,-13.0,13.0,0,1,2263,6021,W,L,W vs. New York Liberty 88-75,L @ Las Vegas Aces 75-88
2023,2023-08-18,New York Liberty,85,Phoenix Mercury,63,22.0,-22.0,1,0,2264,6022,L,W,L vs. New York Liberty 63-85,W @ Phoenix Mercury 85-63
2023,2023-08-18,Dallas Wings,95,Connecticut Sun,75,20.0,-20.0,1,0,2264,6023,L,W,L vs. Dallas Wings 75-95,W @ Connecticut Sun 95-75
2023,2023-08-18,Washington Mystics,83,Indiana Fever,79,4.0,-4.0,1,0,2264,6024,L,W,L vs. Washington Mystics 79-83,W @ Indiana Fever 83-79
2023,2023-08-18,Minnesota Lynx,78,Seattle Storm,70,8.0,-8.0,1,0,2264,6025,L,W,L vs. Minnesota Lynx 70-78,W @ Seattle Storm 78-70
2023,2023-08-18,Chicago Sky,67,Atlanta Dream,78,-11.0,11.0,0,1,2264,6026,W,L,W vs. Chicago Sky 78-67,L @ Atlanta Dream 67-78
2023,2023-08-19,Los Angeles Sparks,78,Las Vegas Aces,72,6.0,-6.0,1,0,2265,6027,L,W,L vs. Los Angeles Sparks 72-78,W @ Las Vegas Aces 78-72
2023,2023-08-20,Connecticut Sun,79,Chicago Sky,73,6.0,-6.0,1,0,2266,6028,L,W,L vs. Connecticut Sun 73-79,W @ Chicago Sky 79-73
2023,2023-08-20,Indiana Fever,83,Phoenix Mercury,73,10.0,-10.0,1,0,2266,6029,L,W,L vs. Indiana Fever 73-83,W @ Phoenix Mercury 83-73
2023,2023-08-20,Seattle Storm,88,Minnesota Lynx,74,14.0,-14.0,1,0,2266,6030,L,W,L vs. Seattle Storm 74-88,W @ Minnesota Lynx 88-74
2023,2023-08-20,Dallas Wings,97,Washington Mystics,84,13.0,-13.0,1,0,2266,6031,L,W,L vs. Dallas Wings 84-97,W @ Washington Mystics 97-84
2023,2023-08-22,Connecticut Sun,68,Washington Mystics,64,4.0,-4.0,1,0,2267,6032,L,W,L vs. Connecticut Sun 64-68,W @ Washington Mystics 68-64
2023,2023-08-22,Las Vegas Aces,112,Atlanta Dream,100,12.0,-12.0,1,0,2267,6033,L,W,L vs. Las Vegas Aces 100-112,W @ Atlanta Dream 112-100
2023,2023-08-22,Seattle Storm,79,Chicago Sky,102,-23.0,23.0,0,1,2267,6034,W,L,W vs. Seattle Storm 102-79,L @ Chicago Sky 79-102
2023,2023-08-22,Dallas Wings,86,Minnesota Lynx,91,-5.0,5.0,0,1,2267,6035,W,L,W vs. Dallas Wings 91-86,L @ Minnesota Lynx 86-91
2023,2023-08-23,Phoenix Mercury,62,Los Angeles Sparks,91,-29.0,29.0,0,1,2268,6036,W,L,W vs. Phoenix Mercury 91-62,L @ Los Angeles Sparks 62-91
2023,2023-08-24,Minnesota Lynx,90,Dallas Wings,81,9.0,-9.0,1,0,2269,6037,L,W,L vs. Minnesota Lynx 81-90,W @ Dallas Wings 90-81
2023,2023-08-24,Las Vegas Aces,94,Chicago Sky,87,7.0,-7.0,1,0,2269,6038,L,W,L vs. Las Vegas Aces 87-94,W @ Chicago Sky 94-87
2023,2023-08-24,New York Liberty,95,Connecticut Sun,90,5.0,-5.0,1,0,2269,6039,L,W,L vs. New York Liberty 90-95,W @ Connecticut Sun 95-90
2023,2023-08-24,Seattle Storm,86,Indiana Fever,90,-4.0,4.0,0,1,2269,6040,W,L,W vs. Seattle Storm 90-86,L @ Indiana Fever 86-90
2023,2023-08-25,Los Angeles Sparks,83,Atlanta Dream,78,5.0,-5.0,1,0,2270,6041,L,W,L vs. Los Angeles Sparks 78-83,W @ Atlanta Dream 83-78
2023,2023-08-26,New York Liberty,111,Minnesota Lynx,76,35.0,-35.0,1,0,2271,6042,L,W,L vs. New York Liberty 76-111,W @ Minnesota Lynx 111-76
2023,2023-08-26,Las Vegas Aces,62,Washington Mystics,78,-16.0,16.0,0,1,2271,6043,W,L,W vs. Las Vegas Aces 78-62,L @ Washington Mystics 62-78
2023,2023-08-27,Dallas Wings,77,Phoenix Mercury,74,3.0,-3.0,1,0,2272,6044,L,W,L vs. Dallas Wings 74-77,W @ Phoenix Mercury 77-74
2023,2023-08-27,Atlanta Dream,80,Indiana Fever,83,-3.0,3.0,0,1,2272,6045,W,L,W vs. Atlanta Dream 83-80,L @ Indiana Fever 80-83
2023,2023-08-27,Los Angeles Sparks,68,Connecticut Sun,83,-15.0,15.0,0,1,2272,6046,W,L,W vs. Los Angeles Sparks 83-68,L @ Connecticut Sun 68-83
2023,2023-08-27,Chicago Sky,90,Seattle Storm,85,5.0,-5.0,1,0,2272,6047,L,W,L vs. Chicago Sky 85-90,W @ Seattle Storm 90-85
2023,2023-08-28,Las Vegas Aces,85,New York Liberty,94,-9.0,9.0,0,1,2273,6048,W,L,W vs. Las Vegas Aces 94-85,L @ New York Liberty 85-94
2023,2023-08-29,Phoenix Mercury,76,Atlanta Dream,94,-18.0,18.0,0,1,2274,6049,W,L,W vs. Phoenix Mercury 94-76,L @ Atlanta Dream 76-94
2023,2023-08-29,Minnesota Lynx,72,Washington Mystics,83,-11.0,11.0,0,1,2274,6050,W,L,W vs. Minnesota Lynx 83-72,L @ Washington Mystics 72-83
2023,2023-08-29,Chicago Sky,76,Los Angeles Sparks,75,1.0,-1.0,1,0,2274,6051,L,W,L vs. Chicago Sky 75-76,W @ Los Angeles Sparks 76-75
2023,2023-08-31,Seattle Storm,72,Los Angeles Sparks,61,11.0,-11.0,1,0,2275,6052,L,W,L vs. Seattle Storm 61-72,W @ Los Angeles Sparks 72-61
2023,2023-08-31,Washington Mystics,75,Las Vegas Aces,84,-9.0,9.0,0,1,2275,6053,W,L,W vs. Washington Mystics 84-75,L @ Las Vegas Aces 75-84
2023,2023-08-31,Phoenix Mercury,74,Connecticut Sun,84,-10.0,10.0,0,1,2275,6054,W,L,W vs. Phoenix Mercury 84-74,L @ Connecticut Sun 74-84
2023,2023-09-01,Connecticut Sun,58,New York Liberty,89,-31.0,31.0,0,1,2276,6055,W,L,W vs. Connecticut Sun 89-58,L @ New York Liberty 58-89
2023,2023-09-01,Dallas Wings,110,Indiana Fever,100,10.0,-10.0,1,0,2276,6056,L,W,L vs. Dallas Wings 100-110,W @ Indiana Fever 110-100
2023,2023-09-01,Atlanta Dream,85,Minnesota Lynx,91,-6.0,6.0,0,1,2276,6057,W,L,W vs. Atlanta Dream 91-85,L @ Minnesota Lynx 85-91
2023,2023-09-02,Seattle Storm,77,Las Vegas Aces,103,-26.0,26.0,0,1,2277,6058,W,L,W vs. Seattle Storm 103-77,L @ Las Vegas Aces 77-103
2023,2023-09-03,Indiana Fever,97,Dallas Wings,84,13.0,-13.0,1,0,2278,6059,L,W,L vs. Indiana Fever 84-97,W @ Dallas Wings 97-84
2023,2023-09-03,Phoenix Mercury,73,Minnesota Lynx,86,-13.0,13.0,0,1,2278,6060,W,L,W vs. Phoenix Mercury 86-73,L @ Minnesota Lynx 73-86
2023,2023-09-03,Washington Mystics,64,Los Angeles Sparks,72,-8.0,8.0,0,1,2278,6061,W,L,W vs. Washington Mystics 72-64,L @ Los Angeles Sparks 64-72
2023,2023-09-03,New York Liberty,86,Chicago Sky,69,17.0,-17.0,1,0,2278,6062,L,W,L vs. New York Liberty 69-86,W @ Chicago Sky 86-69
2023,2023-09-05,Los Angeles Sparks,76,Connecticut Sun,90,-14.0,14.0,0,1,2279,6063,W,L,W vs. Los Angeles Sparks 90-76,L @ Connecticut Sun 76-90
2023,2023-09-05,Chicago Sky,96,Indiana Fever,69,27.0,-27.0,1,0,2279,6064,L,W,L vs. Chicago Sky 69-96,W @ Indiana Fever 96-69
2023,2023-09-05,New York Liberty,94,Dallas Wings,93,1.0,-1.0,1,0,2279,6065,L,W,L vs. New York Liberty 93-94,W @ Dallas Wings 94-93
2023,2023-09-05,Washington Mystics,100,Phoenix Mercury,77,23.0,-23.0,1,0,2279,6066,L,W,L vs. Washington Mystics 77-100,W @ Phoenix Mercury 100-77
2023,2023-09-06,Seattle Storm,68,Atlanta Dream,79,-11.0,11.0,0,1,2280,6067,W,L,W vs. Seattle Storm 79-68,L @ Atlanta Dream 68-79
2023,2023-09-07,Los Angeles Sparks,89,New York Liberty,96,-7.0,7.0,0,1,2281,6068,W,L,W vs. Los Angeles Sparks 96-89,L @ New York Liberty 89-96
2023,2023-09-08,Las Vegas Aces,94,Phoenix Mercury,73,21.0,-21.0,1,0,2282,6069,L,W,L vs. Las Vegas Aces 73-94,W @ Phoenix Mercury 94-73
2023,2023-09-08,Seattle Storm,91,Dallas Wings,106,-15.0,15.0,0,1,2282,6070,W,L,W vs. Seattle Storm 106-91,L @ Dallas Wings 91-106
2023,2023-09-08,Atlanta Dream,80,Washington Mystics,75,5.0,-5.0,1,0,2282,6071,L,W,L vs. Atlanta Dream 75-80,W @ Washington Mystics 80-75
2023,2023-09-08,Indiana Fever,59,Connecticut Sun,76,-17.0,17.0,0,1,2282,6072,W,L,W vs. Indiana Fever 76-59,L @ Connecticut Sun 59-76
2023,2023-09-08,Minnesota Lynx,87,Chicago Sky,92,-5.0,5.0,0,1,2282,6073,W,L,W vs. Minnesota Lynx 92-87,L @ Chicago Sky 87-92
2023,2023-09-10,Dallas Wings,94,Atlanta Dream,77,17.0,-17.0,1,0,2283,6074,L,W,L vs. Dallas Wings 77-94,W @ Atlanta Dream 94-77
2023,2023-09-10,Minnesota Lynx,72,Indiana Fever,87,-15.0,15.0,0,1,2283,6075,W,L,W vs. Minnesota Lynx 87-72,L @ Indiana Fever 72-87
2023,2023-09-10,Los Angeles Sparks,91,Seattle Storm,89,2.0,-2.0,1,0,2283,6076,L,W,L vs. Los Angeles Sparks 89-91,W @ Seattle Storm 91-89
2023,2023-09-10,Phoenix Mercury,85,Las Vegas Aces,100,-15.0,15.0,0,1,2283,6077,W,L,W vs. Phoenix Mercury 100-85,L @ Las Vegas Aces 85-100
2023,2023-09-10,Chicago Sky,102,Connecticut Sun,91,11.0,-11.0,1,0,2283,6078,L,W,L vs. Chicago Sky 91-102,W @ Connecticut Sun 102-91
2023,2023-09-10,Washington Mystics,90,New York Liberty,88,2.0,-2.0,1,0,2283,6079,L,W,L vs. Washington Mystics 88-90,W @ New York Liberty 90-88
2023,2023-09-13,Minnesota Lynx,60,Connecticut Sun,90,-30.0,30.0,0,1,2284,6080,W,L,W vs. Minnesota Lynx 90-60,L @ Connecticut Sun 60-90
2023,2023-09-13,Chicago Sky,59,Las Vegas Aces,87,-28.0,28.0,0,1,2284,6081,W,L,W vs. Chicago Sky 87-59,L @ Las Vegas Aces 59-87
2023,2023-09-15,Washington Mystics,75,New York Liberty,90,-15.0,15.0,0,1,2285,6082,W,L,W vs. Washington Mystics 90-75,L @ New York Liberty 75-90
2023,2023-09-15,Atlanta Dream,82,Dallas Wings,94,-12.0,12.0,0,1,2285,6083,W,L,W vs. Atlanta Dream 94-82,L @ Dallas Wings 82-94
2023,2023-09-17,Chicago Sky,70,Las Vegas Aces,92,-22.0,22.0,0,1,2286,6084,W,L,W vs. Chicago Sky 92-70,L @ Las Vegas Aces 70-92
2023,2023-09-17,Minnesota Lynx,82,Connecticut Sun,75,7.0,-7.0,1,0,2286,6085,L,W,L vs. Minnesota Lynx 75-82,W @ Connecticut Sun 82-75
2023,2023-09-19,Atlanta Dream,74,Dallas Wings,101,-27.0,27.0,0,1,2287,6086,W,L,W vs. Atlanta Dream 101-74,L @ Dallas Wings 74-101
2023,2023-09-19,Washington Mystics,85,New York Liberty,90,-5.0,5.0,0,1,2287,6087,W,L,W vs. Washington Mystics 90-85,L @ New York Liberty 85-90
2023,2023-09-20,Connecticut Sun,90,Minnesota Lynx,75,15.0,-15.0,1,0,2288,6088,L,W,L vs. Connecticut Sun 75-90,W @ Minnesota Lynx 90-75
2023,2023-09-24,Dallas Wings,83,Las Vegas Aces,97,-14.0,14.0,0,1,2289,6089,W,L,W vs. Dallas Wings 97-83,L @ Las Vegas Aces 83-97
2023,2023-09-24,Connecticut Sun,78,New York Liberty,63,15.0,-15.0,1,0,2289,6090,L,W,L vs. Connecticut Sun 63-78,W @ New York Liberty 78-63
2023,2023-09-26,Dallas Wings,84,Las Vegas Aces,91,-7.0,7.0,0,1,2290,6091,W,L,W vs. Dallas Wings 91-84,L @ Las Vegas Aces 84-91
2023,2023-09-26,Connecticut Sun,77,New York Liberty,84,-7.0,7.0,0,1,2290,6092,W,L,W vs. Connecticut Sun 84-77,L @ New York Liberty 77-84
2023,2023-09-29,New York Liberty,92,Connecticut Sun,81,11.0,-11.0,1,0,2291,6093,L,W,L vs. New York Liberty 81-92,W @ Connecticut Sun 92-81
2023,2023-09-29,Las Vegas Aces,64,Dallas Wings,61,3.0,-3.0,1,0,2291,6094,L,W,L vs. Las Vegas Aces 61-64,W @ Dallas Wings 64-61
2023,2023-10-01,New York Liberty,87,Connecticut Sun,84,3.0,-3.0,1,0,2292,6095,L,W,L vs. New York Liberty 84-87,W @ Connecticut Sun 87-84
2023,2023-10-08,New York Liberty,82,Las Vegas Aces,99,-17.0,17.0,0,1,2293,6096,W,L,W vs. New York Liberty 99-82,L @ Las Vegas Aces 82-99
2023,2023-10-11,New York Liberty,76,Las Vegas Aces,104,-28.0,28.0,0,1,2294,6097,W,L,W vs. New York Liberty 104-76,L @ Las Vegas Aces 76-104
2023,2023-10-15,Las Vegas Aces,73,New York Liberty,87,-14.0,14.0,0,1,2295,6098,W,L,W vs. Las Vegas Aces 87-73,L @ New York Liberty 73-87
2023,2023-10-18,Las Vegas Aces,70,New York Liberty,69,1.0,-1.0,1,0,2296,6099,L,W,L vs. Las Vegas Aces 69-70,W @ New York Liberty 70-69
2024,2024-05-14,Minnesota Lynx,83,Seattle Storm,70,13.0,-13.0,1,0,2297,6100,L,W,L vs. Minnesota Lynx 70-83,W @ Seattle Storm 83-70
2024,2024-05-14,New York Liberty,85,Washington Mystics,80,5.0,-5.0,1,0,2297,6101,L,W,L vs. New York Liberty 80-85,W @ Washington Mystics 85-80
2024,2024-05-14,Indiana Fever,71,Connecticut Sun,92,-21.0,21.0,0,1,2297,6102,W,L,W vs. Indiana Fever 92-71,L @ Connecticut Sun 71-92
2024,2024-05-14,Phoenix Mercury,80,Las Vegas Aces,89,-9.0,9.0,0,1,2297,6103,W,L,W vs. Phoenix Mercury 89-80,L @ Las Vegas Aces 80-89
2024,2024-05-15,Atlanta Dream,92,Los Angeles Sparks,81,11.0,-11.0,1,0,2298,6104,L,W,L vs. Atlanta Dream 81-92,W @ Los Angeles Sparks 92-81
2024,2024-05-15,Chicago Sky,79,Dallas Wings,87,-8.0,8.0,0,1,2298,6105,W,L,W vs. Chicago Sky 87-79,L @ Dallas Wings 79-87
2024,2024-05-16,New York Liberty,102,Indiana Fever,66,36.0,-36.0,1,0,2299,6106,L,W,L vs. New York Liberty 66-102,W @ Indiana Fever 102-66
2024,2024-05-17,Washington Mystics,77,Connecticut Sun,84,-7.0,7.0,0,1,2300,6107,W,L,W vs. Washington Mystics 84-77,L @ Connecticut Sun 77-84
2024,2024-05-17,Seattle Storm,93,Minnesota Lynx,102,-9.0,9.0,0,1,2300,6108,W,L,W vs. Seattle Storm 102-93,L @ Minnesota Lynx 93-102
2024,2024-05-18,Atlanta Dream,85,Phoenix Mercury,88,-3.0,3.0,0,1,2301,6109,W,L,W vs. Atlanta Dream 88-85,L @ Phoenix Mercury 85-88
2024,2024-05-18,Indiana Fever,80,New York Liberty,91,-11.0,11.0,0,1,2301,6110,W,L,W vs. Indiana Fever 91-80,L @ New York Liberty 80-91
2024,2024-05-18,Chicago Sky,83,Dallas Wings,74,9.0,-9.0,1,0,2301,6111,L,W,L vs. Chicago Sky 74-83,W @ Dallas Wings 83-74
2024,2024-05-18,Los Angeles Sparks,82,Las Vegas Aces,89,-7.0,7.0,0,1,2301,6112,W,L,W vs. Los Angeles Sparks 89-82,L @ Las Vegas Aces 82-89
2024,2024-05-19,Seattle Storm,84,Washington Mystics,75,9.0,-9.0,1,0,2302,6113,L,W,L vs. Seattle Storm 75-84,W @ Washington Mystics 84-75
2024,2024-05-20,Seattle Storm,63,New York Liberty,74,-11.0,11.0,0,1,2303,6114,W,L,W vs. Seattle Storm 74-63,L @ New York Liberty 63-74
2024,2024-05-20,Connecticut Sun,88,Indiana Fever,84,4.0,-4.0,1,0,2303,6115,L,W,L vs. Connecticut Sun 84-88,W @ Indiana Fever 88-84
2024,2024-05-21,Phoenix Mercury,98,Las Vegas Aces,88,10.0,-10.0,1,0,2304,6116,L,W,L vs. Phoenix Mercury 88-98,W @ Las Vegas Aces 98-88
2024,2024-05-21,Washington Mystics,68,Los Angeles Sparks,70,-2.0,2.0,0,1,2304,6117,W,L,W vs. Washington Mystics 70-68,L @ Los Angeles Sparks 68-70
2024,2024-05-21,Dallas Wings,78,Atlanta Dream,83,-5.0,5.0,0,1,2304,6118,W,L,W vs. Dallas Wings 83-78,L @ Atlanta Dream 78-83
2024,2024-05-22,Indiana Fever,83,Seattle Storm,85,-2.0,2.0,0,1,2305,6119,W,L,W vs. Indiana Fever 85-83,L @ Seattle Storm 83-85
2024,2024-05-23,Chicago Sky,90,New York Liberty,81,9.0,-9.0,1,0,2306,6120,L,W,L vs. Chicago Sky 81-90,W @ New York Liberty 90-81
2024,2024-05-23,Minnesota Lynx,82,Connecticut Sun,83,-1.0,1.0,0,1,2306,6121,W,L,W vs. Minnesota Lynx 83-82,L @ Connecticut Sun 82-83
2024,2024-05-23,Washington Mystics,80,Phoenix Mercury,83,-3.0,3.0,0,1,2306,6122,W,L,W vs. Washington Mystics 83-80,L @ Phoenix Mercury 80-83
2024,2024-05-24,Indiana Fever,78,Los Angeles Sparks,73,5.0,-5.0,1,0,2307,6123,L,W,L vs. Indiana Fever 73-78,W @ Los Angeles Sparks 78-73
2024,2024-05-25,New York Liberty,67,Minnesota Lynx,84,-17.0,17.0,0,1,2308,6124,W,L,W vs. New York Liberty 84-67,L @ Minnesota Lynx 67-84
2024,2024-05-25,Connecticut Sun,86,Chicago Sky,82,4.0,-4.0,1,0,2308,6125,L,W,L vs. Connecticut Sun 82-86,W @ Chicago Sky 86-82
2024,2024-05-25,Washington Mystics,69,Seattle Storm,101,-32.0,32.0,0,1,2308,6126,W,L,W vs. Washington Mystics 101-69,L @ Seattle Storm 69-101
2024,2024-05-25,Indiana Fever,80,Las Vegas Aces,99,-19.0,19.0,0,1,2308,6127,W,L,W vs. Indiana Fever 99-80,L @ Las Vegas Aces 80-99
2024,2024-05-25,Dallas Wings,107,Phoenix Mercury,92,15.0,-15.0,1,0,2308,6128,L,W,L vs. Dallas Wings 92-107,W @ Phoenix Mercury 107-92
2024,2024-05-26,Minnesota Lynx,92,Atlanta Dream,79,13.0,-13.0,1,0,2309,6129,L,W,L vs. Minnesota Lynx 79-92,W @ Atlanta Dream 92-79
2024,2024-05-26,Dallas Wings,84,Los Angeles Sparks,83,1.0,-1.0,1,0,2309,6130,L,W,L vs. Dallas Wings 83-84,W @ Los Angeles Sparks 84-83
2024,2024-05-28,Phoenix Mercury,47,Connecticut Sun,70,-23.0,23.0,0,1,2310,6131,W,L,W vs. Phoenix Mercury 70-47,L @ Connecticut Sun 47-70
2024,2024-05-28,Los Angeles Sparks,88,Indiana Fever,82,6.0,-6.0,1,0,2310,6132,L,W,L vs. Los Angeles Sparks 82-88,W @ Indiana Fever 88-82
2024,2024-05-28,Seattle Storm,77,Chicago Sky,68,9.0,-9.0,1,0,2310,6133,L,W,L vs. Seattle Storm 68-77,W @ Chicago Sky 77-68
2024,2024-05-29,Atlanta Dream,73,Washington Mystics,67,6.0,-6.0,1,0,2311,6134,L,W,L vs. Atlanta Dream 67-73,W @ Washington Mystics 73-67
2024,2024-05-29,Phoenix Mercury,78,New York Liberty,81,-3.0,3.0,0,1,2311,6135,W,L,W vs. Phoenix Mercury 81-78,L @ New York Liberty 78-81
2024,2024-05-29,Las Vegas Aces,80,Minnesota Lynx,66,14.0,-14.0,1,0,2311,6136,L,W,L vs. Las Vegas Aces 66-80,W @ Minnesota Lynx 80-66
2024,2024-05-30,Seattle Storm,103,Indiana Fever,88,15.0,-15.0,1,0,2312,6137,L,W,L vs. Seattle Storm 88-103,W @ Indiana Fever 103-88
2024,2024-05-30,Los Angeles Sparks,73,Chicago Sky,83,-10.0,10.0,0,1,2312,6138,W,L,W vs. Los Angeles Sparks 83-73,L @ Chicago Sky 73-83
2024,2024-05-31,Las Vegas Aces,74,Atlanta Dream,78,-4.0,4.0,0,1,2313,6139,W,L,W vs. Las Vegas Aces 78-74,L @ Atlanta Dream 74-78
2024,2024-05-31,Phoenix Mercury,71,Minnesota Lynx,95,-24.0,24.0,0,1,2313,6140,W,L,W vs. Phoenix Mercury 95-71,L @ Minnesota Lynx 71-95
2024,2024-05-31,Dallas Wings,72,Connecticut Sun,74,-2.0,2.0,0,1,2313,6141,W,L,W vs. Dallas Wings 74-72,L @ Connecticut Sun 72-74
2024,2024-05-31,Washington Mystics,79,New York Liberty,90,-11.0,11.0,0,1,2313,6142,W,L,W vs. Washington Mystics 90-79,L @ New York Liberty 79-90
2024,2024-06-01,Chicago Sky,70,Indiana Fever,71,-1.0,1.0,0,1,2314,6143,W,L,W vs. Chicago Sky 71-70,L @ Indiana Fever 70-71
2024,2024-06-02,Dallas Wings,76,Minnesota Lynx,87,-11.0,11.0,0,1,2315,6144,W,L,W vs. Dallas Wings 87-76,L @ Minnesota Lynx 76-87
2024,2024-06-02,Connecticut Sun,69,Atlanta Dream,50,19.0,-19.0,1,0,2315,6145,L,W,L vs. Connecticut Sun 50-69,W @ Atlanta Dream 69-50
2024,2024-06-02,Los Angeles Sparks,68,Phoenix Mercury,87,-19.0,19.0,0,1,2315,6146,W,L,W vs. Los Angeles Sparks 87-68,L @ Phoenix Mercury 68-87
2024,2024-06-02,Indiana Fever,68,New York Liberty,104,-36.0,36.0,0,1,2315,6147,W,L,W vs. Indiana Fever 104-68,L @ New York Liberty 68-104
2024,2024-06-04,Washington Mystics,59,Connecticut Sun,76,-17.0,17.0,0,1,2316,6148,W,L,W vs. Washington Mystics 76-59,L @ Connecticut Sun 59-76
2024,2024-06-04,Phoenix Mercury,62,Seattle Storm,80,-18.0,18.0,0,1,2316,6149,W,L,W vs. Phoenix Mercury 80-62,L @ Seattle Storm 62-80
2024,2024-06-04,New York Liberty,88,Chicago Sky,75,13.0,-13.0,1,0,2316,6150,L,W,L vs. New York Liberty 75-88,W @ Chicago Sky 88-75
2024,2024-06-05,Las Vegas Aces,95,Dallas Wings,81,14.0,-14.0,1,0,2317,6151,L,W,L vs. Las Vegas Aces 81-95,W @ Dallas Wings 95-81
2024,2024-06-05,Minnesota Lynx,86,Los Angeles Sparks,62,24.0,-24.0,1,0,2317,6152,L,W,L vs. Minnesota Lynx 62-86,W @ Los Angeles Sparks 86-62
2024,2024-06-06,New York Liberty,78,Atlanta Dream,61,17.0,-17.0,1,0,2318,6153,L,W,L vs. New York Liberty 61-78,W @ Atlanta Dream 78-61
2024,2024-06-06,Chicago Sky,79,Washington Mystics,71,8.0,-8.0,1,0,2318,6154,L,W,L vs. Chicago Sky 71-79,W @ Washington Mystics 79-71
2024,2024-06-07,Minnesota Lynx,80,Phoenix Mercury,81,-1.0,1.0,0,1,2319,6155,W,L,W vs. Minnesota Lynx 81-80,L @ Phoenix Mercury 80-81
2024,2024-06-07,Indiana Fever,85,Washington Mystics,83,2.0,-2.0,1,0,2319,6156,L,W,L vs. Indiana Fever 83-85,W @ Washington Mystics 85-83
2024,2024-06-07,Seattle Storm,78,Las Vegas Aces,65,13.0,-13.0,1,0,2319,6157,L,W,L vs. Seattle Storm 65-78,W @ Las Vegas Aces 78-65
2024,2024-06-07,Dallas Wings,72,Los Angeles Sparks,81,-9.0,9.0,0,1,2319,6158,W,L,W vs. Dallas Wings 81-72,L @ Los Angeles Sparks 72-81
2024,2024-06-08,Atlanta Dream,89,Chicago Sky,80,9.0,-9.0,1,0,2320,6159,L,W,L vs. Atlanta Dream 80-89,W @ Chicago Sky 89-80
2024,2024-06-08,New York Liberty,82,Connecticut Sun,75,7.0,-7.0,1,0,2320,6160,L,W,L vs. New York Liberty 75-82,W @ Connecticut Sun 82-75
2024,2024-06-09,Las Vegas Aces,92,Los Angeles Sparks,96,-4.0,4.0,0,1,2321,6161,W,L,W vs. Las Vegas Aces 96-92,L @ Los Angeles Sparks 92-96
2024,2024-06-09,Phoenix Mercury,97,Dallas Wings,90,7.0,-7.0,1,0,2321,6162,L,W,L vs. Phoenix Mercury 90-97,W @ Dallas Wings 97-90
2024,2024-06-09,Seattle Storm,64,Minnesota Lynx,83,-19.0,19.0,0,1,2321,6163,W,L,W vs. Seattle Storm 83-64,L @ Minnesota Lynx 64-83
2024,2024-06-09,Washington Mystics,88,New York Liberty,93,-5.0,5.0,0,1,2321,6164,W,L,W vs. Washington Mystics 93-88,L @ New York Liberty 88-93
2024,2024-06-10,Indiana Fever,72,Connecticut Sun,89,-17.0,17.0,0,1,2322,6165,W,L,W vs. Indiana Fever 89-72,L @ Connecticut Sun 72-89
2024,2024-06-11,Washington Mystics,87,Atlanta Dream,68,19.0,-19.0,1,0,2323,6166,L,W,L vs. Washington Mystics 68-87,W @ Atlanta Dream 87-68
2024,2024-06-11,Los Angeles Sparks,79,Seattle Storm,95,-16.0,16.0,0,1,2323,6167,W,L,W vs. Los Angeles Sparks 95-79,L @ Seattle Storm 79-95
2024,2024-06-11,Minnesota Lynx,100,Las Vegas Aces,86,14.0,-14.0,1,0,2323,6168,L,W,L vs. Minnesota Lynx 86-100,W @ Las Vegas Aces 100-86
2024,2024-06-12,Connecticut Sun,83,Chicago Sky,75,8.0,-8.0,1,0,2324,6169,L,W,L vs. Connecticut Sun 75-83,W @ Chicago Sky 83-75
2024,2024-06-13,Las Vegas Aces,103,Phoenix Mercury,99,4.0,-4.0,1,0,2325,6170,L,W,L vs. Las Vegas Aces 99-103,W @ Phoenix Mercury 103-99
2024,2024-06-13,Atlanta Dream,84,Indiana Fever,91,-7.0,7.0,0,1,2325,6171,W,L,W vs. Atlanta Dream 91-84,L @ Indiana Fever 84-91
2024,2024-06-13,Seattle Storm,92,Dallas Wings,84,8.0,-8.0,1,0,2325,6172,L,W,L vs. Seattle Storm 84-92,W @ Dallas Wings 92-84
2024,2024-06-14,Chicago Sky,81,Washington Mystics,83,-2.0,2.0,0,1,2326,6173,W,L,W vs. Chicago Sky 83-81,L @ Washington Mystics 81-83
2024,2024-06-14,Los Angeles Sparks,76,Minnesota Lynx,81,-5.0,5.0,0,1,2326,6174,W,L,W vs. Los Angeles Sparks 81-76,L @ Minnesota Lynx 76-81
2024,2024-06-15,New York Liberty,90,Las Vegas Aces,82,8.0,-8.0,1,0,2327,6175,L,W,L vs. New York Liberty 82-90,W @ Las Vegas Aces 90-82
2024,2024-06-15,Connecticut Sun,85,Dallas Wings,67,18.0,-18.0,1,0,2327,6176,L,W,L vs. Connecticut Sun 67-85,W @ Dallas Wings 85-67
2024,2024-06-16,Chicago Sky,83,Indiana Fever,91,-8.0,8.0,0,1,2328,6177,W,L,W vs. Chicago Sky 91-83,L @ Indiana Fever 83-91
2024,2024-06-16,Los Angeles Sparks,74,Atlanta Dream,87,-13.0,13.0,0,1,2328,6178,W,L,W vs. Los Angeles Sparks 87-74,L @ Atlanta Dream 74-87
2024,2024-06-16,Seattle Storm,78,Phoenix Mercury,87,-9.0,9.0,0,1,2328,6179,W,L,W vs. Seattle Storm 87-78,L @ Phoenix Mercury 78-87
2024,2024-06-17,Dallas Wings,78,Minnesota Lynx,90,-12.0,12.0,0,1,2329,6180,W,L,W vs. Dallas Wings 90-78,L @ Minnesota Lynx 78-90
2024,2024-06-18,Los Angeles Sparks,70,Connecticut Sun,79,-9.0,9.0,0,1,2330,6181,W,L,W vs. Los Angeles Sparks 79-70,L @ Connecticut Sun 70-79
2024,2024-06-18,New York Liberty,93,Phoenix Mercury,99,-6.0,6.0,0,1,2330,6182,W,L,W vs. New York Liberty 99-93,L @ Phoenix Mercury 93-99
2024,2024-06-19,Seattle Storm,83,Las Vegas Aces,94,-11.0,11.0,0,1,2331,6183,W,L,W vs. Seattle Storm 94-83,L @ Las Vegas Aces 83-94
2024,2024-06-19,Washington Mystics,81,Indiana Fever,88,-7.0,7.0,0,1,2331,6184,W,L,W vs. Washington Mystics 88-81,L @ Indiana Fever 81-88
2024,2024-06-19,Atlanta Dream,55,Minnesota Lynx,68,-13.0,13.0,0,1,2331,6185,W,L,W vs. Atlanta Dream 68-55,L @ Minnesota Lynx 55-68
2024,2024-06-20,Los Angeles Sparks,80,New York Liberty,93,-13.0,13.0,0,1,2332,6186,W,L,W vs. Los Angeles Sparks 93-80,L @ New York Liberty 80-93
2024,2024-06-20,Dallas Wings,72,Chicago Sky,83,-11.0,11.0,0,1,2332,6187,W,L,W vs. Dallas Wings 83-72,L @ Chicago Sky 72-83
2024,2024-06-21,Connecticut Sun,74,Las Vegas Aces,85,-11.0,11.0,0,1,2333,6188,W,L,W vs. Connecticut Sun 85-74,L @ Las Vegas Aces 74-85
2024,2024-06-21,Indiana Fever,91,Atlanta Dream,79,12.0,-12.0,1,0,2333,6189,L,W,L vs. Indiana Fever 79-91,W @ Atlanta Dream 91-79
2024,2024-06-22,Dallas Wings,69,Washington Mystics,97,-28.0,28.0,0,1,2334,6190,W,L,W vs. Dallas Wings 97-69,L @ Washington Mystics 69-97
2024,2024-06-22,Phoenix Mercury,60,Minnesota Lynx,73,-13.0,13.0,0,1,2334,6191,W,L,W vs. Phoenix Mercury 73-60,L @ Minnesota Lynx 60-73
2024,2024-06-22,Los Angeles Sparks,88,New York Liberty,98,-10.0,10.0,0,1,2334,6192,W,L,W vs. Los Angeles Sparks 98-88,L @ New York Liberty 88-98
2024,2024-06-23,Dallas Wings,84,Washington Mystics,92,-8.0,8.0,0,1,2335,6193,W,L,W vs. Dallas Wings 92-84,L @ Washington Mystics 84-92
2024,2024-06-23,Indiana Fever,87,Chicago Sky,88,-1.0,1.0,0,1,2335,6194,W,L,W vs. Indiana Fever 88-87,L @ Chicago Sky 87-88
2024,2024-06-23,New York Liberty,96,Atlanta Dream,75,21.0,-21.0,1,0,2335,6195,L,W,L vs. New York Liberty 75-96,W @ Atlanta Dream 96-75
2024,2024-06-23,Connecticut Sun,61,Seattle Storm,72,-11.0,11.0,0,1,2335,6196,W,L,W vs. Connecticut Sun 72-61,L @ Seattle Storm 61-72
2024,2024-06-27,Indiana Fever,77,Seattle Storm,89,-12.0,12.0,0,1,2336,6197,W,L,W vs. Indiana Fever 89-77,L @ Seattle Storm 77-89
2024,2024-06-27,Connecticut Sun,94,Washington Mystics,91,3.0,-3.0,1,0,2336,6198,L,W,L vs. Connecticut Sun 91-94,W @ Washington Mystics 94-91
2024,2024-06-27,Minnesota Lynx,88,Dallas Wings,94,-6.0,6.0,0,1,2336,6199,W,L,W vs. Minnesota Lynx 94-88,L @ Dallas Wings 88-94
2024,2024-06-27,Las Vegas Aces,95,Chicago Sky,83,12.0,-12.0,1,0,2336,6200,L,W,L vs. Las Vegas Aces 83-95,W @ Chicago Sky 95-83
2024,2024-06-28,Atlanta Dream,78,Connecticut Sun,74,4.0,-4.0,1,0,2337,6201,L,W,L vs. Atlanta Dream 74-78,W @ Connecticut Sun 78-74
2024,2024-06-28,Los Angeles Sparks,78,Phoenix Mercury,92,-14.0,14.0,0,1,2337,6202,W,L,W vs. Los Angeles Sparks 92-78,L @ Phoenix Mercury 78-92
2024,2024-06-29,Dallas Wings,76,Seattle Storm,97,-21.0,21.0,0,1,2338,6203,W,L,W vs. Dallas Wings 97-76,L @ Seattle Storm 76-97
2024,2024-06-29,Las Vegas Aces,88,Washington Mystics,77,11.0,-11.0,1,0,2338,6204,L,W,L vs. Las Vegas Aces 77-88,W @ Washington Mystics 88-77
2024,2024-06-30,Minnesota Lynx,70,Chicago Sky,62,8.0,-8.0,1,0,2339,6205,L,W,L vs. Minnesota Lynx 62-70,W @ Chicago Sky 70-62
2024,2024-06-30,Indiana Fever,88,Phoenix Mercury,82,6.0,-6.0,1,0,2339,6206,L,W,L vs. Indiana Fever 82-88,W @ Phoenix Mercury 88-82
2024,2024-06-30,Atlanta Dream,75,New York Liberty,81,-6.0,6.0,0,1,2339,6207,W,L,W vs. Atlanta Dream 81-75,L @ New York Liberty 75-81
2024,2024-07-01,Dallas Wings,71,Seattle Storm,95,-24.0,24.0,0,1,2340,6208,W,L,W vs. Dallas Wings 95-71,L @ Seattle Storm 71-95
2024,2024-07-01,Connecticut Sun,83,Phoenix Mercury,72,11.0,-11.0,1,0,2340,6209,L,W,L vs. Connecticut Sun 72-83,W @ Phoenix Mercury 83-72
2024,2024-07-02,Chicago Sky,85,Atlanta Dream,77,8.0,-8.0,1,0,2341,6210,L,W,L vs. Chicago Sky 77-85,W @ Atlanta Dream 85-77
2024,2024-07-02,Minnesota Lynx,67,New York Liberty,76,-9.0,9.0,0,1,2341,6211,W,L,W vs. Minnesota Lynx 76-67,L @ New York Liberty 67-76
2024,2024-07-02,Indiana Fever,69,Las Vegas Aces,88,-19.0,19.0,0,1,2341,6212,W,L,W vs. Indiana Fever 88-69,L @ Las Vegas Aces 69-88
2024,2024-07-02,Washington Mystics,82,Los Angeles Sparks,80,2.0,-2.0,1,0,2341,6213,L,W,L vs. Washington Mystics 80-82,W @ Los Angeles Sparks 82-80
2024,2024-07-03,Phoenix Mercury,104,Dallas Wings,96,8.0,-8.0,1,0,2342,6214,L,W,L vs. Phoenix Mercury 96-104,W @ Dallas Wings 104-96
2024,2024-07-04,Connecticut Sun,78,Minnesota Lynx,73,5.0,-5.0,1,0,2343,6215,L,W,L vs. Connecticut Sun 73-78,W @ Minnesota Lynx 78-73
2024,2024-07-04,Washington Mystics,77,Las Vegas Aces,98,-21.0,21.0,0,1,2343,6216,W,L,W vs. Washington Mystics 98-77,L @ Las Vegas Aces 77-98
2024,2024-07-05,Atlanta Dream,82,Dallas Wings,85,-3.0,3.0,0,1,2344,6217,W,L,W vs. Atlanta Dream 85-82,L @ Dallas Wings 82-85
2024,2024-07-05,Chicago Sky,88,Seattle Storm,84,4.0,-4.0,1,0,2344,6218,L,W,L vs. Chicago Sky 84-88,W @ Seattle Storm 88-84
2024,2024-07-05,Las Vegas Aces,93,Los Angeles Sparks,98,-5.0,5.0,0,1,2344,6219,W,L,W vs. Las Vegas Aces 98-93,L @ Los Angeles Sparks 93-98
2024,2024-07-06,Washington Mystics,67,Minnesota Lynx,74,-7.0,7.0,0,1,2345,6220,W,L,W vs. Washington Mystics 74-67,L @ Minnesota Lynx 67-74
2024,2024-07-06,New York Liberty,78,Indiana Fever,83,-5.0,5.0,0,1,2345,6221,W,L,W vs. New York Liberty 83-78,L @ Indiana Fever 78-83
2024,2024-07-07,Dallas Wings,85,Las Vegas Aces,104,-19.0,19.0,0,1,2346,6222,W,L,W vs. Dallas Wings 104-85,L @ Las Vegas Aces 85-104
2024,2024-07-07,Chicago Sky,71,Seattle Storm,84,-13.0,13.0,0,1,2346,6223,W,L,W vs. Chicago Sky 84-71,L @ Seattle Storm 71-84
2024,2024-07-07,Phoenix Mercury,84,Los Angeles Sparks,78,6.0,-6.0,1,0,2346,6224,L,W,L vs. Phoenix Mercury 78-84,W @ Los Angeles Sparks 84-78
2024,2024-07-07,Atlanta Dream,67,Connecticut Sun,80,-13.0,13.0,0,1,2346,6225,W,L,W vs. Atlanta Dream 80-67,L @ Connecticut Sun 67-80
2024,2024-07-09,Minnesota Lynx,82,Los Angeles Sparks,67,15.0,-15.0,1,0,2347,6226,L,W,L vs. Minnesota Lynx 67-82,W @ Los Angeles Sparks 82-67
2024,2024-07-10,New York Liberty,71,Connecticut Sun,68,3.0,-3.0,1,0,2348,6227,L,W,L vs. New York Liberty 68-71,W @ Connecticut Sun 71-68
2024,2024-07-10,Dallas Wings,84,Phoenix Mercury,100,-16.0,16.0,0,1,2348,6228,W,L,W vs. Dallas Wings 100-84,L @ Phoenix Mercury 84-100
2024,2024-07-10,Washington Mystics,89,Indiana Fever,84,5.0,-5.0,1,0,2348,6229,L,W,L vs. Washington Mystics 84-89,W @ Indiana Fever 89-84
2024,2024-07-10,Las Vegas Aces,84,Seattle Storm,79,5.0,-5.0,1,0,2348,6230,L,W,L vs. Las Vegas Aces 79-84,W @ Seattle Storm 84-79
2024,2024-07-10,Atlanta Dream,69,Chicago Sky,78,-9.0,9.0,0,1,2348,6231,W,L,W vs. Atlanta Dream 78-69,L @ Chicago Sky 69-78
2024,2024-07-11,Chicago Sky,76,New York Liberty,91,-15.0,15.0,0,1,2349,6232,W,L,W vs. Chicago Sky 91-76,L @ New York Liberty 76-91
2024,2024-07-12,Minnesota Lynx,63,Seattle Storm,91,-28.0,28.0,0,1,2350,6233,W,L,W vs. Minnesota Lynx 91-63,L @ Seattle Storm 63-91
2024,2024-07-12,Phoenix Mercury,86,Indiana Fever,95,-9.0,9.0,0,1,2350,6234,W,L,W vs. Phoenix Mercury 95-86,L @ Indiana Fever 86-95
2024,2024-07-12,Las Vegas Aces,84,Atlanta Dream,70,14.0,-14.0,1,0,2350,6235,L,W,L vs. Las Vegas Aces 70-84,W @ Atlanta Dream 84-70
2024,2024-07-13,New York Liberty,81,Chicago Sky,67,14.0,-14.0,1,0,2351,6236,L,W,L vs. New York Liberty 67-81,W @ Chicago Sky 81-67
2024,2024-07-13,Los Angeles Sparks,87,Dallas Wings,81,6.0,-6.0,1,0,2351,6237,L,W,L vs. Los Angeles Sparks 81-87,W @ Dallas Wings 87-81
2024,2024-07-14,Indiana Fever,81,Minnesota Lynx,74,7.0,-7.0,1,0,2352,6238,L,W,L vs. Indiana Fever 74-81,W @ Minnesota Lynx 81-74
2024,2024-07-14,Atlanta Dream,70,Seattle Storm,81,-11.0,11.0,0,1,2352,6239,W,L,W vs. Atlanta Dream 81-70,L @ Seattle Storm 70-81
2024,2024-07-14,Phoenix Mercury,69,Connecticut Sun,96,-27.0,27.0,0,1,2352,6240,W,L,W vs. Phoenix Mercury 96-69,L @ Connecticut Sun 69-96
2024,2024-07-14,Las Vegas Aces,89,Washington Mystics,77,12.0,-12.0,1,0,2352,6241,L,W,L vs. Las Vegas Aces 77-89,W @ Washington Mystics 89-77
2024,2024-07-16,Seattle Storm,89,Los Angeles Sparks,83,6.0,-6.0,1,0,2353,6242,L,W,L vs. Seattle Storm 83-89,W @ Los Angeles Sparks 89-83
2024,2024-07-16,Connecticut Sun,74,New York Liberty,82,-8.0,8.0,0,1,2353,6243,W,L,W vs. Connecticut Sun 82-74,L @ New York Liberty 74-82
2024,2024-07-16,Phoenix Mercury,96,Washington Mystics,87,9.0,-9.0,1,0,2353,6244,L,W,L vs. Phoenix Mercury 87-96,W @ Washington Mystics 96-87
2024,2024-07-16,Chicago Sky,93,Las Vegas Aces,85,8.0,-8.0,1,0,2353,6245,L,W,L vs. Chicago Sky 85-93,W @ Las Vegas Aces 93-85
2024,2024-07-17,Atlanta Dream,79,Minnesota Lynx,86,-7.0,7.0,0,1,2354,6246,W,L,W vs. Atlanta Dream 86-79,L @ Minnesota Lynx 79-86
2024,2024-07-17,Indiana Fever,93,Dallas Wings,101,-8.0,8.0,0,1,2354,6247,W,L,W vs. Indiana Fever 101-93,L @ Dallas Wings 93-101
2024,2024-08-15,New York Liberty,103,Los Angeles Sparks,68,35.0,-35.0,1,0,2355,6248,L,W,L vs. New York Liberty 68-103,W @ Los Angeles Sparks 103-68
2024,2024-08-15,Phoenix Mercury,85,Chicago Sky,65,20.0,-20.0,1,0,2355,6249,L,W,L vs. Phoenix Mercury 65-85,W @ Chicago Sky 85-65
2024,2024-08-15,Washington Mystics,68,Minnesota Lynx,79,-11.0,11.0,0,1,2355,6250,W,L,W vs. Washington Mystics 79-68,L @ Minnesota Lynx 68-79
2024,2024-08-16,Phoenix Mercury,89,Indiana Fever,98,-9.0,9.0,0,1,2356,6251,W,L,W vs. Phoenix Mercury 98-89,L @ Indiana Fever 89-98
2024,2024-08-16,Connecticut Sun,109,Dallas Wings,91,18.0,-18.0,1,0,2356,6252,L,W,L vs. Connecticut Sun 91-109,W @ Dallas Wings 109-91
2024,2024-08-16,Seattle Storm,81,Atlanta Dream,83,-2.0,2.0,0,1,2356,6253,W,L,W vs. Seattle Storm 83-81,L @ Atlanta Dream 81-83
2024,2024-08-17,New York Liberty,79,Las Vegas Aces,67,12.0,-12.0,1,0,2357,6254,L,W,L vs. New York Liberty 67-79,W @ Las Vegas Aces 79-67
2024,2024-08-17,Chicago Sky,90,Los Angeles Sparks,86,4.0,-4.0,1,0,2357,6255,L,W,L vs. Chicago Sky 86-90,W @ Los Angeles Sparks 90-86
2024,2024-08-17,Minnesota Lynx,99,Washington Mystics,83,16.0,-16.0,1,0,2357,6256,L,W,L vs. Minnesota Lynx 83-99,W @ Washington Mystics 99-83
2024,2024-08-18,Connecticut Sun,70,Atlanta Dream,82,-12.0,12.0,0,1,2358,6257,W,L,W vs. Connecticut Sun 82-70,L @ Atlanta Dream 70-82
2024,2024-08-18,Seattle Storm,75,Indiana Fever,92,-17.0,17.0,0,1,2358,6258,W,L,W vs. Seattle Storm 92-75,L @ Indiana Fever 75-92
2024,2024-08-18,Chicago Sky,68,Phoenix Mercury,86,-18.0,18.0,0,1,2358,6259,W,L,W vs. Chicago Sky 86-68,L @ Phoenix Mercury 68-86
2024,2024-08-18,Los Angeles Sparks,71,Las Vegas Aces,87,-16.0,16.0,0,1,2358,6260,W,L,W vs. Los Angeles Sparks 87-71,L @ Las Vegas Aces 71-87
2024,2024-08-20,Seattle Storm,83,Washington Mystics,77,6.0,-6.0,1,0,2359,6261,L,W,L vs. Seattle Storm 77-83,W @ Washington Mystics 83-77
2024,2024-08-20,Los Angeles Sparks,61,Connecticut Sun,69,-8.0,8.0,0,1,2359,6262,W,L,W vs. Los Angeles Sparks 69-61,L @ Connecticut Sun 61-69
2024,2024-08-20,Dallas Wings,74,New York Liberty,94,-20.0,20.0,0,1,2359,6263,W,L,W vs. Dallas Wings 94-74,L @ New York Liberty 74-94
2024,2024-08-21,Phoenix Mercury,63,Atlanta Dream,72,-9.0,9.0,0,1,2360,6264,W,L,W vs. Phoenix Mercury 72-63,L @ Atlanta Dream 63-72
2024,2024-08-21,Minnesota Lynx,98,Las Vegas Aces,87,11.0,-11.0,1,0,2360,6265,L,W,L vs. Minnesota Lynx 87-98,W @ Las Vegas Aces 98-87
2024,2024-08-22,Dallas Wings,71,New York Liberty,79,-8.0,8.0,0,1,2361,6266,W,L,W vs. Dallas Wings 79-71,L @ New York Liberty 71-79
2024,2024-08-23,Las Vegas Aces,74,Minnesota Lynx,87,-13.0,13.0,0,1,2362,6267,W,L,W vs. Las Vegas Aces 87-74,L @ Minnesota Lynx 74-87
2024,2024-08-23,Phoenix Mercury,82,Atlanta Dream,80,2.0,-2.0,1,0,2362,6268,L,W,L vs. Phoenix Mercury 80-82,W @ Atlanta Dream 82-80
2024,2024-08-23,Los Angeles Sparks,74,Washington Mystics,80,-6.0,6.0,0,1,2362,6269,W,L,W vs. Los Angeles Sparks 80-74,L @ Washington Mystics 74-80
2024,2024-08-23,Chicago Sky,80,Connecticut Sun,82,-2.0,2.0,0,1,2362,6270,W,L,W vs. Chicago Sky 82-80,L @ Connecticut Sun 80-82
2024,2024-08-24,Connecticut Sun,72,New York Liberty,64,8.0,-8.0,1,0,2363,6271,L,W,L vs. Connecticut Sun 64-72,W @ New York Liberty 72-64
2024,2024-08-24,Indiana Fever,80,Minnesota Lynx,90,-10.0,10.0,0,1,2363,6272,W,L,W vs. Indiana Fever 90-80,L @ Minnesota Lynx 80-90
2024,2024-08-25,Las Vegas Aces,77,Chicago Sky,75,2.0,-2.0,1,0,2364,6273,L,W,L vs. Las Vegas Aces 75-77,W @ Chicago Sky 77-75
2024,2024-08-25,Los Angeles Sparks,110,Dallas Wings,113,-3.0,3.0,0,1,2364,6274,W,L,W vs. Los Angeles Sparks 113-110,L @ Dallas Wings 110-113
2024,2024-08-26,Indiana Fever,84,Atlanta Dream,79,5.0,-5.0,1,0,2365,6275,L,W,L vs. Indiana Fever 79-84,W @ Atlanta Dream 84-79
2024,2024-08-26,New York Liberty,84,Phoenix Mercury,70,14.0,-14.0,1,0,2365,6276,L,W,L vs. New York Liberty 70-84,W @ Phoenix Mercury 84-70
2024,2024-08-26,Washington Mystics,74,Seattle Storm,72,2.0,-2.0,1,0,2365,6277,L,W,L vs. Washington Mystics 72-74,W @ Seattle Storm 74-72
2024,2024-08-27,Las Vegas Aces,90,Dallas Wings,93,-3.0,3.0,0,1,2366,6278,W,L,W vs. Las Vegas Aces 93-90,L @ Dallas Wings 90-93
2024,2024-08-28,Atlanta Dream,81,Seattle Storm,85,-4.0,4.0,0,1,2367,6279,W,L,W vs. Atlanta Dream 85-81,L @ Seattle Storm 81-85
2024,2024-08-28,Washington Mystics,74,Chicago Sky,70,4.0,-4.0,1,0,2367,6280,L,W,L vs. Washington Mystics 70-74,W @ Chicago Sky 74-70
2024,2024-08-28,Connecticut Sun,80,Indiana Fever,84,-4.0,4.0,0,1,2367,6281,W,L,W vs. Connecticut Sun 84-80,L @ Indiana Fever 80-84
2024,2024-08-28,Minnesota Lynx,89,Phoenix Mercury,76,13.0,-13.0,1,0,2367,6282,L,W,L vs. Minnesota Lynx 76-89,W @ Phoenix Mercury 89-76
2024,2024-08-28,New York Liberty,88,Los Angeles Sparks,94,-6.0,6.0,0,1,2367,6283,W,L,W vs. New York Liberty 94-88,L @ Los Angeles Sparks 88-94
2024,2024-08-30,Indiana Fever,100,Chicago Sky,81,19.0,-19.0,1,0,2368,6284,L,W,L vs. Indiana Fever 81-100,W @ Chicago Sky 100-81
2024,2024-08-30,Atlanta Dream,72,Las Vegas Aces,83,-11.0,11.0,0,1,2368,6285,W,L,W vs. Atlanta Dream 83-72,L @ Las Vegas Aces 72-83
2024,2024-08-30,Minnesota Lynx,76,Dallas Wings,94,-18.0,18.0,0,1,2368,6286,W,L,W vs. Minnesota Lynx 94-76,L @ Dallas Wings 76-94
2024,2024-08-30,New York Liberty,98,Seattle Storm,85,13.0,-13.0,1,0,2368,6287,L,W,L vs. New York Liberty 85-98,W @ Seattle Storm 98-85
2024,2024-08-31,Connecticut Sun,96,Washington Mystics,85,11.0,-11.0,1,0,2369,6288,L,W,L vs. Connecticut Sun 85-96,W @ Washington Mystics 96-85
2024,2024-09-01,Chicago Sky,74,Minnesota Lynx,79,-5.0,5.0,0,1,2370,6289,W,L,W vs. Chicago Sky 79-74,L @ Minnesota Lynx 74-79
2024,2024-09-01,Las Vegas Aces,97,Phoenix Mercury,79,18.0,-18.0,1,0,2370,6290,L,W,L vs. Las Vegas Aces 79-97,W @ Phoenix Mercury 97-79
2024,2024-09-01,Atlanta Dream,80,Los Angeles Sparks,62,18.0,-18.0,1,0,2370,6291,L,W,L vs. Atlanta Dream 62-80,W @ Los Angeles Sparks 80-62
2024,2024-09-01,Indiana Fever,100,Dallas Wings,93,7.0,-7.0,1,0,2370,6292,L,W,L vs. Indiana Fever 93-100,W @ Dallas Wings 100-93
2024,2024-09-01,Seattle Storm,86,Connecticut Sun,93,-7.0,7.0,0,1,2370,6293,W,L,W vs. Seattle Storm 93-86,L @ Connecticut Sun 86-93
2024,2024-09-03,Washington Mystics,90,Dallas Wings,86,4.0,-4.0,1,0,2371,6294,L,W,L vs. Washington Mystics 86-90,W @ Dallas Wings 90-86
2024,2024-09-03,Seattle Storm,71,Connecticut Sun,64,7.0,-7.0,1,0,2371,6295,L,W,L vs. Seattle Storm 64-71,W @ Connecticut Sun 71-64
2024,2024-09-03,Atlanta Dream,66,Phoenix Mercury,74,-8.0,8.0,0,1,2371,6296,W,L,W vs. Atlanta Dream 74-66,L @ Phoenix Mercury 66-74
2024,2024-09-03,Chicago Sky,71,Las Vegas Aces,90,-19.0,19.0,0,1,2371,6297,W,L,W vs. Chicago Sky 90-71,L @ Las Vegas Aces 71-90
2024,2024-09-04,Los Angeles Sparks,86,Indiana Fever,93,-7.0,7.0,0,1,2372,6298,W,L,W vs. Los Angeles Sparks 93-86,L @ Indiana Fever 86-93
2024,2024-09-05,Washington Mystics,90,Phoenix Mercury,77,13.0,-13.0,1,0,2373,6299,L,W,L vs. Washington Mystics 77-90,W @ Phoenix Mercury 90-77
2024,2024-09-05,Seattle Storm,70,New York Liberty,77,-7.0,7.0,0,1,2373,6300,W,L,W vs. Seattle Storm 77-70,L @ New York Liberty 70-77
2024,2024-09-06,Minnesota Lynx,99,Indiana Fever,88,11.0,-11.0,1,0,2374,6301,L,W,L vs. Minnesota Lynx 88-99,W @ Indiana Fever 99-88
2024,2024-09-06,Las Vegas Aces,72,Connecticut Sun,67,5.0,-5.0,1,0,2374,6302,L,W,L vs. Las Vegas Aces 67-72,W @ Connecticut Sun 72-67
2024,2024-09-06,Los Angeles Sparks,78,Chicago Sky,92,-14.0,14.0,0,1,2374,6303,W,L,W vs. Los Angeles Sparks 92-78,L @ Chicago Sky 78-92
2024,2024-09-06,Dallas Wings,96,Atlanta Dream,107,-11.0,11.0,0,1,2374,6304,W,L,W vs. Dallas Wings 107-96,L @ Atlanta Dream 96-107
2024,2024-09-07,Phoenix Mercury,66,Seattle Storm,90,-24.0,24.0,0,1,2375,6305,W,L,W vs. Phoenix Mercury 90-66,L @ Seattle Storm 66-90
2024,2024-09-08,Las Vegas Aces,71,New York Liberty,75,-4.0,4.0,0,1,2376,6306,W,L,W vs. Las Vegas Aces 75-71,L @ New York Liberty 71-75
2024,2024-09-08,Dallas Wings,77,Chicago Sky,92,-15.0,15.0,0,1,2376,6307,W,L,W vs. Dallas Wings 92-77,L @ Chicago Sky 77-92
2024,2024-09-08,Atlanta Dream,100,Indiana Fever,104,-4.0,4.0,0,1,2376,6308,W,L,W vs. Atlanta Dream 104-100,L @ Indiana Fever 100-104
2024,2024-09-08,Minnesota Lynx,78,Washington Mystics,71,7.0,-7.0,1,0,2376,6309,L,W,L vs. Minnesota Lynx 71-78,W @ Washington Mystics 78-71
2024,2024-09-08,Connecticut Sun,79,Los Angeles Sparks,67,12.0,-12.0,1,0,2376,6310,L,W,L vs. Connecticut Sun 67-79,W @ Los Angeles Sparks 79-67
2024,2024-09-10,New York Liberty,105,Dallas Wings,91,14.0,-14.0,1,0,2377,6311,L,W,L vs. New York Liberty 91-105,W @ Dallas Wings 105-91
2024,2024-09-10,Connecticut Sun,86,Los Angeles Sparks,66,20.0,-20.0,1,0,2377,6312,L,W,L vs. Connecticut Sun 66-86,W @ Los Angeles Sparks 86-66
2024,2024-09-10,Minnesota Lynx,76,Atlanta Dream,64,12.0,-12.0,1,0,2377,6313,L,W,L vs. Minnesota Lynx 64-76,W @ Atlanta Dream 76-64
2024,2024-09-11,Las Vegas Aces,86,Indiana Fever,75,11.0,-11.0,1,0,2378,6314,L,W,L vs. Las Vegas Aces 75-86,W @ Indiana Fever 86-75
2024,2024-09-11,Seattle Storm,90,Los Angeles Sparks,82,8.0,-8.0,1,0,2378,6315,L,W,L vs. Seattle Storm 82-90,W @ Los Angeles Sparks 90-82
2024,2024-09-11,Washington Mystics,89,Chicago Sky,58,31.0,-31.0,1,0,2378,6316,L,W,L vs. Washington Mystics 58-89,W @ Chicago Sky 89-58
2024,2024-09-12,New York Liberty,99,Dallas Wings,67,32.0,-32.0,1,0,2379,6317,L,W,L vs. New York Liberty 67-99,W @ Dallas Wings 99-67
2024,2024-09-13,Seattle Storm,83,Dallas Wings,81,2.0,-2.0,1,0,2380,6318,L,W,L vs. Seattle Storm 81-83,W @ Dallas Wings 83-81
2024,2024-09-13,Connecticut Sun,88,Phoenix Mercury,69,19.0,-19.0,1,0,2380,6319,L,W,L vs. Connecticut Sun 69-88,W @ Phoenix Mercury 88-69
2024,2024-09-13,Chicago Sky,66,Minnesota Lynx,83,-17.0,17.0,0,1,2380,6320,W,L,W vs. Chicago Sky 83-66,L @ Minnesota Lynx 66-83
2024,2024-09-13,Las Vegas Aces,78,Indiana Fever,74,4.0,-4.0,1,0,2380,6321,L,W,L vs. Las Vegas Aces 74-78,W @ Indiana Fever 78-74
2024,2024-09-13,Washington Mystics,72,Atlanta Dream,69,3.0,-3.0,1,0,2380,6322,L,W,L vs. Washington Mystics 69-72,W @ Atlanta Dream 72-69
2024,2024-09-15,Atlanta Dream,76,Washington Mystics,73,3.0,-3.0,1,0,2381,6323,L,W,L vs. Atlanta Dream 73-76,W @ Washington Mystics 76-73
2024,2024-09-15,Los Angeles Sparks,87,Seattle Storm,90,-3.0,3.0,0,1,2381,6324,W,L,W vs. Los Angeles Sparks 90-87,L @ Seattle Storm 87-90
2024,2024-09-15,Minnesota Lynx,88,New York Liberty,79,9.0,-9.0,1,0,2381,6325,L,W,L vs. Minnesota Lynx 79-88,W @ New York Liberty 88-79
2024,2024-09-15,Phoenix Mercury,93,Chicago Sky,88,5.0,-5.0,1,0,2381,6326,L,W,L vs. Phoenix Mercury 88-93,W @ Chicago Sky 93-88
2024,2024-09-15,Dallas Wings,109,Indiana Fever,110,-1.0,1.0,0,1,2381,6327,W,L,W vs. Dallas Wings 110-109,L @ Indiana Fever 109-110
2024,2024-09-15,Connecticut Sun,71,Las Vegas Aces,84,-13.0,13.0,0,1,2381,6328,W,L,W vs. Connecticut Sun 84-71,L @ Las Vegas Aces 71-84
2024,2024-09-17,Las Vegas Aces,85,Seattle Storm,72,13.0,-13.0,1,0,2382,6329,L,W,L vs. Las Vegas Aces 72-85,W @ Seattle Storm 85-72
2024,2024-09-17,New York Liberty,87,Washington Mystics,71,16.0,-16.0,1,0,2382,6330,L,W,L vs. New York Liberty 71-87,W @ Washington Mystics 87-71
2024,2024-09-17,Chicago Sky,70,Atlanta Dream,86,-16.0,16.0,0,1,2382,6331,W,L,W vs. Chicago Sky 86-70,L @ Atlanta Dream 70-86
2024,2024-09-17,Phoenix Mercury,85,Los Angeles Sparks,81,4.0,-4.0,1,0,2382,6332,L,W,L vs. Phoenix Mercury 81-85,W @ Los Angeles Sparks 85-81
2024,2024-09-17,Minnesota Lynx,78,Connecticut Sun,76,2.0,-2.0,1,0,2382,6333,L,W,L vs. Minnesota Lynx 76-78,W @ Connecticut Sun 78-76
2024,2024-09-19,Indiana Fever,91,Washington Mystics,92,-1.0,1.0,0,1,2383,6334,W,L,W vs. Indiana Fever 92-91,L @ Washington Mystics 91-92
2024,2024-09-19,Los Angeles Sparks,68,Minnesota Lynx,51,17.0,-17.0,1,0,2383,6335,L,W,L vs. Los Angeles Sparks 51-68,W @ Minnesota Lynx 68-51
2024,2024-09-19,Seattle Storm,89,Phoenix Mercury,70,19.0,-19.0,1,0,2383,6336,L,W,L vs. Seattle Storm 70-89,W @ Phoenix Mercury 89-70
2024,2024-09-19,Dallas Wings,84,Las Vegas Aces,98,-14.0,14.0,0,1,2383,6337,W,L,W vs. Dallas Wings 98-84,L @ Las Vegas Aces 84-98
2024,2024-09-19,Atlanta Dream,78,New York Liberty,67,11.0,-11.0,1,0,2383,6338,L,W,L vs. Atlanta Dream 67-78,W @ New York Liberty 78-67
2024,2024-09-19,Chicago Sky,54,Connecticut Sun,87,-33.0,33.0,0,1,2383,6339,W,L,W vs. Chicago Sky 87-54,L @ Connecticut Sun 54-87
2024,2024-09-22,Indiana Fever,69,Connecticut Sun,93,-24.0,24.0,0,1,2384,6340,W,L,W vs. Indiana Fever 93-69,L @ Connecticut Sun 69-93
2024,2024-09-22,Phoenix Mercury,95,Minnesota Lynx,102,-7.0,7.0,0,1,2384,6341,W,L,W vs. Phoenix Mercury 102-95,L @ Minnesota Lynx 95-102
2024,2024-09-22,Seattle Storm,67,Las Vegas Aces,78,-11.0,11.0,0,1,2384,6342,W,L,W vs. Seattle Storm 78-67,L @ Las Vegas Aces 67-78
2024,2024-09-22,Atlanta Dream,69,New York Liberty,83,-14.0,14.0,0,1,2384,6343,W,L,W vs. Atlanta Dream 83-69,L @ New York Liberty 69-83
2024,2024-09-24,Seattle Storm,76,Las Vegas Aces,83,-7.0,7.0,0,1,2385,6344,W,L,W vs. Seattle Storm 83-76,L @ Las Vegas Aces 76-83
2024,2024-09-24,Atlanta Dream,82,New York Liberty,91,-9.0,9.0,0,1,2385,6345,W,L,W vs. Atlanta Dream 91-82,L @ New York Liberty 82-91
2024,2024-09-25,Phoenix Mercury,88,Minnesota Lynx,101,-13.0,13.0,0,1,2386,6346,W,L,W vs. Phoenix Mercury 101-88,L @ Minnesota Lynx 88-101
2024,2024-09-25,Indiana Fever,81,Connecticut Sun,87,-6.0,6.0,0,1,2386,6347,W,L,W vs. Indiana Fever 87-81,L @ Connecticut Sun 81-87
2024,2024-09-29,Las Vegas Aces,77,New York Liberty,87,-10.0,10.0,0,1,2387,6348,W,L,W vs. Las Vegas Aces 87-77,L @ New York Liberty 77-87
2024,2024-09-29,Connecticut Sun,73,Minnesota Lynx,70,3.0,-3.0,1,0,2387,6349,L,W,L vs. Connecticut Sun 70-73,W @ Minnesota Lynx 73-70
2024,2024-10-01,Las Vegas Aces,84,New York Liberty,88,-4.0,4.0,0,1,2388,6350,W,L,W vs. Las Vegas Aces 88-84,L @ New York Liberty 84-88
2024,2024-10-01,Connecticut Sun,70,Minnesota Lynx,77,-7.0,7.0,0,1,2388,6351,W,L,W vs. Connecticut Sun 77-70,L @ Minnesota Lynx 70-77
2024,2024-10-04,Minnesota Lynx,90,Connecticut Sun,81,9.0,-9.0,1,0,2389,6352,L,W,L vs. Minnesota Lynx 81-90,W @ Connecticut Sun 90-81
2024,2024-10-04,New York Liberty,81,Las Vegas Aces,95,-14.0,14.0,0,1,2389,6353,W,L,W vs. New York Liberty 95-81,L @ Las Vegas Aces 81-95
2024,2024-10-06,New York Liberty,76,Las Vegas Aces,62,14.0,-14.0,1,0,2390,6354,L,W,L vs. New York Liberty 62-76,W @ Las Vegas Aces 76-62
2024,2024-10-06,Minnesota Lynx,82,Connecticut Sun,92,-10.0,10.0,0,1,2390,6355,W,L,W vs. Minnesota Lynx 92-82,L @ Connecticut Sun 82-92
2024,2024-10-08,Connecticut Sun,77,Minnesota Lynx,88,-11.0,11.0,0,1,2391,6356,W,L,W vs. Connecticut Sun 88-77,L @ Minnesota Lynx 77-88
2024,2024-10-10,Minnesota Lynx,95,New York Liberty,93,2.0,-2.0,1,0,2392,6357,L,W,L vs. Minnesota Lynx 93-95,W @ New York Liberty 95-93
2024,2024-10-13,Minnesota Lynx,66,New York Liberty,80,-14.0,14.0,0,1,2393,6358,W,L,W vs. Minnesota Lynx 80-66,L @ New York Liberty 66-80
2024,2024-10-16,New York Liberty,80,Minnesota Lynx,77,3.0,-3.0,1,0,2394,6359,L,W,L vs. New York Liberty 77-80,W @ Minnesota Lynx 80-77
2024,2024-10-18,New York Liberty,80,Minnesota Lynx,82,-2.0,2.0,0,1,2395,6360,W,L,W vs. New York Liberty 82-80,L @ Minnesota Lynx 80-82
2024,2024-10-20,Minnesota Lynx,62,New York Liberty,67,-5.0,5.0,0,1,2396,6361,W,L,W vs. Minnesota Lynx 67-62,L @ New York Liberty 62-67
2025,2025-05-16,Atlanta Dream,90,Washington Mystics,94,-4.0,4.0,0,1,2397,6362,W,L,W vs. Atlanta Dream 94-90,L @ Washington Mystics 90-94
2025,2025-05-16,Los Angeles Sparks,84,Golden State Valkyries,67,17.0,-17.0,1,0,2397,6363,L,W,L vs. Los Angeles Sparks 67-84,W @ Golden State Valkyries 84-67
2025,2025-05-16,Minnesota Lynx,99,Dallas Wings,84,15.0,-15.0,1,0,2397,6364,L,W,L vs. Minnesota Lynx 84-99,W @ Dallas Wings 99-84
2025,2025-05-17,Las Vegas Aces,78,New York Liberty,92,-14.0,14.0,0,1,2398,6365,W,L,W vs. Las Vegas Aces 92-78,L @ New York Liberty 78-92
2025,2025-05-17,Chicago Sky,58,Indiana Fever,93,-35.0,35.0,0,1,2398,6366,W,L,W vs. Chicago Sky 93-58,L @ Indiana Fever 58-93
2025,2025-05-17,Seattle Storm,59,Phoenix Mercury,81,-22.0,22.0,0,1,2398,6367,W,L,W vs. Seattle Storm 81-59,L @ Phoenix Mercury 59-81
2025,2025-05-18,Minnesota Lynx,89,Los Angeles Sparks,75,14.0,-14.0,1,0,2399,6368,L,W,L vs. Minnesota Lynx 75-89,W @ Los Angeles Sparks 89-75
2025,2025-05-18,Washington Mystics,90,Connecticut Sun,85,5.0,-5.0,1,0,2399,6369,L,W,L vs. Washington Mystics 85-90,W @ Connecticut Sun 90-85
2025,2025-05-19,Seattle Storm,79,Dallas Wings,71,8.0,-8.0,1,0,2400,6370,L,W,L vs. Seattle Storm 71-79,W @ Dallas Wings 79-71
2025,2025-05-20,Atlanta Dream,91,Indiana Fever,90,1.0,-1.0,1,0,2401,6371,L,W,L vs. Atlanta Dream 90-91,W @ Indiana Fever 91-90
2025,2025-05-20,Las Vegas Aces,87,Connecticut Sun,62,25.0,-25.0,1,0,2401,6372,L,W,L vs. Las Vegas Aces 62-87,W @ Connecticut Sun 87-62
2025,2025-05-21,Los Angeles Sparks,86,Phoenix Mercury,89,-3.0,3.0,0,1,2402,6373,W,L,W vs. Los Angeles Sparks 89-86,L @ Phoenix Mercury 86-89
2025,2025-05-21,Dallas Wings,81,Minnesota Lynx,85,-4.0,4.0,0,1,2402,6374,W,L,W vs. Dallas Wings 85-81,L @ Minnesota Lynx 81-85
2025,2025-05-21,Washington Mystics,74,Golden State Valkyries,76,-2.0,2.0,0,1,2402,6375,W,L,W vs. Washington Mystics 76-74,L @ Golden State Valkyries 74-76
2025,2025-05-22,New York Liberty,99,Chicago Sky,74,25.0,-25.0,1,0,2403,6376,L,W,L vs. New York Liberty 74-99,W @ Chicago Sky 99-74
2025,2025-05-22,Indiana Fever,81,Atlanta Dream,76,5.0,-5.0,1,0,2403,6377,L,W,L vs. Indiana Fever 76-81,W @ Atlanta Dream 81-76
2025,2025-05-23,Washington Mystics,72,Las Vegas Aces,75,-3.0,3.0,0,1,2404,6378,W,L,W vs. Washington Mystics 75-72,L @ Las Vegas Aces 72-75
2025,2025-05-23,Phoenix Mercury,70,Seattle Storm,77,-7.0,7.0,0,1,2404,6379,W,L,W vs. Phoenix Mercury 77-70,L @ Seattle Storm 70-77
2025,2025-05-23,Connecticut Sun,70,Minnesota Lynx,76,-6.0,6.0,0,1,2404,6380,W,L,W vs. Connecticut Sun 76-70,L @ Minnesota Lynx 70-76
2025,2025-05-23,Golden State Valkyries,82,Los Angeles Sparks,73,9.0,-9.0,1,0,2404,6381,L,W,L vs. Golden State Valkyries 73-82,W @ Los Angeles Sparks 82-73
2025,2025-05-24,Dallas Wings,75,Atlanta Dream,83,-8.0,8.0,0,1,2405,6382,W,L,W vs. Dallas Wings 83-75,L @ Atlanta Dream 75-83
2025,2025-05-24,New York Liberty,90,Indiana Fever,88,2.0,-2.0,1,0,2405,6383,L,W,L vs. New York Liberty 88-90,W @ Indiana Fever 90-88
2025,2025-05-25,Connecticut Sun,55,Atlanta Dream,79,-24.0,24.0,0,1,2406,6384,W,L,W vs. Connecticut Sun 79-55,L @ Atlanta Dream 55-79
2025,2025-05-25,Chicago Sky,78,Los Angeles Sparks,91,-13.0,13.0,0,1,2406,6385,W,L,W vs. Chicago Sky 91-78,L @ Los Angeles Sparks 78-91
2025,2025-05-25,Las Vegas Aces,82,Seattle Storm,102,-20.0,20.0,0,1,2406,6386,W,L,W vs. Las Vegas Aces 102-82,L @ Seattle Storm 82-102
2025,2025-05-25,Washington Mystics,62,Phoenix Mercury,68,-6.0,6.0,0,1,2406,6387,W,L,W vs. Washington Mystics 68-62,L @ Phoenix Mercury 62-68
2025,2025-05-27,Seattle Storm,77,Minnesota Lynx,82,-5.0,5.0,0,1,2407,6388,W,L,W vs. Seattle Storm 82-77,L @ Minnesota Lynx 77-82
2025,2025-05-27,Chicago Sky,89,Phoenix Mercury,94,-5.0,5.0,0,1,2407,6389,W,L,W vs. Chicago Sky 94-89,L @ Phoenix Mercury 89-94
2025,2025-05-27,Golden State Valkyries,67,New York Liberty,95,-28.0,28.0,0,1,2407,6390,W,L,W vs. Golden State Valkyries 95-67,L @ New York Liberty 67-95
2025,2025-05-27,Atlanta Dream,88,Los Angeles Sparks,82,6.0,-6.0,1,0,2407,6391,L,W,L vs. Atlanta Dream 82-88,W @ Los Angeles Sparks 88-82
2025,2025-05-27,Dallas Wings,109,Connecticut Sun,87,22.0,-22.0,1,0,2407,6392,L,W,L vs. Dallas Wings 87-109,W @ Connecticut Sun 109-87
2025,2025-05-28,Indiana Fever,77,Washington Mystics,83,-6.0,6.0,0,1,2408,6393,W,L,W vs. Indiana Fever 83-77,L @ Washington Mystics 77-83
2025,2025-05-29,Golden State Valkyries,77,New York Liberty,82,-5.0,5.0,0,1,2409,6394,W,L,W vs. Golden State Valkyries 82-77,L @ New York Liberty 77-82
2025,2025-05-29,Dallas Wings,92,Chicago Sky,97,-5.0,5.0,0,1,2409,6395,W,L,W vs. Dallas Wings 97-92,L @ Chicago Sky 92-97
2025,2025-05-30,Atlanta Dream,94,Seattle Storm,87,7.0,-7.0,1,0,2410,6396,L,W,L vs. Atlanta Dream 87-94,W @ Seattle Storm 94-87
2025,2025-05-30,Los Angeles Sparks,81,Las Vegas Aces,96,-15.0,15.0,0,1,2410,6397,W,L,W vs. Los Angeles Sparks 96-81,L @ Las Vegas Aces 81-96
2025,2025-05-30,Minnesota Lynx,74,Phoenix Mercury,71,3.0,-3.0,1,0,2410,6398,L,W,L vs. Minnesota Lynx 71-74,W @ Phoenix Mercury 74-71
2025,2025-05-30,Connecticut Sun,85,Indiana Fever,83,2.0,-2.0,1,0,2410,6399,L,W,L vs. Connecticut Sun 83-85,W @ Indiana Fever 85-83
2025,2025-05-30,New York Liberty,85,Washington Mystics,63,22.0,-22.0,1,0,2410,6400,L,W,L vs. New York Liberty 63-85,W @ Washington Mystics 85-63
2025,2025-05-31,Chicago Sky,94,Dallas Wings,83,11.0,-11.0,1,0,2411,6401,L,W,L vs. Chicago Sky 83-94,W @ Dallas Wings 94-83
2025,2025-06-01,Minnesota Lynx,86,Golden State Valkyries,75,11.0,-11.0,1,0,2412,6402,L,W,L vs. Minnesota Lynx 75-86,W @ Golden State Valkyries 86-75
2025,2025-06-01,Connecticut Sun,52,New York Liberty,100,-48.0,48.0,0,1,2412,6403,W,L,W vs. Connecticut Sun 100-52,L @ New York Liberty 52-100
2025,2025-06-01,Phoenix Mercury,85,Los Angeles Sparks,80,5.0,-5.0,1,0,2412,6404,L,W,L vs. Phoenix Mercury 80-85,W @ Los Angeles Sparks 85-80
2025,2025-06-01,Las Vegas Aces,75,Seattle Storm,70,5.0,-5.0,1,0,2412,6405,L,W,L vs. Las Vegas Aces 70-75,W @ Seattle Storm 75-70
2025,2025-06-03,Washington Mystics,76,Indiana Fever,85,-9.0,9.0,0,1,2413,6406,W,L,W vs. Washington Mystics 85-76,L @ Indiana Fever 76-85
2025,2025-06-03,Dallas Wings,77,Seattle Storm,83,-6.0,6.0,0,1,2413,6407,W,L,W vs. Dallas Wings 83-77,L @ Seattle Storm 77-83
2025,2025-06-03,Phoenix Mercury,65,Minnesota Lynx,88,-23.0,23.0,0,1,2413,6408,W,L,W vs. Phoenix Mercury 88-65,L @ Minnesota Lynx 65-88
2025,2025-06-05,Golden State Valkyries,77,Phoenix Mercury,86,-9.0,9.0,0,1,2414,6409,W,L,W vs. Golden State Valkyries 86-77,L @ Phoenix Mercury 77-86
2025,2025-06-05,New York Liberty,86,Washington Mystics,78,8.0,-8.0,1,0,2414,6410,L,W,L vs. New York Liberty 78-86,W @ Washington Mystics 86-78
2025,2025-06-06,Los Angeles Sparks,93,Dallas Wings,79,14.0,-14.0,1,0,2415,6411,L,W,L vs. Los Angeles Sparks 79-93,W @ Dallas Wings 93-79
2025,2025-06-06,Atlanta Dream,76,Connecticut Sun,84,-8.0,8.0,0,1,2415,6412,W,L,W vs. Atlanta Dream 84-76,L @ Connecticut Sun 76-84
2025,2025-06-07,Las Vegas Aces,68,Golden State Valkyries,95,-27.0,27.0,0,1,2416,6413,W,L,W vs. Las Vegas Aces 95-68,L @ Golden State Valkyries 68-95
2025,2025-06-07,Indiana Fever,79,Chicago Sky,52,27.0,-27.0,1,0,2416,6414,L,W,L vs. Indiana Fever 52-79,W @ Chicago Sky 79-52
2025,2025-06-07,Seattle Storm,89,Phoenix Mercury,77,12.0,-12.0,1,0,2416,6415,L,W,L vs. Seattle Storm 77-89,W @ Phoenix Mercury 89-77
2025,2025-06-08,Minnesota Lynx,81,Dallas Wings,65,16.0,-16.0,1,0,2417,6416,L,W,L vs. Minnesota Lynx 65-81,W @ Dallas Wings 81-65
2025,2025-06-08,Connecticut Sun,67,Washington Mystics,104,-37.0,37.0,0,1,2417,6417,W,L,W vs. Connecticut Sun 104-67,L @ Washington Mystics 67-104
2025,2025-06-09,Golden State Valkyries,89,Los Angeles Sparks,81,8.0,-8.0,1,0,2418,6418,L,W,L vs. Golden State Valkyries 81-89,W @ Los Angeles Sparks 89-81
2025,2025-06-10,Chicago Sky,66,New York Liberty,85,-19.0,19.0,0,1,2419,6419,W,L,W vs. Chicago Sky 85-66,L @ New York Liberty 66-85
2025,2025-06-10,Indiana Fever,58,Atlanta Dream,77,-19.0,19.0,0,1,2419,6420,W,L,W vs. Indiana Fever 77-58,L @ Atlanta Dream 58-77
2025,2025-06-11,Dallas Wings,80,Phoenix Mercury,93,-13.0,13.0,0,1,2420,6421,W,L,W vs. Dallas Wings 93-80,L @ Phoenix Mercury 80-93
2025,2025-06-11,Los Angeles Sparks,97,Las Vegas Aces,89,8.0,-8.0,1,0,2420,6422,L,W,L vs. Los Angeles Sparks 89-97,W @ Las Vegas Aces 97-89
2025,2025-06-11,Minnesota Lynx,84,Seattle Storm,94,-10.0,10.0,0,1,2420,6423,W,L,W vs. Minnesota Lynx 94-84,L @ Seattle Storm 84-94
2025,2025-06-13,Dallas Wings,84,Las Vegas Aces,88,-4.0,4.0,0,1,2421,6424,W,L,W vs. Dallas Wings 88-84,L @ Las Vegas Aces 84-88
2025,2025-06-13,Chicago Sky,70,Atlanta Dream,88,-18.0,18.0,0,1,2421,6425,W,L,W vs. Chicago Sky 88-70,L @ Atlanta Dream 70-88
2025,2025-06-14,New York Liberty,88,Indiana Fever,102,-14.0,14.0,0,1,2422,6426,W,L,W vs. New York Liberty 102-88,L @ Indiana Fever 88-102
2025,2025-06-14,Seattle Storm,70,Golden State Valkyries,76,-6.0,6.0,0,1,2422,6427,W,L,W vs. Seattle Storm 76-70,L @ Golden State Valkyries 70-76
2025,2025-06-14,Los Angeles Sparks,78,Minnesota Lynx,101,-23.0,23.0,0,1,2422,6428,W,L,W vs. Los Angeles Sparks 101-78,L @ Minnesota Lynx 78-101
2025,2025-06-15,Atlanta Dream,89,Washington Mystics,56,33.0,-33.0,1,0,2423,6429,L,W,L vs. Atlanta Dream 56-89,W @ Washington Mystics 89-56
2025,2025-06-15,Chicago Sky,78,Connecticut Sun,66,12.0,-12.0,1,0,2423,6430,L,W,L vs. Chicago Sky 66-78,W @ Connecticut Sun 78-66
2025,2025-06-15,Phoenix Mercury,76,Las Vegas Aces,70,6.0,-6.0,1,0,2423,6431,L,W,L vs. Phoenix Mercury 70-76,W @ Las Vegas Aces 76-70
2025,2025-06-17,Las Vegas Aces,62,Minnesota Lynx,76,-14.0,14.0,0,1,2424,6432,W,L,W vs. Las Vegas Aces 76-62,L @ Minnesota Lynx 62-76
2025,2025-06-17,Golden State Valkyries,71,Dallas Wings,80,-9.0,9.0,0,1,2424,6433,W,L,W vs. Golden State Valkyries 80-71,L @ Dallas Wings 71-80
2025,2025-06-17,Washington Mystics,79,Chicago Sky,72,7.0,-7.0,1,0,2424,6434,L,W,L vs. Washington Mystics 72-79,W @ Chicago Sky 79-72
2025,2025-06-17,Seattle Storm,98,Los Angeles Sparks,67,31.0,-31.0,1,0,2424,6435,L,W,L vs. Seattle Storm 67-98,W @ Los Angeles Sparks 98-67
2025,2025-06-17,Connecticut Sun,71,Indiana Fever,88,-17.0,17.0,0,1,2424,6436,W,L,W vs. Connecticut Sun 88-71,L @ Indiana Fever 71-88
2025,2025-06-17,Atlanta Dream,81,New York Liberty,86,-5.0,5.0,0,1,2424,6437,W,L,W vs. Atlanta Dream 86-81,L @ New York Liberty 81-86
2025,2025-06-18,Phoenix Mercury,83,Connecticut Sun,75,8.0,-8.0,1,0,2425,6438,L,W,L vs. Phoenix Mercury 75-83,W @ Connecticut Sun 83-75
2025,2025-06-19,Indiana Fever,77,Golden State Valkyries,88,-11.0,11.0,0,1,2426,6439,W,L,W vs. Indiana Fever 88-77,L @ Golden State Valkyries 77-88
2025,2025-06-19,Phoenix Mercury,89,New York Liberty,81,8.0,-8.0,1,0,2426,6440,L,W,L vs. Phoenix Mercury 81-89,W @ New York Liberty 89-81
2025,2025-06-20,Dallas Wings,86,Connecticut Sun,83,3.0,-3.0,1,0,2427,6441,L,W,L vs. Dallas Wings 83-86,W @ Connecticut Sun 86-83
2025,2025-06-20,Seattle Storm,90,Las Vegas Aces,83,7.0,-7.0,1,0,2427,6442,L,W,L vs. Seattle Storm 83-90,W @ Las Vegas Aces 90-83
2025,2025-06-20,Washington Mystics,91,Atlanta Dream,92,-1.0,1.0,0,1,2427,6443,W,L,W vs. Washington Mystics 92-91,L @ Atlanta Dream 91-92
2025,2025-06-21,Phoenix Mercury,107,Chicago Sky,86,21.0,-21.0,1,0,2428,6444,L,W,L vs. Phoenix Mercury 86-107,W @ Chicago Sky 107-86
2025,2025-06-21,Los Angeles Sparks,66,Minnesota Lynx,82,-16.0,16.0,0,1,2428,6445,W,L,W vs. Los Angeles Sparks 82-66,L @ Minnesota Lynx 66-82
2025,2025-06-22,Indiana Fever,81,Las Vegas Aces,89,-8.0,8.0,0,1,2429,6446,W,L,W vs. Indiana Fever 89-81,L @ Las Vegas Aces 81-89
2025,2025-06-22,Chicago Sky,80,Atlanta Dream,93,-13.0,13.0,0,1,2429,6447,W,L,W vs. Chicago Sky 93-80,L @ Atlanta Dream 80-93
2025,2025-06-22,Dallas Wings,88,Washington Mystics,91,-3.0,3.0,0,1,2429,6448,W,L,W vs. Dallas Wings 91-88,L @ Washington Mystics 88-91
2025,2025-06-22,Connecticut Sun,63,Golden State Valkyries,87,-24.0,24.0,0,1,2429,6449,W,L,W vs. Connecticut Sun 87-63,L @ Golden State Valkyries 63-87
2025,2025-06-22,New York Liberty,79,Seattle Storm,89,-10.0,10.0,0,1,2429,6450,W,L,W vs. New York Liberty 89-79,L @ Seattle Storm 79-89
2025,2025-06-24,Los Angeles Sparks,86,Chicago Sky,97,-11.0,11.0,0,1,2430,6451,W,L,W vs. Los Angeles Sparks 97-86,L @ Chicago Sky 86-97
2025,2025-06-24,Minnesota Lynx,64,Washington Mystics,68,-4.0,4.0,0,1,2430,6452,W,L,W vs. Minnesota Lynx 68-64,L @ Washington Mystics 64-68
2025,2025-06-24,Indiana Fever,94,Seattle Storm,86,8.0,-8.0,1,0,2430,6453,L,W,L vs. Indiana Fever 86-94,W @ Seattle Storm 94-86
2025,2025-06-24,Atlanta Dream,55,Dallas Wings,68,-13.0,13.0,0,1,2430,6454,W,L,W vs. Atlanta Dream 68-55,L @ Dallas Wings 55-68
2025,2025-06-25,Connecticut Sun,59,Las Vegas Aces,85,-26.0,26.0,0,1,2431,6455,W,L,W vs. Connecticut Sun 85-59,L @ Las Vegas Aces 59-85
2025,2025-06-25,New York Liberty,81,Golden State Valkyries,78,3.0,-3.0,1,0,2431,6456,L,W,L vs. New York Liberty 78-81,W @ Golden State Valkyries 81-78
2025,2025-06-26,Washington Mystics,94,Las Vegas Aces,83,11.0,-11.0,1,0,2432,6457,L,W,L vs. Washington Mystics 83-94,W @ Las Vegas Aces 94-83
2025,2025-06-26,Los Angeles Sparks,85,Indiana Fever,75,10.0,-10.0,1,0,2432,6458,L,W,L vs. Los Angeles Sparks 75-85,W @ Indiana Fever 85-75
2025,2025-06-27,Minnesota Lynx,96,Atlanta Dream,92,4.0,-4.0,1,0,2433,6459,L,W,L vs. Minnesota Lynx 92-96,W @ Atlanta Dream 96-92
2025,2025-06-27,Chicago Sky,78,Golden State Valkyries,83,-5.0,5.0,0,1,2433,6460,W,L,W vs. Chicago Sky 83-78,L @ Golden State Valkyries 78-83
2025,2025-06-27,Indiana Fever,94,Dallas Wings,86,8.0,-8.0,1,0,2433,6461,L,W,L vs. Indiana Fever 86-94,W @ Dallas Wings 94-86
2025,2025-06-27,New York Liberty,91,Phoenix Mercury,106,-15.0,15.0,0,1,2433,6462,W,L,W vs. New York Liberty 106-91,L @ Phoenix Mercury 91-106
2025,2025-06-27,Connecticut Sun,81,Seattle Storm,97,-16.0,16.0,0,1,2433,6463,W,L,W vs. Connecticut Sun 97-81,L @ Seattle Storm 81-97
2025,2025-06-28,Washington Mystics,71,Dallas Wings,79,-8.0,8.0,0,1,2434,6464,W,L,W vs. Washington Mystics 79-71,L @ Dallas Wings 71-79
2025,2025-06-29,Chicago Sky,92,Los Angeles Sparks,85,7.0,-7.0,1,0,2435,6465,L,W,L vs. Chicago Sky 85-92,W @ Los Angeles Sparks 92-85
2025,2025-06-29,Seattle Storm,57,Golden State Valkyries,84,-27.0,27.0,0,1,2435,6466,W,L,W vs. Seattle Storm 84-57,L @ Golden State Valkyries 57-84
2025,2025-06-29,Connecticut Sun,63,Minnesota Lynx,102,-39.0,39.0,0,1,2435,6467,W,L,W vs. Connecticut Sun 102-63,L @ Minnesota Lynx 63-102
2025,2025-06-29,Las Vegas Aces,84,Phoenix Mercury,81,3.0,-3.0,1,0,2435,6468,L,W,L vs. Las Vegas Aces 81-84,W @ Phoenix Mercury 84-81
2025,2025-06-29,New York Liberty,81,Atlanta Dream,90,-9.0,9.0,0,1,2435,6469,W,L,W vs. New York Liberty 90-81,L @ Atlanta Dream 81-90
2025,2025-07-03,Phoenix Mercury,89,Dallas Wings,98,-9.0,9.0,0,1,2436,6470,W,L,W vs. Phoenix Mercury 98-89,L @ Dallas Wings 89-98
2025,2025-07-03,Las Vegas Aces,54,Indiana Fever,81,-27.0,27.0,0,1,2436,6471,W,L,W vs. Las Vegas Aces 81-54,L @ Indiana Fever 54-81
2025,2025-07-03,Seattle Storm,80,Atlanta Dream,79,1.0,-1.0,1,0,2436,6472,L,W,L vs. Seattle Storm 79-80,W @ Atlanta Dream 80-79
2025,2025-07-03,Washington Mystics,75,Minnesota Lynx,92,-17.0,17.0,0,1,2436,6473,W,L,W vs. Washington Mystics 92-75,L @ Minnesota Lynx 75-92
2025,2025-07-03,Los Angeles Sparks,79,New York Liberty,89,-10.0,10.0,0,1,2436,6474,W,L,W vs. Los Angeles Sparks 89-79,L @ New York Liberty 79-89
2025,2025-07-05,Los Angeles Sparks,89,Indiana Fever,87,2.0,-2.0,1,0,2437,6475,L,W,L vs. Los Angeles Sparks 87-89,W @ Indiana Fever 89-87
2025,2025-07-05,Golden State Valkyries,71,Minnesota Lynx,82,-11.0,11.0,0,1,2437,6476,W,L,W vs. Golden State Valkyries 82-71,L @ Minnesota Lynx 71-82
2025,2025-07-06,Chicago Sky,75,Minnesota Lynx,80,-5.0,5.0,0,1,2438,6477,W,L,W vs. Chicago Sky 80-75,L @ Minnesota Lynx 75-80
2025,2025-07-06,Seattle Storm,79,New York Liberty,70,9.0,-9.0,1,0,2438,6478,L,W,L vs. Seattle Storm 70-79,W @ New York Liberty 79-70
2025,2025-07-06,Las Vegas Aces,86,Connecticut Sun,68,18.0,-18.0,1,0,2438,6479,L,W,L vs. Las Vegas Aces 68-86,W @ Connecticut Sun 86-68
2025,2025-07-07,Golden State Valkyries,81,Atlanta Dream,90,-9.0,9.0,0,1,2439,6480,W,L,W vs. Golden State Valkyries 90-81,L @ Atlanta Dream 81-90
2025,2025-07-07,Dallas Wings,72,Phoenix Mercury,102,-30.0,30.0,0,1,2439,6481,W,L,W vs. Dallas Wings 102-72,L @ Phoenix Mercury 72-102
2025,2025-07-08,Chicago Sky,79,Washington Mystics,81,-2.0,2.0,0,1,2440,6482,W,L,W vs. Chicago Sky 81-79,L @ Washington Mystics 79-81
2025,2025-07-08,Las Vegas Aces,78,New York Liberty,87,-9.0,9.0,0,1,2440,6483,W,L,W vs. Las Vegas Aces 87-78,L @ New York Liberty 78-87
2025,2025-07-09,Dallas Wings,76,Chicago Sky,87,-11.0,11.0,0,1,2441,6484,W,L,W vs. Dallas Wings 87-76,L @ Chicago Sky 76-87
2025,2025-07-09,Minnesota Lynx,71,Phoenix Mercury,79,-8.0,8.0,0,1,2441,6485,W,L,W vs. Minnesota Lynx 79-71,L @ Phoenix Mercury 71-79
2025,2025-07-09,Golden State Valkyries,80,Indiana Fever,61,19.0,-19.0,1,0,2441,6486,L,W,L vs. Golden State Valkyries 61-80,W @ Indiana Fever 80-61
2025,2025-07-09,Seattle Storm,83,Connecticut Sun,93,-10.0,10.0,0,1,2441,6487,W,L,W vs. Seattle Storm 93-83,L @ Connecticut Sun 83-93
2025,2025-07-10,Las Vegas Aces,68,Washington Mystics,70,-2.0,2.0,0,1,2442,6488,W,L,W vs. Las Vegas Aces 70-68,L @ Washington Mystics 68-70
2025,2025-07-10,Minnesota Lynx,91,Los Angeles Sparks,82,9.0,-9.0,1,0,2442,6489,L,W,L vs. Minnesota Lynx 82-91,W @ Los Angeles Sparks 91-82
2025,2025-07-11,Atlanta Dream,82,Indiana Fever,99,-17.0,17.0,0,1,2443,6490,W,L,W vs. Atlanta Dream 99-82,L @ Indiana Fever 82-99
2025,2025-07-11,Connecticut Sun,65,Seattle Storm,79,-14.0,14.0,0,1,2443,6491,W,L,W vs. Connecticut Sun 79-65,L @ Seattle Storm 65-79
2025,2025-07-12,Golden State Valkyries,102,Las Vegas Aces,104,-2.0,2.0,0,1,2444,6492,W,L,W vs. Golden State Valkyries 104-102,L @ Las Vegas Aces 102-104
2025,2025-07-12,Minnesota Lynx,81,Chicago Sky,87,-6.0,6.0,0,1,2444,6493,W,L,W vs. Minnesota Lynx 87-81,L @ Chicago Sky 81-87
2025,2025-07-13,Dallas Wings,83,Indiana Fever,102,-19.0,19.0,0,1,2445,6494,W,L,W vs. Dallas Wings 102-83,L @ Indiana Fever 83-102
2025,2025-07-13,Washington Mystics,74,Seattle Storm,69,5.0,-5.0,1,0,2445,6495,L,W,L vs. Washington Mystics 69-74,W @ Seattle Storm 74-69
2025,2025-07-13,Atlanta Dream,72,New York Liberty,79,-7.0,7.0,0,1,2445,6496,W,L,W vs. Atlanta Dream 79-72,L @ New York Liberty 72-79
2025,2025-07-13,Connecticut Sun,88,Los Angeles Sparks,92,-4.0,4.0,0,1,2445,6497,W,L,W vs. Connecticut Sun 92-88,L @ Los Angeles Sparks 88-92
2025,2025-07-14,Minnesota Lynx,91,Chicago Sky,78,13.0,-13.0,1,0,2446,6498,L,W,L vs. Minnesota Lynx 78-91,W @ Chicago Sky 91-78
2025,2025-07-14,Phoenix Mercury,78,Golden State Valkyries,77,1.0,-1.0,1,0,2446,6499,L,W,L vs. Phoenix Mercury 77-78,W @ Golden State Valkyries 78-77
2025,2025-07-15,Washington Mystics,80,Los Angeles Sparks,99,-19.0,19.0,0,1,2447,6500,W,L,W vs. Washington Mystics 99-80,L @ Los Angeles Sparks 80-99
2025,2025-07-15,Indiana Fever,85,Connecticut Sun,77,8.0,-8.0,1,0,2447,6501,L,W,L vs. Indiana Fever 77-85,W @ Connecticut Sun 85-77
2025,2025-07-16,Phoenix Mercury,66,Minnesota Lynx,79,-13.0,13.0,0,1,2448,6502,W,L,W vs. Phoenix Mercury 79-66,L @ Minnesota Lynx 66-79
2025,2025-07-16,Las Vegas Aces,90,Dallas Wings,86,4.0,-4.0,1,0,2448,6503,L,W,L vs. Las Vegas Aces 86-90,W @ Dallas Wings 90-86
2025,2025-07-16,Indiana Fever,77,New York Liberty,98,-21.0,21.0,0,1,2448,6504,W,L,W vs. Indiana Fever 98-77,L @ New York Liberty 77-98
2025,2025-07-16,Golden State Valkyries,58,Seattle Storm,67,-9.0,9.0,0,1,2448,6505,W,L,W vs. Golden State Valkyries 67-58,L @ Seattle Storm 58-67
2025,2025-07-16,Atlanta Dream,86,Chicago Sky,49,37.0,-37.0,1,0,2448,6506,L,W,L vs. Atlanta Dream 49-86,W @ Chicago Sky 86-49
2025,2025-07-22,Dallas Wings,87,Seattle Storm,63,24.0,-24.0,1,0,2449,6507,L,W,L vs. Dallas Wings 63-87,W @ Seattle Storm 87-63
2025,2025-07-22,Atlanta Dream,72,Las Vegas Aces,87,-15.0,15.0,0,1,2449,6508,W,L,W vs. Atlanta Dream 87-72,L @ Las Vegas Aces 72-87
2025,2025-07-22,Chicago Sky,68,Minnesota Lynx,91,-23.0,23.0,0,1,2449,6509,W,L,W vs. Chicago Sky 91-68,L @ Minnesota Lynx 68-91
2025,2025-07-22,Indiana Fever,84,New York Liberty,98,-14.0,14.0,0,1,2449,6510,W,L,W vs. Indiana Fever 98-84,L @ New York Liberty 84-98
2025,2025-07-22,Los Angeles Sparks,93,Washington Mystics,86,7.0,-7.0,1,0,2449,6511,L,W,L vs. Los Angeles Sparks 86-93,W @ Washington Mystics 93-86
2025,2025-07-23,Atlanta Dream,90,Phoenix Mercury,79,11.0,-11.0,1,0,2450,6512,L,W,L vs. Atlanta Dream 79-90,W @ Phoenix Mercury 90-79
2025,2025-07-24,Los Angeles Sparks,101,Connecticut Sun,86,15.0,-15.0,1,0,2451,6513,L,W,L vs. Los Angeles Sparks 86-101,W @ Connecticut Sun 101-86
2025,2025-07-24,Seattle Storm,95,Chicago Sky,57,38.0,-38.0,1,0,2451,6514,L,W,L vs. Seattle Storm 57-95,W @ Chicago Sky 95-57
2025,2025-07-24,Las Vegas Aces,70,Indiana Fever,80,-10.0,10.0,0,1,2451,6515,W,L,W vs. Las Vegas Aces 80-70,L @ Indiana Fever 70-80
2025,2025-07-25,Las Vegas Aces,78,Minnesota Lynx,109,-31.0,31.0,0,1,2452,6516,W,L,W vs. Las Vegas Aces 109-78,L @ Minnesota Lynx 78-109
2025,2025-07-25,Phoenix Mercury,76,New York Liberty,89,-13.0,13.0,0,1,2452,6517,W,L,W vs. Phoenix Mercury 89-76,L @ New York Liberty 76-89
2025,2025-07-25,Dallas Wings,76,Golden State Valkyries,86,-10.0,10.0,0,1,2452,6518,W,L,W vs. Dallas Wings 86-76,L @ Golden State Valkyries 76-86
2025,2025-07-26,Los Angeles Sparks,101,New York Liberty,99,2.0,-2.0,1,0,2453,6519,L,W,L vs. Los Angeles Sparks 99-101,W @ New York Liberty 101-99
2025,2025-07-26,Seattle Storm,58,Washington Mystics,69,-11.0,11.0,0,1,2453,6520,W,L,W vs. Seattle Storm 69-58,L @ Washington Mystics 58-69
2025,2025-07-27,Phoenix Mercury,88,Washington Mystics,72,16.0,-16.0,1,0,2454,6521,L,W,L vs. Phoenix Mercury 72-88,W @ Washington Mystics 88-72
2025,2025-07-27,Indiana Fever,93,Chicago Sky,78,15.0,-15.0,1,0,2454,6522,L,W,L vs. Indiana Fever 78-93,W @ Chicago Sky 93-78
2025,2025-07-27,Golden State Valkyries,64,Connecticut Sun,95,-31.0,31.0,0,1,2454,6523,W,L,W vs. Golden State Valkyries 95-64,L @ Connecticut Sun 64-95
2025,2025-07-27,Atlanta Dream,90,Minnesota Lynx,86,4.0,-4.0,1,0,2454,6524,L,W,L vs. Atlanta Dream 86-90,W @ Minnesota Lynx 90-86
2025,2025-07-27,Las Vegas Aces,106,Dallas Wings,80,26.0,-26.0,1,0,2454,6525,L,W,L vs. Las Vegas Aces 80-106,W @ Dallas Wings 106-80
2025,2025-07-28,New York Liberty,82,Dallas Wings,92,-10.0,10.0,0,1,2455,6526,W,L,W vs. New York Liberty 92-82,L @ Dallas Wings 82-92
2025,2025-07-28,Seattle Storm,101,Connecticut Sun,85,16.0,-16.0,1,0,2455,6527,L,W,L vs. Seattle Storm 85-101,W @ Connecticut Sun 101-85
2025,2025-07-29,Golden State Valkyries,77,Atlanta Dream,75,2.0,-2.0,1,0,2456,6528,L,W,L vs. Golden State Valkyries 75-77,W @ Atlanta Dream 77-75
2025,2025-07-29,Chicago Sky,86,Washington Mystics,103,-17.0,17.0,0,1,2456,6529,W,L,W vs. Chicago Sky 103-86,L @ Washington Mystics 86-103
2025,2025-07-29,Las Vegas Aces,89,Los Angeles Sparks,74,15.0,-15.0,1,0,2456,6530,L,W,L vs. Las Vegas Aces 74-89,W @ Los Angeles Sparks 89-74
2025,2025-07-30,Phoenix Mercury,101,Indiana Fever,107,-6.0,6.0,0,1,2457,6531,W,L,W vs. Phoenix Mercury 107-101,L @ Indiana Fever 101-107
2025,2025-07-30,Atlanta Dream,88,Dallas Wings,85,3.0,-3.0,1,0,2457,6532,L,W,L vs. Atlanta Dream 85-88,W @ Dallas Wings 88-85
2025,2025-07-30,New York Liberty,93,Minnesota Lynx,100,-7.0,7.0,0,1,2457,6533,W,L,W vs. New York Liberty 100-93,L @ Minnesota Lynx 93-100
2025,2025-07-31,Golden State Valkyries,68,Washington Mystics,67,1.0,-1.0,1,0,2458,6534,L,W,L vs. Golden State Valkyries 67-68,W @ Washington Mystics 68-67
2025,2025-08-01,Indiana Fever,88,Dallas Wings,78,10.0,-10.0,1,0,2459,6535,L,W,L vs. Indiana Fever 78-88,W @ Dallas Wings 88-78
2025,2025-08-01,Phoenix Mercury,72,Atlanta Dream,95,-23.0,23.0,0,1,2459,6536,W,L,W vs. Phoenix Mercury 95-72,L @ Atlanta Dream 72-95
2025,2025-08-01,Los Angeles Sparks,108,Seattle Storm,106,2.0,-2.0,1,0,2459,6537,L,W,L vs. Los Angeles Sparks 106-108,W @ Seattle Storm 108-106
2025,2025-08-01,New York Liberty,62,Connecticut Sun,78,-16.0,16.0,0,1,2459,6538,W,L,W vs. New York Liberty 78-62,L @ Connecticut Sun 62-78
2025,2025-08-01,Golden State Valkyries,73,Chicago Sky,66,7.0,-7.0,1,0,2459,6539,L,W,L vs. Golden State Valkyries 66-73,W @ Chicago Sky 73-66
2025,2025-08-02,Minnesota Lynx,111,Las Vegas Aces,58,53.0,-53.0,1,0,2460,6540,L,W,L vs. Minnesota Lynx 58-111,W @ Las Vegas Aces 111-58
2025,2025-08-03,Phoenix Mercury,83,Chicago Sky,67,16.0,-16.0,1,0,2461,6541,L,W,L vs. Phoenix Mercury 67-83,W @ Chicago Sky 83-67
2025,2025-08-03,Indiana Fever,78,Seattle Storm,74,4.0,-4.0,1,0,2461,6542,L,W,L vs. Indiana Fever 74-78,W @ Seattle Storm 78-74
2025,2025-08-03,Washington Mystics,83,Atlanta Dream,99,-16.0,16.0,0,1,2461,6543,W,L,W vs. Washington Mystics 99-83,L @ Atlanta Dream 83-99
2025,2025-08-03,New York Liberty,87,Connecticut Sun,78,9.0,-9.0,1,0,2461,6544,L,W,L vs. New York Liberty 78-87,W @ Connecticut Sun 87-78
2025,2025-08-03,Golden State Valkyries,77,Las Vegas Aces,101,-24.0,24.0,0,1,2461,6545,W,L,W vs. Golden State Valkyries 101-77,L @ Las Vegas Aces 77-101
2025,2025-08-05,Indiana Fever,91,Los Angeles Sparks,100,-9.0,9.0,0,1,2462,6546,W,L,W vs. Indiana Fever 100-91,L @ Los Angeles Sparks 91-100
2025,2025-08-05,Connecticut Sun,66,Phoenix Mercury,82,-16.0,16.0,0,1,2462,6547,W,L,W vs. Connecticut Sun 82-66,L @ Phoenix Mercury 66-82
2025,2025-08-05,Minnesota Lynx,91,Seattle Storm,87,4.0,-4.0,1,0,2462,6548,L,W,L vs. Minnesota Lynx 87-91,W @ Seattle Storm 91-87
2025,2025-08-05,Dallas Wings,76,New York Liberty,85,-9.0,9.0,0,1,2462,6549,W,L,W vs. Dallas Wings 85-76,L @ New York Liberty 76-85
2025,2025-08-05,Washington Mystics,64,Chicago Sky,78,-14.0,14.0,0,1,2462,6550,W,L,W vs. Washington Mystics 78-64,L @ Chicago Sky 64-78
2025,2025-08-06,Las Vegas Aces,78,Golden State Valkyries,72,6.0,-6.0,1,0,2463,6551,L,W,L vs. Las Vegas Aces 72-78,W @ Golden State Valkyries 78-72
2025,2025-08-07,Connecticut Sun,91,Los Angeles Sparks,102,-11.0,11.0,0,1,2464,6552,W,L,W vs. Connecticut Sun 102-91,L @ Los Angeles Sparks 91-102
2025,2025-08-07,Indiana Fever,60,Phoenix Mercury,95,-35.0,35.0,0,1,2464,6553,W,L,W vs. Indiana Fever 95-60,L @ Phoenix Mercury 60-95
2025,2025-08-07,Atlanta Dream,86,Chicago Sky,65,21.0,-21.0,1,0,2464,6554,L,W,L vs. Atlanta Dream 65-86,W @ Chicago Sky 86-65
2025,2025-08-08,Washington Mystics,76,Minnesota Lynx,80,-4.0,4.0,0,1,2465,6555,W,L,W vs. Washington Mystics 80-76,L @ Minnesota Lynx 76-80
2025,2025-08-08,Seattle Storm,86,Las Vegas Aces,90,-4.0,4.0,0,1,2465,6556,W,L,W vs. Seattle Storm 90-86,L @ Las Vegas Aces 86-90
2025,2025-08-08,New York Liberty,88,Dallas Wings,77,11.0,-11.0,1,0,2465,6557,L,W,L vs. New York Liberty 77-88,W @ Dallas Wings 88-77
2025,2025-08-09,Chicago Sky,70,Indiana Fever,92,-22.0,22.0,0,1,2466,6558,W,L,W vs. Chicago Sky 92-70,L @ Indiana Fever 70-92
2025,2025-08-09,Los Angeles Sparks,59,Golden State Valkyries,72,-13.0,13.0,0,1,2466,6559,W,L,W vs. Los Angeles Sparks 72-59,L @ Golden State Valkyries 59-72
2025,2025-08-10,Washington Mystics,91,Dallas Wings,78,13.0,-13.0,1,0,2467,6560,L,W,L vs. Washington Mystics 78-91,W @ Dallas Wings 91-78
2025,2025-08-10,Seattle Storm,91,Los Angeles Sparks,94,-3.0,3.0,0,1,2467,6561,W,L,W vs. Seattle Storm 94-91,L @ Los Angeles Sparks 91-94
2025,2025-08-10,Minnesota Lynx,83,New York Liberty,71,12.0,-12.0,1,0,2467,6562,L,W,L vs. Minnesota Lynx 71-83,W @ New York Liberty 83-71
2025,2025-08-10,Atlanta Dream,74,Phoenix Mercury,66,8.0,-8.0,1,0,2467,6563,L,W,L vs. Atlanta Dream 66-74,W @ Phoenix Mercury 74-66
2025,2025-08-10,Connecticut Sun,86,Las Vegas Aces,94,-8.0,8.0,0,1,2467,6564,W,L,W vs. Connecticut Sun 94-86,L @ Las Vegas Aces 86-94
2025,2025-08-11,Connecticut Sun,57,Golden State Valkyries,74,-17.0,17.0,0,1,2468,6565,W,L,W vs. Connecticut Sun 74-57,L @ Golden State Valkyries 57-74
2025,2025-08-12,Dallas Wings,81,Indiana Fever,80,1.0,-1.0,1,0,2469,6566,L,W,L vs. Dallas Wings 80-81,W @ Indiana Fever 81-80
2025,2025-08-12,New York Liberty,105,Los Angeles Sparks,97,8.0,-8.0,1,0,2469,6567,L,W,L vs. New York Liberty 97-105,W @ Los Angeles Sparks 105-97
2025,2025-08-13,New York Liberty,77,Las Vegas Aces,83,-6.0,6.0,0,1,2470,6568,W,L,W vs. New York Liberty 83-77,L @ Las Vegas Aces 77-83
2025,2025-08-13,Golden State Valkyries,88,Washington Mystics,83,5.0,-5.0,1,0,2470,6569,L,W,L vs. Golden State Valkyries 83-88,W @ Washington Mystics 88-83
2025,2025-08-13,Atlanta Dream,85,Seattle Storm,75,10.0,-10.0,1,0,2470,6570,L,W,L vs. Atlanta Dream 75-85,W @ Seattle Storm 85-75
2025,2025-08-13,Chicago Sky,62,Connecticut Sun,71,-9.0,9.0,0,1,2470,6571,W,L,W vs. Chicago Sky 71-62,L @ Connecticut Sun 62-71
2025,2025-08-15,Golden State Valkyries,90,Chicago Sky,59,31.0,-31.0,1,0,2471,6572,L,W,L vs. Golden State Valkyries 59-90,W @ Chicago Sky 90-59
2025,2025-08-15,Seattle Storm,80,Atlanta Dream,78,2.0,-2.0,1,0,2471,6573,L,W,L vs. Seattle Storm 78-80,W @ Atlanta Dream 80-78
2025,2025-08-15,Los Angeles Sparks,97,Dallas Wings,96,1.0,-1.0,1,0,2471,6574,L,W,L vs. Los Angeles Sparks 96-97,W @ Dallas Wings 97-96
2025,2025-08-15,Las Vegas Aces,86,Phoenix Mercury,83,3.0,-3.0,1,0,2471,6575,L,W,L vs. Las Vegas Aces 83-86,W @ Phoenix Mercury 86-83
2025,2025-08-15,Washington Mystics,88,Indiana Fever,84,4.0,-4.0,1,0,2471,6576,L,W,L vs. Washington Mystics 84-88,W @ Indiana Fever 88-84
2025,2025-08-16,New York Liberty,80,Minnesota Lynx,86,-6.0,6.0,0,1,2472,6577,W,L,W vs. New York Liberty 86-80,L @ Minnesota Lynx 80-86
2025,2025-08-17,Phoenix Mercury,85,Seattle Storm,82,3.0,-3.0,1,0,2473,6578,L,W,L vs. Phoenix Mercury 82-85,W @ Seattle Storm 85-82
2025,2025-08-17,Atlanta Dream,79,Golden State Valkyries,63,16.0,-16.0,1,0,2473,6579,L,W,L vs. Atlanta Dream 63-79,W @ Golden State Valkyries 79-63
2025,2025-08-17,Los Angeles Sparks,86,Washington Mystics,95,-9.0,9.0,0,1,2473,6580,W,L,W vs. Los Angeles Sparks 95-86,L @ Washington Mystics 86-95
2025,2025-08-17,Indiana Fever,99,Connecticut Sun,93,6.0,-6.0,1,0,2473,6581,L,W,L vs. Indiana Fever 93-99,W @ Connecticut Sun 99-93
2025,2025-08-17,Dallas Wings,87,Las Vegas Aces,106,-19.0,19.0,0,1,2473,6582,W,L,W vs. Dallas Wings 106-87,L @ Las Vegas Aces 87-106
2025,2025-08-19,Phoenix Mercury,98,Golden State Valkyries,91,7.0,-7.0,1,0,2474,6583,L,W,L vs. Phoenix Mercury 91-98,W @ Golden State Valkyries 98-91
2025,2025-08-19,Atlanta Dream,72,Las Vegas Aces,74,-2.0,2.0,0,1,2474,6584,W,L,W vs. Atlanta Dream 74-72,L @ Las Vegas Aces 72-74
2025,2025-08-19,Minnesota Lynx,75,New York Liberty,85,-10.0,10.0,0,1,2474,6585,W,L,W vs. Minnesota Lynx 85-75,L @ New York Liberty 75-85
2025,2025-08-19,Seattle Storm,94,Chicago Sky,88,6.0,-6.0,1,0,2474,6586,L,W,L vs. Seattle Storm 88-94,W @ Chicago Sky 94-88
2025,2025-08-19,Connecticut Sun,80,Washington Mystics,69,11.0,-11.0,1,0,2474,6587,L,W,L vs. Connecticut Sun 69-80,W @ Washington Mystics 80-69
2025,2025-08-20,Dallas Wings,80,Los Angeles Sparks,81,-1.0,1.0,0,1,2475,6588,W,L,W vs. Dallas Wings 81-80,L @ Los Angeles Sparks 80-81
2025,2025-08-21,Minnesota Lynx,73,Atlanta Dream,75,-2.0,2.0,0,1,2476,6589,W,L,W vs. Minnesota Lynx 75-73,L @ Atlanta Dream 73-75
2025,2025-08-21,Washington Mystics,56,Connecticut Sun,67,-11.0,11.0,0,1,2476,6590,W,L,W vs. Washington Mystics 67-56,L @ Connecticut Sun 56-67
2025,2025-08-21,Phoenix Mercury,61,Las Vegas Aces,83,-22.0,22.0,0,1,2476,6591,W,L,W vs. Phoenix Mercury 83-61,L @ Las Vegas Aces 61-83
2025,2025-08-21,Chicago Sky,91,New York Liberty,85,6.0,-6.0,1,0,2476,6592,L,W,L vs. Chicago Sky 85-91,W @ New York Liberty 91-85
2025,2025-08-22,Golden State Valkyries,72,Phoenix Mercury,81,-9.0,9.0,0,1,2477,6593,W,L,W vs. Golden State Valkyries 81-72,L @ Phoenix Mercury 72-81
2025,2025-08-22,Seattle Storm,95,Dallas Wings,60,35.0,-35.0,1,0,2477,6594,L,W,L vs. Seattle Storm 60-95,W @ Dallas Wings 95-60
2025,2025-08-22,Minnesota Lynx,95,Indiana Fever,90,5.0,-5.0,1,0,2477,6595,L,W,L vs. Minnesota Lynx 90-95,W @ Indiana Fever 95-90
2025,2025-08-23,New York Liberty,62,Atlanta Dream,78,-16.0,16.0,0,1,2478,6596,W,L,W vs. New York Liberty 78-62,L @ Atlanta Dream 62-78
2025,2025-08-23,Connecticut Sun,94,Chicago Sky,84,10.0,-10.0,1,0,2478,6597,L,W,L vs. Connecticut Sun 84-94,W @ Chicago Sky 94-84
2025,2025-08-23,Las Vegas Aces,91,Washington Mystics,81,10.0,-10.0,1,0,2478,6598,L,W,L vs. Las Vegas Aces 81-91,W @ Washington Mystics 91-81
2025,2025-08-24,Golden State Valkyries,90,Dallas Wings,81,9.0,-9.0,1,0,2479,6599,L,W,L vs. Golden State Valkyries 81-90,W @ Dallas Wings 90-81
2025,2025-08-24,Indiana Fever,84,Minnesota Lynx,97,-13.0,13.0,0,1,2479,6600,W,L,W vs. Indiana Fever 97-84,L @ Minnesota Lynx 84-97
2025,2025-08-24,Seattle Storm,84,Washington Mystics,82,2.0,-2.0,1,0,2479,6601,L,W,L vs. Seattle Storm 82-84,W @ Washington Mystics 84-82
2025,2025-08-25,Las Vegas Aces,79,Chicago Sky,74,5.0,-5.0,1,0,2480,6602,L,W,L vs. Las Vegas Aces 74-79,W @ Chicago Sky 79-74
2025,2025-08-25,Connecticut Sun,79,New York Liberty,81,-2.0,2.0,0,1,2480,6603,W,L,W vs. Connecticut Sun 81-79,L @ New York Liberty 79-81
2025,2025-08-26,Seattle Storm,75,Indiana Fever,95,-20.0,20.0,0,1,2481,6604,W,L,W vs. Seattle Storm 95-75,L @ Indiana Fever 75-95
2025,2025-08-26,Phoenix Mercury,92,Los Angeles Sparks,84,8.0,-8.0,1,0,2481,6605,L,W,L vs. Phoenix Mercury 84-92,W @ Los Angeles Sparks 92-84
2025,2025-08-27,Las Vegas Aces,81,Atlanta Dream,75,6.0,-6.0,1,0,2482,6606,L,W,L vs. Las Vegas Aces 75-81,W @ Atlanta Dream 81-75
2025,2025-08-27,Connecticut Sun,101,Dallas Wings,95,6.0,-6.0,1,0,2482,6607,L,W,L vs. Connecticut Sun 95-101,W @ Dallas Wings 101-95
2025,2025-08-28,Seattle Storm,93,Minnesota Lynx,79,14.0,-14.0,1,0,2483,6608,L,W,L vs. Seattle Storm 79-93,W @ Minnesota Lynx 93-79
2025,2025-08-28,Chicago Sky,79,Phoenix Mercury,83,-4.0,4.0,0,1,2483,6609,W,L,W vs. Chicago Sky 83-79,L @ Phoenix Mercury 79-83
2025,2025-08-28,Washington Mystics,63,New York Liberty,89,-26.0,26.0,0,1,2483,6610,W,L,W vs. Washington Mystics 89-63,L @ New York Liberty 63-89
2025,2025-08-29,Indiana Fever,76,Los Angeles Sparks,75,1.0,-1.0,1,0,2484,6611,L,W,L vs. Indiana Fever 75-76,W @ Los Angeles Sparks 76-75
2025,2025-08-29,Dallas Wings,78,Atlanta Dream,100,-22.0,22.0,0,1,2484,6612,W,L,W vs. Dallas Wings 100-78,L @ Atlanta Dream 78-100
2025,2025-08-30,Washington Mystics,62,Golden State Valkyries,99,-37.0,37.0,0,1,2485,6613,W,L,W vs. Washington Mystics 99-62,L @ Golden State Valkyries 62-99
2025,2025-08-30,Chicago Sky,69,Seattle Storm,79,-10.0,10.0,0,1,2485,6614,W,L,W vs. Chicago Sky 79-69,L @ Seattle Storm 69-79
2025,2025-08-30,New York Liberty,63,Phoenix Mercury,80,-17.0,17.0,0,1,2485,6615,W,L,W vs. New York Liberty 80-63,L @ Phoenix Mercury 63-80
2025,2025-08-30,Minnesota Lynx,94,Connecticut Sun,70,24.0,-24.0,1,0,2485,6616,L,W,L vs. Minnesota Lynx 70-94,W @ Connecticut Sun 94-70
2025,2025-08-31,Washington Mystics,78,Los Angeles Sparks,81,-3.0,3.0,0,1,2486,6617,W,L,W vs. Washington Mystics 81-78,L @ Los Angeles Sparks 78-81
2025,2025-08-31,Indiana Fever,63,Golden State Valkyries,75,-12.0,12.0,0,1,2486,6618,W,L,W vs. Indiana Fever 75-63,L @ Golden State Valkyries 63-75
2025,2025-09-01,Los Angeles Sparks,91,Seattle Storm,85,6.0,-6.0,1,0,2487,6619,L,W,L vs. Los Angeles Sparks 85-91,W @ Seattle Storm 91-85
2025,2025-09-01,Dallas Wings,71,Minnesota Lynx,96,-25.0,25.0,0,1,2487,6620,W,L,W vs. Dallas Wings 96-71,L @ Minnesota Lynx 71-96
2025,2025-09-01,Atlanta Dream,93,Connecticut Sun,76,17.0,-17.0,1,0,2487,6621,L,W,L vs. Atlanta Dream 76-93,W @ Connecticut Sun 93-76
2025,2025-09-02,New York Liberty,58,Golden State Valkyries,66,-8.0,8.0,0,1,2488,6622,W,L,W vs. New York Liberty 66-58,L @ Golden State Valkyries 58-66
2025,2025-09-02,Indiana Fever,79,Phoenix Mercury,85,-6.0,6.0,0,1,2488,6623,W,L,W vs. Indiana Fever 85-79,L @ Phoenix Mercury 79-85
2025,2025-09-03,Connecticut Sun,64,Chicago Sky,88,-24.0,24.0,0,1,2489,6624,W,L,W vs. Connecticut Sun 88-64,L @ Chicago Sky 64-88
2025,2025-09-03,Los Angeles Sparks,75,Atlanta Dream,86,-11.0,11.0,0,1,2489,6625,W,L,W vs. Los Angeles Sparks 86-75,L @ Atlanta Dream 75-86
2025,2025-09-04,Dallas Wings,80,Golden State Valkyries,84,-4.0,4.0,0,1,2490,6626,W,L,W vs. Dallas Wings 84-80,L @ Golden State Valkyries 80-84
2025,2025-09-04,Phoenix Mercury,75,Washington Mystics,69,6.0,-6.0,1,0,2490,6627,L,W,L vs. Phoenix Mercury 69-75,W @ Washington Mystics 75-69
2025,2025-09-04,Minnesota Lynx,87,Las Vegas Aces,97,-10.0,10.0,0,1,2490,6628,W,L,W vs. Minnesota Lynx 97-87,L @ Las Vegas Aces 87-97
2025,2025-09-05,New York Liberty,84,Seattle Storm,76,8.0,-8.0,1,0,2491,6629,L,W,L vs. New York Liberty 76-84,W @ Seattle Storm 84-76
2025,2025-09-05,Chicago Sky,77,Indiana Fever,97,-20.0,20.0,0,1,2491,6630,W,L,W vs. Chicago Sky 97-77,L @ Indiana Fever 77-97
2025,2025-09-05,Los Angeles Sparks,85,Atlanta Dream,104,-19.0,19.0,0,1,2491,6631,W,L,W vs. Los Angeles Sparks 104-85,L @ Atlanta Dream 85-104
2025,2025-09-06,Phoenix Mercury,84,Connecticut Sun,87,-3.0,3.0,0,1,2492,6632,W,L,W vs. Phoenix Mercury 87-84,L @ Connecticut Sun 84-87
2025,2025-09-06,Minnesota Lynx,78,Golden State Valkyries,72,6.0,-6.0,1,0,2492,6633,L,W,L vs. Minnesota Lynx 72-78,W @ Golden State Valkyries 78-72
2025,2025-09-07,Dallas Wings,77,Los Angeles Sparks,91,-14.0,14.0,0,1,2493,6634,W,L,W vs. Dallas Wings 91-77,L @ Los Angeles Sparks 77-91
2025,2025-09-07,Chicago Sky,66,Las Vegas Aces,80,-14.0,14.0,0,1,2493,6635,W,L,W vs. Chicago Sky 80-66,L @ Las Vegas Aces 66-80
2025,2025-09-07,Indiana Fever,94,Washington Mystics,65,29.0,-29.0,1,0,2493,6636,L,W,L vs. Indiana Fever 65-94,W @ Washington Mystics 94-65
2025,2025-09-08,Connecticut Sun,62,Atlanta Dream,87,-25.0,25.0,0,1,2494,6637,W,L,W vs. Connecticut Sun 87-62,L @ Atlanta Dream 62-87
2025,2025-09-09,Golden State Valkyries,73,Seattle Storm,74,-1.0,1.0,0,1,2495,6638,W,L,W vs. Golden State Valkyries 74-73,L @ Seattle Storm 73-74
2025,2025-09-09,Minnesota Lynx,72,Indiana Fever,83,-11.0,11.0,0,1,2495,6639,W,L,W vs. Minnesota Lynx 83-72,L @ Indiana Fever 72-83
2025,2025-09-09,Chicago Sky,61,Las Vegas Aces,92,-31.0,31.0,0,1,2495,6640,W,L,W vs. Chicago Sky 92-61,L @ Las Vegas Aces 61-92
2025,2025-09-09,Los Angeles Sparks,88,Phoenix Mercury,83,5.0,-5.0,1,0,2495,6641,L,W,L vs. Los Angeles Sparks 83-88,W @ Phoenix Mercury 88-83
2025,2025-09-09,Washington Mystics,66,New York Liberty,75,-9.0,9.0,0,1,2495,6642,W,L,W vs. Washington Mystics 75-66,L @ New York Liberty 66-75
2025,2025-09-10,Atlanta Dream,88,Connecticut Sun,72,16.0,-16.0,1,0,2496,6643,L,W,L vs. Atlanta Dream 72-88,W @ Connecticut Sun 88-72
2025,2025-09-11,Golden State Valkyries,53,Minnesota Lynx,72,-19.0,19.0,0,1,2497,6644,W,L,W vs. Golden State Valkyries 72-53,L @ Minnesota Lynx 53-72
2025,2025-09-11,Las Vegas Aces,103,Los Angeles Sparks,75,28.0,-28.0,1,0,2497,6645,L,W,L vs. Las Vegas Aces 75-103,W @ Los Angeles Sparks 103-75
2025,2025-09-11,New York Liberty,91,Chicago Sky,86,5.0,-5.0,1,0,2497,6646,L,W,L vs. New York Liberty 86-91,W @ Chicago Sky 91-86
2025,2025-09-11,Phoenix Mercury,76,Dallas Wings,97,-21.0,21.0,0,1,2497,6647,W,L,W vs. Phoenix Mercury 97-76,L @ Dallas Wings 76-97
2025,2025-09-14,Indiana Fever,68,Atlanta Dream,80,-12.0,12.0,0,1,2498,6648,W,L,W vs. Indiana Fever 80-68,L @ Atlanta Dream 68-80
2025,2025-09-14,New York Liberty,76,Phoenix Mercury,69,7.0,-7.0,1,0,2498,6649,L,W,L vs. New York Liberty 69-76,W @ Phoenix Mercury 76-69
2025,2025-09-14,Seattle Storm,77,Las Vegas Aces,102,-25.0,25.0,0,1,2498,6650,W,L,W vs. Seattle Storm 102-77,L @ Las Vegas Aces 77-102
2025,2025-09-14,Golden State Valkyries,72,Minnesota Lynx,101,-29.0,29.0,0,1,2498,6651,W,L,W vs. Golden State Valkyries 101-72,L @ Minnesota Lynx 72-101
2025,2025-09-16,Las Vegas Aces,83,Seattle Storm,86,-3.0,3.0,0,1,2499,6652,W,L,W vs. Las Vegas Aces 86-83,L @ Seattle Storm 83-86
2025,2025-09-16,Atlanta Dream,60,Indiana Fever,77,-17.0,17.0,0,1,2499,6653,W,L,W vs. Atlanta Dream 77-60,L @ Indiana Fever 60-77
2025,2025-09-17,Phoenix Mercury,86,New York Liberty,60,26.0,-26.0,1,0,2500,6654,L,W,L vs. Phoenix Mercury 60-86,W @ New York Liberty 86-60
2025,2025-09-17,Minnesota Lynx,75,Golden State Valkyries,74,1.0,-1.0,1,0,2500,6655,L,W,L vs. Minnesota Lynx 74-75,W @ Golden State Valkyries 75-74
2025,2025-09-18,Seattle Storm,73,Las Vegas Aces,74,-1.0,1.0,0,1,2501,6656,W,L,W vs. Seattle Storm 74-73,L @ Las Vegas Aces 73-74
2025,2025-09-18,Indiana Fever,87,Atlanta Dream,85,2.0,-2.0,1,0,2501,6657,L,W,L vs. Indiana Fever 85-87,W @ Atlanta Dream 87-85
2025,2025-09-19,New York Liberty,73,Phoenix Mercury,79,-6.0,6.0,0,1,2502,6658,W,L,W vs. New York Liberty 79-73,L @ Phoenix Mercury 73-79
2025,2025-09-21,Indiana Fever,89,Las Vegas Aces,73,16.0,-16.0,1,0,2503,6659,L,W,L vs. Indiana Fever 73-89,W @ Las Vegas Aces 89-73
2025,2025-09-21,Phoenix Mercury,69,Minnesota Lynx,82,-13.0,13.0,0,1,2503,6660,W,L,W vs. Phoenix Mercury 82-69,L @ Minnesota Lynx 69-82
2025,2025-09-23,Indiana Fever,68,Las Vegas Aces,90,-22.0,22.0,0,1,2504,6661,W,L,W vs. Indiana Fever 90-68,L @ Las Vegas Aces 68-90
2025,2025-09-23,Phoenix Mercury,89,Minnesota Lynx,83,6.0,-6.0,1,0,2504,6662,L,W,L vs. Phoenix Mercury 83-89,W @ Minnesota Lynx 89-83
2025,2025-09-26,Las Vegas Aces,84,Indiana Fever,72,12.0,-12.0,1,0,2505,6663,L,W,L vs. Las Vegas Aces 72-84,W @ Indiana Fever 84-72
2025,2025-09-26,Minnesota Lynx,76,Phoenix Mercury,84,-8.0,8.0,0,1,2505,6664,W,L,W vs. Minnesota Lynx 84-76,L @ Phoenix Mercury 76-84
2025,2025-09-28,Las Vegas Aces,83,Indiana Fever,90,-7.0,7.0,0,1,2506,6665,W,L,W vs. Las Vegas Aces 90-83,L @ Indiana Fever 83-90
2025,2025-09-28,Minnesota Lynx,81,Phoenix Mercury,86,-5.0,5.0,0,1,2506,6666,W,L,W vs. Minnesota Lynx 86-81,L @ Phoenix Mercury 81-86
2025,2025-09-30,Indiana Fever,98,Las Vegas Aces,107,-9.0,9.0,0,1,2507,6667,W,L,W vs. Indiana Fever 107-98,L @ Las Vegas Aces 98-107
2025,2025-10-03,Phoenix Mercury,86,Las Vegas Aces,89,-3.0,3.0,0,1,2508,6668,W,L,W vs. Phoenix Mercury 89-86,L @ Las Vegas Aces 86-89
2025,2025-10-05,Phoenix Mercury,78,Las Vegas Aces,91,-13.0,13.0,0,1,2509,6669,W,L,W vs. Phoenix Mercury 91-78,L @ Las Vegas Aces 78-91
2025,2025-10-08,Las Vegas Aces,90,Phoenix Mercury,88,2.0,-2.0,1,0,2510,6670,L,W,L vs. Las Vegas Aces 88-90,W @ Phoenix Mercury 90-88
2025,2025-10-10,Las Vegas Aces,97,Phoenix Mercury,86,11.0,-11.0,1,0,2511,6671,L,W,L vs. Las Vegas Aces 86-97,W @ Phoenix Mercury 97-86
2026,2026-05-08,Golden State Valkyries,91,Seattle Storm,80,11.0,-11.0,1,0,2512,6672,L,W,L vs. Golden State Valkyries 80-91,W @ Seattle Storm 91-80
2026,2026-05-08,Washington Mystics,68,Toronto Tempo,65,3.0,-3.0,1,0,2512,6673,L,W,L vs. Washington Mystics 65-68,W @ Toronto Tempo 68-65
2026,2026-05-08,Connecticut Sun,75,New York Liberty,106,-31.0,31.0,0,1,2512,6674,W,L,W vs. Connecticut Sun 106-75,L @ New York Liberty 75-106
2026,2026-05-09,Dallas Wings,107,Indiana Fever,104,3.0,-3.0,1,0,2513,6675,L,W,L vs. Dallas Wings 104-107,W @ Indiana Fever 107-104
2026,2026-05-09,Phoenix Mercury,99,Las Vegas Aces,66,33.0,-33.0,1,0,2513,6676,L,W,L vs. Phoenix Mercury 66-99,W @ Las Vegas Aces 99-66
2026,2026-05-09,Atlanta Dream,91,Minnesota Lynx,90,1.0,-1.0,1,0,2513,6677,L,W,L vs. Atlanta Dream 90-91,W @ Minnesota Lynx 91-90
2026,2026-05-09,Chicago Sky,98,Portland Fire,83,15.0,-15.0,1,0,2513,6678,L,W,L vs. Chicago Sky 83-98,W @ Portland Fire 98-83
2026,2026-05-10,Seattle Storm,89,Connecticut Sun,82,7.0,-7.0,1,0,2514,6679,L,W,L vs. Seattle Storm 82-89,W @ Connecticut Sun 89-82
2026,2026-05-10,Phoenix Mercury,79,Golden State Valkyries,95,-16.0,16.0,0,1,2514,6680,W,L,W vs. Phoenix Mercury 95-79,L @ Golden State Valkyries 79-95
2026,2026-05-10,Las Vegas Aces,105,Los Angeles Sparks,78,27.0,-27.0,1,0,2514,6681,L,W,L vs. Las Vegas Aces 78-105,W @ Los Angeles Sparks 105-78
2026,2026-05-10,New York Liberty,98,Washington Mystics,93,5.0,-5.0,1,0,2514,6682,L,W,L vs. New York Liberty 93-98,W @ Washington Mystics 98-93
2026,2026-05-12,Atlanta Dream,77,Dallas Wings,72,5.0,-5.0,1,0,2515,6683,L,W,L vs. Atlanta Dream 72-77,W @ Dallas Wings 77-72
2026,2026-05-12,Minnesota Lynx,88,Phoenix Mercury,84,4.0,-4.0,1,0,2515,6684,L,W,L vs. Minnesota Lynx 84-88,W @ Phoenix Mercury 88-84
2026,2026-05-12,New York Liberty,96,Portland Fire,98,-2.0,2.0,0,1,2515,6685,W,L,W vs. New York Liberty 98-96,L @ Portland Fire 96-98
2026,2026-05-13,Las Vegas Aces,98,Connecticut Sun,69,29.0,-29.0,1,0,2516,6686,L,W,L vs. Las Vegas Aces 69-98,W @ Connecticut Sun 98-69
2026,2026-05-13,Chicago Sky,69,Golden State Valkyries,63,6.0,-6.0,1,0,2516,6687,L,W,L vs. Chicago Sky 63-69,W @ Golden State Valkyries 69-63
2026,2026-05-13,Indiana Fever,87,Los Angeles Sparks,78,9.0,-9.0,1,0,2516,6688,L,W,L vs. Indiana Fever 78-87,W @ Los Angeles Sparks 87-78
2026,2026-05-13,Seattle Storm,73,Toronto Tempo,86,-13.0,13.0,0,1,2516,6689,W,L,W vs. Seattle Storm 86-73,L @ Toronto Tempo 73-86
2026,2026-05-14,Minnesota Lynx,90,Dallas Wings,86,4.0,-4.0,1,0,2517,6690,L,W,L vs. Minnesota Lynx 86-90,W @ Dallas Wings 90-86
2026,2026-05-14,New York Liberty,100,Portland Fire,82,18.0,-18.0,1,0,2517,6691,L,W,L vs. New York Liberty 82-100,W @ Portland Fire 100-82
2026,2026-05-15,Las Vegas Aces,101,Connecticut Sun,94,7.0,-7.0,1,0,2518,6692,L,W,L vs. Las Vegas Aces 94-101,W @ Connecticut Sun 101-94
2026,2026-05-15,Chicago Sky,83,Phoenix Mercury,91,-8.0,8.0,0,1,2518,6693,W,L,W vs. Chicago Sky 91-83,L @ Phoenix Mercury 83-91
2026,2026-05-15,Toronto Tempo,95,Los Angeles Sparks,99,-4.0,4.0,0,1,2518,6694,W,L,W vs. Toronto Tempo 99-95,L @ Los Angeles Sparks 95-99
2026,2026-05-15,Washington Mystics,104,Indiana Fever,102,2.0,-2.0,1,0,2518,6695,L,W,L vs. Washington Mystics 102-104,W @ Indiana Fever 104-102
2026,2026-05-17,Seattle Storm,78,Indiana Fever,89,-11.0,11.0,0,1,2519,6696,W,L,W vs. Seattle Storm 89-78,L @ Indiana Fever 78-89
2026,2026-05-17,Las Vegas Aces,85,Atlanta Dream,84,1.0,-1.0,1,0,2519,6697,L,W,L vs. Las Vegas Aces 84-85,W @ Atlanta Dream 85-84
2026,2026-05-17,Chicago Sky,86,Minnesota Lynx,79,7.0,-7.0,1,0,2519,6698,L,W,L vs. Chicago Sky 79-86,W @ Minnesota Lynx 86-79
2026,2026-05-17,Toronto Tempo,106,Los Angeles Sparks,96,10.0,-10.0,1,0,2519,6699,L,W,L vs. Toronto Tempo 96-106,W @ Los Angeles Sparks 106-96
2026,2026-05-18,Washington Mystics,69,Dallas Wings,92,-23.0,23.0,0,1,2520,6700,W,L,W vs. Washington Mystics 92-69,L @ Dallas Wings 69-92
2026,2026-05-18,Connecticut Sun,82,Portland Fire,83,-1.0,1.0,0,1,2520,6701,W,L,W vs. Connecticut Sun 83-82,L @ Portland Fire 82-83
2026,2026-05-19,Toronto Tempo,98,Phoenix Mercury,90,8.0,-8.0,1,0,2521,6702,L,W,L vs. Toronto Tempo 90-98,W @ Phoenix Mercury 98-90
2026,2026-05-20,Dallas Wings,99,Chicago Sky,89,10.0,-10.0,1,0,2522,6703,L,W,L vs. Dallas Wings 89-99,W @ Chicago Sky 99-89
2026,2026-05-20,Portland Fire,73,Indiana Fever,90,-17.0,17.0,0,1,2522,6704,W,L,W vs. Portland Fire 90-73,L @ Indiana Fever 73-90
2026,2026-05-20,Connecticut Sun,80,Seattle Storm,78,2.0,-2.0,1,0,2522,6705,L,W,L vs. Connecticut Sun 78-80,W @ Seattle Storm 80-78
2026,2026-05-21,Golden State Valkyries,87,New York Liberty,70,17.0,-17.0,1,0,2523,6706,L,W,L vs. Golden State Valkyries 70-87,W @ New York Liberty 87-70
2026,2026-05-21,Toronto Tempo,72,Minnesota Lynx,100,-28.0,28.0,0,1,2523,6707,W,L,W vs. Toronto Tempo 100-72,L @ Minnesota Lynx 72-100
2026,2026-05-21,Los Angeles Sparks,97,Phoenix Mercury,88,9.0,-9.0,1,0,2523,6708,L,W,L vs. Los Angeles Sparks 88-97,W @ Phoenix Mercury 97-88
