Date,Visitor/Neutral,PTS,Home/Neutral,PTS.1,Unnamed: 5,Season,Notes
"Sat, Aug 23, 1997",New York Liberty,71,Cleveland Rockers,72,Box Score,1997,
"Wed, Jul 2, 1997",Houston Comets,67,New York Liberty,72,Box Score,1997,
"Thu, Aug 7, 1997",Los Angeles Sparks,87,Cleveland Rockers,84,Box Score,1997,
"Wed, Jul 16, 1997",Sacramento Monarchs,67,Phoenix Mercury,84,Box Score,1997,
"Sat, Jun 28, 1997",Phoenix Mercury,68,Cleveland Rockers,63,Box Score,1997,
"Wed, Jul 23, 1997",New York Liberty,65,Charlotte Sting,63,Box Score,1997,
"Fri, Aug 15, 1997",Sacramento Monarchs,63,New York Liberty,79,Box Score,1997,
"Sat, Aug 9, 1997",Phoenix Mercury,59,Charlotte Sting,79,Box Score,1997,
"Sat, Jul 26, 1997",Charlotte Sting,64,New York Liberty,61,Box Score,1997,
"Thu, Aug 14, 1997",Cleveland Rockers,55,Phoenix Mercury,61,Box Score,1997,
"Tue, Jul 15, 1997",Los Angeles Sparks,73,Sacramento Monarchs,78,Box Score,1997,
"Wed, Aug 6, 1997",Utah Starzz,46,Phoenix Mercury,78,Box Score,1997,
"Thu, Jun 26, 1997",Charlotte Sting,70,Sacramento Monarchs,78,Box Score,1997,
"Fri, Aug 22, 1997",Charlotte Sting,63,Phoenix Mercury,78,Box Score,1997,
"Wed, Aug 20, 1997",New York Liberty,76,Los Angeles Sparks,78,Box Score,1997,
"Sat, Jul 5, 1997",Los Angeles Sparks,66,Charlotte Sting,78,Box Score,1997,
"Sat, Aug 16, 1997",Los Angeles Sparks,74,Utah Starzz,64,Box Score,1997,
"Mon, Jul 28, 1997",Cleveland Rockers,76,Phoenix Mercury,64,Box Score,1997,
"Tue, Jul 29, 1997",Cleveland Rockers,73,Houston Comets,64,Box Score,1997,
"Thu, Jul 31, 1997",Phoenix Mercury,67,Cleveland Rockers,79,Box Score,1997,
"Sun, Aug 24, 1997",Cleveland Rockers,72,New York Liberty,79,Box Score,1997,
"Mon, Jul 14, 1997",Utah Starzz,56,Houston Comets,79,Box Score,1997,
"Sat, Aug 9, 1997",Los Angeles Sparks,71,Houston Comets,72,Box Score,1997,
"Sat, Aug 2, 1997",Sacramento Monarchs,51,Cleveland Rockers,72,Box Score,1997,
"Sat, Jul 12, 1997",Cleveland Rockers,43,Charlotte Sting,72,Box Score,1997,
"Tue, Jun 24, 1997",Phoenix Mercury,55,Houston Comets,72,Box Score,1997,
"Wed, Jul 23, 1997",Cleveland Rockers,89,Los Angeles Sparks,85,Box Score,1997,
"Fri, Aug 1, 1997",Sacramento Monarchs,61,Charlotte Sting,85,Box Score,1997,
"Sat, Jul 19, 1997",Utah Starzz,68,Cleveland Rockers,95,Box Score,1997,
"Thu, Jun 26, 1997",New York Liberty,62,Houston Comets,60,Box Score,1997,
"Fri, Jul 18, 1997",Houston Comets,82,Sacramento Monarchs,60,Box Score,1997,
"Sat, Jun 21, 1997",Sacramento Monarchs,70,Utah Starzz,60,Box Score,1997,
"Sat, Aug 30, 1997",New York Liberty,51,Houston Comets,65,Box Score,1997,
"Sun, Jun 29, 1997",Phoenix Mercury,57,New York Liberty,65,Box Score,1997,
"Thu, Jul 17, 1997",Charlotte Sting,47,Cleveland Rockers,65,Box Score,1997,
"Wed, Jul 16, 1997",Houston Comets,52,Los Angeles Sparks,77,Box Score,1997,
"Wed, Aug 6, 1997",Charlotte Sting,64,Sacramento Monarchs,77,Box Score,1997,
"Tue, Aug 12, 1997",New York Liberty,67,Phoenix Mercury,77,Box Score,1997,
"Tue, Aug 12, 1997",Cleveland Rockers,76,Sacramento Monarchs,81,Box Score,1997,
"Tue, Aug 19, 1997",New York Liberty,75,Utah Starzz,81,Box Score,1997,
"Sun, Aug 17, 1997",Charlotte Sting,49,Cleveland Rockers,81,Box Score,1997,
"Thu, Aug 28, 1997",New York Liberty,59,Phoenix Mercury,41,Box Score,1997,
"Thu, Jul 10, 1997",Sacramento Monarchs,61,Cleveland Rockers,77,Box Score,1997,
"Tue, Aug 19, 1997",Charlotte Sting,69,Houston Comets,77,Box Score,1997,
"Sat, Jul 26, 1997",Cleveland Rockers,77,Utah Starzz,66,Box Score,1997,
"Tue, Aug 5, 1997",Houston Comets,76,Cleveland Rockers,66,Box Score,1997,
"Mon, Aug 11, 1997",Cleveland Rockers,74,Utah Starzz,59,Box Score,1997,
"Wed, Jul 9, 1997",New York Liberty,69,Charlotte Sting,87,Box Score,1997,
"Sun, Jun 29, 1997",Cleveland Rockers,44,Charlotte Sting,67,Box Score,1997,
"Fri, Jul 25, 1997",Houston Comets,86,Sacramento Monarchs,76,Box Score,1997,
"Tue, Jul 15, 1997",Cleveland Rockers,59,New York Liberty,76,Box Score,1997,
"Sun, Aug 10, 1997",New York Liberty,69,Sacramento Monarchs,76,Box Score,1997,
"Tue, Aug 12, 1997",Utah Starzz,56,Houston Comets,76,Box Score,1997,
"Sun, Jun 22, 1997",Charlotte Sting,59,Phoenix Mercury,76,Box Score,1997,
"Fri, Aug 8, 1997",Utah Starzz,78,Sacramento Monarchs,93,Box Score,1997,
"Fri, Jul 4, 1997",New York Liberty,65,Houston Comets,58,Box Score,1997,
"Sat, Jun 28, 1997",Houston Comets,76,Utah Starzz,58,Box Score,1997,
"Sun, Aug 24, 1997",Sacramento Monarchs,68,Houston Comets,58,Box Score,1997,
"Mon, Aug 4, 1997",Sacramento Monarchs,60,Phoenix Mercury,83,Box Score,1997,
"Sat, Aug 16, 1997",Houston Comets,71,Charlotte Sting,80,Box Score,1997,
"Sat, Aug 2, 1997",Phoenix Mercury,70,New York Liberty,80,Box Score,1997,
"Thu, Jul 17, 1997",Utah Starzz,54,New York Liberty,80,Box Score,1997,
"Fri, Jul 25, 1997",Los Angeles Sparks,86,Phoenix Mercury,83,Box Score,1997,
"Mon, Jul 14, 1997",New York Liberty,68,Cleveland Rockers,57,Box Score,1997,
"Wed, Jul 30, 1997",Phoenix Mercury,67,Charlotte Sting,68,Box Score,1997,
"Wed, Jul 2, 1997",Utah Starzz,73,Sacramento Monarchs,68,Box Score,1997,
"Thu, Aug 14, 1997",Sacramento Monarchs,51,Charlotte Sting,68,Box Score,1997,
"Fri, Jul 11, 1997",Utah Starzz,68,Los Angeles Sparks,75,Box Score,1997,
"Mon, Jul 21, 1997",Los Angeles Sparks,64,Charlotte Sting,75,Box Score,1997,
"Mon, Aug 18, 1997",Phoenix Mercury,66,Los Angeles Sparks,75,Box Score,1997,
"Thu, Aug 21, 1997",Cleveland Rockers,76,Houston Comets,75,Box Score,1997,
"Wed, Jul 16, 1997",Utah Starzz,63,Charlotte Sting,75,Box Score,1997,
"Mon, Jun 30, 1997",Los Angeles Sparks,66,Houston Comets,71,Box Score,1997,
"Tue, Jul 22, 1997",Utah Starzz,78,New York Liberty,71,Box Score,1997,
"Sun, Aug 17, 1997",Utah Starzz,63,Phoenix Mercury,71,Box Score,1997,
"Fri, Aug 1, 1997",Houston Comets,81,Los Angeles Sparks,57,Box Score,1997,
"Sat, Jun 21, 1997",New York Liberty,67,Los Angeles Sparks,57,Box Score,1997,
"Mon, Jul 21, 1997",Phoenix Mercury,70,Sacramento Monarchs,57,Box Score,1997,
"Fri, Aug 22, 1997",Sacramento Monarchs,77,Los Angeles Sparks,88,Box Score,1997,
"Mon, Jul 7, 1997",New York Liberty,50,Phoenix Mercury,69,Box Score,1997,
"Thu, Aug 21, 1997",Charlotte Sting,66,Utah Starzz,56,Box Score,1997,
"Sat, Jun 21, 1997",Houston Comets,76,Cleveland Rockers,56,Box Score,1997,
"Wed, Jul 30, 1997",Sacramento Monarchs,68,New York Liberty,73,Box Score,1997,
"Sun, Aug 24, 1997",Los Angeles Sparks,68,Phoenix Mercury,73,Box Score,1997,
"Sat, Jul 12, 1997",Sacramento Monarchs,61,Houston Comets,89,Box Score,1997,
"Wed, Jul 9, 1997",Houston Comets,64,Phoenix Mercury,69,Box Score,1997,
"Sat, Jul 19, 1997",Los Angeles Sparks,57,New York Liberty,69,Box Score,1997,
"Sun, Jul 13, 1997",Phoenix Mercury,57,Los Angeles Sparks,56,Box Score,1997,
"Tue, Jul 22, 1997",Houston Comets,77,Phoenix Mercury,69,Box Score,1997,
"Mon, Jul 7, 1997",Sacramento Monarchs,79,Utah Starzz,69,Box Score,1997,
"Sun, Aug 17, 1997",Houston Comets,70,New York Liberty,55,Box Score,1997,
"Thu, Jul 3, 1997",Phoenix Mercury,77,Utah Starzz,55,Box Score,1997,
"Wed, Aug 20, 1997",Phoenix Mercury,69,Sacramento Monarchs,54,Box Score,1997,
"Sat, Jul 5, 1997",New York Liberty,66,Utah Starzz,53,Box Score,1997,
"Mon, Jul 7, 1997",Charlotte Sting,56,Houston Comets,74,Box Score,1997,
"Sat, Aug 2, 1997",Houston Comets,63,Utah Starzz,74,Box Score,1997,
"Wed, Jul 30, 1997",Utah Starzz,69,Los Angeles Sparks,91,Box Score,1997,
"Sun, Aug 3, 1997",Charlotte Sting,77,Los Angeles Sparks,70,Box Score,1997,
"Mon, Jul 7, 1997",Cleveland Rockers,81,Los Angeles Sparks,70,Box Score,1997,
"Thu, Aug 7, 1997",Phoenix Mercury,70,Houston Comets,74,Box Score,1997,
"Thu, Jun 26, 1997",Utah Starzz,63,Cleveland Rockers,74,Box Score,1997,
"Wed, Jun 25, 1997",Charlotte Sting,54,Los Angeles Sparks,74,Box Score,1997,
"Mon, Aug 4, 1997",Charlotte Sting,70,Utah Starzz,73,Box Score,1997,
"Sun, Aug 24, 1997",Utah Starzz,52,Charlotte Sting,70,Box Score,1997,
"Thu, Aug 28, 1997",Charlotte Sting,54,Houston Comets,70,Box Score,1997,
"Sun, Jul 6, 1997",Cleveland Rockers,67,Sacramento Monarchs,70,Box Score,1997,
"Sat, Jul 12, 1997",Phoenix Mercury,51,Utah Starzz,52,Box Score,1997,
"Tue, Aug 5, 1997",Los Angeles Sparks,67,New York Liberty,50,Box Score,1997,
"Fri, Jun 27, 1997",Sacramento Monarchs,92,Los Angeles Sparks,102,Box Score,1997,
"Mon, Jun 23, 1997",Los Angeles Sparks,89,Utah Starzz,102,Box Score,1997,
"Mon, Jun 23, 1997",New York Liberty,73,Sacramento Monarchs,62,Box Score,1997,
"Mon, Aug 11, 1997",Houston Comets,72,Charlotte Sting,62,Box Score,1997,
"Thu, Jul 10, 1997",Charlotte Sting,48,New York Liberty,62,Box Score,1997,
"Thu, Jul 3, 1997",Los Angeles Sparks,74,Cleveland Rockers,62,Box Score,1997,
"Sun, Jul 27, 1997",Los Angeles Sparks,84,Sacramento Monarchs,62,Box Score,1997,
"Tue, Jul 21, 1998",Houston Comets,65,Phoenix Mercury,62,Box Score,1998,
"Fri, Jun 26, 1998",Sacramento Monarchs,48,New York Liberty,62,Box Score,1998,
"Sat, Aug 15, 1998",Utah Starzz,55,Sacramento Monarchs,82,Box Score,1998,
"Wed, Jul 1, 1998",New York Liberty,65,Detroit Shock,82,Box Score,1998,
"Wed, Aug 19, 1998",New York Liberty,68,Detroit Shock,82,Box Score,1998,
"Mon, Aug 10, 1998",Detroit Shock,77,Utah Starzz,73,Box Score,1998,
"Thu, Jul 23, 1998",Phoenix Mercury,68,Los Angeles Sparks,70,Box Score,1998,
"Thu, Jun 11, 1998",Phoenix Mercury,73,Sacramento Monarchs,70,Box Score,1998,
"Wed, Jul 8, 1998",Phoenix Mercury,78,Detroit Shock,76,Box Score,1998,
"Thu, Jun 18, 1998",Cleveland Rockers,69,Houston Comets,87,Box Score,1998,
"Sun, Jul 12, 1998",Cleveland Rockers,66,Los Angeles Sparks,87,Box Score,1998,
"Fri, Aug 14, 1998",Utah Starzz,67,Los Angeles Sparks,87,Box Score,1998,
"Mon, Aug 24, 1998",Phoenix Mercury,66,Cleveland Rockers,67,Box Score,1998,
"Tue, Jul 21, 1998",Charlotte Sting,84,Washington Mystics,67,Box Score,1998,
"Mon, Jul 13, 1998",Detroit Shock,74,Utah Starzz,67,Box Score,1998,
"Tue, Aug 11, 1998",Detroit Shock,50,Sacramento Monarchs,41,Box Score,1998,
"Sun, Aug 16, 1998",Detroit Shock,77,Los Angeles Sparks,76,Box Score,1998,
"Fri, Jul 3, 1998",Washington Mystics,60,New York Liberty,76,Box Score,1998,
"Sun, Aug 9, 1998",Los Angeles Sparks,74,Washington Mystics,76,Box Score,1998,
"Wed, Jul 22, 1998",Washington Mystics,61,Detroit Shock,76,Box Score,1998,
"Fri, Aug 7, 1998",Washington Mystics,55,Sacramento Monarchs,76,Box Score,1998,
"Fri, Jul 10, 1998",Cleveland Rockers,60,Phoenix Mercury,76,Box Score,1998,
"Sun, Jun 14, 1998",Los Angeles Sparks,60,Phoenix Mercury,70,Box Score,1998,
"Sat, Aug 15, 1998",Houston Comets,54,New York Liberty,70,Box Score,1998,
"Wed, Aug 12, 1998",Los Angeles Sparks,65,Charlotte Sting,52,Box Score,1998,
"Sun, Jul 5, 1998",Utah Starzz,66,Sacramento Monarchs,70,Box Score,1998,
"Mon, Aug 10, 1998",Charlotte Sting,67,Houston Comets,70,Box Score,1998,
"Mon, Jul 27, 1998",Sacramento Monarchs,76,Charlotte Sting,70,Box Score,1998,
"Sun, Aug 2, 1998",Sacramento Monarchs,53,Houston Comets,70,Box Score,1998,
"Tue, Jun 30, 1998",Houston Comets,75,Utah Starzz,73,Box Score,1998,
"Sat, Jul 18, 1998",New York Liberty,69,Phoenix Mercury,63,Box Score,1998,
"Fri, Jul 31, 1998",Sacramento Monarchs,77,Detroit Shock,78,Box Score,1998,
"Sat, Jun 13, 1998",Washington Mystics,77,Utah Starzz,78,Box Score,1998,
"Tue, Jul 7, 1998",Charlotte Sting,79,Los Angeles Sparks,86,Box Score,1998,
"Wed, Jul 22, 1998",Utah Starzz,61,Charlotte Sting,58,Box Score,1998,
"Sat, Jun 27, 1998",Sacramento Monarchs,50,Charlotte Sting,58,Box Score,1998,
"Tue, Jul 14, 1998",Cleveland Rockers,61,Sacramento Monarchs,58,Box Score,1998,
"Sat, Jul 25, 1998",Houston Comets,67,Charlotte Sting,58,Box Score,1998,
"Mon, Jul 6, 1998",Detroit Shock,56,New York Liberty,59,Box Score,1998,
"Tue, Jun 23, 1998",Cleveland Rockers,57,New York Liberty,59,Box Score,1998,
"Sat, Aug 22, 1998",Cleveland Rockers,68,Phoenix Mercury,78,Box Score,1998,
"Thu, Jun 11, 1998",New York Liberty,71,Cleveland Rockers,78,Box Score,1998,
"Sat, Jun 27, 1998",Detroit Shock,84,Cleveland Rockers,73,Box Score,1998,
"Wed, Jun 24, 1998",Charlotte Sting,77,Los Angeles Sparks,73,Box Score,1998,
"Sun, Jul 19, 1998",Utah Starzz,99,Washington Mystics,88,Box Score,1998,
"Mon, Jul 20, 1998",Sacramento Monarchs,67,Phoenix Mercury,88,Box Score,1998,
"Thu, Jun 25, 1998",Charlotte Sting,91,Utah Starzz,83,Box Score,1998,
"Mon, Jul 27, 1998",Los Angeles Sparks,67,Cleveland Rockers,83,Box Score,1998,
"Thu, Jun 11, 1998",Los Angeles Sparks,89,Utah Starzz,83,Box Score,1998,
"Thu, Jun 11, 1998",Washington Mystics,57,Charlotte Sting,83,Box Score,1998,
"Tue, Jun 30, 1998",Los Angeles Sparks,56,Sacramento Monarchs,58,Box Score,1998,
"Fri, Jul 17, 1998",Houston Comets,74,Los Angeles Sparks,68,Box Score,1998,
"Sat, Jul 4, 1998",Phoenix Mercury,66,Charlotte Sting,68,Box Score,1998,
"Sat, Jun 27, 1998",Los Angeles Sparks,64,Houston Comets,75,Box Score,1998,
"Thu, Aug 6, 1998",Phoenix Mercury,64,Houston Comets,75,Box Score,1998,
"Wed, Jul 29, 1998",Sacramento Monarchs,67,Cleveland Rockers,75,Box Score,1998,
"Sun, Jun 21, 1998",Houston Comets,79,Los Angeles Sparks,63,Box Score,1998,
"Tue, Aug 4, 1998",Washington Mystics,59,Phoenix Mercury,88,Box Score,1998,
"Thu, Jul 30, 1998",Utah Starzz,65,Houston Comets,88,Box Score,1998,
"Mon, Jun 22, 1998",Utah Starzz,72,Cleveland Rockers,88,Box Score,1998,
"Thu, Aug 13, 1998",Washington Mystics,45,New York Liberty,88,Box Score,1998,
"Sat, Aug 29, 1998",Phoenix Mercury,69,Houston Comets,74,Box Score,1998,
"Thu, Jun 25, 1998",Washington Mystics,71,Detroit Shock,79,Box Score,1998,
"Sat, Aug 22, 1998",Houston Comets,85,Charlotte Sting,71,Box Score,1998,
"Thu, Jun 18, 1998",Detroit Shock,67,Charlotte Sting,71,Box Score,1998,
"Mon, Jun 15, 1998",New York Liberty,60,Utah Starzz,71,Box Score,1998,
"Sat, Jul 18, 1998",Houston Comets,75,Sacramento Monarchs,44,Box Score,1998,
"Wed, Jul 29, 1998",Los Angeles Sparks,77,Washington Mystics,68,Box Score,1998,
"Sat, Jun 20, 1998",Houston Comets,79,Sacramento Monarchs,68,Box Score,1998,
"Thu, Jul 2, 1998",Utah Starzz,58,Los Angeles Sparks,57,Box Score,1998,
"Wed, Jul 1, 1998",Cleveland Rockers,92,Washington Mystics,80,Box Score,1998,
"Tue, Sep 1, 1998",Phoenix Mercury,71,Houston Comets,80,Box Score,1998,
"Fri, Aug 7, 1998",Houston Comets,61,Detroit Shock,57,Box Score,1998,
"Sun, Jun 21, 1998",Detroit Shock,70,Washington Mystics,57,Box Score,1998,
"Tue, Aug 4, 1998",Houston Comets,77,Utah Starzz,57,Box Score,1998,
"Sun, Jul 12, 1998",Charlotte Sting,75,New York Liberty,57,Box Score,1998,
"Fri, Jun 19, 1998",New York Liberty,75,Los Angeles Sparks,78,Box Score,1998,
"Tue, Jun 23, 1998",Sacramento Monarchs,57,Detroit Shock,61,Box Score,1998,
"Thu, Jul 2, 1998",Phoenix Mercury,76,Cleveland Rockers,61,Box Score,1998,
"Sun, Jul 5, 1998",New York Liberty,62,Washington Mystics,61,Box Score,1998,
"Sat, Aug 1, 1998",New York Liberty,67,Washington Mystics,53,Box Score,1998,
"Wed, Jul 8, 1998",Houston Comets,79,New York Liberty,54,Box Score,1998,
"Fri, Jul 24, 1998",New York Liberty,76,Sacramento Monarchs,54,Box Score,1998,
"Thu, Aug 27, 1998",Houston Comets,51,Phoenix Mercury,54,Box Score,1998,
"Sun, Jul 26, 1998",Sacramento Monarchs,79,Washington Mystics,65,Box Score,1998,
"Sat, Aug 1, 1998",Los Angeles Sparks,73,Utah Starzz,65,Box Score,1998,
"Mon, Aug 17, 1998",Houston Comets,110,Washington Mystics,65,Box Score,1998,
"Sat, Aug 8, 1998",Charlotte Sting,58,Cleveland Rockers,65,Box Score,1998,
"Mon, Jun 15, 1998",Houston Comets,79,Charlotte Sting,65,Box Score,1998,
"Wed, Aug 19, 1998",Sacramento Monarchs,62,Phoenix Mercury,71,Box Score,1998,
"Mon, Jun 29, 1998",Phoenix Mercury,68,New York Liberty,71,Box Score,1998,
"Thu, Jun 18, 1998",New York Liberty,64,Sacramento Monarchs,48,Box Score,1998,
"Sat, Jul 25, 1998",Utah Starzz,59,Cleveland Rockers,69,Box Score,1998,
"Mon, Jun 15, 1998",Washington Mystics,54,Phoenix Mercury,69,Box Score,1998,
"Wed, Aug 19, 1998",Charlotte Sting,105,Washington Mystics,69,Box Score,1998,
"Sun, Aug 16, 1998",Phoenix Mercury,85,Sacramento Monarchs,69,Box Score,1998,
"Sat, Jun 13, 1998",Charlotte Sting,78,Detroit Shock,69,Box Score,1998,
"Thu, Aug 6, 1998",Cleveland Rockers,79,Utah Starzz,69,Box Score,1998,
"Sat, Jul 25, 1998",Los Angeles Sparks,67,Detroit Shock,69,Box Score,1998,
"Mon, Jul 6, 1998",Houston Comets,78,Cleveland Rockers,64,Box Score,1998,
"Mon, Aug 17, 1998",Phoenix Mercury,75,Utah Starzz,64,Box Score,1998,
"Mon, Aug 17, 1998",Cleveland Rockers,70,New York Liberty,64,Box Score,1998,
"Fri, Jul 17, 1998",Utah Starzz,67,Detroit Shock,79,Box Score,1998,
"Tue, Aug 11, 1998",Phoenix Mercury,78,New York Liberty,79,Box Score,1998,
"Wed, Aug 12, 1998",Cleveland Rockers,75,Washington Mystics,55,Box Score,1998,
"Fri, Jul 10, 1998",Charlotte Sting,63,Sacramento Monarchs,55,Box Score,1998,
"Wed, Jul 15, 1998",New York Liberty,65,Charlotte Sting,72,Box Score,1998,
"Thu, Jul 30, 1998",Cleveland Rockers,64,Charlotte Sting,79,Box Score,1998,
"Fri, Jun 19, 1998",Utah Starzz,76,Washington Mystics,85,Box Score,1998,
"Sun, Jul 19, 1998",Charlotte Sting,69,Cleveland Rockers,85,Box Score,1998,
"Sun, Jul 26, 1998",Detroit Shock,62,New York Liberty,78,Box Score,1998,
"Sat, Jul 11, 1998",Detroit Shock,53,Washington Mystics,78,Box Score,1998,
"Mon, Jun 15, 1998",Cleveland Rockers,96,Detroit Shock,85,Box Score,1998,
"Sun, Aug 2, 1998",Charlotte Sting,67,New York Liberty,85,Box Score,1998,
"Wed, Aug 12, 1998",Sacramento Monarchs,71,Utah Starzz,81,Box Score,1998,
"Mon, Jul 13, 1998",Washington Mystics,67,Houston Comets,81,Box Score,1998,
"Wed, Jul 15, 1998",Sacramento Monarchs,76,Los Angeles Sparks,81,Box Score,1998,
"Tue, Jul 28, 1998",Phoenix Mercury,62,Houston Comets,72,Box Score,1998,
"Mon, Jul 13, 1998",Los Angeles Sparks,62,Phoenix Mercury,72,Box Score,1998,
"Mon, Aug 10, 1998",Phoenix Mercury,82,Cleveland Rockers,80,Box Score,1998,
"Wed, Aug 19, 1998",Los Angeles Sparks,71,Houston Comets,80,Box Score,1998,
"Sat, Aug 8, 1998",Los Angeles Sparks,62,New York Liberty,80,Box Score,1998,
"Fri, Jul 17, 1998",Washington Mystics,56,Charlotte Sting,86,Box Score,1998,
"Mon, Aug 3, 1998",Washington Mystics,72,Los Angeles Sparks,86,Box Score,1998,
"Fri, Jun 26, 1998",Utah Starzz,63,Phoenix Mercury,96,Box Score,1998,
"Thu, Jul 9, 1998",Detroit Shock,66,Houston Comets,96,Box Score,1998,
"Thu, Jul 16, 1998",New York Liberty,51,Cleveland Rockers,60,Box Score,1998,
"Tue, Aug 25, 1998",Phoenix Mercury,71,Cleveland Rockers,60,Box Score,1998,
"Sun, Jun 21, 1998",Utah Starzz,64,New York Liberty,68,Box Score,1998,
"Mon, Jul 6, 1998",Sacramento Monarchs,64,Utah Starzz,68,Box Score,1998,
"Sat, Jun 20, 1998",Detroit Shock,66,Cleveland Rockers,68,Box Score,1998,
"Sat, Aug 8, 1998",Utah Starzz,62,Phoenix Mercury,68,Box Score,1998,
"Tue, Aug 4, 1998",Cleveland Rockers,72,Sacramento Monarchs,60,Box Score,1998,
"Tue, Jun 16, 1998",Los Angeles Sparks,69,Sacramento Monarchs,73,Box Score,1998,
"Wed, Jul 15, 1998",Detroit Shock,60,Phoenix Mercury,73,Box Score,1998,
"Wed, Jul 8, 1998",Sacramento Monarchs,76,Los Angeles Sparks,71,Box Score,1998,
"Sat, Aug 1, 1998",Cleveland Rockers,74,Houston Comets,71,Box Score,1998,
"Fri, Jul 31, 1998",Phoenix Mercury,56,Los Angeles Sparks,71,Box Score,1998,
"Sun, Jun 21, 1998",Charlotte Sting,72,Phoenix Mercury,71,Box Score,1998,
"Mon, Aug 3, 1998",Detroit Shock,68,Charlotte Sting,71,Box Score,1998,
"Wed, Jul 8, 1998",Charlotte Sting,77,Utah Starzz,69,Box Score,1998,
"Wed, Jun 24, 1998",Houston Comets,66,Phoenix Mercury,69,Box Score,1998,
"Wed, Aug 5, 1998",New York Liberty,61,Charlotte Sting,69,Box Score,1998,
"Sun, Jun 28, 1998",Phoenix Mercury,86,Washington Mystics,69,Box Score,1998,
"Mon, Aug 24, 1998",Charlotte Sting,61,Houston Comets,77,Box Score,1998,
"Tue, Jul 21, 1998",New York Liberty,92,Los Angeles Sparks,77,Box Score,1998,
"Wed, Jul 8, 1998",Washington Mystics,65,Cleveland Rockers,77,Box Score,1998,
"Mon, Jun 29, 1998",Charlotte Sting,49,Detroit Shock,60,Box Score,1998,
"Mon, Jun 29, 1998",Washington Mystics,48,Houston Comets,73,Box Score,1998,
"Sat, Jun 13, 1998",New York Liberty,62,Houston Comets,73,Box Score,1998,
"Wed, Aug 5, 1998",Los Angeles Sparks,61,Detroit Shock,73,Box Score,1998,
"Fri, Jul 3, 1998",Sacramento Monarchs,67,Houston Comets,84,Box Score,1998,
"Fri, Aug 14, 1998",Detroit Shock,59,Phoenix Mercury,84,Box Score,1998,
"Sat, Jul 18, 1998",Cleveland Rockers,57,Detroit Shock,72,Box Score,1998,
"Sat, Jul 11, 1998",Utah Starzz,68,Houston Comets,72,Box Score,1998,
"Fri, Aug 14, 1998",Cleveland Rockers,85,Charlotte Sting,72,Box Score,1998,
"Sat, Aug 15, 1998",Washington Mystics,71,Cleveland Rockers,90,Box Score,1998,
"Mon, Jul 27, 1998",Phoenix Mercury,80,Utah Starzz,90,Box Score,1998,
"Sun, Jul 25, 1999",Washington Mystics,59,Phoenix Mercury,72,Box Score,1999,
"Thu, Aug 5, 1999",Orlando Miracle,68,Washington Mystics,72,Box Score,1999,
"Thu, Aug 5, 1999",Los Angeles Sparks,75,Utah Starzz,81,Box Score,1999,
"Tue, Jul 27, 1999",Orlando Miracle,60,Los Angeles Sparks,81,Box Score,1999,
"Fri, Jul 2, 1999",Los Angeles Sparks,91,Detroit Shock,81,Box Score,1999,
"Tue, Jul 6, 1999",Detroit Shock,94,Utah Starzz,104,Box Score,1999,
"Mon, Jun 28, 1999",Utah Starzz,70,Los Angeles Sparks,102,Box Score,1999,
"Fri, Jul 9, 1999",Sacramento Monarchs,77,Los Angeles Sparks,72,Box Score,1999,
"Tue, Jun 29, 1999",Sacramento Monarchs,86,Minnesota Lynx,72,Box Score,1999,
"Wed, Jul 21, 1999",Phoenix Mercury,63,Los Angeles Sparks,84,Box Score,1999,
"Sat, Jul 17, 1999",Los Angeles Sparks,76,Phoenix Mercury,84,Box Score,1999,
"Sat, Jul 17, 1999",Washington Mystics,56,Charlotte Sting,63,Box Score,1999,
"Fri, Jun 18, 1999",Los Angeles Sparks,72,New York Liberty,84,Box Score,1999,
"Sun, Aug 15, 1999",Washington Mystics,54,Orlando Miracle,81,Box Score,1999,
"Fri, Aug 6, 1999",Charlotte Sting,51,Houston Comets,81,Box Score,1999,
"Wed, Aug 4, 1999",Sacramento Monarchs,68,Charlotte Sting,62,Box Score,1999,
"Tue, Jun 22, 1999",Orlando Miracle,71,Cleveland Rockers,62,Box Score,1999,
"Sat, Jun 26, 1999",Minnesota Lynx,72,Utah Starzz,62,Box Score,1999,
"Fri, Jul 30, 1999",New York Liberty,58,Charlotte Sting,62,Box Score,1999,
"Sat, Aug 7, 1999",Washington Mystics,63,Cleveland Rockers,62,Box Score,1999,
"Mon, Aug 2, 1999",Cleveland Rockers,56,Charlotte Sting,62,Box Score,1999,
"Wed, Aug 18, 1999",Minnesota Lynx,54,Los Angeles Sparks,72,Box Score,1999,
"Fri, Jul 23, 1999",Detroit Shock,69,Cleveland Rockers,60,Box Score,1999,
"Sat, Jun 26, 1999",Phoenix Mercury,66,Detroit Shock,60,Box Score,1999,
"Thu, Sep 2, 1999",Houston Comets,73,New York Liberty,60,Box Score,1999,
"Sat, Jul 17, 1999",New York Liberty,58,Minnesota Lynx,60,Box Score,1999,
"Mon, Jul 19, 1999",Houston Comets,48,Phoenix Mercury,60,Box Score,1999,
"Thu, Jun 24, 1999",Houston Comets,77,Detroit Shock,65,Box Score,1999,
"Sat, Jul 17, 1999",Cleveland Rockers,61,Detroit Shock,77,Box Score,1999,
"Thu, Jul 8, 1999",New York Liberty,84,Cleveland Rockers,49,Box Score,1999,
"Mon, Jul 12, 1999",Charlotte Sting,71,Washington Mystics,74,Box Score,1999,
"Mon, Jul 5, 1999",Cleveland Rockers,72,Los Angeles Sparks,74,Box Score,1999,
"Sat, Aug 21, 1999",Orlando Miracle,68,Detroit Shock,74,Box Score,1999,
"Fri, Aug 13, 1999",New York Liberty,60,Detroit Shock,56,Box Score,1999,
"Sat, Jul 3, 1999",Phoenix Mercury,47,Minnesota Lynx,56,Box Score,1999,
"Sun, Jul 11, 1999",Minnesota Lynx,58,New York Liberty,56,Box Score,1999,
"Sat, Aug 21, 1999",Los Angeles Sparks,81,Utah Starzz,89,Box Score,1999,
"Sat, Aug 14, 1999",Utah Starzz,97,Sacramento Monarchs,89,Box Score,1999,
"Sat, Jul 31, 1999",Washington Mystics,64,Los Angeles Sparks,81,Box Score,1999,
"Thu, Jun 10, 1999",Sacramento Monarchs,78,Los Angeles Sparks,100,Box Score,1999,
"Mon, Aug 30, 1999",Los Angeles Sparks,62,Houston Comets,72,Box Score,1999,
"Sun, Jun 27, 1999",Charlotte Sting,58,New York Liberty,72,Box Score,1999,
"Fri, Aug 6, 1999",New York Liberty,55,Phoenix Mercury,68,Box Score,1999,
"Wed, Aug 11, 1999",Detroit Shock,57,Phoenix Mercury,68,Box Score,1999,
"Fri, Aug 20, 1999",Houston Comets,64,Los Angeles Sparks,68,Box Score,1999,
"Fri, Jul 16, 1999",Detroit Shock,78,Washington Mystics,68,Box Score,1999,
"Wed, Jun 30, 1999",Houston Comets,78,Utah Starzz,68,Box Score,1999,
"Fri, Jul 2, 1999",Sacramento Monarchs,79,Washington Mystics,74,Box Score,1999,
"Sun, Aug 8, 1999",Houston Comets,71,New York Liberty,74,Box Score,1999,
"Thu, Jul 8, 1999",Houston Comets,63,Sacramento Monarchs,74,Box Score,1999,
"Sat, Jun 19, 1999",Sacramento Monarchs,75,Utah Starzz,85,Box Score,1999,
"Sat, Jun 19, 1999",Houston Comets,69,Minnesota Lynx,55,Box Score,1999,
"Sat, Aug 14, 1999",Los Angeles Sparks,53,Washington Mystics,55,Box Score,1999,
"Thu, Aug 12, 1999",Cleveland Rockers,54,Orlando Miracle,55,Box Score,1999,
"Fri, Jul 23, 1999",Washington Mystics,60,Minnesota Lynx,55,Box Score,1999,
"Sun, Aug 29, 1999",Charlotte Sting,70,New York Liberty,74,Box Score,1999,
"Sun, Aug 1, 1999",Orlando Miracle,61,New York Liberty,74,Box Score,1999,
"Sat, Jun 19, 1999",Los Angeles Sparks,73,Charlotte Sting,69,Box Score,1999,
"Mon, Aug 30, 1999",Charlotte Sting,54,New York Liberty,69,Box Score,1999,
"Sat, Aug 7, 1999",Orlando Miracle,60,Charlotte Sting,64,Box Score,1999,
"Mon, Aug 9, 1999",Minnesota Lynx,55,Phoenix Mercury,64,Box Score,1999,
"Mon, Jun 14, 1999",Sacramento Monarchs,74,Phoenix Mercury,64,Box Score,1999,
"Sat, Jul 3, 1999",New York Liberty,50,Houston Comets,65,Box Score,1999,
"Sun, Aug 8, 1999",Cleveland Rockers,45,Washington Mystics,80,Box Score,1999,
"Mon, Aug 16, 1999",Utah Starzz,71,Houston Comets,80,Box Score,1999,
"Sat, Aug 7, 1999",Minnesota Lynx,70,Utah Starzz,80,Box Score,1999,
"Sat, Jul 31, 1999",Phoenix Mercury,70,Houston Comets,77,Box Score,1999,
"Thu, Jul 1, 1999",Los Angeles Sparks,81,Minnesota Lynx,77,Box Score,1999,
"Sat, Jun 12, 1999",Phoenix Mercury,85,Sacramento Monarchs,96,Box Score,1999,
"Tue, Jul 27, 1999",Detroit Shock,46,Houston Comets,85,Box Score,1999,
"Sat, Jul 24, 1999",Orlando Miracle,73,Sacramento Monarchs,64,Box Score,1999,
"Tue, Jun 22, 1999",Minnesota Lynx,62,Sacramento Monarchs,79,Box Score,1999,
"Thu, Jun 17, 1999",Orlando Miracle,74,Detroit Shock,79,Box Score,1999,
"Thu, Jul 29, 1999",Minnesota Lynx,46,Phoenix Mercury,79,Box Score,1999,
"Sun, Jun 20, 1999",Detroit Shock,62,New York Liberty,69,Box Score,1999,
"Fri, Jun 25, 1999",Houston Comets,72,Washington Mystics,69,Box Score,1999,
"Mon, Jul 26, 1999",Charlotte Sting,75,New York Liberty,69,Box Score,1999,
"Fri, Jun 18, 1999",Detroit Shock,76,Washington Mystics,69,Box Score,1999,
"Sat, Aug 7, 1999",Phoenix Mercury,60,Sacramento Monarchs,71,Box Score,1999,
"Tue, Aug 24, 1999",Sacramento Monarchs,58,Los Angeles Sparks,71,Box Score,1999,
"Sat, Aug 21, 1999",Minnesota Lynx,48,Washington Mystics,45,Box Score,1999,
"Sun, Jul 11, 1999",Sacramento Monarchs,63,Houston Comets,68,Box Score,1999,
"Wed, Jul 21, 1999",Cleveland Rockers,85,Washington Mystics,68,Box Score,1999,
"Sat, Jun 12, 1999",Detroit Shock,51,Minnesota Lynx,68,Box Score,1999,
"Sun, Aug 15, 1999",Charlotte Sting,54,Phoenix Mercury,65,Box Score,1999,
"Thu, Jul 29, 1999",New York Liberty,73,Orlando Miracle,65,Box Score,1999,
"Tue, Aug 24, 1999",Charlotte Sting,60,Detroit Shock,54,Box Score,1999,
"Sat, Jun 12, 1999",Washington Mystics,63,Houston Comets,88,Box Score,1999,
"Tue, Jun 15, 1999",Los Angeles Sparks,86,Orlando Miracle,88,Box Score,1999,
"Mon, Jun 14, 1999",Washington Mystics,83,New York Liberty,61,Box Score,1999,
"Wed, Jul 7, 1999",Los Angeles Sparks,67,Phoenix Mercury,61,Box Score,1999,
"Fri, Jul 9, 1999",Orlando Miracle,66,Charlotte Sting,61,Box Score,1999,
"Tue, Jul 20, 1999",Orlando Miracle,56,New York Liberty,61,Box Score,1999,
"Sat, Aug 14, 1999",Orlando Miracle,73,Cleveland Rockers,61,Box Score,1999,
"Tue, Jul 6, 1999",Minnesota Lynx,54,Houston Comets,80,Box Score,1999,
"Mon, Jun 21, 1999",Phoenix Mercury,76,Orlando Miracle,80,Box Score,1999,
"Fri, Aug 20, 1999",Orlando Miracle,83,Minnesota Lynx,80,Box Score,1999,
"Sun, Jul 18, 1999",Utah Starzz,82,New York Liberty,88,Box Score,1999,
"Thu, Jun 24, 1999",Phoenix Mercury,72,Charlotte Sting,88,Box Score,1999,
"Sat, Jul 31, 1999",Cleveland Rockers,55,Detroit Shock,53,Box Score,1999,
"Mon, Jul 19, 1999",Orlando Miracle,77,Washington Mystics,52,Box Score,1999,
"Mon, Jun 28, 1999",New York Liberty,71,Detroit Shock,91,Box Score,1999,
"Sat, Jul 31, 1999",Sacramento Monarchs,59,Utah Starzz,63,Box Score,1999,
"Mon, Jun 14, 1999",Utah Starzz,54,Minnesota Lynx,78,Box Score,1999,
"Sat, Jul 10, 1999",Washington Mystics,83,Detroit Shock,78,Box Score,1999,
"Sun, Jul 4, 1999",Sacramento Monarchs,92,Detroit Shock,78,Box Score,1999,
"Fri, Jul 2, 1999",Cleveland Rockers,68,Utah Starzz,83,Box Score,1999,
"Thu, Jul 1, 1999",Phoenix Mercury,67,New York Liberty,83,Box Score,1999,
"Thu, Aug 12, 1999",Los Angeles Sparks,61,Houston Comets,83,Box Score,1999,
"Wed, Aug 11, 1999",Utah Starzz,73,Minnesota Lynx,83,Box Score,1999,
"Fri, Aug 20, 1999",Detroit Shock,58,Charlotte Sting,57,Box Score,1999,
"Fri, Jun 25, 1999",Charlotte Sting,59,Cleveland Rockers,57,Box Score,1999,
"Mon, Aug 16, 1999",Cleveland Rockers,50,Minnesota Lynx,57,Box Score,1999,
"Sat, Jun 12, 1999",New York Liberty,68,Charlotte Sting,57,Box Score,1999,
"Sun, Jul 25, 1999",Houston Comets,62,Minnesota Lynx,57,Box Score,1999,
"Sun, Aug 15, 1999",Detroit Shock,63,New York Liberty,57,Box Score,1999,
"Sat, Jul 24, 1999",New York Liberty,72,Los Angeles Sparks,75,Box Score,1999,
"Thu, Jul 29, 1999",Houston Comets,71,Cleveland Rockers,65,Box Score,1999,
"Sat, Aug 21, 1999",Houston Comets,74,Sacramento Monarchs,65,Box Score,1999,
"Thu, Jul 8, 1999",Utah Starzz,81,Washington Mystics,65,Box Score,1999,
"Mon, Jul 12, 1999",Phoenix Mercury,80,Utah Starzz,66,Box Score,1999,
"Tue, Aug 17, 1999",Washington Mystics,54,New York Liberty,66,Box Score,1999,
"Mon, Aug 2, 1999",Sacramento Monarchs,70,Houston Comets,75,Box Score,1999,
"Mon, Aug 9, 1999",New York Liberty,80,Orlando Miracle,75,Box Score,1999,
"Tue, Jun 22, 1999",Charlotte Sting,69,Detroit Shock,75,Box Score,1999,
"Thu, Aug 26, 1999",Houston Comets,60,Los Angeles Sparks,75,Box Score,1999,
"Wed, Jul 7, 1999",Cleveland Rockers,62,Charlotte Sting,75,Box Score,1999,
"Sun, Aug 29, 1999",Los Angeles Sparks,55,Houston Comets,83,Box Score,1999,
"Fri, Aug 13, 1999",Charlotte Sting,64,Sacramento Monarchs,78,Box Score,1999,
"Sun, Jul 18, 1999",Houston Comets,65,Los Angeles Sparks,78,Box Score,1999,
"Thu, Jun 10, 1999",Charlotte Sting,83,Washington Mystics,73,Box Score,1999,
"Sat, Jun 19, 1999",Washington Mystics,68,Orlando Miracle,73,Box Score,1999,
"Mon, Jul 19, 1999",Utah Starzz,66,Charlotte Sting,73,Box Score,1999,
"Thu, Jun 24, 1999",Minnesota Lynx,86,Los Angeles Sparks,73,Box Score,1999,
"Mon, Jul 26, 1999",Washington Mystics,61,Utah Starzz,73,Box Score,1999,
"Mon, Aug 2, 1999",Phoenix Mercury,56,Minnesota Lynx,73,Box Score,1999,
"Fri, Jul 23, 1999",Orlando Miracle,67,Phoenix Mercury,73,Box Score,1999,
"Sat, Jun 26, 1999",Los Angeles Sparks,76,Sacramento Monarchs,73,Box Score,1999,
"Mon, Aug 16, 1999",Charlotte Sting,65,Los Angeles Sparks,76,Box Score,1999,
"Mon, Jun 28, 1999",Orlando Miracle,68,Houston Comets,66,Box Score,1999,
"Sat, Aug 21, 1999",New York Liberty,56,Cleveland Rockers,66,Box Score,1999,
"Wed, Jul 7, 1999",Minnesota Lynx,71,Orlando Miracle,66,Box Score,1999,
"Sun, Jul 25, 1999",Charlotte Sting,78,Detroit Shock,66,Box Score,1999,
"Tue, Aug 3, 1999",New York Liberty,61,Utah Starzz,59,Box Score,1999,
"Sat, Jul 3, 1999",Charlotte Sting,75,Orlando Miracle,58,Box Score,1999,
"Wed, Jul 21, 1999",Utah Starzz,77,Detroit Shock,86,Box Score,1999,
"Tue, Jul 27, 1999",Utah Starzz,73,Phoenix Mercury,86,Box Score,1999,
"Fri, Aug 27, 1999",New York Liberty,67,Charlotte Sting,78,Box Score,1999,
"Mon, Aug 2, 1999",Washington Mystics,75,Detroit Shock,70,Box Score,1999,
"Thu, Jul 29, 1999",Washington Mystics,54,Sacramento Monarchs,70,Box Score,1999,
"Mon, Jun 28, 1999",Phoenix Mercury,51,Cleveland Rockers,70,Box Score,1999,
"Sat, Jul 31, 1999",Charlotte Sting,56,Minnesota Lynx,52,Box Score,1999,
"Thu, Jun 17, 1999",Utah Starzz,73,Houston Comets,93,Box Score,1999,
"Sun, Jul 11, 1999",Phoenix Mercury,58,Los Angeles Sparks,67,Box Score,1999,
"Fri, Aug 13, 1999",Phoenix Mercury,64,Utah Starzz,67,Box Score,1999,
"Wed, Aug 11, 1999",New York Liberty,56,Washington Mystics,59,Box Score,1999,
"Sun, Sep 5, 1999",New York Liberty,47,Houston Comets,59,Box Score,1999,
"Sat, Jun 12, 1999",Los Angeles Sparks,75,Cleveland Rockers,59,Box Score,1999,
"Wed, Aug 4, 1999",Minnesota Lynx,56,Detroit Shock,59,Box Score,1999,
"Fri, Aug 6, 1999",Los Angeles Sparks,77,Minnesota Lynx,59,Box Score,1999,
"Mon, Aug 9, 1999",Detroit Shock,84,Los Angeles Sparks,59,Box Score,1999,
"Tue, Jul 27, 1999",Minnesota Lynx,61,Sacramento Monarchs,59,Box Score,1999,
"Sat, Jun 19, 1999",Cleveland Rockers,67,Phoenix Mercury,76,Box Score,1999,
"Mon, Jul 5, 1999",Sacramento Monarchs,63,New York Liberty,76,Box Score,1999,
"Mon, Jul 12, 1999",Detroit Shock,76,Orlando Miracle,67,Box Score,1999,
"Mon, Aug 9, 1999",Charlotte Sting,65,Utah Starzz,67,Box Score,1999,
"Mon, Jul 12, 1999",Minnesota Lynx,55,Cleveland Rockers,67,Box Score,1999,
"Wed, Jul 21, 1999",Minnesota Lynx,76,Charlotte Sting,67,Box Score,1999,
"Sat, Sep 4, 1999",New York Liberty,68,Houston Comets,67,Box Score,1999,
"Thu, Jun 10, 1999",Cleveland Rockers,60,New York Liberty,87,Box Score,1999,
"Wed, Aug 18, 1999",Detroit Shock,81,Orlando Miracle,93,Box Score,1999,
"Wed, Jul 28, 1999",Detroit Shock,65,Charlotte Sting,84,Box Score,1999,
"Tue, Jun 22, 1999",Los Angeles Sparks,76,Houston Comets,84,Box Score,1999,
"Fri, Aug 6, 1999",Detroit Shock,58,Sacramento Monarchs,71,Box Score,1999,
"Tue, Aug 17, 1999",Sacramento Monarchs,59,Phoenix Mercury,71,Box Score,1999,
"Sat, Aug 14, 1999",Minnesota Lynx,53,Houston Comets,71,Box Score,1999,
"Mon, Jun 14, 1999",Detroit Shock,73,Cleveland Rockers,71,Box Score,1999,
"Thu, Jul 22, 1999",New York Liberty,55,Sacramento Monarchs,71,Box Score,1999,
"Tue, Jul 6, 1999",New York Liberty,63,Washington Mystics,71,Box Score,1999,
"Sat, Jun 12, 1999",Orlando Miracle,65,Utah Starzz,71,Box Score,1999,
"Fri, Jul 16, 1999",Sacramento Monarchs,85,Cleveland Rockers,71,Box Score,1999,
"Tue, Jun 22, 1999",Phoenix Mercury,79,Washington Mystics,76,Box Score,1999,
"Thu, Jul 1, 1999",Cleveland Rockers,64,Houston Comets,76,Box Score,1999,
"Fri, Jul 30, 1999",Utah Starzz,77,Los Angeles Sparks,87,Box Score,1999,
"Sat, Jun 26, 1999",Washington Mystics,65,Cleveland Rockers,76,Box Score,1999,
"Mon, Jul 19, 1999",Sacramento Monarchs,69,Minnesota Lynx,76,Box Score,1999,
"Sat, Jul 17, 1999",Sacramento Monarchs,76,Orlando Miracle,70,Box Score,1999,
"Thu, Jun 17, 1999",Cleveland Rockers,50,Sacramento Monarchs,70,Box Score,1999,
"Wed, Aug 4, 1999",Cleveland Rockers,62,Orlando Miracle,70,Box Score,1999,
"Fri, Jul 9, 1999",Houston Comets,71,Phoenix Mercury,70,Box Score,1999,
"Wed, Aug 18, 1999",Phoenix Mercury,60,Houston Comets,70,Box Score,1999,
"Sat, Jul 24, 1999",Utah Starzz,76,Cleveland Rockers,70,Box Score,1999,
"Fri, Jul 16, 1999",Charlotte Sting,56,Orlando Miracle,50,Box Score,1999,
"Fri, Jul 23, 1999",Houston Comets,75,Charlotte Sting,62,Box Score,1999,
"Fri, Aug 20, 1999",Utah Starzz,70,Phoenix Mercury,62,Box Score,1999,
"Sat, Jul 10, 1999",Utah Starzz,56,Orlando Miracle,62,Box Score,1999,
"Fri, Jul 16, 1999",Houston Comets,88,Utah Starzz,84,Box Score,1999,
"Wed, Jun 30, 1999",Washington Mystics,68,Charlotte Sting,63,Box Score,1999,
"Thu, Jun 10, 1999",Houston Comets,77,Orlando Miracle,63,Box Score,1999,
"Thu, Aug 19, 1999",Cleveland Rockers,55,New York Liberty,72,Box Score,1999,
"Thu, Jun 24, 1999",Utah Starzz,69,Sacramento Monarchs,107,Box Score,1999,
"Sat, Jul 10, 1999",Charlotte Sting,56,Cleveland Rockers,82,Box Score,1999,
"Tue, Aug 10, 1999",Los Angeles Sparks,80,Sacramento Monarchs,82,Box Score,1999,
"Sat, Jul 1, 2000",Detroit Shock,96,Sacramento Monarchs,108,Box Score,2000,
"Sun, Jun 18, 2000",Indiana Fever,74,Detroit Shock,111,Box Score,2000,
"Thu, Jul 20, 2000",New York Liberty,66,Los Angeles Sparks,82,Box Score,2000,
"Thu, Jun 1, 2000",Charlotte Sting,79,Orlando Miracle,82,Box Score,2000,
"Tue, Jun 20, 2000",Houston Comets,84,Los Angeles Sparks,90,Box Score,2000,
"Mon, Jun 12, 2000",Utah Starzz,85,Houston Comets,107,Box Score,2000,
"Wed, Jun 28, 2000",Phoenix Mercury,69,New York Liberty,82,Box Score,2000,
"Wed, Jun 28, 2000",Minnesota Lynx,74,Sacramento Monarchs,82,Box Score,2000,
"Wed, Jul 12, 2000",Charlotte Sting,70,New York Liberty,84,Box Score,2000,
"Wed, Jul 26, 2000",Cleveland Rockers,77,Utah Starzz,84,Box Score,2000,
"Wed, Jul 26, 2000",Washington Mystics,80,Charlotte Sting,87,Box Score,2000,
"Thu, Jul 13, 2000",Sacramento Monarchs,64,Phoenix Mercury,72,Box Score,2000,
"Sat, Jun 3, 2000",Washington Mystics,49,Cleveland Rockers,72,Box Score,2000,
"Fri, Jun 30, 2000",Indiana Fever,70,New York Liberty,72,Box Score,2000,
"Sat, Jun 10, 2000",Orlando Miracle,74,Charlotte Sting,71,Box Score,2000,
"Sat, Jun 10, 2000",Houston Comets,73,Utah Starzz,71,Box Score,2000,
"Thu, Aug 3, 2000",Washington Mystics,75,Indiana Fever,71,Box Score,2000,
"Tue, Jun 6, 2000",Phoenix Mercury,61,Utah Starzz,76,Box Score,2000,
"Sat, Jul 22, 2000",Miami Sol,47,Cleveland Rockers,76,Box Score,2000,
"Sun, Jul 30, 2000",Orlando Miracle,55,Portland Fire,76,Box Score,2000,
"Thu, Jul 27, 2000",Seattle Storm,63,Los Angeles Sparks,76,Box Score,2000,
"Wed, May 31, 2000",Seattle Storm,60,Sacramento Monarchs,76,Box Score,2000,
"Fri, Jul 21, 2000",Utah Starzz,65,Miami Sol,76,Box Score,2000,
"Wed, Jul 12, 2000",Portland Fire,67,Utah Starzz,76,Box Score,2000,
"Fri, Jul 14, 2000",Phoenix Mercury,84,Utah Starzz,87,Box Score,2000,
"Fri, Aug 4, 2000",Cleveland Rockers,75,Indiana Fever,87,Box Score,2000,
"Fri, Aug 11, 2000",Los Angeles Sparks,86,Phoenix Mercury,71,Box Score,2000,
"Tue, Aug 8, 2000",Minnesota Lynx,76,Charlotte Sting,67,Box Score,2000,
"Mon, Jul 24, 2000",Cleveland Rockers,57,Phoenix Mercury,67,Box Score,2000,
"Mon, Jun 12, 2000",Charlotte Sting,78,Detroit Shock,67,Box Score,2000,
"Fri, Jul 21, 2000",Minnesota Lynx,61,Seattle Storm,67,Box Score,2000,
"Wed, Jul 12, 2000",Indiana Fever,81,Washington Mystics,58,Box Score,2000,
"Mon, Jun 26, 2000",Houston Comets,70,Orlando Miracle,58,Box Score,2000,
"Thu, Jun 1, 2000",Minnesota Lynx,74,Utah Starzz,83,Box Score,2000,
"Thu, Jul 6, 2000",Detroit Shock,69,Phoenix Mercury,83,Box Score,2000,
"Mon, Aug 7, 2000",Portland Fire,73,Utah Starzz,83,Box Score,2000,
"Wed, Jun 7, 2000",Orlando Miracle,79,Cleveland Rockers,83,Box Score,2000,
"Sat, Jun 3, 2000",Portland Fire,65,Seattle Storm,58,Box Score,2000,
"Sat, Jun 24, 2000",Indiana Fever,67,Houston Comets,93,Box Score,2000,
"Sat, Jun 3, 2000",Utah Starzz,76,New York Liberty,87,Box Score,2000,
"Wed, Aug 9, 2000",Charlotte Sting,51,Indiana Fever,67,Box Score,2000,
"Fri, Jun 23, 2000",Houston Comets,83,Utah Starzz,66,Box Score,2000,
"Wed, Aug 9, 2000",New York Liberty,63,Detroit Shock,66,Box Score,2000,
"Mon, Jul 3, 2000",New York Liberty,65,Cleveland Rockers,66,Box Score,2000,
"Sun, Jul 23, 2000",Utah Starzz,69,Orlando Miracle,66,Box Score,2000,
"Tue, Jun 20, 2000",Seattle Storm,63,Utah Starzz,66,Box Score,2000,
"Mon, Jul 31, 2000",Los Angeles Sparks,73,Minnesota Lynx,66,Box Score,2000,
"Wed, Jun 28, 2000",Houston Comets,76,Charlotte Sting,66,Box Score,2000,
"Tue, Aug 1, 2000",Indiana Fever,60,Seattle Storm,66,Box Score,2000,
"Wed, Jul 5, 2000",Miami Sol,70,Charlotte Sting,76,Box Score,2000,
"Sat, Jun 10, 2000",Phoenix Mercury,57,Los Angeles Sparks,76,Box Score,2000,
"Sun, Aug 6, 2000",Portland Fire,58,Seattle Storm,66,Box Score,2000,
"Sun, Jun 25, 2000",Los Angeles Sparks,72,New York Liberty,67,Box Score,2000,
"Sat, Jun 3, 2000",Los Angeles Sparks,82,Minnesota Lynx,75,Box Score,2000,
"Sat, Jul 29, 2000",Charlotte Sting,72,Detroit Shock,75,Box Score,2000,
"Mon, Jun 5, 2000",Sacramento Monarchs,68,Orlando Miracle,75,Box Score,2000,
"Sun, Jul 9, 2000",Washington Mystics,58,Portland Fire,75,Box Score,2000,
"Mon, Aug 14, 2000",Sacramento Monarchs,70,Houston Comets,75,Box Score,2000,
"Sun, Jun 11, 2000",Los Angeles Sparks,68,Sacramento Monarchs,75,Box Score,2000,
"Sat, Jul 1, 2000",Cleveland Rockers,67,Los Angeles Sparks,75,Box Score,2000,
"Sun, Jun 18, 2000",Miami Sol,52,New York Liberty,58,Box Score,2000,
"Wed, Jun 21, 2000",Sacramento Monarchs,70,Indiana Fever,58,Box Score,2000,
"Fri, Jul 28, 2000",Indiana Fever,73,Portland Fire,58,Box Score,2000,
"Wed, Jul 19, 2000",Utah Starzz,76,Phoenix Mercury,86,Box Score,2000,
"Fri, Jul 7, 2000",Charlotte Sting,71,Houston Comets,86,Box Score,2000,
"Thu, Jun 22, 2000",Utah Starzz,64,Minnesota Lynx,86,Box Score,2000,
"Fri, Jul 14, 2000",Minnesota Lynx,54,Portland Fire,65,Box Score,2000,
"Sat, Jul 8, 2000",Phoenix Mercury,66,Indiana Fever,65,Box Score,2000,
"Mon, Jul 31, 2000",Cleveland Rockers,76,Detroit Shock,65,Box Score,2000,
"Mon, Jul 10, 2000",Seattle Storm,42,Miami Sol,59,Box Score,2000,
"Sat, Jul 8, 2000",Cleveland Rockers,80,Charlotte Sting,59,Box Score,2000,
"Sat, Jul 15, 2000",Minnesota Lynx,57,Los Angeles Sparks,58,Box Score,2000,
"Fri, Jun 30, 2000",Phoenix Mercury,66,Washington Mystics,57,Box Score,2000,
"Tue, Aug 8, 2000",Cleveland Rockers,44,New York Liberty,57,Box Score,2000,
"Thu, Jun 8, 2000",Minnesota Lynx,71,Orlando Miracle,57,Box Score,2000,
"Mon, Jul 24, 2000",Portland Fire,61,Detroit Shock,57,Box Score,2000,
"Sun, Aug 6, 2000",New York Liberty,41,Miami Sol,57,Box Score,2000,
"Thu, Jun 22, 2000",Phoenix Mercury,90,Charlotte Sting,57,Box Score,2000,
"Sat, Jun 24, 2000",Minnesota Lynx,60,Cleveland Rockers,57,Box Score,2000,
"Mon, Jun 5, 2000",Miami Sol,59,Indiana Fever,80,Box Score,2000,
"Sat, Jun 24, 2000",Phoenix Mercury,67,Miami Sol,44,Box Score,2000,
"Thu, Jun 1, 2000",Houston Comets,77,Seattle Storm,47,Box Score,2000,
"Thu, Jul 13, 2000",Washington Mystics,60,Miami Sol,48,Box Score,2000,
"Wed, Jul 12, 2000",Sacramento Monarchs,62,Houston Comets,77,Box Score,2000,
"Tue, Jul 11, 2000",Portland Fire,80,Los Angeles Sparks,77,Box Score,2000,
"Wed, Aug 9, 2000",Minnesota Lynx,64,Houston Comets,77,Box Score,2000,
"Sat, Jun 3, 2000",Sacramento Monarchs,74,Detroit Shock,77,Box Score,2000,
"Sun, Aug 6, 2000",Washington Mystics,60,Cleveland Rockers,77,Box Score,2000,
"Thu, Jun 22, 2000",Cleveland Rockers,64,Orlando Miracle,77,Box Score,2000,
"Fri, Jul 21, 2000",Los Angeles Sparks,74,Phoenix Mercury,68,Box Score,2000,
"Wed, Aug 9, 2000",Orlando Miracle,64,Miami Sol,68,Box Score,2000,
"Tue, Aug 1, 2000",Washington Mystics,60,Houston Comets,68,Box Score,2000,
"Fri, Jul 28, 2000",Miami Sol,44,Minnesota Lynx,68,Box Score,2000,
"Fri, Jul 28, 2000",New York Liberty,66,Charlotte Sting,56,Box Score,2000,
"Thu, Aug 17, 2000",New York Liberty,43,Cleveland Rockers,56,Box Score,2000,
"Tue, Jun 13, 2000",Washington Mystics,57,New York Liberty,56,Box Score,2000,
"Thu, Jul 20, 2000",Houston Comets,74,Cleveland Rockers,56,Box Score,2000,
"Fri, Jun 9, 2000",Sacramento Monarchs,77,New York Liberty,56,Box Score,2000,
"Fri, Aug 4, 2000",Houston Comets,81,Portland Fire,56,Box Score,2000,
"Sun, Aug 13, 2000",Phoenix Mercury,76,Los Angeles Sparks,101,Box Score,2000,
"Mon, Jul 10, 2000",Charlotte Sting,65,Cleveland Rockers,72,Box Score,2000,
"Mon, Jun 26, 2000",Los Angeles Sparks,74,Washington Mystics,72,Box Score,2000,
"Mon, Aug 7, 2000",Washington Mystics,57,Orlando Miracle,65,Box Score,2000,
"Thu, Jun 15, 2000",Miami Sol,53,Houston Comets,77,Box Score,2000,
"Sun, Jul 9, 2000",Utah Starzz,72,Los Angeles Sparks,92,Box Score,2000,
"Sun, Aug 6, 2000",Detroit Shock,63,Orlando Miracle,92,Box Score,2000,
"Sun, Jun 25, 2000",Portland Fire,76,Sacramento Monarchs,92,Box Score,2000,
"Wed, May 31, 2000",Orlando Miracle,66,Washington Mystics,92,Box Score,2000,
"Wed, May 31, 2000",Houston Comets,93,Portland Fire,89,Box Score,2000,
"Sat, Jul 15, 2000",Indiana Fever,55,Cleveland Rockers,79,Box Score,2000,
"Fri, Jun 30, 2000",Portland Fire,39,Houston Comets,79,Box Score,2000,
"Fri, Aug 4, 2000",Charlotte Sting,50,Miami Sol,60,Box Score,2000,
"Fri, Jul 7, 2000",Sacramento Monarchs,63,Portland Fire,60,Box Score,2000,
"Mon, Jun 26, 2000",Sacramento Monarchs,80,Utah Starzz,89,Box Score,2000,
"Wed, Aug 9, 2000",Los Angeles Sparks,77,Utah Starzz,89,Box Score,2000,
"Sat, Jul 29, 2000",Los Angeles Sparks,84,Houston Comets,74,Box Score,2000,
"Thu, Aug 3, 2000",Utah Starzz,71,Cleveland Rockers,74,Box Score,2000,
"Tue, Jun 13, 2000",Detroit Shock,61,Miami Sol,74,Box Score,2000,
"Wed, Jul 12, 2000",Orlando Miracle,72,Cleveland Rockers,74,Box Score,2000,
"Fri, Jul 21, 2000",Houston Comets,76,Detroit Shock,74,Box Score,2000,
"Sat, Jul 1, 2000",Washington Mystics,78,Charlotte Sting,74,Box Score,2000,
"Sat, Jun 17, 2000",Charlotte Sting,63,Sacramento Monarchs,74,Box Score,2000,
"Sun, Jul 23, 2000",Portland Fire,63,Minnesota Lynx,80,Box Score,2000,
"Fri, Jul 14, 2000",Miami Sol,50,Detroit Shock,80,Box Score,2000,
"Tue, Jun 20, 2000",Charlotte Sting,87,Portland Fire,85,Box Score,2000,
"Fri, Jul 14, 2000",Seattle Storm,45,Indiana Fever,64,Box Score,2000,
"Sun, Jun 25, 2000",Phoenix Mercury,61,Cleveland Rockers,64,Box Score,2000,
"Mon, Jul 24, 2000",New York Liberty,78,Washington Mystics,64,Box Score,2000,
"Mon, Jul 3, 2000",Portland Fire,68,Indiana Fever,64,Box Score,2000,
"Sat, Aug 12, 2000",Houston Comets,72,Sacramento Monarchs,64,Box Score,2000,
"Sat, Jul 8, 2000",Seattle Storm,53,Orlando Miracle,64,Box Score,2000,
"Tue, Jul 11, 2000",Minnesota Lynx,54,Phoenix Mercury,64,Box Score,2000,
"Fri, Jun 23, 2000",New York Liberty,69,Indiana Fever,60,Box Score,2000,
"Sat, Jul 1, 2000",Utah Starzz,81,Seattle Storm,60,Box Score,2000,
"Tue, Jul 25, 2000",Seattle Storm,53,Houston Comets,79,Box Score,2000,
"Wed, Jul 26, 2000",Indiana Fever,65,Phoenix Mercury,79,Box Score,2000,
"Thu, Jul 6, 2000",Washington Mystics,70,Los Angeles Sparks,79,Box Score,2000,
"Fri, Jul 28, 2000",Detroit Shock,60,Cleveland Rockers,80,Box Score,2000,
"Wed, Jun 21, 2000",Miami Sol,57,Washington Mystics,55,Box Score,2000,
"Sat, Jun 17, 2000",Cleveland Rockers,48,Miami Sol,55,Box Score,2000,
"Sat, Jun 10, 2000",Minnesota Lynx,66,Miami Sol,55,Box Score,2000,
"Tue, Jun 20, 2000",Phoenix Mercury,74,Minnesota Lynx,55,Box Score,2000,
"Wed, Jul 19, 2000",New York Liberty,78,Seattle Storm,55,Box Score,2000,
"Mon, Jul 3, 2000",Washington Mystics,60,Seattle Storm,55,Box Score,2000,
"Fri, Jul 28, 2000",Phoenix Mercury,65,Seattle Storm,55,Box Score,2000,
"Wed, Aug 9, 2000",Cleveland Rockers,48,Washington Mystics,60,Box Score,2000,
"Wed, Jul 5, 2000",Seattle Storm,67,Minnesota Lynx,60,Box Score,2000,
"Thu, Aug 17, 2000",Los Angeles Sparks,56,Houston Comets,77,Box Score,2000,
"Mon, Aug 21, 2000",Cleveland Rockers,67,New York Liberty,81,Box Score,2000,
"Sun, Jun 25, 2000",Detroit Shock,84,Charlotte Sting,81,Box Score,2000,
"Sun, Jul 2, 2000",Portland Fire,75,Minnesota Lynx,81,Box Score,2000,
"Mon, Jul 31, 2000",Charlotte Sting,56,New York Liberty,81,Box Score,2000,
"Sat, Jul 29, 2000",Cleveland Rockers,67,New York Liberty,81,Box Score,2000,
"Sat, Jun 17, 2000",Los Angeles Sparks,94,Portland Fire,81,Box Score,2000,
"Thu, Jun 15, 2000",Orlando Miracle,66,Minnesota Lynx,72,Box Score,2000,
"Thu, Jun 8, 2000",Utah Starzz,81,Portland Fire,72,Box Score,2000,
"Tue, Aug 15, 2000",Orlando Miracle,43,Cleveland Rockers,72,Box Score,2000,
"Thu, Jul 6, 2000",Indiana Fever,60,Orlando Miracle,72,Box Score,2000,
"Fri, Jun 23, 2000",Seattle Storm,61,Portland Fire,72,Box Score,2000,
"Sun, Jul 9, 2000",Houston Comets,70,Minnesota Lynx,60,Box Score,2000,
"Wed, Aug 9, 2000",Phoenix Mercury,68,Portland Fire,60,Box Score,2000,
"Fri, Jun 23, 2000",Sacramento Monarchs,84,Washington Mystics,69,Box Score,2000,
"Sun, Jul 23, 2000",Houston Comets,64,New York Liberty,69,Box Score,2000,
"Tue, Jun 13, 2000",Phoenix Mercury,75,Portland Fire,69,Box Score,2000,
"Sun, Aug 6, 2000",Indiana Fever,75,Minnesota Lynx,80,Box Score,2000,
"Tue, Jun 13, 2000",Orlando Miracle,88,Utah Starzz,80,Box Score,2000,
"Mon, Jun 19, 2000",Detroit Shock,55,Washington Mystics,80,Box Score,2000,
"Fri, Jun 9, 2000",Indiana Fever,76,Detroit Shock,80,Box Score,2000,
"Sat, Jul 22, 2000",Charlotte Sting,59,Indiana Fever,80,Box Score,2000,
"Thu, Jul 6, 2000",Seattle Storm,50,Houston Comets,80,Box Score,2000,
"Wed, Jun 28, 2000",Cleveland Rockers,69,Portland Fire,80,Box Score,2000,
"Sat, Jun 17, 2000",Indiana Fever,79,Orlando Miracle,54,Box Score,2000,
"Fri, Jun 23, 2000",Los Angeles Sparks,68,Miami Sol,54,Box Score,2000,
"Mon, Aug 7, 2000",Houston Comets,71,Phoenix Mercury,54,Box Score,2000,
"Tue, Aug 1, 2000",Miami Sol,50,Portland Fire,54,Box Score,2000,
"Sat, Aug 26, 2000",New York Liberty,73,Houston Comets,79,Box Score,2000,
"Wed, Aug 9, 2000",Seattle Storm,46,Sacramento Monarchs,79,Box Score,2000,
"Sun, Jun 4, 2000",New York Liberty,67,Washington Mystics,79,Box Score,2000,
"Thu, Aug 3, 2000",Seattle Storm,63,Phoenix Mercury,85,Box Score,2000,
"Fri, Jun 30, 2000",Utah Starzz,62,Sacramento Monarchs,85,Box Score,2000,
"Thu, Jul 20, 2000",Indiana Fever,74,Washington Mystics,85,Box Score,2000,
"Sat, Jul 29, 2000",Minnesota Lynx,87,Washington Mystics,85,Box Score,2000,
"Sun, Jul 2, 2000",Detroit Shock,63,Los Angeles Sparks,85,Box Score,2000,
"Thu, Jun 1, 2000",Indiana Fever,57,Miami Sol,54,Box Score,2000,
"Wed, May 31, 2000",Utah Starzz,62,Los Angeles Sparks,69,Box Score,2000,
"Sat, Jul 15, 2000",Utah Starzz,75,Sacramento Monarchs,69,Box Score,2000,
"Sun, Jul 2, 2000",Phoenix Mercury,58,Houston Comets,69,Box Score,2000,
"Sat, Jun 24, 2000",Charlotte Sting,68,Orlando Miracle,69,Box Score,2000,
"Wed, Jul 19, 2000",Portland Fire,62,Miami Sol,69,Box Score,2000,
"Wed, Jun 7, 2000",New York Liberty,73,Detroit Shock,69,Box Score,2000,
"Tue, Jun 13, 2000",Los Angeles Sparks,59,Seattle Storm,69,Box Score,2000,
"Sun, Aug 20, 2000",Houston Comets,74,Los Angeles Sparks,69,Box Score,2000,
"Fri, Jul 7, 2000",Detroit Shock,73,Utah Starzz,69,Box Score,2000,
"Sat, Jul 1, 2000",New York Liberty,57,Orlando Miracle,69,Box Score,2000,
"Wed, Jun 7, 2000",Houston Comets,81,Washington Mystics,54,Box Score,2000,
"Thu, Aug 24, 2000",Houston Comets,59,New York Liberty,52,Box Score,2000,
"Sat, Jul 1, 2000",Miami Sol,54,Indiana Fever,52,Box Score,2000,
"Wed, Jun 21, 2000",Detroit Shock,67,New York Liberty,63,Box Score,2000,
"Sun, Jul 30, 2000",Sacramento Monarchs,70,Phoenix Mercury,63,Box Score,2000,
"Sat, Jul 29, 2000",Indiana Fever,71,Utah Starzz,79,Box Score,2000,
"Wed, Jul 12, 2000",Seattle Storm,56,Detroit Shock,61,Box Score,2000,
"Sat, Jul 22, 2000",Phoenix Mercury,60,Sacramento Monarchs,61,Box Score,2000,
"Sat, Jun 10, 2000",Seattle Storm,49,Cleveland Rockers,61,Box Score,2000,
"Wed, Jul 19, 2000",Detroit Shock,78,Orlando Miracle,88,Box Score,2000,
"Mon, Jun 5, 2000",Detroit Shock,68,Minnesota Lynx,88,Box Score,2000,
"Mon, Jun 5, 2000",Cleveland Rockers,69,Charlotte Sting,53,Box Score,2000,
"Sun, Jun 18, 2000",Utah Starzz,56,Seattle Storm,53,Box Score,2000,
"Fri, Jun 30, 2000",Minnesota Lynx,65,Seattle Storm,53,Box Score,2000,
"Tue, Aug 8, 2000",Los Angeles Sparks,60,Seattle Storm,52,Box Score,2000,
"Wed, Jul 5, 2000",Los Angeles Sparks,76,Sacramento Monarchs,61,Box Score,2000,
"Fri, Jul 21, 2000",Orlando Miracle,59,Washington Mystics,61,Box Score,2000,
"Wed, Jun 28, 2000",Miami Sol,53,Orlando Miracle,61,Box Score,2000,
"Wed, Jun 28, 2000",Detroit Shock,82,Seattle Storm,78,Box Score,2000,
"Sat, Jul 8, 2000",Washington Mystics,56,Sacramento Monarchs,78,Box Score,2000,
"Tue, Jun 6, 2000",Sacramento Monarchs,70,Houston Comets,78,Box Score,2000,
"Sun, Jun 18, 2000",Minnesota Lynx,66,Houston Comets,78,Box Score,2000,
"Wed, Jul 26, 2000",Miami Sol,62,Detroit Shock,78,Box Score,2000,
"Tue, Jul 25, 2000",Orlando Miracle,63,Los Angeles Sparks,78,Box Score,2000,
"Fri, Jul 7, 2000",Cleveland Rockers,46,Miami Sol,49,Box Score,2000,
"Wed, May 31, 2000",Cleveland Rockers,62,Minnesota Lynx,73,Box Score,2000,
"Thu, Jul 20, 2000",Minnesota Lynx,56,Sacramento Monarchs,73,Box Score,2000,
"Sun, Jul 23, 2000",Sacramento Monarchs,68,Los Angeles Sparks,73,Box Score,2000,
"Mon, Aug 14, 2000",Washington Mystics,57,New York Liberty,78,Box Score,2000,
"Sun, Jul 9, 2000",Orlando Miracle,68,Detroit Shock,62,Box Score,2000,
"Fri, Aug 4, 2000",Detroit Shock,72,Washington Mystics,96,Box Score,2000,
"Sat, Jul 8, 2000",Miami Sol,51,New York Liberty,63,Box Score,2000,
"Sat, Jun 3, 2000",Miami Sol,74,Charlotte Sting,63,Box Score,2000,
"Fri, Aug 4, 2000",Sacramento Monarchs,74,Minnesota Lynx,63,Box Score,2000,
"Mon, Aug 7, 2000",Detroit Shock,74,Indiana Fever,63,Box Score,2000,
"Fri, Jul 14, 2000",Houston Comets,58,Los Angeles Sparks,63,Box Score,2000,
"Sun, Aug 6, 2000",Houston Comets,76,Sacramento Monarchs,63,Box Score,2000,
"Sat, Aug 5, 2000",Los Angeles Sparks,77,Phoenix Mercury,63,Box Score,2000,
"Tue, Jun 6, 2000",Portland Fire,57,Los Angeles Sparks,70,Box Score,2000,
"Mon, Jun 12, 2000",Cleveland Rockers,83,Indiana Fever,70,Box Score,2000,
"Sun, Jun 18, 2000",Charlotte Sting,62,Los Angeles Sparks,70,Box Score,2000,
"Fri, Jul 21, 2000",Portland Fire,64,Charlotte Sting,73,Box Score,2000,
"Fri, Aug 4, 2000",Orlando Miracle,57,New York Liberty,70,Box Score,2000,
"Fri, Jul 7, 2000",New York Liberty,76,Minnesota Lynx,70,Box Score,2000,
"Wed, Jul 26, 2000",Sacramento Monarchs,73,Portland Fire,70,Box Score,2000,
"Sat, Jun 17, 2000",Washington Mystics,67,Utah Starzz,70,Box Score,2000,
"Sat, Jun 24, 2000",Washington Mystics,76,Detroit Shock,70,Box Score,2000,
"Thu, Jun 15, 2000",Sacramento Monarchs,54,Seattle Storm,50,Box Score,2000,
"Wed, Jul 5, 2000",Portland Fire,45,New York Liberty,62,Box Score,2000,
"Fri, Jun 9, 2000",Seattle Storm,67,Charlotte Sting,62,Box Score,2000,
"Sat, Aug 12, 2000",New York Liberty,72,Washington Mystics,63,Box Score,2000,
"Fri, Jun 30, 2000",Orlando Miracle,66,Miami Sol,63,Box Score,2000,
"Sun, Aug 13, 2000",Orlando Miracle,54,Cleveland Rockers,63,Box Score,2000,
"Thu, Jun 15, 2000",Charlotte Sting,68,Utah Starzz,96,Box Score,2000,
"Wed, Jun 14, 2000",Portland Fire,80,Phoenix Mercury,81,Box Score,2000,
"Fri, Jun 16, 2000",Detroit Shock,93,Cleveland Rockers,81,Box Score,2000,
"Mon, Jun 19, 2000",Sacramento Monarchs,70,Cleveland Rockers,81,Box Score,2000,
"Wed, Aug 2, 2000",Los Angeles Sparks,84,Detroit Shock,81,Box Score,2000,
"Fri, Aug 11, 2000",Cleveland Rockers,55,Orlando Miracle,62,Box Score,2000,
"Sat, Jun 17, 2000",Minnesota Lynx,69,Phoenix Mercury,62,Box Score,2000,
"Wed, Aug 2, 2000",Utah Starzz,72,Minnesota Lynx,62,Box Score,2000,
"Sat, Jun 3, 2000",Phoenix Mercury,80,Houston Comets,62,Box Score,2000,
"Sat, Jun 10, 2000",New York Liberty,70,Indiana Fever,62,Box Score,2000,
"Thu, Jul 27, 2000",Orlando Miracle,66,Sacramento Monarchs,73,Box Score,2000,
"Sat, Jul 15, 2000",Charlotte Sting,76,Washington Mystics,73,Box Score,2000,
"Fri, Jul 14, 2000",New York Liberty,55,Orlando Miracle,51,Box Score,2000,
"Wed, May 31, 2000",New York Liberty,48,Phoenix Mercury,51,Box Score,2000,
"Sun, Aug 20, 2000",Cleveland Rockers,45,New York Liberty,51,Box Score,2000,
"Sun, Jul 30, 2000",Miami Sol,64,Seattle Storm,51,Box Score,2000,
"Thu, Jun 8, 2000",Washington Mystics,73,Miami Sol,51,Box Score,2000,
"Wed, Jun 28, 2000",Los Angeles Sparks,82,Indiana Fever,73,Box Score,2000,
"Wed, Aug 2, 2000",Miami Sol,55,Sacramento Monarchs,73,Box Score,2000,
"Sat, Jun 3, 2000",Orlando Miracle,88,Indiana Fever,82,Box Score,2000,
"Mon, Jul 24, 2000",Indiana Fever,78,Charlotte Sting,82,Box Score,2000,
"Tue, Aug 1, 2000",Orlando Miracle,77,Phoenix Mercury,84,Box Score,2000,
"Mon, May 29, 2000",New York Liberty,68,Houston Comets,84,Box Score,2000,
"Wed, Jun 7, 2000",Seattle Storm,49,Phoenix Mercury,82,Box Score,2000,
"Sat, Aug 5, 2000",Utah Starzz,82,Charlotte Sting,84,Box Score,2000,
"Fri, Aug 3, 2001",Indiana Fever,69,Sacramento Monarchs,81,Box Score,2001,
"Wed, Aug 8, 2001",Houston Comets,55,Seattle Storm,72,Box Score,2001,
"Fri, Aug 3, 2001",Orlando Miracle,60,Houston Comets,72,Box Score,2001,
"Tue, Aug 21, 2001",Miami Sol,61,New York Liberty,72,Box Score,2001,
"Sat, Jun 16, 2001",Orlando Miracle,68,Phoenix Mercury,72,Box Score,2001,
"Mon, Aug 6, 2001",Indiana Fever,66,Los Angeles Sparks,81,Box Score,2001,
"Sun, Jul 22, 2001",Indiana Fever,61,Washington Mystics,69,Box Score,2001,
"Fri, Jul 6, 2001",Washington Mystics,58,Portland Fire,69,Box Score,2001,
"Fri, Aug 10, 2001",Washington Mystics,63,Detroit Shock,69,Box Score,2001,
"Thu, Jun 14, 2001",Cleveland Rockers,58,Seattle Storm,36,Box Score,2001,
"Wed, Aug 8, 2001",Miami Sol,42,Washington Mystics,36,Box Score,2001,
"Tue, Aug 14, 2001",Sacramento Monarchs,72,Seattle Storm,62,Box Score,2001,
"Thu, Jun 14, 2001",Orlando Miracle,68,Los Angeles Sparks,84,Box Score,2001,
"Tue, Jul 3, 2001",Utah Starzz,71,Los Angeles Sparks,84,Box Score,2001,
"Sun, Jun 17, 2001",Portland Fire,75,Los Angeles Sparks,90,Box Score,2001,
"Sun, Jul 8, 2001",Cleveland Rockers,63,Houston Comets,53,Box Score,2001,
"Sat, Jul 7, 2001",Sacramento Monarchs,54,Miami Sol,66,Box Score,2001,
"Sat, Jul 14, 2001",Detroit Shock,51,Miami Sol,66,Box Score,2001,
"Mon, Jul 2, 2001",Detroit Shock,60,New York Liberty,66,Box Score,2001,
"Thu, Jun 21, 2001",New York Liberty,95,Phoenix Mercury,70,Box Score,2001,
"Tue, Jun 12, 2001",Orlando Miracle,63,Seattle Storm,70,Box Score,2001,
"Sat, Jun 23, 2001",Indiana Fever,74,Detroit Shock,70,Box Score,2001,
"Sun, Jun 24, 2001",Cleveland Rockers,54,Miami Sol,35,Box Score,2001,
"Sun, Jun 24, 2001",Los Angeles Sparks,69,New York Liberty,82,Box Score,2001,
"Sun, Jun 24, 2001",Sacramento Monarchs,85,Charlotte Sting,82,Box Score,2001,
"Thu, Jun 7, 2001",Orlando Miracle,79,Utah Starzz,82,Box Score,2001,
"Thu, Jul 12, 2001",Utah Starzz,67,Sacramento Monarchs,69,Box Score,2001,
"Thu, May 31, 2001",Washington Mystics,34,Cleveland Rockers,69,Box Score,2001,
"Sat, Jun 16, 2001",Detroit Shock,72,Charlotte Sting,69,Box Score,2001,
"Tue, Aug 7, 2001",Utah Starzz,76,Detroit Shock,69,Box Score,2001,
"Wed, Aug 8, 2001",Utah Starzz,63,New York Liberty,82,Box Score,2001,
"Sat, Aug 11, 2001",Seattle Storm,61,Sacramento Monarchs,81,Box Score,2001,
"Sun, Jul 1, 2001",Orlando Miracle,64,Washington Mystics,76,Box Score,2001,
"Tue, Aug 14, 2001",Cleveland Rockers,65,Detroit Shock,76,Box Score,2001,
"Mon, Jul 2, 2001",Miami Sol,69,Utah Starzz,59,Box Score,2001,
"Sat, Jun 30, 2001",Sacramento Monarchs,65,Seattle Storm,59,Box Score,2001,
"Tue, Jul 10, 2001",Seattle Storm,53,Cleveland Rockers,59,Box Score,2001,
"Sat, Aug 18, 2001",Los Angeles Sparks,64,Houston Comets,59,Box Score,2001,
"Sat, Jul 21, 2001",Utah Starzz,50,Phoenix Mercury,59,Box Score,2001,
"Thu, Jun 14, 2001",Utah Starzz,73,Charlotte Sting,59,Box Score,2001,
"Fri, Jun 29, 2001",Utah Starzz,64,Washington Mystics,74,Box Score,2001,
"Thu, Jun 21, 2001",Los Angeles Sparks,65,Houston Comets,69,Box Score,2001,
"Thu, Jul 12, 2001",Orlando Miracle,72,Charlotte Sting,69,Box Score,2001,
"Sat, Aug 4, 2001",Houston Comets,49,Charlotte Sting,54,Box Score,2001,
"Fri, Jul 27, 2001",Phoenix Mercury,56,Seattle Storm,54,Box Score,2001,
"Thu, Jun 14, 2001",Washington Mystics,65,Detroit Shock,80,Box Score,2001,
"Wed, Jul 25, 2001",Sacramento Monarchs,78,Los Angeles Sparks,80,Box Score,2001,
"Sat, Aug 11, 2001",New York Liberty,60,Charlotte Sting,80,Box Score,2001,
"Sat, Jun 2, 2001",Cleveland Rockers,65,Sacramento Monarchs,70,Box Score,2001,
"Wed, Aug 1, 2001",Washington Mystics,64,Indiana Fever,70,Box Score,2001,
"Mon, Jun 25, 2001",Minnesota Lynx,55,Washington Mystics,51,Box Score,2001,
"Fri, Aug 10, 2001",Minnesota Lynx,65,Seattle Storm,51,Box Score,2001,
"Sat, Jun 9, 2001",Indiana Fever,76,Cleveland Rockers,86,Box Score,2001,
"Thu, Jul 5, 2001",Phoenix Mercury,50,Los Angeles Sparks,73,Box Score,2001,
"Mon, Aug 13, 2001",Los Angeles Sparks,78,Utah Starzz,80,Box Score,2001,
"Sun, Jun 17, 2001",Cleveland Rockers,57,Washington Mystics,55,Box Score,2001,
"Fri, Jul 13, 2001",Miami Sol,56,Detroit Shock,55,Box Score,2001,
"Mon, Jul 30, 2001",Seattle Storm,51,Houston Comets,55,Box Score,2001,
"Sun, Jul 29, 2001",Charlotte Sting,42,Washington Mystics,55,Box Score,2001,
"Fri, Jul 13, 2001",Houston Comets,58,Seattle Storm,55,Box Score,2001,
"Fri, Jun 22, 2001",Seattle Storm,58,Phoenix Mercury,55,Box Score,2001,
"Tue, Aug 7, 2001",Minnesota Lynx,59,Sacramento Monarchs,76,Box Score,2001,
"Wed, Jun 27, 2001",Washington Mystics,63,Houston Comets,76,Box Score,2001,
"Tue, Jun 5, 2001",Charlotte Sting,69,Phoenix Mercury,76,Box Score,2001,
"Fri, Jul 20, 2001",Orlando Miracle,65,Charlotte Sting,72,Box Score,2001,
"Mon, Jul 9, 2001",Indiana Fever,65,New York Liberty,72,Box Score,2001,
"Fri, Aug 3, 2001",Phoenix Mercury,61,Miami Sol,72,Box Score,2001,
"Fri, Aug 10, 2001",Indiana Fever,67,Miami Sol,72,Box Score,2001,
"Sat, Jun 30, 2001",Orlando Miracle,60,New York Liberty,72,Box Score,2001,
"Mon, Jul 30, 2001",Minnesota Lynx,69,Los Angeles Sparks,78,Box Score,2001,
"Thu, May 31, 2001",Houston Comets,82,Indiana Fever,78,Box Score,2001,
"Tue, Jun 12, 2001",Sacramento Monarchs,64,Phoenix Mercury,78,Box Score,2001,
"Tue, Jul 10, 2001",Houston Comets,76,Sacramento Monarchs,78,Box Score,2001,
"Tue, Aug 14, 2001",Indiana Fever,72,Orlando Miracle,78,Box Score,2001,
"Sun, Aug 5, 2001",Phoenix Mercury,69,Orlando Miracle,78,Box Score,2001,
"Wed, Aug 8, 2001",Detroit Shock,66,Cleveland Rockers,73,Box Score,2001,
"Sun, Jul 1, 2001",Miami Sol,60,Los Angeles Sparks,86,Box Score,2001,
"Sat, Jun 23, 2001",Minnesota Lynx,80,Utah Starzz,87,Box Score,2001,
"Thu, Jun 7, 2001",Detroit Shock,66,Houston Comets,87,Box Score,2001,
"Sat, Jun 23, 2001",Sacramento Monarchs,56,Houston Comets,70,Box Score,2001,
"Tue, Aug 14, 2001",Houston Comets,38,Phoenix Mercury,56,Box Score,2001,
"Tue, Jul 24, 2001",New York Liberty,68,Portland Fire,86,Box Score,2001,
"Sat, Jun 16, 2001",Washington Mystics,63,New York Liberty,86,Box Score,2001,
"Sun, Jul 1, 2001",Phoenix Mercury,78,Indiana Fever,86,Box Score,2001,
"Fri, Jul 6, 2001",Charlotte Sting,67,Detroit Shock,50,Box Score,2001,
"Sat, Jul 28, 2001",Cleveland Rockers,57,Detroit Shock,50,Box Score,2001,
"Sat, Jul 14, 2001",Los Angeles Sparks,62,Washington Mystics,50,Box Score,2001,
"Sun, Aug 19, 2001",Miami Sol,53,New York Liberty,50,Box Score,2001,
"Tue, Jul 10, 2001",Portland Fire,52,Minnesota Lynx,73,Box Score,2001,
"Sat, Aug 11, 2001",Portland Fire,62,Phoenix Mercury,73,Box Score,2001,
"Fri, Aug 24, 2001",Los Angeles Sparks,74,Sacramento Monarchs,73,Box Score,2001,
"Sun, Jul 8, 2001",Detroit Shock,67,Orlando Miracle,73,Box Score,2001,
"Fri, Jul 6, 2001",Cleveland Rockers,69,Utah Starzz,73,Box Score,2001,
"Sat, Jun 2, 2001",Houston Comets,74,Detroit Shock,73,Box Score,2001,
"Mon, Jul 30, 2001",Utah Starzz,79,Portland Fire,73,Box Score,2001,
"Fri, Jun 29, 2001",Portland Fire,74,Miami Sol,72,Box Score,2001,
"Sat, Jun 9, 2001",Miami Sol,71,Sacramento Monarchs,67,Box Score,2001,
"Thu, Jun 7, 2001",New York Liberty,49,Cleveland Rockers,67,Box Score,2001,
"Tue, Jun 12, 2001",Cleveland Rockers,62,Portland Fire,67,Box Score,2001,
"Fri, Jul 13, 2001",Phoenix Mercury,61,Cleveland Rockers,69,Box Score,2001,
"Tue, Jul 3, 2001",Washington Mystics,72,Seattle Storm,69,Box Score,2001,
"Fri, Aug 10, 2001",Phoenix Mercury,57,Utah Starzz,69,Box Score,2001,
"Sat, Jul 14, 2001",Sacramento Monarchs,57,Utah Starzz,69,Box Score,2001,
"Sat, Aug 18, 2001",Charlotte Sting,51,Cleveland Rockers,69,Box Score,2001,
"Tue, Jul 24, 2001",Detroit Shock,69,Seattle Storm,74,Box Score,2001,
"Tue, Aug 7, 2001",Cleveland Rockers,67,Orlando Miracle,74,Box Score,2001,
"Fri, Jun 22, 2001",Los Angeles Sparks,70,Cleveland Rockers,74,Box Score,2001,
"Sun, Aug 12, 2001",Utah Starzz,62,Minnesota Lynx,69,Box Score,2001,
"Wed, Jul 4, 2001",Seattle Storm,61,Portland Fire,56,Box Score,2001,
"Tue, Jun 19, 2001",New York Liberty,65,Sacramento Monarchs,56,Box Score,2001,
"Sat, Jul 21, 2001",Charlotte Sting,41,Cleveland Rockers,56,Box Score,2001,
"Sun, Jul 8, 2001",New York Liberty,58,Indiana Fever,56,Box Score,2001,
"Fri, Jun 29, 2001",Charlotte Sting,75,Indiana Fever,67,Box Score,2001,
"Thu, Jul 19, 2001",New York Liberty,60,Cleveland Rockers,65,Box Score,2001,
"Sun, Jul 8, 2001",Utah Starzz,65,Portland Fire,63,Box Score,2001,
"Tue, Jul 31, 2001",Miami Sol,45,Charlotte Sting,63,Box Score,2001,
"Fri, Jul 27, 2001",Indiana Fever,67,Cleveland Rockers,63,Box Score,2001,
"Fri, Jul 13, 2001",Orlando Miracle,60,Indiana Fever,74,Box Score,2001,
"Mon, Jul 2, 2001",Portland Fire,67,Houston Comets,74,Box Score,2001,
"Wed, Jun 27, 2001",Detroit Shock,50,Charlotte Sting,74,Box Score,2001,
"Mon, Aug 13, 2001",Minnesota Lynx,60,Houston Comets,74,Box Score,2001,
"Sat, Jun 16, 2001",Portland Fire,81,Sacramento Monarchs,74,Box Score,2001,
"Tue, Jun 19, 2001",Charlotte Sting,69,Los Angeles Sparks,73,Box Score,2001,
"Fri, Jul 20, 2001",Washington Mystics,65,Indiana Fever,73,Box Score,2001,
"Tue, Jun 26, 2001",Los Angeles Sparks,98,Detroit Shock,89,Box Score,2001,
"Sat, Jul 7, 2001",Seattle Storm,38,Charlotte Sting,48,Box Score,2001,
"Fri, Jul 20, 2001",Portland Fire,56,Seattle Storm,49,Box Score,2001,
"Thu, Aug 2, 2001",Sacramento Monarchs,62,Los Angeles Sparks,67,Box Score,2001,
"Mon, May 28, 2001",Los Angeles Sparks,66,Houston Comets,63,Box Score,2001,
"Sun, Jul 29, 2001",Phoenix Mercury,47,Sacramento Monarchs,63,Box Score,2001,
"Thu, Jul 26, 2001",Detroit Shock,62,Phoenix Mercury,63,Box Score,2001,
"Wed, Aug 1, 2001",Minnesota Lynx,68,Phoenix Mercury,63,Box Score,2001,
"Fri, Jun 22, 2001",Miami Sol,57,Minnesota Lynx,63,Box Score,2001,
"Thu, Jun 21, 2001",Miami Sol,74,Washington Mystics,63,Box Score,2001,
"Tue, Jun 5, 2001",Indiana Fever,61,Miami Sol,63,Box Score,2001,
"Tue, Jul 10, 2001",Miami Sol,65,Orlando Miracle,63,Box Score,2001,
"Wed, Jun 27, 2001",Utah Starzz,68,Miami Sol,63,Box Score,2001,
"Mon, Jun 4, 2001",Sacramento Monarchs,80,New York Liberty,63,Box Score,2001,
"Thu, May 31, 2001",Minnesota Lynx,82,Portland Fire,65,Box Score,2001,
"Sat, Jun 9, 2001",Seattle Storm,73,Utah Starzz,65,Box Score,2001,
"Fri, Aug 17, 2001",Sacramento Monarchs,89,Utah Starzz,65,Box Score,2001,
"Sat, Aug 11, 2001",Houston Comets,54,Los Angeles Sparks,65,Box Score,2001,
"Wed, Jun 27, 2001",Portland Fire,68,Indiana Fever,65,Box Score,2001,
"Mon, Jun 25, 2001",New York Liberty,54,Orlando Miracle,67,Box Score,2001,
"Sat, Aug 4, 2001",Indiana Fever,54,Utah Starzz,65,Box Score,2001,
"Wed, Aug 1, 2001",Portland Fire,63,Orlando Miracle,65,Box Score,2001,
"Mon, Jul 30, 2001",Orlando Miracle,47,Cleveland Rockers,65,Box Score,2001,
"Wed, Jul 18, 2001",New York Liberty,80,Detroit Shock,67,Box Score,2001,
"Fri, Jul 13, 2001",Minnesota Lynx,64,New York Liberty,67,Box Score,2001,
"Tue, Jul 10, 2001",Los Angeles Sparks,79,Utah Starzz,67,Box Score,2001,
"Tue, Jun 12, 2001",Detroit Shock,68,Miami Sol,67,Box Score,2001,
"Wed, Jul 11, 2001",Seattle Storm,53,New York Liberty,67,Box Score,2001,
"Sat, Jul 14, 2001",Phoenix Mercury,80,Minnesota Lynx,67,Box Score,2001,
"Sun, Jun 24, 2001",Portland Fire,57,Houston Comets,67,Box Score,2001,
"Sat, Jun 16, 2001",Minnesota Lynx,65,Indiana Fever,67,Box Score,2001,
"Sat, Jun 2, 2001",Los Angeles Sparks,76,Charlotte Sting,67,Box Score,2001,
"Sat, Jul 21, 2001",Minnesota Lynx,49,Orlando Miracle,71,Box Score,2001,
"Wed, Aug 1, 2001",Utah Starzz,71,Houston Comets,63,Box Score,2001,
"Sun, Jun 17, 2001",Minnesota Lynx,71,Detroit Shock,63,Box Score,2001,
"Sat, Jul 28, 2001",Miami Sol,69,Indiana Fever,63,Box Score,2001,
"Wed, Aug 8, 2001",Phoenix Mercury,67,Los Angeles Sparks,79,Box Score,2001,
"Sat, Aug 4, 2001",Seattle Storm,60,Los Angeles Sparks,79,Box Score,2001,
"Fri, Jul 6, 2001",Indiana Fever,64,Houston Comets,79,Box Score,2001,
"Fri, Jun 22, 2001",Detroit Shock,56,Indiana Fever,77,Box Score,2001,
"Thu, Aug 16, 2001",Cleveland Rockers,46,Charlotte Sting,53,Box Score,2001,
"Fri, Aug 10, 2001",Charlotte Sting,55,Cleveland Rockers,53,Box Score,2001,
"Sun, Aug 26, 2001",Charlotte Sting,62,New York Liberty,53,Box Score,2001,
"Tue, Jun 5, 2001",Orlando Miracle,92,Detroit Shock,71,Box Score,2001,
"Sat, Jun 2, 2001",Portland Fire,76,Utah Starzz,71,Box Score,2001,
"Thu, Jul 26, 2001",New York Liberty,63,Utah Starzz,71,Box Score,2001,
"Tue, Jul 24, 2001",Washington Mystics,63,Orlando Miracle,71,Box Score,2001,
"Mon, Jun 4, 2001",Phoenix Mercury,69,Portland Fire,71,Box Score,2001,
"Sun, Aug 19, 2001",Utah Starzz,66,Sacramento Monarchs,71,Box Score,2001,
"Tue, Jul 24, 2001",Utah Starzz,76,Houston Comets,67,Box Score,2001,
"Sat, Jun 23, 2001",Washington Mystics,59,Orlando Miracle,67,Box Score,2001,
"Mon, Jun 18, 2001",Orlando Miracle,72,Indiana Fever,65,Box Score,2001,
"Wed, Jul 11, 2001",Los Angeles Sparks,75,Phoenix Mercury,61,Box Score,2001,
"Fri, Aug 3, 2001",Utah Starzz,64,Seattle Storm,61,Box Score,2001,
"Sat, Jul 28, 2001",New York Liberty,64,Houston Comets,61,Box Score,2001,
"Tue, Jun 26, 2001",Portland Fire,57,Cleveland Rockers,61,Box Score,2001,
"Wed, Jul 18, 2001",Charlotte Sting,48,Miami Sol,68,Box Score,2001,
"Thu, May 31, 2001",New York Liberty,59,Miami Sol,68,Box Score,2001,
"Sat, Jul 28, 2001",Minnesota Lynx,60,Utah Starzz,68,Box Score,2001,
"Fri, Jul 6, 2001",Sacramento Monarchs,75,Orlando Miracle,68,Box Score,2001,
"Sun, Jun 3, 2001",Seattle Storm,63,Washington Mystics,68,Box Score,2001,
"Thu, Jul 19, 2001",Los Angeles Sparks,83,Sacramento Monarchs,68,Box Score,2001,
"Thu, Jun 28, 2001",Seattle Storm,59,Minnesota Lynx,68,Box Score,2001,
"Wed, Jul 18, 2001",Seattle Storm,58,Minnesota Lynx,68,Box Score,2001,
"Tue, Jun 5, 2001",Houston Comets,72,Utah Starzz,68,Box Score,2001,
"Tue, Jun 12, 2001",Charlotte Sting,70,New York Liberty,79,Box Score,2001,
"Sat, Jun 9, 2001",Charlotte Sting,86,Orlando Miracle,79,Box Score,2001,
"Sun, Aug 5, 2001",Sacramento Monarchs,76,Minnesota Lynx,79,Box Score,2001,
"Sun, Jul 22, 2001",Miami Sol,68,New York Liberty,52,Box Score,2001,
"Fri, Aug 10, 2001",Orlando Miracle,67,New York Liberty,77,Box Score,2001,
"Sun, Jul 22, 2001",Detroit Shock,80,Portland Fire,77,Box Score,2001,
"Thu, Jun 7, 2001",Charlotte Sting,65,Sacramento Monarchs,77,Box Score,2001,
"Mon, Aug 27, 2001",Sacramento Monarchs,62,Los Angeles Sparks,93,Box Score,2001,
"Tue, Jun 5, 2001",Sacramento Monarchs,72,Washington Mystics,75,Box Score,2001,
"Thu, Jul 12, 2001",Houston Comets,71,Portland Fire,57,Box Score,2001,
"Sat, Jul 21, 2001",Seattle Storm,79,Los Angeles Sparks,85,Box Score,2001,
"Fri, Jul 27, 2001",Portland Fire,62,Sacramento Monarchs,85,Box Score,2001,
"Mon, Jun 4, 2001",Seattle Storm,74,Indiana Fever,71,Box Score,2001,
"Fri, Jul 27, 2001",Orlando Miracle,63,Miami Sol,71,Box Score,2001,
"Sat, Jul 14, 2001",Indiana Fever,58,Charlotte Sting,71,Box Score,2001,
"Tue, Aug 14, 2001",Washington Mystics,56,New York Liberty,71,Box Score,2001,
"Tue, Aug 14, 2001",Charlotte Sting,48,Miami Sol,41,Box Score,2001,
"Wed, Jun 27, 2001",Cleveland Rockers,65,Orlando Miracle,41,Box Score,2001,
"Sat, Aug 4, 2001",Cleveland Rockers,58,New York Liberty,43,Box Score,2001,
"Fri, Aug 17, 2001",New York Liberty,62,Miami Sol,46,Box Score,2001,
"Mon, Jun 25, 2001",Seattle Storm,65,Utah Starzz,47,Box Score,2001,
"Sun, Jun 17, 2001",New York Liberty,55,Miami Sol,48,Box Score,2001,
"Sat, Jul 28, 2001",Los Angeles Sparks,88,Portland Fire,83,Box Score,2001,
"Sun, Aug 12, 2001",Detroit Shock,66,Indiana Fever,83,Box Score,2001,
"Wed, Jul 25, 2001",Miami Sol,48,Cleveland Rockers,52,Box Score,2001,
"Sun, Aug 5, 2001",Washington Mystics,44,Miami Sol,52,Box Score,2001,
"Fri, Jul 6, 2001",New York Liberty,70,Minnesota Lynx,57,Box Score,2001,
"Wed, Jul 18, 2001",Utah Starzz,61,Indiana Fever,57,Box Score,2001,
"Sun, Aug 12, 2001",Cleveland Rockers,49,Washington Mystics,57,Box Score,2001,
"Fri, Aug 24, 2001",New York Liberty,61,Charlotte Sting,57,Box Score,2001,
"Thu, Jun 7, 2001",Miami Sol,70,Seattle Storm,57,Box Score,2001,
"Wed, Jul 18, 2001",Houston Comets,52,Orlando Miracle,57,Box Score,2001,
"Sun, Jul 1, 2001",Minnesota Lynx,47,Cleveland Rockers,52,Box Score,2001,
"Sat, Jun 30, 2001",Houston Comets,59,Minnesota Lynx,52,Box Score,2001,
"Wed, Jul 11, 2001",Detroit Shock,64,Washington Mystics,52,Box Score,2001,
"Sat, Aug 11, 2001",Miami Sol,75,Orlando Miracle,64,Box Score,2001,
"Sun, Jul 29, 2001",Orlando Miracle,62,Detroit Shock,64,Box Score,2001,
"Fri, Jul 20, 2001",Houston Comets,50,Miami Sol,64,Box Score,2001,
"Thu, Jun 28, 2001",Houston Comets,54,Sacramento Monarchs,64,Box Score,2001,
"Fri, Aug 3, 2001",Portland Fire,50,Washington Mystics,64,Box Score,2001,
"Fri, Jul 27, 2001",Washington Mystics,62,Minnesota Lynx,60,Box Score,2001,
"Sat, Jun 9, 2001",Los Angeles Sparks,62,Minnesota Lynx,60,Box Score,2001,
"Tue, Jun 12, 2001",Indiana Fever,65,Minnesota Lynx,60,Box Score,2001,
"Thu, Jul 19, 2001",Portland Fire,58,Phoenix Mercury,60,Box Score,2001,
"Wed, Jul 4, 2001",Miami Sol,47,Phoenix Mercury,60,Box Score,2001,
"Sat, Jun 16, 2001",Los Angeles Sparks,73,Seattle Storm,60,Box Score,2001,
"Mon, Jun 18, 2001",Charlotte Sting,52,Seattle Storm,60,Box Score,2001,
"Sun, Aug 26, 2001",Sacramento Monarchs,80,Los Angeles Sparks,60,Box Score,2001,
"Mon, Aug 6, 2001",Charlotte Sting,65,Washington Mystics,60,Box Score,2001,
"Tue, Jul 3, 2001",Sacramento Monarchs,91,Minnesota Lynx,52,Box Score,2001,
"Mon, Jul 23, 2001",Houston Comets,51,Minnesota Lynx,46,Box Score,2001,
"Sat, Jun 2, 2001",Indiana Fever,58,New York Liberty,75,Box Score,2001,
"Thu, Jun 21, 2001",Sacramento Monarchs,87,Utah Starzz,75,Box Score,2001,
"Tue, Jul 24, 2001",Indiana Fever,66,Charlotte Sting,75,Box Score,2001,
"Fri, Jun 29, 2001",Phoenix Mercury,71,Detroit Shock,75,Box Score,2001,
"Thu, May 31, 2001",Phoenix Mercury,70,Seattle Storm,83,Box Score,2001,
"Sun, Aug 12, 2001",Sacramento Monarchs,64,Portland Fire,58,Box Score,2001,
"Sun, Jun 10, 2001",Houston Comets,60,Phoenix Mercury,58,Box Score,2001,
"Wed, Aug 8, 2001",Minnesota Lynx,70,Portland Fire,58,Box Score,2001,
"Wed, Jul 11, 2001",Cleveland Rockers,76,Indiana Fever,58,Box Score,2001,
"Tue, Aug 14, 2001",Los Angeles Sparks,67,Portland Fire,58,Box Score,2001,
"Sat, Jun 30, 2001",Cleveland Rockers,55,Charlotte Sting,58,Box Score,2001,
"Tue, Jun 19, 2001",Seattle Storm,43,Portland Fire,58,Box Score,2001,
"Tue, Jun 5, 2001",Cleveland Rockers,50,Los Angeles Sparks,58,Box Score,2001,
"Mon, Aug 27, 2001",Charlotte Sting,48,New York Liberty,44,Box Score,2001,
"Mon, Aug 20, 2001",Charlotte Sting,72,Cleveland Rockers,64,Box Score,2001,
"Fri, Aug 3, 2001",Charlotte Sting,72,Minnesota Lynx,64,Box Score,2001,
"Sun, Jun 10, 2001",New York Liberty,81,Washington Mystics,80,Box Score,2001,
"Sat, Jun 2, 2001",Phoenix Mercury,89,Minnesota Lynx,80,Box Score,2001,
"Thu, Jul 26, 2001",Washington Mystics,60,Charlotte Sting,62,Box Score,2001,
"Mon, Aug 6, 2001",Phoenix Mercury,48,Houston Comets,62,Box Score,2001,
"Fri, Jun 1, 2001",Los Angeles Sparks,68,Orlando Miracle,62,Box Score,2001,
"Wed, May 30, 2001",Utah Starzz,81,Phoenix Mercury,62,Box Score,2001,
"Sun, Jul 8, 2001",Minnesota Lynx,95,Los Angeles Sparks,100,Box Score,2001,
"Mon, Aug 20, 2001",Houston Comets,58,Los Angeles Sparks,70,Box Score,2001,
"Sat, Jun 16, 2001",Miami Sol,53,Cleveland Rockers,70,Box Score,2001,
"Sat, Aug 4, 2001",Portland Fire,65,Detroit Shock,70,Box Score,2001,
"Wed, Aug 1, 2001",Detroit Shock,63,New York Liberty,66,Box Score,2001,
"Tue, Jul 3, 2001",New York Liberty,61,Charlotte Sting,66,Box Score,2001,
"Thu, Aug 30, 2001",Los Angeles Sparks,75,Charlotte Sting,66,Box Score,2001,
"Sat, Jul 7, 2001",Washington Mystics,52,Phoenix Mercury,66,Box Score,2001,
"Fri, Jun 22, 2001",Charlotte Sting,62,Portland Fire,66,Box Score,2001,
"Sat, Jul 21, 2001",Detroit Shock,52,Sacramento Monarchs,66,Box Score,2001,
"Thu, Jun 14, 2001",Phoenix Mercury,59,Sacramento Monarchs,81,Box Score,2001,
"Sat, Sep 1, 2001",Charlotte Sting,54,Los Angeles Sparks,82,Box Score,2001,
"Sat, Aug 24, 2002",Utah Starzz,77,Los Angeles Sparks,103,Box Score,2002,
"Wed, Jul 31, 2002",Miami Sol,76,Utah Starzz,81,Box Score,2002,
"Mon, Aug 12, 2002",Sacramento Monarchs,79,Utah Starzz,81,Box Score,2002,
"Thu, Jul 25, 2002",Portland Fire,80,Sacramento Monarchs,81,Box Score,2002,
"Sun, Aug 4, 2002",Utah Starzz,86,Los Angeles Sparks,90,Box Score,2002,
"Tue, Jun 11, 2002",Detroit Shock,80,Los Angeles Sparks,90,Box Score,2002,
"Sun, Jul 7, 2002",Utah Starzz,75,Los Angeles Sparks,102,Box Score,2002,
"Sat, Jul 13, 2002",Orlando Miracle,56,Miami Sol,70,Box Score,2002,
"Sat, May 25, 2002",New York Liberty,64,Los Angeles Sparks,72,Box Score,2002,
"Sun, Jul 21, 2002",Orlando Miracle,60,Sacramento Monarchs,62,Box Score,2002,
"Fri, Jul 19, 2002",New York Liberty,70,Indiana Fever,62,Box Score,2002,
"Fri, Jul 12, 2002",Miami Sol,68,Indiana Fever,62,Box Score,2002,
"Wed, May 29, 2002",New York Liberty,84,Portland Fire,62,Box Score,2002,
"Sun, Jun 30, 2002",Utah Starzz,79,Cleveland Rockers,62,Box Score,2002,
"Sat, Jun 8, 2002",Cleveland Rockers,99,Orlando Miracle,103,Box Score,2002,
"Thu, Jul 25, 2002",Washington Mystics,58,Detroit Shock,64,Box Score,2002,
"Tue, Jul 2, 2002",Portland Fire,68,Cleveland Rockers,64,Box Score,2002,
"Wed, Jun 26, 2002",Orlando Miracle,57,Portland Fire,64,Box Score,2002,
"Sat, Jul 27, 2002",Sacramento Monarchs,79,Phoenix Mercury,64,Box Score,2002,
"Thu, Aug 8, 2002",Houston Comets,67,Los Angeles Sparks,64,Box Score,2002,
"Sun, Aug 25, 2002",Washington Mystics,57,New York Liberty,64,Box Score,2002,
"Tue, Jul 23, 2002",Utah Starzz,86,Detroit Shock,75,Box Score,2002,
"Wed, Jul 17, 2002",Houston Comets,67,Utah Starzz,75,Box Score,2002,
"Thu, Jun 13, 2002",Indiana Fever,64,Charlotte Sting,75,Box Score,2002,
"Sat, Jul 13, 2002",Phoenix Mercury,66,Utah Starzz,75,Box Score,2002,
"Sun, Aug 18, 2002",Utah Starzz,77,Houston Comets,83,Box Score,2002,
"Fri, Aug 9, 2002",Portland Fire,74,Seattle Storm,83,Box Score,2002,
"Fri, Jun 28, 2002",Cleveland Rockers,67,New York Liberty,58,Box Score,2002,
"Sun, Jun 30, 2002",Portland Fire,54,New York Liberty,44,Box Score,2002,
"Sun, Jul 21, 2002",Portland Fire,87,Phoenix Mercury,75,Box Score,2002,
"Fri, Jun 21, 2002",Washington Mystics,65,Miami Sol,60,Box Score,2002,
"Mon, Jul 29, 2002",Minnesota Lynx,45,Phoenix Mercury,57,Box Score,2002,
"Tue, Jun 18, 2002",Detroit Shock,67,Washington Mystics,75,Box Score,2002,
"Wed, Jul 31, 2002",Minnesota Lynx,63,Seattle Storm,75,Box Score,2002,
"Sat, May 25, 2002",Utah Starzz,79,Minnesota Lynx,75,Box Score,2002,
"Fri, Aug 2, 2002",Phoenix Mercury,51,Minnesota Lynx,75,Box Score,2002,
"Sun, Jun 9, 2002",Sacramento Monarchs,62,Houston Comets,75,Box Score,2002,
"Wed, Jun 5, 2002",Houston Comets,56,Indiana Fever,45,Box Score,2002,
"Tue, Jun 18, 2002",Houston Comets,53,Miami Sol,46,Box Score,2002,
"Sun, Jun 2, 2002",Seattle Storm,57,Portland Fire,47,Box Score,2002,
"Mon, Jul 1, 2002",Detroit Shock,80,Minnesota Lynx,85,Box Score,2002,
"Sat, Aug 3, 2002",Detroit Shock,68,Cleveland Rockers,57,Box Score,2002,
"Wed, Jun 5, 2002",Detroit Shock,59,New York Liberty,60,Box Score,2002,
"Thu, Jun 13, 2002",Portland Fire,46,Minnesota Lynx,60,Box Score,2002,
"Fri, Jul 12, 2002",Houston Comets,74,Sacramento Monarchs,60,Box Score,2002,
"Sat, Jun 15, 2002",Cleveland Rockers,79,Indiana Fever,68,Box Score,2002,
"Tue, Jul 9, 2002",Phoenix Mercury,54,Washington Mystics,68,Box Score,2002,
"Fri, Jul 5, 2002",Charlotte Sting,72,Miami Sol,68,Box Score,2002,
"Sun, Jun 9, 2002",Utah Starzz,71,Seattle Storm,68,Box Score,2002,
"Sun, Aug 4, 2002",Phoenix Mercury,75,Detroit Shock,91,Box Score,2002,
"Mon, Jul 8, 2002",Phoenix Mercury,71,New York Liberty,77,Box Score,2002,
"Sun, Aug 11, 2002",Miami Sol,63,Indiana Fever,77,Box Score,2002,
"Fri, Aug 9, 2002",Los Angeles Sparks,85,Utah Starzz,77,Box Score,2002,
"Sun, Jun 23, 2002",New York Liberty,65,Orlando Miracle,77,Box Score,2002,
"Sat, Jun 1, 2002",Orlando Miracle,82,Washington Mystics,93,Box Score,2002,
"Tue, Aug 20, 2002",Indiana Fever,60,New York Liberty,75,Box Score,2002,
"Sat, Jun 8, 2002",New York Liberty,62,Indiana Fever,71,Box Score,2002,
"Sat, Jul 27, 2002",Miami Sol,61,Portland Fire,71,Box Score,2002,
"Tue, Jun 25, 2002",Miami Sol,50,Cleveland Rockers,71,Box Score,2002,
"Sat, Jul 27, 2002",Seattle Storm,80,Washington Mystics,71,Box Score,2002,
"Sun, Aug 11, 2002",Detroit Shock,58,Orlando Miracle,71,Box Score,2002,
"Sat, Jun 1, 2002",Utah Starzz,66,Phoenix Mercury,71,Box Score,2002,
"Thu, Jul 11, 2002",Cleveland Rockers,69,Sacramento Monarchs,71,Box Score,2002,
"Sat, Aug 3, 2002",Los Angeles Sparks,81,Sacramento Monarchs,71,Box Score,2002,
"Tue, Jun 18, 2002",Los Angeles Sparks,80,Seattle Storm,68,Box Score,2002,
"Sun, Jul 28, 2002",Indiana Fever,62,Los Angeles Sparks,80,Box Score,2002,
"Thu, Aug 1, 2002",Utah Starzz,71,Sacramento Monarchs,80,Box Score,2002,
"Sun, Jun 9, 2002",Charlotte Sting,77,Phoenix Mercury,80,Box Score,2002,
"Fri, Jun 21, 2002",New York Liberty,69,Cleveland Rockers,80,Box Score,2002,
"Thu, Jul 11, 2002",Los Angeles Sparks,60,Seattle Storm,79,Box Score,2002,
"Wed, Jul 3, 2002",Indiana Fever,71,Orlando Miracle,79,Box Score,2002,
"Tue, Jun 18, 2002",Indiana Fever,71,Utah Starzz,79,Box Score,2002,
"Thu, Aug 22, 2002",New York Liberty,74,Washington Mystics,79,Box Score,2002,
"Sat, Jun 1, 2002",Detroit Shock,62,Indiana Fever,79,Box Score,2002,
"Mon, Jul 8, 2002",Cleveland Rockers,57,Indiana Fever,68,Box Score,2002,
"Tue, Jun 11, 2002",New York Liberty,71,Utah Starzz,68,Box Score,2002,
"Sat, Jul 13, 2002",New York Liberty,67,Washington Mystics,53,Box Score,2002,
"Wed, Jul 31, 2002",Indiana Fever,58,Phoenix Mercury,56,Box Score,2002,
"Tue, Aug 13, 2002",Los Angeles Sparks,63,Phoenix Mercury,56,Box Score,2002,
"Tue, Aug 13, 2002",Indiana Fever,60,Cleveland Rockers,56,Box Score,2002,
"Sun, Jun 30, 2002",Charlotte Sting,55,Washington Mystics,56,Box Score,2002,
"Tue, Jul 9, 2002",Seattle Storm,59,Houston Comets,67,Box Score,2002,
"Mon, Jun 3, 2002",Houston Comets,52,Charlotte Sting,67,Box Score,2002,
"Wed, Jul 3, 2002",Houston Comets,78,Utah Starzz,67,Box Score,2002,
"Fri, Jul 12, 2002",Charlotte Sting,72,Orlando Miracle,67,Box Score,2002,
"Tue, Aug 13, 2002",Washington Mystics,57,Charlotte Sting,67,Box Score,2002,
"Sat, Jun 15, 2002",Detroit Shock,60,Portland Fire,67,Box Score,2002,
"Fri, Jun 28, 2002",Sacramento Monarchs,60,Indiana Fever,67,Box Score,2002,
"Tue, Aug 20, 2002",Utah Starzz,75,Houston Comets,72,Box Score,2002,
"Wed, Jul 10, 2002",Portland Fire,75,Minnesota Lynx,72,Box Score,2002,
"Thu, Jun 20, 2002",Seattle Storm,64,Sacramento Monarchs,72,Box Score,2002,
"Thu, Aug 8, 2002",Sacramento Monarchs,82,Orlando Miracle,72,Box Score,2002,
"Sat, Jul 20, 2002",Utah Starzz,83,Washington Mystics,73,Box Score,2002,
"Mon, Jul 22, 2002",Charlotte Sting,72,Indiana Fever,73,Box Score,2002,
"Thu, May 30, 2002",Detroit Shock,66,Orlando Miracle,80,Box Score,2002,
"Tue, Aug 6, 2002",Cleveland Rockers,54,Houston Comets,67,Box Score,2002,
"Sat, Jun 29, 2002",Orlando Miracle,59,Minnesota Lynx,67,Box Score,2002,
"Thu, Aug 22, 2002",Los Angeles Sparks,75,Utah Starzz,67,Box Score,2002,
"Thu, Jul 25, 2002",Miami Sol,60,Houston Comets,69,Box Score,2002,
"Tue, Jun 4, 2002",Orlando Miracle,71,Miami Sol,69,Box Score,2002,
"Thu, May 30, 2002",Portland Fire,64,Utah Starzz,69,Box Score,2002,
"Sat, Aug 3, 2002",Charlotte Sting,48,Indiana Fever,69,Box Score,2002,
"Sat, Jun 8, 2002",Charlotte Sting,64,Utah Starzz,69,Box Score,2002,
"Sun, Jun 30, 2002",Sacramento Monarchs,60,Detroit Shock,71,Box Score,2002,
"Sun, Jun 9, 2002",New York Liberty,70,Detroit Shock,63,Box Score,2002,
"Sun, Aug 4, 2002",Portland Fire,61,Orlando Miracle,63,Box Score,2002,
"Wed, Jul 3, 2002",Washington Mystics,64,Minnesota Lynx,63,Box Score,2002,
"Thu, Aug 29, 2002",Los Angeles Sparks,71,New York Liberty,63,Box Score,2002,
"Sun, Jun 23, 2002",Cleveland Rockers,45,Washington Mystics,63,Box Score,2002,
"Fri, Jun 14, 2002",Washington Mystics,69,Cleveland Rockers,63,Box Score,2002,
"Tue, May 28, 2002",Minnesota Lynx,66,Miami Sol,63,Box Score,2002,
"Tue, Jun 11, 2002",Portland Fire,70,Seattle Storm,63,Box Score,2002,
"Tue, Aug 13, 2002",Minnesota Lynx,51,Houston Comets,63,Box Score,2002,
"Sat, Jul 13, 2002",Minnesota Lynx,60,Charlotte Sting,63,Box Score,2002,
"Fri, Jun 21, 2002",Indiana Fever,51,Seattle Storm,63,Box Score,2002,
"Thu, Jul 18, 2002",Detroit Shock,59,Washington Mystics,63,Box Score,2002,
"Tue, Aug 6, 2002",Charlotte Sting,76,Detroit Shock,65,Box Score,2002,
"Fri, Aug 9, 2002",Cleveland Rockers,59,Miami Sol,65,Box Score,2002,
"Sun, Jul 7, 2002",Seattle Storm,61,Miami Sol,65,Box Score,2002,
"Sun, Jun 2, 2002",Indiana Fever,78,Detroit Shock,65,Box Score,2002,
"Thu, May 30, 2002",Los Angeles Sparks,69,Miami Sol,65,Box Score,2002,
"Fri, Aug 2, 2002",Portland Fire,67,Washington Mystics,65,Box Score,2002,
"Sat, Jun 1, 2002",Houston Comets,69,Cleveland Rockers,65,Box Score,2002,
"Thu, Jun 6, 2002",Charlotte Sting,59,Seattle Storm,65,Box Score,2002,
"Sat, Jun 15, 2002",Miami Sol,69,Orlando Miracle,65,Box Score,2002,
"Sun, Jun 30, 2002",Indiana Fever,59,Miami Sol,65,Box Score,2002,
"Fri, Jul 5, 2002",Seattle Storm,73,Cleveland Rockers,65,Box Score,2002,
"Sun, Aug 4, 2002",New York Liberty,71,Charlotte Sting,58,Box Score,2002,
"Thu, Jul 11, 2002",Houston Comets,52,Phoenix Mercury,58,Box Score,2002,
"Fri, Jul 19, 2002",Miami Sol,61,Minnesota Lynx,58,Box Score,2002,
"Fri, Jul 12, 2002",Cleveland Rockers,62,Seattle Storm,58,Box Score,2002,
"Sun, Jun 30, 2002",Houston Comets,60,Los Angeles Sparks,58,Box Score,2002,
"Sun, Aug 11, 2002",Los Angeles Sparks,69,Minnesota Lynx,58,Box Score,2002,
"Sun, Aug 11, 2002",Charlotte Sting,71,New York Liberty,58,Box Score,2002,
"Sun, Jun 23, 2002",Houston Comets,71,Portland Fire,58,Box Score,2002,
"Sun, Jun 2, 2002",Miami Sol,52,New York Liberty,58,Box Score,2002,
"Wed, Jul 17, 2002",Los Angeles Sparks,73,Indiana Fever,58,Box Score,2002,
"Mon, Jun 3, 2002",Portland Fire,72,Los Angeles Sparks,89,Box Score,2002,
"Tue, Jul 30, 2002",Portland Fire,59,Houston Comets,89,Box Score,2002,
"Thu, Aug 1, 2002",Charlotte Sting,63,Orlando Miracle,65,Box Score,2002,
"Thu, May 30, 2002",New York Liberty,78,Seattle Storm,61,Box Score,2002,
"Sat, Jun 22, 2002",Utah Starzz,77,Sacramento Monarchs,61,Box Score,2002,
"Sat, Jun 1, 2002",Minnesota Lynx,63,Sacramento Monarchs,61,Box Score,2002,
"Sat, Jul 6, 2002",Detroit Shock,40,Houston Comets,61,Box Score,2002,
"Tue, Aug 13, 2002",Detroit Shock,56,Miami Sol,61,Box Score,2002,
"Wed, May 29, 2002",Phoenix Mercury,56,Houston Comets,61,Box Score,2002,
"Thu, Aug 15, 2002",Los Angeles Sparks,78,Seattle Storm,61,Box Score,2002,
"Sat, Jun 15, 2002",Seattle Storm,54,Utah Starzz,61,Box Score,2002,
"Tue, Aug 6, 2002",Minnesota Lynx,52,New York Liberty,49,Box Score,2002,
"Tue, Jun 25, 2002",Phoenix Mercury,66,Los Angeles Sparks,89,Box Score,2002,
"Fri, Jul 19, 2002",Phoenix Mercury,48,Seattle Storm,89,Box Score,2002,
"Wed, Jul 17, 2002",Orlando Miracle,62,Charlotte Sting,89,Box Score,2002,
"Fri, Jun 7, 2002",Indiana Fever,68,Washington Mystics,89,Box Score,2002,
"Tue, Jun 4, 2002",Washington Mystics,97,Utah Starzz,89,Box Score,2002,
"Wed, Jul 17, 2002",Cleveland Rockers,58,Minnesota Lynx,48,Box Score,2002,
"Sun, Aug 11, 2002",Utah Starzz,57,Seattle Storm,74,Box Score,2002,
"Tue, Jul 2, 2002",Seattle Storm,63,New York Liberty,74,Box Score,2002,
"Tue, Jun 11, 2002",Cleveland Rockers,65,Miami Sol,74,Box Score,2002,
"Fri, Jul 26, 2002",Phoenix Mercury,61,Utah Starzz,74,Box Score,2002,
"Fri, Jun 21, 2002",Phoenix Mercury,59,Houston Comets,61,Box Score,2002,
"Sat, Aug 24, 2002",Washington Mystics,79,New York Liberty,96,Box Score,2002,
"Mon, Jun 3, 2002",Washington Mystics,65,Phoenix Mercury,71,Box Score,2002,
"Mon, Jul 22, 2002",Orlando Miracle,84,Los Angeles Sparks,92,Box Score,2002,
"Tue, Jul 30, 2002",Indiana Fever,65,Sacramento Monarchs,74,Box Score,2002,
"Fri, Jun 28, 2002",Miami Sol,78,Detroit Shock,74,Box Score,2002,
"Tue, Jun 25, 2002",Indiana Fever,55,New York Liberty,74,Box Score,2002,
"Thu, Aug 15, 2002",Charlotte Sting,62,Washington Mystics,74,Box Score,2002,
"Sun, Jul 7, 2002",Sacramento Monarchs,59,Portland Fire,74,Box Score,2002,
"Tue, Jun 4, 2002",Minnesota Lynx,68,Seattle Storm,78,Box Score,2002,
"Sat, Jul 6, 2002",Cleveland Rockers,67,Charlotte Sting,78,Box Score,2002,
"Tue, Jun 11, 2002",Charlotte Sting,66,Houston Comets,78,Box Score,2002,
"Fri, Jul 19, 2002",Utah Starzz,73,Orlando Miracle,84,Box Score,2002,
"Sun, Aug 18, 2002",Indiana Fever,65,New York Liberty,84,Box Score,2002,
"Sun, Aug 11, 2002",Phoenix Mercury,73,Portland Fire,70,Box Score,2002,
"Sat, Jul 6, 2002",Washington Mystics,45,Indiana Fever,50,Box Score,2002,
"Sat, Jun 8, 2002",Los Angeles Sparks,76,Minnesota Lynx,72,Box Score,2002,
"Wed, Jun 19, 2002",Washington Mystics,64,Charlotte Sting,78,Box Score,2002,
"Thu, Jun 13, 2002",New York Liberty,77,Sacramento Monarchs,78,Box Score,2002,
"Tue, Jun 18, 2002",Sacramento Monarchs,63,Phoenix Mercury,78,Box Score,2002,
"Sat, Jul 20, 2002",Los Angeles Sparks,63,Cleveland Rockers,50,Box Score,2002,
"Thu, Jun 27, 2002",Sacramento Monarchs,50,Cleveland Rockers,73,Box Score,2002,
"Fri, Jun 21, 2002",Minnesota Lynx,64,Los Angeles Sparks,73,Box Score,2002,
"Fri, Jul 26, 2002",Minnesota Lynx,63,Indiana Fever,73,Box Score,2002,
"Wed, Jul 3, 2002",Phoenix Mercury,61,Miami Sol,86,Box Score,2002,
"Tue, Jun 25, 2002",Portland Fire,83,Utah Starzz,86,Box Score,2002,
"Thu, Jun 6, 2002",Sacramento Monarchs,73,Portland Fire,86,Box Score,2002,
"Fri, Jul 5, 2002",Sacramento Monarchs,65,Los Angeles Sparks,87,Box Score,2002,
"Fri, Jul 5, 2002",Minnesota Lynx,56,Utah Starzz,87,Box Score,2002,
"Sat, Jun 22, 2002",Miami Sol,63,Charlotte Sting,76,Box Score,2002,
"Wed, Jul 24, 2002",Utah Starzz,62,Minnesota Lynx,70,Box Score,2002,
"Mon, Jul 8, 2002",Washington Mystics,63,Orlando Miracle,51,Box Score,2002,
"Sat, Jun 15, 2002",Minnesota Lynx,50,Houston Comets,51,Box Score,2002,
"Mon, Jul 22, 2002",Cleveland Rockers,52,New York Liberty,73,Box Score,2002,
"Fri, Aug 16, 2002",New York Liberty,55,Indiana Fever,73,Box Score,2002,
"Tue, Jul 30, 2002",Miami Sol,82,Los Angeles Sparks,73,Box Score,2002,
"Wed, Jul 3, 2002",Portland Fire,76,Charlotte Sting,73,Box Score,2002,
"Sun, Aug 4, 2002",Seattle Storm,60,Minnesota Lynx,73,Box Score,2002,
"Thu, Jul 25, 2002",Cleveland Rockers,83,Charlotte Sting,73,Box Score,2002,
"Tue, Jun 25, 2002",Washington Mystics,87,Sacramento Monarchs,86,Box Score,2002,
"Sun, Jun 23, 2002",Sacramento Monarchs,60,Seattle Storm,86,Box Score,2002,
"Fri, Jun 28, 2002",Los Angeles Sparks,84,Phoenix Mercury,72,Box Score,2002,
"Thu, Jul 18, 2002",Los Angeles Sparks,59,New York Liberty,72,Box Score,2002,
"Fri, Jun 28, 2002",Washington Mystics,66,Portland Fire,72,Box Score,2002,
"Mon, May 27, 2002",Los Angeles Sparks,68,Houston Comets,55,Box Score,2002,
"Sun, Aug 4, 2002",Washington Mystics,50,Miami Sol,55,Box Score,2002,
"Tue, Jun 25, 2002",Houston Comets,73,Minnesota Lynx,55,Box Score,2002,
"Fri, Aug 9, 2002",Indiana Fever,54,Detroit Shock,55,Box Score,2002,
"Tue, Aug 6, 2002",Indiana Fever,64,Washington Mystics,55,Box Score,2002,
"Tue, Jul 30, 2002",Orlando Miracle,70,Washington Mystics,55,Box Score,2002,
"Sat, Aug 10, 2002",Sacramento Monarchs,61,Houston Comets,59,Box Score,2002,
"Fri, Jun 28, 2002",Utah Starzz,57,Houston Comets,73,Box Score,2002,
"Wed, Jul 17, 2002",Phoenix Mercury,61,Portland Fire,73,Box Score,2002,
"Wed, Jul 24, 2002",Portland Fire,69,Los Angeles Sparks,73,Box Score,2002,
"Wed, Jun 26, 2002",Charlotte Sting,80,Detroit Shock,73,Box Score,2002,
"Sat, Jun 1, 2002",Los Angeles Sparks,87,Charlotte Sting,94,Box Score,2002,
"Mon, Jul 8, 2002",Detroit Shock,76,Utah Starzz,94,Box Score,2002,
"Thu, Jul 25, 2002",Seattle Storm,79,Orlando Miracle,76,Box Score,2002,
"Sun, Jun 9, 2002",Miami Sol,67,Washington Mystics,76,Box Score,2002,
"Thu, Aug 1, 2002",Seattle Storm,81,Los Angeles Sparks,76,Box Score,2002,
"Fri, Jul 12, 2002",Los Angeles Sparks,82,Portland Fire,76,Box Score,2002,
"Tue, Aug 6, 2002",Phoenix Mercury,70,Sacramento Monarchs,73,Box Score,2002,
"Thu, Jun 27, 2002",Washington Mystics,69,Los Angeles Sparks,73,Box Score,2002,
"Wed, Jul 10, 2002",New York Liberty,63,Detroit Shock,66,Box Score,2002,
"Sat, Jul 27, 2002",Detroit Shock,74,Charlotte Sting,66,Box Score,2002,
"Tue, Jun 18, 2002",Minnesota Lynx,51,Portland Fire,59,Box Score,2002,
"Tue, Aug 13, 2002",Seattle Storm,51,Sacramento Monarchs,59,Box Score,2002,
"Fri, Jun 21, 2002",Orlando Miracle,80,Detroit Shock,59,Box Score,2002,
"Sun, Jul 28, 2002",Seattle Storm,72,Detroit Shock,59,Box Score,2002,
"Sat, Aug 17, 2002",Washington Mystics,62,Charlotte Sting,59,Box Score,2002,
"Wed, Aug 7, 2002",Cleveland Rockers,57,Phoenix Mercury,59,Box Score,2002,
"Tue, Jul 9, 2002",Miami Sol,66,Charlotte Sting,55,Box Score,2002,
"Sat, Jul 6, 2002",Phoenix Mercury,70,Orlando Miracle,72,Box Score,2002,
"Tue, Jun 11, 2002",Sacramento Monarchs,63,Minnesota Lynx,72,Box Score,2002,
"Thu, Jun 6, 2002",Detroit Shock,55,Cleveland Rockers,72,Box Score,2002,
"Fri, Jul 12, 2002",Minnesota Lynx,69,Detroit Shock,72,Box Score,2002,
"Thu, Jun 20, 2002",Indiana Fever,81,Portland Fire,72,Box Score,2002,
"Thu, Aug 8, 2002",Washington Mystics,65,New York Liberty,54,Box Score,2002,
"Sat, Jul 20, 2002",Houston Comets,56,Seattle Storm,54,Box Score,2002,
"Tue, Jul 23, 2002",New York Liberty,46,Miami Sol,54,Box Score,2002,
"Sun, Aug 11, 2002",Washington Mystics,60,Cleveland Rockers,54,Box Score,2002,
"Sun, Jun 16, 2002",Charlotte Sting,53,New York Liberty,54,Box Score,2002,
"Wed, Jul 17, 2002",Sacramento Monarchs,78,Miami Sol,62,Box Score,2002,
"Wed, Jun 19, 2002",Orlando Miracle,66,Cleveland Rockers,62,Box Score,2002,
"Wed, Jun 26, 2002",Seattle Storm,53,Phoenix Mercury,62,Box Score,2002,
"Tue, Jun 18, 2002",Orlando Miracle,71,New York Liberty,62,Box Score,2002,
"Fri, Aug 9, 2002",Charlotte Sting,68,Minnesota Lynx,62,Box Score,2002,
"Sun, Jul 28, 2002",Houston Comets,56,New York Liberty,62,Box Score,2002,
"Fri, Jul 19, 2002",Sacramento Monarchs,51,Charlotte Sting,70,Box Score,2002,
"Thu, Aug 1, 2002",Cleveland Rockers,68,Detroit Shock,66,Box Score,2002,
"Sat, Jun 15, 2002",Los Angeles Sparks,72,Sacramento Monarchs,66,Box Score,2002,
"Thu, Jun 27, 2002",Orlando Miracle,71,Seattle Storm,73,Box Score,2002,
"Sun, Jul 28, 2002",Orlando Miracle,76,Cleveland Rockers,70,Box Score,2002,
"Wed, Aug 7, 2002",Orlando Miracle,63,Indiana Fever,70,Box Score,2002,
"Thu, Jun 13, 2002",Houston Comets,64,Washington Mystics,70,Box Score,2002,
"Sun, Jun 23, 2002",Minnesota Lynx,61,Phoenix Mercury,70,Box Score,2002,
"Tue, Aug 13, 2002",New York Liberty,63,Orlando Miracle,70,Box Score,2002,
"Sun, Jul 28, 2002",Minnesota Lynx,56,Sacramento Monarchs,66,Box Score,2002,
"Fri, Aug 16, 2002",Houston Comets,59,Utah Starzz,66,Box Score,2002,
"Fri, Aug 2, 2002",Miami Sol,54,New York Liberty,66,Box Score,2002,
"Wed, Jul 24, 2002",Charlotte Sting,73,Cleveland Rockers,66,Box Score,2002,
"Fri, Aug 9, 2002",New York Liberty,74,Washington Mystics,66,Box Score,2002,
"Tue, Jul 23, 2002",Seattle Storm,54,Houston Comets,66,Box Score,2002,
"Thu, Jun 13, 2002",Detroit Shock,67,Phoenix Mercury,70,Box Score,2002,
"Fri, Jul 19, 2002",Houston Comets,60,Portland Fire,70,Box Score,2002,
"Fri, Jun 14, 2002",Seattle Storm,90,Phoenix Mercury,82,Box Score,2002,
"Sat, Aug 31, 2002",New York Liberty,66,Los Angeles Sparks,69,Box Score,2002,
"Tue, Jun 11, 2002",Indiana Fever,75,Orlando Miracle,69,Box Score,2002,
"Wed, Jul 10, 2002",Utah Starzz,82,Indiana Fever,69,Box Score,2002,
"Sat, Aug 17, 2002",Seattle Storm,59,Los Angeles Sparks,69,Box Score,2002,
"Sat, Aug 3, 2002",Orlando Miracle,62,Houston Comets,69,Box Score,2002,
"Sat, Jul 20, 2002",Miami Sol,48,Detroit Shock,69,Box Score,2002,
"Tue, Aug 6, 2002",Utah Starzz,82,Portland Fire,69,Box Score,2002,
"Mon, Jul 1, 2002",Phoenix Mercury,68,Charlotte Sting,90,Box Score,2002,
"Fri, Jun 20, 2003",Connecticut Sun,74,Indiana Fever,84,Box Score,2003,
"Fri, Jun 13, 2003",Washington Mystics,70,Connecticut Sun,84,Box Score,2003,
"Thu, Jun 26, 2003",Indiana Fever,94,Connecticut Sun,90,Box Score,2003,
"Tue, Jul 1, 2003",Connecticut Sun,64,New York Liberty,90,Box Score,2003,
"Thu, Jul 24, 2003",Phoenix Mercury,65,Los Angeles Sparks,82,Box Score,2003,
"Fri, Jul 25, 2003",Phoenix Mercury,53,Seattle Storm,82,Box Score,2003,
"Sat, Jun 14, 2003",Charlotte Sting,52,San Antonio Silver Stars,62,Box Score,2003,
"Thu, Aug 21, 2003",Houston Comets,54,Sacramento Monarchs,62,Box Score,2003,
"Sat, Aug 30, 2003",Connecticut Sun,68,Charlotte Sting,62,Box Score,2003,
"Wed, Jul 30, 2003",San Antonio Silver Stars,70,Los Angeles Sparks,62,Box Score,2003,
"Mon, Aug 25, 2003",Connecticut Sun,72,Indiana Fever,62,Box Score,2003,
"Sat, Jul 5, 2003",Phoenix Mercury,70,San Antonio Silver Stars,81,Box Score,2003,
"Sat, Jun 14, 2003",Connecticut Sun,56,Cleveland Rockers,84,Box Score,2003,
"Sun, Aug 10, 2003",New York Liberty,87,Detroit Shock,90,Box Score,2003,
"Wed, Jul 23, 2003",San Antonio Silver Stars,47,Indiana Fever,81,Box Score,2003,
"Mon, Jul 7, 2003",Cleveland Rockers,75,Los Angeles Sparks,81,Box Score,2003,
"Sat, Jun 7, 2003",Detroit Shock,74,San Antonio Silver Stars,55,Box Score,2003,
"Wed, Jul 23, 2003",Minnesota Lynx,70,Connecticut Sun,84,Box Score,2003,
"Wed, Aug 20, 2003",Seattle Storm,70,San Antonio Silver Stars,78,Box Score,2003,
"Tue, Jun 10, 2003",Indiana Fever,51,Seattle Storm,78,Box Score,2003,
"Sun, Sep 14, 2003",Los Angeles Sparks,61,Detroit Shock,62,Box Score,2003,
"Sun, Jul 6, 2003",New York Liberty,58,Connecticut Sun,62,Box Score,2003,
"Tue, Jun 24, 2003",Los Angeles Sparks,71,Houston Comets,62,Box Score,2003,
"Sat, Aug 9, 2003",Cleveland Rockers,66,Indiana Fever,62,Box Score,2003,
"Sat, May 24, 2003",Houston Comets,69,Phoenix Mercury,62,Box Score,2003,
"Sun, Aug 17, 2003",New York Liberty,71,Cleveland Rockers,54,Box Score,2003,
"Thu, Jul 10, 2003",New York Liberty,69,Indiana Fever,76,Box Score,2003,
"Fri, Jun 20, 2003",Houston Comets,69,San Antonio Silver Stars,76,Box Score,2003,
"Tue, Jun 10, 2003",Minnesota Lynx,75,Los Angeles Sparks,76,Box Score,2003,
"Wed, Aug 13, 2003",Detroit Shock,78,Phoenix Mercury,76,Box Score,2003,
"Sat, Jun 14, 2003",Houston Comets,61,Phoenix Mercury,76,Box Score,2003,
"Sat, Jul 5, 2003",Seattle Storm,75,Los Angeles Sparks,84,Box Score,2003,
"Fri, May 23, 2003",Washington Mystics,74,Charlotte Sting,70,Box Score,2003,
"Sun, Jun 1, 2003",Washington Mystics,57,New York Liberty,70,Box Score,2003,
"Mon, Aug 25, 2003",Sacramento Monarchs,57,Seattle Storm,70,Box Score,2003,
"Wed, Jun 25, 2003",Phoenix Mercury,64,New York Liberty,70,Box Score,2003,
"Sat, Jul 26, 2003",Seattle Storm,63,Sacramento Monarchs,76,Box Score,2003,
"Sun, Aug 3, 2003",Charlotte Sting,60,Sacramento Monarchs,76,Box Score,2003,
"Thu, Jul 3, 2003",Washington Mystics,72,Seattle Storm,76,Box Score,2003,
"Thu, Aug 7, 2003",Houston Comets,68,Indiana Fever,55,Box Score,2003,
"Tue, Jun 17, 2003",Charlotte Sting,60,Indiana Fever,71,Box Score,2003,
"Sat, Aug 23, 2003",Houston Comets,64,Seattle Storm,71,Box Score,2003,
"Sat, Jul 19, 2003",Houston Comets,74,Sacramento Monarchs,71,Box Score,2003,
"Sat, Jul 26, 2003",New York Liberty,53,Houston Comets,61,Box Score,2003,
"Sat, Aug 23, 2003",Phoenix Mercury,54,Sacramento Monarchs,61,Box Score,2003,
"Tue, Aug 5, 2003",Detroit Shock,78,Connecticut Sun,61,Box Score,2003,
"Sat, Aug 16, 2003",Sacramento Monarchs,65,Phoenix Mercury,61,Box Score,2003,
"Mon, Aug 4, 2003",Phoenix Mercury,56,Minnesota Lynx,61,Box Score,2003,
"Wed, May 28, 2003",San Antonio Silver Stars,50,Phoenix Mercury,51,Box Score,2003,
"Fri, Aug 22, 2003",Indiana Fever,64,New York Liberty,51,Box Score,2003,
"Fri, Jun 20, 2003",Minnesota Lynx,72,Charlotte Sting,76,Box Score,2003,
"Sat, Jul 5, 2003",Washington Mystics,54,Houston Comets,76,Box Score,2003,
"Sun, Aug 31, 2003",Cleveland Rockers,66,Detroit Shock,59,Box Score,2003,
"Sat, Aug 23, 2003",Cleveland Rockers,46,Indiana Fever,59,Box Score,2003,
"Fri, Jun 27, 2003",Seattle Storm,71,Cleveland Rockers,59,Box Score,2003,
"Thu, Jun 5, 2003",Phoenix Mercury,55,San Antonio Silver Stars,70,Box Score,2003,
"Wed, Jun 18, 2003",Cleveland Rockers,57,Connecticut Sun,70,Box Score,2003,
"Wed, Aug 20, 2003",Minnesota Lynx,69,Phoenix Mercury,66,Box Score,2003,
"Sun, Aug 3, 2003",Indiana Fever,55,Connecticut Sun,66,Box Score,2003,
"Sat, Jun 7, 2003",Phoenix Mercury,57,Seattle Storm,66,Box Score,2003,
"Sun, Jun 29, 2003",Indiana Fever,53,Cleveland Rockers,66,Box Score,2003,
"Thu, Jul 17, 2003",Minnesota Lynx,61,Cleveland Rockers,70,Box Score,2003,
"Tue, Jun 17, 2003",Sacramento Monarchs,61,New York Liberty,70,Box Score,2003,
"Tue, Jun 3, 2003",Sacramento Monarchs,56,Seattle Storm,70,Box Score,2003,
"Sat, Aug 16, 2003",Los Angeles Sparks,64,Houston Comets,63,Box Score,2003,
"Sat, Jun 21, 2003",Cleveland Rockers,62,Houston Comets,63,Box Score,2003,
"Thu, Jun 12, 2003",Charlotte Sting,58,Phoenix Mercury,50,Box Score,2003,
"Tue, Jul 1, 2003",San Antonio Silver Stars,88,Detroit Shock,99,Box Score,2003,
"Tue, Aug 19, 2003",Connecticut Sun,52,Cleveland Rockers,69,Box Score,2003,
"Fri, Jun 27, 2003",Detroit Shock,75,New York Liberty,69,Box Score,2003,
"Sun, Jun 22, 2003",Charlotte Sting,57,New York Liberty,69,Box Score,2003,
"Sat, Jun 21, 2003",Seattle Storm,64,Sacramento Monarchs,69,Box Score,2003,
"Sun, Aug 10, 2003",Phoenix Mercury,46,Houston Comets,69,Box Score,2003,
"Sat, Jun 28, 2003",Connecticut Sun,55,Charlotte Sting,69,Box Score,2003,
"Sun, Aug 3, 2003",Phoenix Mercury,70,Washington Mystics,69,Box Score,2003,
"Tue, Jul 15, 2003",Houston Comets,55,Seattle Storm,69,Box Score,2003,
"Sat, Aug 9, 2003",Los Angeles Sparks,52,San Antonio Silver Stars,69,Box Score,2003,
"Wed, Aug 6, 2003",Los Angeles Sparks,56,Seattle Storm,92,Box Score,2003,
"Wed, Aug 6, 2003",Detroit Shock,81,Washington Mystics,92,Box Score,2003,
"Fri, Aug 29, 2003",Detroit Shock,76,Cleveland Rockers,74,Box Score,2003,
"Fri, Jul 18, 2003",Houston Comets,79,Los Angeles Sparks,74,Box Score,2003,
"Fri, Jul 18, 2003",Seattle Storm,61,Detroit Shock,74,Box Score,2003,
"Sun, Jul 20, 2003",Seattle Storm,58,Minnesota Lynx,69,Box Score,2003,
"Tue, Jun 17, 2003",Los Angeles Sparks,78,Detroit Shock,87,Box Score,2003,
"Thu, Jun 26, 2003",Los Angeles Sparks,67,San Antonio Silver Stars,58,Box Score,2003,
"Sat, Jun 7, 2003",New York Liberty,66,Indiana Fever,86,Box Score,2003,
"Sun, Aug 17, 2003",Detroit Shock,95,Seattle Storm,86,Box Score,2003,
"Sun, Jun 29, 2003",Minnesota Lynx,59,Washington Mystics,50,Box Score,2003,
"Sat, May 31, 2003",New York Liberty,50,Cleveland Rockers,74,Box Score,2003,
"Tue, Aug 5, 2003",Sacramento Monarchs,47,Houston Comets,74,Box Score,2003,
"Thu, Aug 28, 2003",Los Angeles Sparks,72,Minnesota Lynx,74,Box Score,2003,
"Fri, Jul 4, 2003",Sacramento Monarchs,67,Connecticut Sun,69,Box Score,2003,
"Sat, Aug 9, 2003",Connecticut Sun,68,Charlotte Sting,69,Box Score,2003,
"Sat, Jul 26, 2003",Charlotte Sting,70,Connecticut Sun,74,Box Score,2003,
"Tue, Jul 22, 2003",Cleveland Rockers,71,Detroit Shock,74,Box Score,2003,
"Fri, Aug 22, 2003",Charlotte Sting,55,Connecticut Sun,63,Box Score,2003,
"Sat, Jun 28, 2003",Phoenix Mercury,68,Detroit Shock,65,Box Score,2003,
"Thu, Aug 7, 2003",New York Liberty,54,Charlotte Sting,65,Box Score,2003,
"Thu, Jul 17, 2003",Seattle Storm,67,Connecticut Sun,65,Box Score,2003,
"Sat, Jul 26, 2003",Minnesota Lynx,70,Indiana Fever,65,Box Score,2003,
"Fri, May 30, 2003",Minnesota Lynx,75,San Antonio Silver Stars,65,Box Score,2003,
"Fri, Aug 29, 2003",Houston Comets,59,Sacramento Monarchs,65,Box Score,2003,
"Sat, May 24, 2003",Seattle Storm,56,San Antonio Silver Stars,65,Box Score,2003,
"Sat, Jun 21, 2003",Los Angeles Sparks,54,Phoenix Mercury,48,Box Score,2003,
"Fri, Sep 5, 2003",Detroit Shock,73,Connecticut Sun,63,Box Score,2003,
"Thu, Jun 5, 2003",Sacramento Monarchs,61,Los Angeles Sparks,63,Box Score,2003,
"Fri, Aug 1, 2003",Houston Comets,53,San Antonio Silver Stars,63,Box Score,2003,
"Tue, Jun 24, 2003",Connecticut Sun,65,Washington Mystics,63,Box Score,2003,
"Sun, Aug 31, 2003",Sacramento Monarchs,48,Houston Comets,69,Box Score,2003,
"Thu, Jun 12, 2003",Indiana Fever,66,Los Angeles Sparks,74,Box Score,2003,
"Mon, Sep 1, 2003",Minnesota Lynx,64,Los Angeles Sparks,74,Box Score,2003,
"Fri, May 30, 2003",Los Angeles Sparks,77,Seattle Storm,74,Box Score,2003,
"Sat, Jul 5, 2003",Sacramento Monarchs,65,Charlotte Sting,67,Box Score,2003,
"Sat, May 31, 2003",Charlotte Sting,70,Detroit Shock,67,Box Score,2003,
"Sat, Jun 7, 2003",Charlotte Sting,57,Cleveland Rockers,67,Box Score,2003,
"Sat, Jun 14, 2003",Indiana Fever,79,Sacramento Monarchs,67,Box Score,2003,
"Sat, Jul 19, 2003",Connecticut Sun,75,Phoenix Mercury,67,Box Score,2003,
"Wed, Jul 2, 2003",Phoenix Mercury,68,Indiana Fever,79,Box Score,2003,
"Sun, Sep 7, 2003",Connecticut Sun,73,Detroit Shock,79,Box Score,2003,
"Fri, Jun 20, 2003",Washington Mystics,74,Cleveland Rockers,79,Box Score,2003,
"Tue, Jun 10, 2003",San Antonio Silver Stars,72,Washington Mystics,79,Box Score,2003,
"Sun, Sep 7, 2003",Sacramento Monarchs,54,Los Angeles Sparks,79,Box Score,2003,
"Thu, Jul 10, 2003",Detroit Shock,58,Charlotte Sting,65,Box Score,2003,
"Sat, Jun 7, 2003",Houston Comets,58,Connecticut Sun,65,Box Score,2003,
"Tue, Jul 29, 2003",Detroit Shock,77,Cleveland Rockers,65,Box Score,2003,
"Fri, Aug 22, 2003",San Antonio Silver Stars,62,Phoenix Mercury,89,Box Score,2003,
"Thu, Jul 10, 2003",San Antonio Silver Stars,76,Sacramento Monarchs,89,Box Score,2003,
"Sat, Jul 26, 2003",Washington Mystics,78,Cleveland Rockers,89,Box Score,2003,
"Sun, Aug 10, 2003",Indiana Fever,67,Cleveland Rockers,71,Box Score,2003,
"Mon, Jul 7, 2003",Charlotte Sting,62,Washington Mystics,56,Box Score,2003,
"Fri, Jul 18, 2003",Charlotte Sting,48,New York Liberty,56,Box Score,2003,
"Thu, May 22, 2003",Sacramento Monarchs,65,Phoenix Mercury,56,Box Score,2003,
"Fri, Aug 8, 2003",Houston Comets,66,Detroit Shock,56,Box Score,2003,
"Mon, Aug 25, 2003",Houston Comets,64,Los Angeles Sparks,67,Box Score,2003,
"Fri, Jun 27, 2003",Phoenix Mercury,59,Minnesota Lynx,67,Box Score,2003,
"Sat, Aug 30, 2003",Minnesota Lynx,69,Los Angeles Sparks,80,Box Score,2003,
"Tue, Jul 15, 2003",Phoenix Mercury,77,Los Angeles Sparks,80,Box Score,2003,
"Thu, Jun 19, 2003",Seattle Storm,69,Los Angeles Sparks,67,Box Score,2003,
"Wed, Jun 4, 2003",San Antonio Silver Stars,52,Charlotte Sting,67,Box Score,2003,
"Thu, Jul 24, 2003",New York Liberty,53,Sacramento Monarchs,67,Box Score,2003,
"Thu, Jul 24, 2003",Detroit Shock,61,Charlotte Sting,67,Box Score,2003,
"Sat, Aug 23, 2003",Connecticut Sun,74,Washington Mystics,67,Box Score,2003,
"Mon, Aug 18, 2003",Houston Comets,64,New York Liberty,67,Box Score,2003,
"Thu, Jul 10, 2003",Cleveland Rockers,68,Phoenix Mercury,67,Box Score,2003,
"Thu, Aug 14, 2003",Washington Mystics,76,Charlotte Sting,69,Box Score,2003,
"Sat, Aug 16, 2003",Charlotte Sting,63,Indiana Fever,69,Box Score,2003,
"Thu, Jul 31, 2003",Charlotte Sting,54,Seattle Storm,69,Box Score,2003,
"Fri, Jun 6, 2003",Houston Comets,58,Charlotte Sting,69,Box Score,2003,
"Fri, Jun 6, 2003",Cleveland Rockers,63,Washington Mystics,53,Box Score,2003,
"Sat, May 24, 2003",Sacramento Monarchs,71,Minnesota Lynx,72,Box Score,2003,
"Tue, Jul 22, 2003",Washington Mystics,73,Los Angeles Sparks,77,Box Score,2003,
"Tue, Jul 8, 2003",Sacramento Monarchs,59,Minnesota Lynx,77,Box Score,2003,
"Fri, Sep 5, 2003",Los Angeles Sparks,69,Sacramento Monarchs,77,Box Score,2003,
"Tue, Sep 2, 2003",Cleveland Rockers,63,Detroit Shock,77,Box Score,2003,
"Sat, Jun 28, 2003",Seattle Storm,70,Indiana Fever,79,Box Score,2003,
"Thu, Jul 3, 2003",Charlotte Sting,92,Detroit Shock,79,Box Score,2003,
"Tue, May 27, 2003",Los Angeles Sparks,79,Cleveland Rockers,71,Box Score,2003,
"Mon, Jun 30, 2003",Seattle Storm,83,Charlotte Sting,71,Box Score,2003,
"Sat, May 31, 2003",Washington Mystics,60,Indiana Fever,71,Box Score,2003,
"Tue, Jun 10, 2003",Sacramento Monarchs,66,Houston Comets,71,Box Score,2003,
"Tue, Sep 2, 2003",Sacramento Monarchs,70,Houston Comets,68,Box Score,2003,
"Thu, Aug 28, 2003",Charlotte Sting,66,Connecticut Sun,68,Box Score,2003,
"Thu, Jul 17, 2003",Charlotte Sting,60,Washington Mystics,68,Box Score,2003,
"Sun, Jul 20, 2003",Connecticut Sun,76,Los Angeles Sparks,73,Box Score,2003,
"Sun, Jun 22, 2003",Detroit Shock,82,Connecticut Sun,73,Box Score,2003,
"Fri, Aug 1, 2003",Phoenix Mercury,56,Cleveland Rockers,73,Box Score,2003,
"Sat, May 24, 2003",Los Angeles Sparks,82,Connecticut Sun,73,Box Score,2003,
"Tue, Jul 29, 2003",Minnesota Lynx,58,Houston Comets,73,Box Score,2003,
"Tue, Aug 12, 2003",New York Liberty,74,Connecticut Sun,73,Box Score,2003,
"Tue, Jun 10, 2003",Cleveland Rockers,65,New York Liberty,73,Box Score,2003,
"Sat, Aug 9, 2003",Minnesota Lynx,77,Sacramento Monarchs,73,Box Score,2003,
"Tue, Jul 29, 2003",Indiana Fever,92,Washington Mystics,91,Box Score,2003,
"Wed, Aug 6, 2003",Minnesota Lynx,49,Phoenix Mercury,56,Box Score,2003,
"Sat, Aug 9, 2003",New York Liberty,65,Washington Mystics,56,Box Score,2003,
"Sat, Jun 14, 2003",Detroit Shock,93,Washington Mystics,56,Box Score,2003,
"Tue, Aug 5, 2003",San Antonio Silver Stars,60,New York Liberty,69,Box Score,2003,
"Sat, Jun 14, 2003",Los Angeles Sparks,67,New York Liberty,60,Box Score,2003,
"Thu, Aug 21, 2003",New York Liberty,65,Washington Mystics,60,Box Score,2003,
"Mon, Aug 25, 2003",Charlotte Sting,66,Cleveland Rockers,75,Box Score,2003,
"Wed, Jul 23, 2003",New York Liberty,65,Seattle Storm,75,Box Score,2003,
"Wed, Jul 9, 2003",Los Angeles Sparks,97,Washington Mystics,91,Box Score,2003,
"Wed, May 28, 2003",Los Angeles Sparks,83,Minnesota Lynx,80,Box Score,2003,
"Tue, Aug 12, 2003",Washington Mystics,84,Indiana Fever,80,Box Score,2003,
"Wed, Aug 20, 2003",Indiana Fever,50,Charlotte Sting,80,Box Score,2003,
"Mon, Aug 25, 2003",Washington Mystics,60,Detroit Shock,68,Box Score,2003,
"Thu, Jun 12, 2003",Minnesota Lynx,55,Sacramento Monarchs,68,Box Score,2003,
"Wed, Jul 16, 2003",Detroit Shock,70,Indiana Fever,68,Box Score,2003,
"Fri, Aug 8, 2003",Minnesota Lynx,65,Seattle Storm,68,Box Score,2003,
"Sat, Aug 16, 2003",Cleveland Rockers,72,Washington Mystics,68,Box Score,2003,
"Tue, Jun 17, 2003",Houston Comets,77,Minnesota Lynx,68,Box Score,2003,
"Sun, Jun 1, 2003",Houston Comets,64,Minnesota Lynx,68,Box Score,2003,
"Tue, Jun 24, 2003",Indiana Fever,60,Detroit Shock,68,Box Score,2003,
"Tue, Jul 15, 2003",Sacramento Monarchs,66,Cleveland Rockers,57,Box Score,2003,
"Tue, Jun 24, 2003",San Antonio Silver Stars,60,Sacramento Monarchs,57,Box Score,2003,
"Sat, Jul 19, 2003",Detroit Shock,58,Cleveland Rockers,57,Box Score,2003,
"Sat, Aug 23, 2003",Detroit Shock,86,Minnesota Lynx,77,Box Score,2003,
"Tue, Aug 12, 2003",San Antonio Silver Stars,87,Seattle Storm,77,Box Score,2003,
"Sat, Jul 19, 2003",Washington Mystics,85,San Antonio Silver Stars,77,Box Score,2003,
"Sat, Aug 2, 2003",Seattle Storm,71,Minnesota Lynx,73,Box Score,2003,
"Sun, Jul 20, 2003",Indiana Fever,65,New York Liberty,73,Box Score,2003,
"Sat, Aug 2, 2003",Charlotte Sting,84,Los Angeles Sparks,73,Box Score,2003,
"Thu, Jul 31, 2003",Los Angeles Sparks,75,Sacramento Monarchs,83,Box Score,2003,
"Tue, Sep 16, 2003",Los Angeles Sparks,78,Detroit Shock,83,Box Score,2003,
"Sat, Aug 23, 2003",San Antonio Silver Stars,70,Los Angeles Sparks,83,Box Score,2003,
"Thu, Jul 10, 2003",Connecticut Sun,75,Minnesota Lynx,83,Box Score,2003,
"Wed, Jul 2, 2003",Washington Mystics,62,Sacramento Monarchs,83,Box Score,2003,
"Sat, Jun 28, 2003",Sacramento Monarchs,69,Los Angeles Sparks,60,Box Score,2003,
"Tue, Jul 8, 2003",Indiana Fever,56,Houston Comets,60,Box Score,2003,
"Sat, Aug 2, 2003",San Antonio Silver Stars,55,Houston Comets,64,Box Score,2003,
"Sat, Aug 16, 2003",Minnesota Lynx,73,San Antonio Silver Stars,64,Box Score,2003,
"Sun, Jul 27, 2003",Cleveland Rockers,55,San Antonio Silver Stars,64,Box Score,2003,
"Tue, Jul 15, 2003",Washington Mystics,77,New York Liberty,64,Box Score,2003,
"Wed, Jul 16, 2003",San Antonio Silver Stars,78,Minnesota Lynx,85,Box Score,2003,
"Sun, Jul 6, 2003",Detroit Shock,54,Indiana Fever,85,Box Score,2003,
"Fri, Aug 1, 2003",Washington Mystics,48,Connecticut Sun,45,Box Score,2003,
"Sun, Jun 22, 2003",San Antonio Silver Stars,53,Seattle Storm,93,Box Score,2003,
"Tue, Jun 17, 2003",Seattle Storm,61,Phoenix Mercury,60,Box Score,2003,
"Thu, Jul 17, 2003",Sacramento Monarchs,62,San Antonio Silver Stars,60,Box Score,2003,
"Fri, Aug 1, 2003",Detroit Shock,62,New York Liberty,60,Box Score,2003,
"Fri, Jun 6, 2003",New York Liberty,70,Minnesota Lynx,60,Box Score,2003,
"Sun, Aug 3, 2003",Cleveland Rockers,48,New York Liberty,60,Box Score,2003,
"Thu, Aug 21, 2003",Minnesota Lynx,65,Los Angeles Sparks,88,Box Score,2003,
"Fri, Jun 20, 2003",New York Liberty,83,Detroit Shock,88,Box Score,2003,
"Tue, Aug 19, 2003",Seattle Storm,47,Houston Comets,52,Box Score,2003,
"Fri, Jul 25, 2003",San Antonio Silver Stars,54,Minnesota Lynx,81,Box Score,2003,
"Thu, Jun 5, 2003",Connecticut Sun,89,Detroit Shock,103,Box Score,2003,
"Sun, Jun 1, 2003",Connecticut Sun,83,San Antonio Silver Stars,64,Box Score,2003,
"Wed, Jul 2, 2003",Cleveland Rockers,57,Connecticut Sun,64,Box Score,2003,
"Sat, Jun 14, 2003",Minnesota Lynx,77,Seattle Storm,72,Box Score,2003,
"Sat, Aug 2, 2003",Indiana Fever,58,Detroit Shock,72,Box Score,2003,
"Fri, May 30, 2003",Connecticut Sun,91,Houston Comets,83,Box Score,2003,
"Thu, Aug 14, 2003",Los Angeles Sparks,87,Minnesota Lynx,83,Box Score,2003,
"Sun, Jul 20, 2003",Cleveland Rockers,59,Charlotte Sting,57,Box Score,2003,
"Fri, Aug 8, 2003",Los Angeles Sparks,67,Phoenix Mercury,64,Box Score,2003,
"Fri, Aug 15, 2003",Seattle Storm,50,Phoenix Mercury,64,Box Score,2003,
"Fri, Sep 12, 2003",Detroit Shock,63,Los Angeles Sparks,75,Box Score,2003,
"Thu, May 22, 2003",Seattle Storm,64,Houston Comets,75,Box Score,2003,
"Fri, Aug 15, 2003",Detroit Shock,63,Sacramento Monarchs,75,Box Score,2003,
"Thu, Jul 24, 2003",Indiana Fever,80,Washington Mystics,75,Box Score,2003,
"Sat, Jun 28, 2003",San Antonio Silver Stars,49,Houston Comets,64,Box Score,2003,
"Wed, Jun 25, 2003",Cleveland Rockers,50,Charlotte Sting,61,Box Score,2003,
"Sun, Aug 24, 2003",New York Liberty,59,Charlotte Sting,61,Box Score,2003,
"Wed, Jun 18, 2003",Sacramento Monarchs,69,Washington Mystics,61,Box Score,2003,
"Thu, Aug 7, 2003",Sacramento Monarchs,86,San Antonio Silver Stars,61,Box Score,2003,
"Fri, May 30, 2003",Phoenix Mercury,49,Sacramento Monarchs,69,Box Score,2003,
"Tue, Jun 3, 2003",Phoenix Mercury,51,Houston Comets,66,Box Score,2003,
"Thu, May 29, 2003",Indiana Fever,57,Charlotte Sting,66,Box Score,2003,
"Mon, Sep 8, 2003",Sacramento Monarchs,63,Los Angeles Sparks,66,Box Score,2003,
"Tue, Jul 8, 2003",Connecticut Sun,50,Detroit Shock,66,Box Score,2003,
"Tue, Jul 29, 2003",New York Liberty,59,Phoenix Mercury,66,Box Score,2003,
"Sat, Jun 21, 2003",Indiana Fever,58,Minnesota Lynx,66,Box Score,2003,
"Sat, Jun 7, 2003",Los Angeles Sparks,79,Sacramento Monarchs,61,Box Score,2003,
"Tue, Jul 1, 2003",Minnesota Lynx,69,Houston Comets,71,Box Score,2003,
"Sat, Jul 5, 2003",Cleveland Rockers,79,Minnesota Lynx,71,Box Score,2003,
"Sat, Aug 16, 2003",Connecticut Sun,84,New York Liberty,71,Box Score,2003,
"Thu, Aug 21, 2003",Cleveland Rockers,56,Detroit Shock,71,Box Score,2003,
"Sun, Jul 27, 2003",Washington Mystics,71,Detroit Shock,81,Box Score,2003,
"Fri, May 28, 2004",Seattle Storm,76,Phoenix Mercury,84,Box Score,2004,
"Wed, Jun 9, 2004",Charlotte Sting,68,Los Angeles Sparks,82,Box Score,2004,
"Tue, Jul 6, 2004",Houston Comets,63,Detroit Shock,82,Box Score,2004,
"Thu, May 27, 2004",Los Angeles Sparks,73,Connecticut Sun,82,Box Score,2004,
"Thu, Sep 2, 2004",San Antonio Silver Stars,64,Sacramento Monarchs,66,Box Score,2004,
"Fri, Sep 17, 2004",Charlotte Sting,65,San Antonio Silver Stars,82,Box Score,2004,
"Tue, Sep 14, 2004",New York Liberty,71,Detroit Shock,82,Box Score,2004,
"Sun, Aug 1, 2004",Phoenix Mercury,62,Washington Mystics,82,Box Score,2004,
"Tue, Oct 5, 2004",Sacramento Monarchs,62,Seattle Storm,82,Box Score,2004,
"Mon, Jul 19, 2004",Indiana Fever,51,Los Angeles Sparks,82,Box Score,2004,
"Fri, Sep 3, 2004",Seattle Storm,81,Los Angeles Sparks,82,Box Score,2004,
"Sun, Jul 18, 2004",Washington Mystics,71,Sacramento Monarchs,81,Box Score,2004,
"Thu, Sep 9, 2004",Detroit Shock,63,Los Angeles Sparks,81,Box Score,2004,
"Wed, May 26, 2004",Detroit Shock,52,New York Liberty,64,Box Score,2004,
"Mon, Sep 27, 2004",Minnesota Lynx,54,Seattle Storm,64,Box Score,2004,
"Wed, Sep 1, 2004",Minnesota Lynx,72,Houston Comets,64,Box Score,2004,
"Sat, Jul 17, 2004",Washington Mystics,83,Seattle Storm,85,Box Score,2004,
"Thu, Jun 3, 2004",Phoenix Mercury,45,Seattle Storm,72,Box Score,2004,
"Sat, Jul 17, 2004",Connecticut Sun,56,Houston Comets,72,Box Score,2004,
"Thu, Jun 24, 2004",New York Liberty,60,Phoenix Mercury,72,Box Score,2004,
"Sun, Sep 19, 2004",Minnesota Lynx,63,Sacramento Monarchs,72,Box Score,2004,
"Sat, Jun 26, 2004",San Antonio Silver Stars,80,Phoenix Mercury,72,Box Score,2004,
"Sat, May 22, 2004",Los Angeles Sparks,67,Seattle Storm,93,Box Score,2004,
"Fri, Jul 30, 2004",New York Liberty,79,Detroit Shock,88,Box Score,2004,
"Sun, May 30, 2004",New York Liberty,68,Minnesota Lynx,64,Box Score,2004,
"Fri, Sep 10, 2004",Seattle Storm,61,Minnesota Lynx,64,Box Score,2004,
"Sun, Sep 12, 2004",San Antonio Silver Stars,62,New York Liberty,64,Box Score,2004,
"Fri, Jul 16, 2004",Detroit Shock,73,Indiana Fever,85,Box Score,2004,
"Sat, Jun 26, 2004",Indiana Fever,37,Charlotte Sting,46,Box Score,2004,
"Sun, Jun 27, 2004",Washington Mystics,67,Houston Comets,72,Box Score,2004,
"Wed, Sep 8, 2004",Los Angeles Sparks,58,Phoenix Mercury,72,Box Score,2004,
"Fri, Sep 24, 2004",Los Angeles Sparks,52,Sacramento Monarchs,72,Box Score,2004,
"Tue, Jun 1, 2004",Seattle Storm,70,Los Angeles Sparks,73,Box Score,2004,
"Sun, Jun 6, 2004",Detroit Shock,74,Connecticut Sun,73,Box Score,2004,
"Tue, Jun 1, 2004",Houston Comets,63,Phoenix Mercury,73,Box Score,2004,
"Wed, Sep 15, 2004",Washington Mystics,84,San Antonio Silver Stars,73,Box Score,2004,
"Thu, Jul 1, 2004",New York Liberty,47,Sacramento Monarchs,73,Box Score,2004,
"Fri, May 28, 2004",Sacramento Monarchs,63,San Antonio Silver Stars,72,Box Score,2004,
"Sun, Jul 18, 2004",San Antonio Silver Stars,71,Detroit Shock,77,Box Score,2004,
"Thu, May 20, 2004",Minnesota Lynx,85,Seattle Storm,88,Box Score,2004,
"Thu, Jul 22, 2004",Minnesota Lynx,68,Connecticut Sun,52,Box Score,2004,
"Sat, Jun 5, 2004",New York Liberty,62,San Antonio Silver Stars,57,Box Score,2004,
"Tue, Jun 22, 2004",Houston Comets,63,Seattle Storm,57,Box Score,2004,
"Tue, May 25, 2004",Houston Comets,68,Connecticut Sun,57,Box Score,2004,
"Sun, Jul 11, 2004",Phoenix Mercury,69,New York Liberty,77,Box Score,2004,
"Thu, Sep 9, 2004",Houston Comets,72,San Antonio Silver Stars,77,Box Score,2004,
"Thu, Sep 16, 2004",Indiana Fever,71,New York Liberty,77,Box Score,2004,
"Wed, Sep 1, 2004",San Antonio Silver Stars,69,Los Angeles Sparks,77,Box Score,2004,
"Sun, Sep 12, 2004",Houston Comets,63,Washington Mystics,75,Box Score,2004,
"Sun, Jun 20, 2004",Washington Mystics,65,Connecticut Sun,75,Box Score,2004,
"Mon, Jul 12, 2004",San Antonio Silver Stars,59,Seattle Storm,75,Box Score,2004,
"Sat, Jun 5, 2004",Los Angeles Sparks,71,Houston Comets,75,Box Score,2004,
"Sun, Jul 18, 2004",Charlotte Sting,58,New York Liberty,75,Box Score,2004,
"Sat, Jul 3, 2004",Sacramento Monarchs,61,Seattle Storm,75,Box Score,2004,
"Sun, Jul 18, 2004",Minnesota Lynx,63,Phoenix Mercury,60,Box Score,2004,
"Wed, Jun 23, 2004",Detroit Shock,65,Charlotte Sting,60,Box Score,2004,
"Sat, Sep 11, 2004",Minnesota Lynx,50,Charlotte Sting,60,Box Score,2004,
"Fri, Jun 11, 2004",Detroit Shock,74,Washington Mystics,60,Box Score,2004,
"Tue, Jun 1, 2004",Indiana Fever,79,San Antonio Silver Stars,60,Box Score,2004,
"Sat, May 22, 2004",Detroit Shock,73,San Antonio Silver Stars,60,Box Score,2004,
"Sat, May 29, 2004",Los Angeles Sparks,63,Detroit Shock,60,Box Score,2004,
"Fri, May 21, 2004",New York Liberty,67,Indiana Fever,69,Box Score,2004,
"Tue, Jun 1, 2004",New York Liberty,63,Charlotte Sting,53,Box Score,2004,
"Wed, Jul 28, 2004",Charlotte Sting,63,Indiana Fever,53,Box Score,2004,
"Fri, May 21, 2004",Houston Comets,60,Charlotte Sting,53,Box Score,2004,
"Sun, Jun 20, 2004",Los Angeles Sparks,63,Charlotte Sting,68,Box Score,2004,
"Thu, Jul 15, 2004",Charlotte Sting,54,Washington Mystics,68,Box Score,2004,
"Thu, Jun 3, 2004",Los Angeles Sparks,51,Sacramento Monarchs,68,Box Score,2004,
"Fri, Jun 11, 2004",Connecticut Sun,63,Seattle Storm,68,Box Score,2004,
"Sun, May 30, 2004",Sacramento Monarchs,57,Houston Comets,63,Box Score,2004,
"Wed, Jun 16, 2004",Sacramento Monarchs,50,Indiana Fever,63,Box Score,2004,
"Sat, Sep 4, 2004",Seattle Storm,55,Phoenix Mercury,63,Box Score,2004,
"Thu, Jul 15, 2004",Seattle Storm,66,Sacramento Monarchs,63,Box Score,2004,
"Wed, Jun 2, 2004",Washington Mystics,65,Detroit Shock,63,Box Score,2004,
"Sun, Jun 27, 2004",Phoenix Mercury,57,Sacramento Monarchs,63,Box Score,2004,
"Sun, Oct 3, 2004",New York Liberty,57,Connecticut Sun,60,Box Score,2004,
"Fri, Sep 3, 2004",Phoenix Mercury,70,Houston Comets,60,Box Score,2004,
"Wed, Jun 9, 2004",Connecticut Sun,59,Phoenix Mercury,75,Box Score,2004,
"Sun, Sep 19, 2004",Indiana Fever,60,Connecticut Sun,80,Box Score,2004,
"Sat, Sep 18, 2004",Los Angeles Sparks,83,Seattle Storm,80,Box Score,2004,
"Mon, Sep 27, 2004",Washington Mystics,70,Connecticut Sun,80,Box Score,2004,
"Thu, Jul 29, 2004",Los Angeles Sparks,85,Sacramento Monarchs,80,Box Score,2004,
"Sat, Jul 31, 2004",Connecticut Sun,66,New York Liberty,80,Box Score,2004,
"Tue, Jul 27, 2004",Seattle Storm,55,Houston Comets,80,Box Score,2004,
"Sun, Aug 1, 2004",Charlotte Sting,55,Seattle Storm,87,Box Score,2004,
"Wed, Sep 15, 2004",Phoenix Mercury,58,Seattle Storm,73,Box Score,2004,
"Tue, Sep 14, 2004",Phoenix Mercury,60,Los Angeles Sparks,73,Box Score,2004,
"Sat, May 22, 2004",Charlotte Sting,71,Washington Mystics,68,Box Score,2004,
"Wed, May 26, 2004",Minnesota Lynx,44,San Antonio Silver Stars,56,Box Score,2004,
"Thu, Sep 2, 2004",Charlotte Sting,52,New York Liberty,56,Box Score,2004,
"Sat, Jul 10, 2004",Los Angeles Sparks,59,Houston Comets,56,Box Score,2004,
"Wed, Jul 21, 2004",Connecticut Sun,78,Detroit Shock,68,Box Score,2004,
"Sat, Jun 12, 2004",Indiana Fever,68,Detroit Shock,72,Box Score,2004,
"Wed, Jul 7, 2004",Seattle Storm,69,Washington Mystics,72,Box Score,2004,
"Sat, Sep 11, 2004",Detroit Shock,80,Phoenix Mercury,72,Box Score,2004,
"Tue, Jun 22, 2004",Washington Mystics,78,Detroit Shock,72,Box Score,2004,
"Fri, May 28, 2004",Washington Mystics,62,Minnesota Lynx,73,Box Score,2004,
"Wed, Jul 7, 2004",Phoenix Mercury,71,Los Angeles Sparks,73,Box Score,2004,
"Sun, Jun 27, 2004",Connecticut Sun,74,Detroit Shock,72,Box Score,2004,
"Tue, Jun 29, 2004",Indiana Fever,69,Detroit Shock,68,Box Score,2004,
"Sun, May 23, 2004",Houston Comets,62,New York Liberty,68,Box Score,2004,
"Fri, Jun 11, 2004",Indiana Fever,72,New York Liberty,68,Box Score,2004,
"Fri, Oct 8, 2004",Seattle Storm,64,Connecticut Sun,68,Box Score,2004,
"Sun, Sep 19, 2004",Charlotte Sting,54,Detroit Shock,68,Box Score,2004,
"Wed, Sep 8, 2004",Charlotte Sting,72,Minnesota Lynx,68,Box Score,2004,
"Sat, Sep 18, 2004",Houston Comets,48,Sacramento Monarchs,68,Box Score,2004,
"Sun, Sep 19, 2004",Washington Mystics,75,New York Liberty,79,Box Score,2004,
"Tue, Jul 6, 2004",Indiana Fever,77,Connecticut Sun,79,Box Score,2004,
"Wed, Jun 9, 2004",Detroit Shock,83,Indiana Fever,79,Box Score,2004,
"Tue, May 25, 2004",Los Angeles Sparks,95,Washington Mystics,79,Box Score,2004,
"Sun, May 23, 2004",Washington Mystics,68,Indiana Fever,67,Box Score,2004,
"Fri, Sep 17, 2004",Washington Mystics,74,Phoenix Mercury,67,Box Score,2004,
"Sun, Jun 27, 2004",Los Angeles Sparks,83,Minnesota Lynx,67,Box Score,2004,
"Sat, Sep 25, 2004",Connecticut Sun,59,Washington Mystics,67,Box Score,2004,
"Sun, Oct 10, 2004",Connecticut Sun,65,Seattle Storm,67,Box Score,2004,
"Tue, Jun 22, 2004",Minnesota Lynx,46,Phoenix Mercury,69,Box Score,2004,
"Thu, Jul 22, 2004",Phoenix Mercury,71,Sacramento Monarchs,69,Box Score,2004,
"Sat, Jul 24, 2004",Indiana Fever,56,Phoenix Mercury,71,Box Score,2004,
"Fri, Jun 25, 2004",Detroit Shock,67,Connecticut Sun,71,Box Score,2004,
"Thu, Jun 3, 2004",Charlotte Sting,62,Connecticut Sun,71,Box Score,2004,
"Fri, Jun 18, 2004",Seattle Storm,69,Houston Comets,63,Box Score,2004,
"Sat, Jun 5, 2004",Seattle Storm,65,Sacramento Monarchs,63,Box Score,2004,
"Wed, Sep 15, 2004",Connecticut Sun,81,Charlotte Sting,67,Box Score,2004,
"Sat, Jul 10, 2004",Washington Mystics,65,Charlotte Sting,67,Box Score,2004,
"Tue, Sep 7, 2004",Sacramento Monarchs,63,Washington Mystics,67,Box Score,2004,
"Sat, Jul 31, 2004",Los Angeles Sparks,79,San Antonio Silver Stars,67,Box Score,2004,
"Sat, Jul 24, 2004",Houston Comets,63,Seattle Storm,67,Box Score,2004,
"Tue, Jul 6, 2004",Sacramento Monarchs,66,New York Liberty,73,Box Score,2004,
"Fri, Sep 10, 2004",San Antonio Silver Stars,82,Indiana Fever,65,Box Score,2004,
"Wed, Sep 1, 2004",Sacramento Monarchs,73,Seattle Storm,65,Box Score,2004,
"Wed, Jul 28, 2004",Detroit Shock,73,Washington Mystics,65,Box Score,2004,
"Fri, Jul 23, 2004",Minnesota Lynx,61,Washington Mystics,65,Box Score,2004,
"Tue, Jun 29, 2004",Phoenix Mercury,77,San Antonio Silver Stars,65,Box Score,2004,
"Sun, Sep 12, 2004",Sacramento Monarchs,52,Los Angeles Sparks,65,Box Score,2004,
"Tue, Jun 22, 2004",Los Angeles Sparks,65,New York Liberty,49,Box Score,2004,
"Fri, Jul 23, 2004",Charlotte Sting,53,Detroit Shock,63,Box Score,2004,
"Fri, Jun 4, 2004",Connecticut Sun,72,Washington Mystics,63,Box Score,2004,
"Fri, May 28, 2004",Indiana Fever,41,Charlotte Sting,63,Box Score,2004,
"Tue, Oct 12, 2004",Connecticut Sun,60,Seattle Storm,74,Box Score,2004,
"Fri, Oct 1, 2004",Seattle Storm,72,Sacramento Monarchs,74,Box Score,2004,
"Tue, Jun 15, 2004",San Antonio Silver Stars,57,Charlotte Sting,59,Box Score,2004,
"Fri, Jul 30, 2004",Phoenix Mercury,68,San Antonio Silver Stars,59,Box Score,2004,
"Thu, Jul 22, 2004",Indiana Fever,54,Seattle Storm,59,Box Score,2004,
"Wed, Jul 21, 2004",San Antonio Silver Stars,55,Phoenix Mercury,87,Box Score,2004,
"Tue, Sep 28, 2004",Sacramento Monarchs,73,Los Angeles Sparks,58,Box Score,2004,
"Tue, Jun 22, 2004",Connecticut Sun,63,Indiana Fever,58,Box Score,2004,
"Wed, Sep 1, 2004",Indiana Fever,75,Washington Mystics,58,Box Score,2004,
"Sat, Sep 4, 2004",Detroit Shock,66,Charlotte Sting,58,Box Score,2004,
"Wed, Sep 1, 2004",Phoenix Mercury,63,Detroit Shock,58,Box Score,2004,
"Wed, Sep 8, 2004",Detroit Shock,67,Seattle Storm,86,Box Score,2004,
"Thu, Jun 17, 2004",Sacramento Monarchs,60,Minnesota Lynx,50,Box Score,2004,
"Sat, Sep 4, 2004",Washington Mystics,42,Indiana Fever,69,Box Score,2004,
"Sat, Jul 24, 2004",San Antonio Silver Stars,55,Connecticut Sun,69,Box Score,2004,
"Fri, Jun 11, 2004",Minnesota Lynx,55,Los Angeles Sparks,69,Box Score,2004,
"Thu, Jul 1, 2004",Indiana Fever,64,Washington Mystics,69,Box Score,2004,
"Fri, Jul 30, 2004",Connecticut Sun,68,Washington Mystics,69,Box Score,2004,
"Tue, Jun 29, 2004",New York Liberty,65,Los Angeles Sparks,69,Box Score,2004,
"Mon, Jun 14, 2004",Connecticut Sun,74,Los Angeles Sparks,76,Box Score,2004,
"Wed, Sep 29, 2004",Washington Mystics,56,Connecticut Sun,76,Box Score,2004,
"Sat, Jun 5, 2004",Phoenix Mercury,68,Minnesota Lynx,76,Box Score,2004,
"Sat, Jun 12, 2004",Connecticut Sun,83,Sacramento Monarchs,76,Box Score,2004,
"Thu, Jul 1, 2004",San Antonio Silver Stars,52,Seattle Storm,76,Box Score,2004,
"Thu, Jun 17, 2004",San Antonio Silver Stars,60,Washington Mystics,76,Box Score,2004,
"Sun, Aug 1, 2004",Minnesota Lynx,59,Detroit Shock,58,Box Score,2004,
"Wed, Jun 30, 2004",Houston Comets,50,Minnesota Lynx,58,Box Score,2004,
"Fri, Jun 18, 2004",Charlotte Sting,63,Connecticut Sun,58,Box Score,2004,
"Sat, Sep 25, 2004",Seattle Storm,70,Minnesota Lynx,58,Box Score,2004,
"Sat, May 22, 2004",Phoenix Mercury,65,Connecticut Sun,58,Box Score,2004,
"Fri, Jul 2, 2004",San Antonio Silver Stars,80,Los Angeles Sparks,87,Box Score,2004,
"Fri, Jun 11, 2004",Charlotte Sting,59,Phoenix Mercury,51,Box Score,2004,
"Fri, Oct 1, 2004",Connecticut Sun,61,New York Liberty,51,Box Score,2004,
"Fri, Jun 18, 2004",Los Angeles Sparks,76,Phoenix Mercury,74,Box Score,2004,
"Sat, Jun 19, 2004",Detroit Shock,84,Sacramento Monarchs,74,Box Score,2004,
"Thu, Sep 9, 2004",Sacramento Monarchs,69,Charlotte Sting,74,Box Score,2004,
"Tue, Jul 20, 2004",New York Liberty,80,Charlotte Sting,74,Box Score,2004,
"Mon, Jul 12, 2004",Sacramento Monarchs,67,Detroit Shock,51,Box Score,2004,
"Sun, Jul 11, 2004",Sacramento Monarchs,73,Minnesota Lynx,83,Box Score,2004,
"Thu, Jul 8, 2004",Minnesota Lynx,56,Indiana Fever,58,Box Score,2004,
"Wed, Jun 9, 2004",San Antonio Silver Stars,47,Houston Comets,59,Box Score,2004,
"Thu, Jul 1, 2004",Phoenix Mercury,71,Charlotte Sting,59,Box Score,2004,
"Sat, Jul 17, 2004",Sacramento Monarchs,79,Los Angeles Sparks,70,Box Score,2004,
"Sat, Jun 5, 2004",Charlotte Sting,57,Indiana Fever,70,Box Score,2004,
"Sat, Jun 19, 2004",New York Liberty,65,Indiana Fever,70,Box Score,2004,
"Fri, Jul 23, 2004",Houston Comets,67,Los Angeles Sparks,70,Box Score,2004,
"Thu, Jun 3, 2004",San Antonio Silver Stars,47,Minnesota Lynx,55,Box Score,2004,
"Wed, Jul 21, 2004",Washington Mystics,76,Los Angeles Sparks,96,Box Score,2004,
"Thu, May 20, 2004",Sacramento Monarchs,72,Phoenix Mercury,66,Box Score,2004,
"Fri, Sep 17, 2004",Minnesota Lynx,78,Los Angeles Sparks,66,Box Score,2004,
"Sat, Jun 19, 2004",Houston Comets,58,Minnesota Lynx,66,Box Score,2004,
"Wed, Jul 14, 2004",Connecticut Sun,63,Minnesota Lynx,66,Box Score,2004,
"Thu, Jul 15, 2004",Minnesota Lynx,69,New York Liberty,66,Box Score,2004,
"Sun, Oct 3, 2004",Sacramento Monarchs,54,Seattle Storm,66,Box Score,2004,
"Wed, Jul 28, 2004",San Antonio Silver Stars,53,Minnesota Lynx,66,Box Score,2004,
"Sun, Sep 26, 2004",Detroit Shock,76,New York Liberty,66,Box Score,2004,
"Fri, Sep 10, 2004",Connecticut Sun,77,New York Liberty,66,Box Score,2004,
"Tue, Sep 28, 2004",Detroit Shock,64,New York Liberty,66,Box Score,2004,
"Fri, Sep 3, 2004",New York Liberty,43,Connecticut Sun,61,Box Score,2004,
"Sun, Jul 11, 2004",Connecticut Sun,65,Indiana Fever,61,Box Score,2004,
"Sat, May 22, 2004",Minnesota Lynx,69,Sacramento Monarchs,61,Box Score,2004,
"Sat, Jul 3, 2004",Phoenix Mercury,60,Indiana Fever,61,Box Score,2004,
"Fri, Jul 9, 2004",Phoenix Mercury,59,Minnesota Lynx,61,Box Score,2004,
"Fri, Jun 25, 2004",Houston Comets,55,Sacramento Monarchs,61,Box Score,2004,
"Fri, Jul 9, 2004",Los Angeles Sparks,66,San Antonio Silver Stars,61,Box Score,2004,
"Fri, Sep 3, 2004",Indiana Fever,69,Minnesota Lynx,61,Box Score,2004,
"Thu, May 20, 2004",San Antonio Silver Stars,64,Houston Comets,55,Box Score,2004,
"Fri, Jul 30, 2004",Seattle Storm,70,Minnesota Lynx,55,Box Score,2004,
"Sat, Jul 3, 2004",Charlotte Sting,62,Houston Comets,55,Box Score,2004,
"Wed, Jun 30, 2004",Washington Mystics,69,Connecticut Sun,78,Box Score,2004,
"Sat, Jul 3, 2004",Detroit Shock,70,Minnesota Lynx,78,Box Score,2004,
"Sun, Sep 19, 2004",Houston Comets,64,Phoenix Mercury,78,Box Score,2004,
"Sat, Jul 24, 2004",Detroit Shock,69,New York Liberty,78,Box Score,2004,
"Sun, Sep 12, 2004",Seattle Storm,64,Connecticut Sun,71,Box Score,2004,
"Sun, Sep 26, 2004",Sacramento Monarchs,57,Los Angeles Sparks,71,Box Score,2004,
"Sun, Jul 25, 2004",Indiana Fever,62,Sacramento Monarchs,71,Box Score,2004,
"Thu, Sep 9, 2004",New York Liberty,59,Washington Mystics,71,Box Score,2004,
"Fri, Jun 25, 2004",Los Angeles Sparks,67,Indiana Fever,71,Box Score,2004,
"Thu, Jul 15, 2004",Detroit Shock,61,Houston Comets,97,Box Score,2004,
"Thu, Jul 15, 2004",Connecticut Sun,67,San Antonio Silver Stars,78,Box Score,2004,
"Sat, Jun 19, 2004",Seattle Storm,74,San Antonio Silver Stars,61,Box Score,2004,
"Thu, Jun 3, 2004",New York Liberty,71,Houston Comets,62,Box Score,2004,
"Tue, Jun 15, 2004",Seattle Storm,86,New York Liberty,62,Box Score,2004,
"Thu, Jul 8, 2004",Washington Mystics,71,New York Liberty,54,Box Score,2004,
"Sat, Jul 31, 2004",Indiana Fever,54,Houston Comets,62,Box Score,2004,
"Thu, Sep 16, 2004",Sacramento Monarchs,71,Houston Comets,62,Box Score,2004,
"Sat, Jun 26, 2004",New York Liberty,67,Seattle Storm,62,Box Score,2004,
"Wed, Sep 1, 2004",Connecticut Sun,55,Charlotte Sting,62,Box Score,2004,
"Fri, Sep 24, 2004",New York Liberty,75,Detroit Shock,62,Box Score,2004,
"Sun, Jun 13, 2004",New York Liberty,60,Washington Mystics,62,Box Score,2004,
"Sat, Jul 31, 2004",Charlotte Sting,61,Sacramento Monarchs,62,Box Score,2004,
"Wed, Jul 14, 2004",Houston Comets,62,Indiana Fever,70,Box Score,2004,
"Thu, Jun 24, 2004",Minnesota Lynx,57,San Antonio Silver Stars,70,Box Score,2004,
"Mon, Sep 13, 2004",Seattle Storm,76,Indiana Fever,70,Box Score,2004,
"Sat, Jul 24, 2004",Washington Mystics,41,Charlotte Sting,70,Box Score,2004,
"Thu, Jul 8, 2004",Seattle Storm,67,Charlotte Sting,70,Box Score,2004,
"Fri, Jul 9, 2004",Sacramento Monarchs,85,Connecticut Sun,70,Box Score,2004,
"Sat, Sep 4, 2004",Sacramento Monarchs,80,San Antonio Silver Stars,70,Box Score,2004,
"Tue, Sep 14, 2004",Minnesota Lynx,59,Houston Comets,70,Box Score,2004,
"Sat, Jul 10, 2004",Seattle Storm,65,Detroit Shock,70,Box Score,2004,
"Fri, Sep 17, 2004",New York Liberty,69,Connecticut Sun,66,Box Score,2004,
"Sat, Jun 12, 2004",Houston Comets,69,San Antonio Silver Stars,66,Box Score,2004,
"Fri, Sep 2, 2005",Los Angeles Sparks,63,Sacramento Monarchs,81,Box Score,2005,
"Fri, Aug 26, 2005",Washington Mystics,47,Connecticut Sun,81,Box Score,2005,
"Tue, May 31, 2005",San Antonio Silver Stars,70,Los Angeles Sparks,81,Box Score,2005,
"Thu, Jun 30, 2005",Seattle Storm,69,San Antonio Silver Stars,81,Box Score,2005,
"Tue, Jun 7, 2005",Seattle Storm,69,Connecticut Sun,81,Box Score,2005,
"Sat, Jun 11, 2005",Sacramento Monarchs,74,Los Angeles Sparks,81,Box Score,2005,
"Wed, Jun 15, 2005",Minnesota Lynx,86,Seattle Storm,81,Box Score,2005,
"Fri, Jul 15, 2005",San Antonio Silver Stars,70,Seattle Storm,92,Box Score,2005,
"Mon, Jun 13, 2005",Houston Comets,68,Sacramento Monarchs,74,Box Score,2005,
"Sat, Jul 23, 2005",Detroit Shock,71,Seattle Storm,74,Box Score,2005,
"Wed, Aug 10, 2005",Los Angeles Sparks,69,New York Liberty,74,Box Score,2005,
"Tue, May 24, 2005",San Antonio Silver Stars,65,Detroit Shock,74,Box Score,2005,
"Tue, Jul 26, 2005",Minnesota Lynx,71,San Antonio Silver Stars,78,Box Score,2005,
"Sat, May 21, 2005",Connecticut Sun,67,Detroit Shock,78,Box Score,2005,
"Sat, Jun 11, 2005",Washington Mystics,60,Minnesota Lynx,78,Box Score,2005,
"Thu, Aug 4, 2005",Seattle Storm,68,Indiana Fever,78,Box Score,2005,
"Sat, Aug 20, 2005",Charlotte Sting,53,Indiana Fever,62,Box Score,2005,
"Thu, Jul 7, 2005",Detroit Shock,76,Washington Mystics,62,Box Score,2005,
"Sat, Jun 25, 2005",San Antonio Silver Stars,44,Houston Comets,62,Box Score,2005,
"Tue, Aug 2, 2005",Detroit Shock,61,Houston Comets,62,Box Score,2005,
"Tue, Sep 20, 2005",Connecticut Sun,59,Sacramento Monarchs,62,Box Score,2005,
"Fri, Jun 10, 2005",New York Liberty,59,Indiana Fever,62,Box Score,2005,
"Thu, Jun 30, 2005",Minnesota Lynx,56,Connecticut Sun,71,Box Score,2005,
"Tue, Jun 7, 2005",Washington Mystics,62,San Antonio Silver Stars,71,Box Score,2005,
"Wed, Jul 13, 2005",Detroit Shock,61,Minnesota Lynx,71,Box Score,2005,
"Wed, Aug 31, 2005",Connecticut Sun,73,Detroit Shock,62,Box Score,2005,
"Fri, Jul 29, 2005",Washington Mystics,58,Indiana Fever,62,Box Score,2005,
"Sat, Sep 10, 2005",Houston Comets,65,Sacramento Monarchs,74,Box Score,2005,
"Tue, Aug 23, 2005",Minnesota Lynx,63,Los Angeles Sparks,74,Box Score,2005,
"Thu, Sep 8, 2005",Sacramento Monarchs,73,Houston Comets,69,Box Score,2005,
"Tue, Jul 5, 2005",Phoenix Mercury,76,San Antonio Silver Stars,69,Box Score,2005,
"Sat, Jun 18, 2005",Houston Comets,75,San Antonio Silver Stars,69,Box Score,2005,
"Wed, Jul 27, 2005",Houston Comets,71,New York Liberty,69,Box Score,2005,
"Sat, Aug 13, 2005",Indiana Fever,59,Los Angeles Sparks,69,Box Score,2005,
"Thu, Jun 2, 2005",Charlotte Sting,62,San Antonio Silver Stars,69,Box Score,2005,
"Fri, Jun 10, 2005",Charlotte Sting,55,Detroit Shock,69,Box Score,2005,
"Tue, Jul 12, 2005",Charlotte Sting,59,Los Angeles Sparks,71,Box Score,2005,
"Sun, Jun 5, 2005",Washington Mystics,58,New York Liberty,61,Box Score,2005,
"Wed, Jun 8, 2005",Seattle Storm,76,Detroit Shock,61,Box Score,2005,
"Tue, Jun 28, 2005",Washington Mystics,66,Charlotte Sting,61,Box Score,2005,
"Wed, Jun 1, 2005",Sacramento Monarchs,60,Indiana Fever,61,Box Score,2005,
"Sun, Aug 7, 2005",Indiana Fever,60,Washington Mystics,61,Box Score,2005,
"Fri, Aug 12, 2005",New York Liberty,82,Charlotte Sting,74,Box Score,2005,
"Fri, Aug 19, 2005",Detroit Shock,67,Los Angeles Sparks,74,Box Score,2005,
"Sun, Jul 3, 2005",Sacramento Monarchs,67,Seattle Storm,74,Box Score,2005,
"Fri, Jun 3, 2005",Minnesota Lynx,71,Washington Mystics,74,Box Score,2005,
"Sun, Aug 14, 2005",Indiana Fever,62,Phoenix Mercury,56,Box Score,2005,
"Tue, Aug 23, 2005",Detroit Shock,49,Charlotte Sting,56,Box Score,2005,
"Tue, Jul 19, 2005",Washington Mystics,74,Los Angeles Sparks,68,Box Score,2005,
"Sun, May 22, 2005",Charlotte Sting,58,Indiana Fever,68,Box Score,2005,
"Wed, May 25, 2005",Los Angeles Sparks,65,Minnesota Lynx,68,Box Score,2005,
"Fri, Jun 3, 2005",New York Liberty,66,Detroit Shock,68,Box Score,2005,
"Sun, Jul 17, 2005",Connecticut Sun,72,Minnesota Lynx,53,Box Score,2005,
"Sat, Jun 25, 2005",Connecticut Sun,77,Phoenix Mercury,69,Box Score,2005,
"Sat, Jul 2, 2005",New York Liberty,57,San Antonio Silver Stars,69,Box Score,2005,
"Sat, Jun 18, 2005",Minnesota Lynx,56,Los Angeles Sparks,69,Box Score,2005,
"Sat, Aug 27, 2005",Connecticut Sun,78,Charlotte Sting,69,Box Score,2005,
"Sat, Jun 11, 2005",Connecticut Sun,78,San Antonio Silver Stars,69,Box Score,2005,
"Wed, Jun 1, 2005",New York Liberty,77,Washington Mystics,68,Box Score,2005,
"Thu, Sep 8, 2005",Connecticut Sun,73,Indiana Fever,68,Box Score,2005,
"Tue, Jul 26, 2005",Indiana Fever,55,Connecticut Sun,68,Box Score,2005,
"Fri, Jun 10, 2005",Connecticut Sun,77,Houston Comets,57,Box Score,2005,
"Fri, Jun 24, 2005",Minnesota Lynx,55,Indiana Fever,57,Box Score,2005,
"Thu, Jun 16, 2005",Indiana Fever,60,Charlotte Sting,57,Box Score,2005,
"Tue, Aug 2, 2005",Sacramento Monarchs,67,San Antonio Silver Stars,57,Box Score,2005,
"Sun, Jun 26, 2005",Sacramento Monarchs,62,Washington Mystics,57,Box Score,2005,
"Sat, Aug 27, 2005",Sacramento Monarchs,61,Minnesota Lynx,52,Box Score,2005,
"Tue, Aug 23, 2005",Indiana Fever,69,Connecticut Sun,63,Box Score,2005,
"Fri, Jul 1, 2005",Sacramento Monarchs,80,Detroit Shock,63,Box Score,2005,
"Tue, Aug 16, 2005",Sacramento Monarchs,72,Los Angeles Sparks,63,Box Score,2005,
"Sat, Jul 30, 2005",San Antonio Silver Stars,68,Houston Comets,63,Box Score,2005,
"Fri, Jul 22, 2005",New York Liberty,73,Sacramento Monarchs,63,Box Score,2005,
"Tue, Jun 28, 2005",Seattle Storm,67,Houston Comets,71,Box Score,2005,
"Tue, Aug 9, 2005",Charlotte Sting,64,Detroit Shock,71,Box Score,2005,
"Tue, Aug 9, 2005",Houston Comets,68,Seattle Storm,71,Box Score,2005,
"Wed, Jul 13, 2005",Washington Mystics,78,Seattle Storm,71,Box Score,2005,
"Sun, May 22, 2005",Detroit Shock,78,New York Liberty,71,Box Score,2005,
"Sat, Jul 2, 2005",Charlotte Sting,65,Houston Comets,75,Box Score,2005,
"Wed, Jun 22, 2005",Phoenix Mercury,59,Minnesota Lynx,75,Box Score,2005,
"Fri, Sep 2, 2005",Detroit Shock,67,Connecticut Sun,75,Box Score,2005,
"Sat, Aug 27, 2005",New York Liberty,50,Indiana Fever,75,Box Score,2005,
"Sat, Jun 18, 2005",Indiana Fever,78,Washington Mystics,88,Box Score,2005,
"Sat, May 21, 2005",Washington Mystics,60,Charlotte Sting,42,Box Score,2005,
"Sun, Jun 12, 2005",Seattle Storm,62,Charlotte Sting,60,Box Score,2005,
"Fri, Jul 15, 2005",Minnesota Lynx,64,New York Liberty,60,Box Score,2005,
"Tue, Jun 28, 2005",San Antonio Silver Stars,53,Minnesota Lynx,63,Box Score,2005,
"Fri, Aug 5, 2005",Los Angeles Sparks,66,San Antonio Silver Stars,63,Box Score,2005,
"Wed, Jun 8, 2005",Phoenix Mercury,66,Los Angeles Sparks,63,Box Score,2005,
"Thu, Jul 7, 2005",Houston Comets,65,Indiana Fever,63,Box Score,2005,
"Tue, Aug 16, 2005",Houston Comets,62,Minnesota Lynx,73,Box Score,2005,
"Thu, Jul 28, 2005",San Antonio Silver Stars,58,Washington Mystics,73,Box Score,2005,
"Fri, Aug 19, 2005",San Antonio Silver Stars,57,Phoenix Mercury,91,Box Score,2005,
"Tue, Aug 9, 2005",Los Angeles Sparks,51,Connecticut Sun,64,Box Score,2005,
"Tue, Jul 26, 2005",Charlotte Sting,54,Sacramento Monarchs,64,Box Score,2005,
"Thu, Sep 1, 2005",Houston Comets,67,Seattle Storm,64,Box Score,2005,
"Fri, Jun 10, 2005",Seattle Storm,52,Washington Mystics,64,Box Score,2005,
"Thu, Aug 18, 2005",San Antonio Silver Stars,57,Sacramento Monarchs,64,Box Score,2005,
"Wed, Jul 13, 2005",Connecticut Sun,53,Indiana Fever,64,Box Score,2005,
"Tue, Jun 21, 2005",San Antonio Silver Stars,59,New York Liberty,77,Box Score,2005,
"Sun, Jul 31, 2005",Los Angeles Sparks,72,Seattle Storm,77,Box Score,2005,
"Fri, Jul 15, 2005",Washington Mystics,66,Phoenix Mercury,77,Box Score,2005,
"Sat, Aug 6, 2005",Detroit Shock,73,Charlotte Sting,82,Box Score,2005,
"Tue, Aug 23, 2005",New York Liberty,69,Washington Mystics,82,Box Score,2005,
"Sat, May 28, 2005",Phoenix Mercury,68,Connecticut Sun,85,Box Score,2005,
"Sat, Aug 27, 2005",Phoenix Mercury,74,Seattle Storm,85,Box Score,2005,
"Sun, Aug 14, 2005",Seattle Storm,72,Houston Comets,75,Box Score,2005,
"Thu, May 26, 2005",Los Angeles Sparks,84,Washington Mystics,75,Box Score,2005,
"Sat, Aug 20, 2005",Seattle Storm,65,Sacramento Monarchs,75,Box Score,2005,
"Sat, Jul 16, 2005",Washington Mystics,59,Sacramento Monarchs,73,Box Score,2005,
"Sun, Aug 14, 2005",Charlotte Sting,65,New York Liberty,73,Box Score,2005,
"Sun, Jun 26, 2005",Seattle Storm,70,Minnesota Lynx,73,Box Score,2005,
"Wed, Jul 6, 2005",Seattle Storm,61,Phoenix Mercury,73,Box Score,2005,
"Sat, Jun 4, 2005",Charlotte Sting,67,Minnesota Lynx,73,Box Score,2005,
"Fri, Jul 22, 2005",Charlotte Sting,63,Connecticut Sun,73,Box Score,2005,
"Sun, Jun 12, 2005",Detroit Shock,69,New York Liberty,72,Box Score,2005,
"Sun, Aug 7, 2005",New York Liberty,67,Detroit Shock,72,Box Score,2005,
"Sat, May 21, 2005",Sacramento Monarchs,77,Phoenix Mercury,72,Box Score,2005,
"Wed, Jun 22, 2005",Connecticut Sun,86,Seattle Storm,95,Box Score,2005,
"Thu, Aug 18, 2005",Phoenix Mercury,66,Houston Comets,77,Box Score,2005,
"Sat, Jul 23, 2005",Indiana Fever,63,Charlotte Sting,46,Box Score,2005,
"Sun, Jul 24, 2005",New York Liberty,59,Minnesota Lynx,47,Box Score,2005,
"Tue, Jul 26, 2005",Los Angeles Sparks,60,Phoenix Mercury,77,Box Score,2005,
"Tue, Jun 21, 2005",Phoenix Mercury,56,Washington Mystics,77,Box Score,2005,
"Sat, Aug 27, 2005",Los Angeles Sparks,51,Houston Comets,77,Box Score,2005,
"Sat, Sep 10, 2005",Indiana Fever,67,Connecticut Sun,77,Box Score,2005,
"Thu, Sep 15, 2005",Sacramento Monarchs,70,Connecticut Sun,77,Box Score,2005,
"Thu, Jul 28, 2005",New York Liberty,70,Connecticut Sun,73,Box Score,2005,
"Sat, Jun 18, 2005",Detroit Shock,63,Connecticut Sun,73,Box Score,2005,
"Fri, Jun 10, 2005",Phoenix Mercury,61,Sacramento Monarchs,73,Box Score,2005,
"Tue, Jul 19, 2005",New York Liberty,78,Seattle Storm,87,Box Score,2005,
"Thu, Jul 7, 2005",Connecticut Sun,79,New York Liberty,89,Box Score,2005,
"Tue, Jul 26, 2005",Houston Comets,83,Washington Mystics,65,Box Score,2005,
"Fri, Jul 29, 2005",Los Angeles Sparks,59,Sacramento Monarchs,79,Box Score,2005,
"Sun, Jun 26, 2005",Los Angeles Sparks,73,Detroit Shock,79,Box Score,2005,
"Fri, Jul 29, 2005",Charlotte Sting,68,Seattle Storm,79,Box Score,2005,
"Sat, Aug 6, 2005",Seattle Storm,67,New York Liberty,79,Box Score,2005,
"Fri, May 27, 2005",Houston Comets,69,Seattle Storm,79,Box Score,2005,
"Thu, Aug 25, 2005",Houston Comets,80,Phoenix Mercury,72,Box Score,2005,
"Sun, Jul 24, 2005",Detroit Shock,51,Sacramento Monarchs,91,Box Score,2005,
"Thu, Aug 18, 2005",Washington Mystics,57,Indiana Fever,67,Box Score,2005,
"Sun, Jul 31, 2005",Indiana Fever,53,New York Liberty,67,Box Score,2005,
"Thu, Jun 2, 2005",Seattle Storm,78,Phoenix Mercury,67,Box Score,2005,
"Tue, Aug 30, 2005",Seattle Storm,75,Houston Comets,67,Box Score,2005,
"Fri, May 27, 2005",Sacramento Monarchs,71,San Antonio Silver Stars,67,Box Score,2005,
"Fri, Aug 26, 2005",Los Angeles Sparks,70,San Antonio Silver Stars,67,Box Score,2005,
"Thu, Jul 21, 2005",Washington Mystics,70,Houston Comets,65,Box Score,2005,
"Tue, Aug 2, 2005",Charlotte Sting,63,Washington Mystics,65,Box Score,2005,
"Sat, Jun 18, 2005",Phoenix Mercury,54,New York Liberty,65,Box Score,2005,
"Tue, Jun 7, 2005",Indiana Fever,51,Sacramento Monarchs,65,Box Score,2005,
"Wed, Sep 14, 2005",Sacramento Monarchs,69,Connecticut Sun,65,Box Score,2005,
"Thu, Aug 11, 2005",Minnesota Lynx,66,Detroit Shock,72,Box Score,2005,
"Thu, Jul 14, 2005",San Antonio Silver Stars,61,Sacramento Monarchs,72,Box Score,2005,
"Wed, Aug 31, 2005",Sacramento Monarchs,75,Los Angeles Sparks,72,Box Score,2005,
"Tue, Aug 16, 2005",Washington Mystics,66,New York Liberty,72,Box Score,2005,
"Sat, Jun 25, 2005",New York Liberty,61,Charlotte Sting,67,Box Score,2005,
"Fri, Jun 17, 2005",Minnesota Lynx,50,Sacramento Monarchs,67,Box Score,2005,
"Sun, May 22, 2005",Connecticut Sun,69,Washington Mystics,67,Box Score,2005,
"Sun, Jul 31, 2005",Minnesota Lynx,54,Sacramento Monarchs,67,Box Score,2005,
"Tue, Aug 23, 2005",Seattle Storm,78,San Antonio Silver Stars,51,Box Score,2005,
"Tue, Aug 30, 2005",Indiana Fever,63,New York Liberty,51,Box Score,2005,
"Tue, Aug 16, 2005",Detroit Shock,51,Phoenix Mercury,58,Box Score,2005,
"Thu, Sep 1, 2005",New York Liberty,50,Indiana Fever,58,Box Score,2005,
"Sat, Aug 20, 2005",New York Liberty,64,Connecticut Sun,58,Box Score,2005,
"Thu, Aug 11, 2005",Connecticut Sun,80,Washington Mystics,65,Box Score,2005,
"Sat, Aug 6, 2005",Connecticut Sun,74,Indiana Fever,65,Box Score,2005,
"Tue, Aug 2, 2005",Connecticut Sun,72,New York Liberty,65,Box Score,2005,
"Thu, Jun 30, 2005",Charlotte Sting,50,Washington Mystics,65,Box Score,2005,
"Tue, Jul 12, 2005",New York Liberty,68,Houston Comets,65,Box Score,2005,
"Fri, Jul 29, 2005",Phoenix Mercury,69,Minnesota Lynx,65,Box Score,2005,
"Tue, Jun 28, 2005",Los Angeles Sparks,61,Indiana Fever,58,Box Score,2005,
"Thu, Aug 4, 2005",Sacramento Monarchs,76,Charlotte Sting,58,Box Score,2005,
"Tue, Jul 19, 2005",Sacramento Monarchs,54,Houston Comets,58,Box Score,2005,
"Sat, Sep 3, 2005",Houston Comets,75,Seattle Storm,58,Box Score,2005,
"Tue, Jun 7, 2005",Minnesota Lynx,62,Houston Comets,58,Box Score,2005,
"Sun, Jul 17, 2005",Indiana Fever,59,Detroit Shock,58,Box Score,2005,
"Thu, May 26, 2005",Phoenix Mercury,68,Charlotte Sting,58,Box Score,2005,
"Sat, Jun 4, 2005",Indiana Fever,77,Seattle Storm,83,Box Score,2005,
"Sun, Aug 21, 2005",Minnesota Lynx,69,Phoenix Mercury,83,Box Score,2005,
"Wed, Jun 15, 2005",Houston Comets,64,Los Angeles Sparks,83,Box Score,2005,
"Tue, May 24, 2005",Phoenix Mercury,76,Indiana Fever,83,Box Score,2005,
"Sun, May 29, 2005",San Antonio Silver Stars,51,Seattle Storm,79,Box Score,2005,
"Sat, Jul 23, 2005",Phoenix Mercury,66,San Antonio Silver Stars,49,Box Score,2005,
"Thu, Jun 23, 2005",San Antonio Silver Stars,64,Charlotte Sting,49,Box Score,2005,
"Fri, Aug 5, 2005",Houston Comets,75,Phoenix Mercury,80,Box Score,2005,
"Sun, Aug 14, 2005",Washington Mystics,77,Connecticut Sun,80,Box Score,2005,
"Sat, Jun 4, 2005",San Antonio Silver Stars,69,Connecticut Sun,80,Box Score,2005,
"Tue, Jul 5, 2005",Houston Comets,75,Detroit Shock,66,Box Score,2005,
"Thu, Jul 21, 2005",San Antonio Silver Stars,53,Indiana Fever,66,Box Score,2005,
"Sun, May 29, 2005",Sacramento Monarchs,67,Minnesota Lynx,66,Box Score,2005,
"Sat, Jul 30, 2005",Detroit Shock,75,Connecticut Sun,66,Box Score,2005,
"Thu, Jul 7, 2005",Minnesota Lynx,58,Charlotte Sting,66,Box Score,2005,
"Sun, Aug 21, 2005",Washington Mystics,52,Detroit Shock,66,Box Score,2005,
"Sun, Jul 31, 2005",Phoenix Mercury,63,Detroit Shock,66,Box Score,2005,
"Wed, Jul 20, 2005",Connecticut Sun,57,Detroit Shock,66,Box Score,2005,
"Thu, Aug 25, 2005",Charlotte Sting,78,New York Liberty,66,Box Score,2005,
"Sun, May 29, 2005",Indiana Fever,78,Houston Comets,86,Box Score,2005,
"Thu, May 26, 2005",Indiana Fever,67,New York Liberty,59,Box Score,2005,
"Sat, Jun 4, 2005",Phoenix Mercury,57,Houston Comets,59,Box Score,2005,
"Sat, Aug 13, 2005",Detroit Shock,60,San Antonio Silver Stars,59,Box Score,2005,
"Sat, Jul 23, 2005",Los Angeles Sparks,69,Houston Comets,59,Box Score,2005,
"Sun, May 22, 2005",Minnesota Lynx,65,Houston Comets,79,Box Score,2005,
"Wed, Aug 3, 2005",Minnesota Lynx,64,Phoenix Mercury,70,Box Score,2005,
"Fri, Aug 12, 2005",Seattle Storm,72,Minnesota Lynx,66,Box Score,2005,
"Sun, Sep 18, 2005",Connecticut Sun,55,Sacramento Monarchs,66,Box Score,2005,
"Tue, Jul 19, 2005",Indiana Fever,45,Minnesota Lynx,66,Box Score,2005,
"Sat, May 21, 2005",Houston Comets,78,San Antonio Silver Stars,70,Box Score,2005,
"Tue, Aug 23, 2005",Phoenix Mercury,70,Sacramento Monarchs,76,Box Score,2005,
"Tue, Aug 9, 2005",San Antonio Silver Stars,72,Minnesota Lynx,76,Box Score,2005,
"Fri, Aug 12, 2005",Sacramento Monarchs,62,Phoenix Mercury,76,Box Score,2005,
"Sat, Aug 27, 2005",Detroit Shock,67,Washington Mystics,76,Box Score,2005,
"Thu, Aug 25, 2005",Sacramento Monarchs,63,Seattle Storm,76,Box Score,2005,
"Fri, Jun 24, 2005",Seattle Storm,65,Los Angeles Sparks,76,Box Score,2005,
"Sat, May 21, 2005",Los Angeles Sparks,68,Seattle Storm,50,Box Score,2005,
"Fri, Jun 24, 2005",Connecticut Sun,61,Sacramento Monarchs,50,Box Score,2005,
"Thu, Jun 30, 2005",Sacramento Monarchs,61,New York Liberty,50,Box Score,2005,
"Thu, Aug 11, 2005",Indiana Fever,57,San Antonio Silver Stars,50,Box Score,2005,
"Sat, Jul 2, 2005",Phoenix Mercury,63,Los Angeles Sparks,86,Box Score,2005,
"Wed, Jun 15, 2005",San Antonio Silver Stars,62,Phoenix Mercury,76,Box Score,2005,
"Sun, Aug 7, 2005",Los Angeles Sparks,72,Minnesota Lynx,76,Box Score,2005,
"Thu, Aug 18, 2005",Minnesota Lynx,60,Seattle Storm,76,Box Score,2005,
"Mon, Jun 20, 2005",Connecticut Sun,90,Los Angeles Sparks,70,Box Score,2005,
"Sat, Jul 16, 2005",Seattle Storm,78,Los Angeles Sparks,70,Box Score,2005,
"Tue, Jun 28, 2005",Sacramento Monarchs,66,Connecticut Sun,70,Box Score,2005,
"Fri, Jul 15, 2005",Houston Comets,66,Connecticut Sun,70,Box Score,2005,
"Thu, Jul 21, 2005",New York Liberty,80,Phoenix Mercury,70,Box Score,2005,
"Sat, Jun 4, 2005",Los Angeles Sparks,53,Sacramento Monarchs,81,Box Score,2005,
"Fri, Jun 24, 2005",Washington Mystics,69,Detroit Shock,55,Box Score,2005,
"Sun, Jul 17, 2005",Houston Comets,67,Charlotte Sting,55,Box Score,2005,
"Thu, Aug 25, 2005",Indiana Fever,40,Detroit Shock,55,Box Score,2005,
"Sun, Aug 21, 2005",Houston Comets,50,Los Angeles Sparks,55,Box Score,2005,
"Tue, Jul 19, 2005",Connecticut Sun,64,Charlotte Sting,55,Box Score,2005,
"Sun, Aug 7, 2005",Houston Comets,45,Sacramento Monarchs,55,Box Score,2005,
"Tue, Jul 5, 2005",New York Liberty,67,Los Angeles Sparks,55,Box Score,2005,
"Fri, Jul 15, 2005",Detroit Shock,57,Indiana Fever,62,Box Score,2005,
"Wed, Jul 13, 2005",Charlotte Sting,62,Phoenix Mercury,82,Box Score,2005,
"Sat, May 28, 2005",Los Angeles Sparks,75,Charlotte Sting,84,Box Score,2005,
"Wed, Jun 15, 2005",Detroit Shock,79,Indiana Fever,84,Box Score,2005,
"Thu, Aug 18, 2005",Charlotte Sting,70,Connecticut Sun,84,Box Score,2005,
"Tue, Aug 1, 2006",Los Angeles Sparks,74,Washington Mystics,84,Box Score,2006,
"Wed, Jul 5, 2006",Washington Mystics,74,Minnesota Lynx,84,Box Score,2006,
"Sun, Jun 25, 2006",Seattle Storm,74,Houston Comets,84,Box Score,2006,
"Fri, Aug 18, 2006",Los Angeles Sparks,72,Seattle Storm,84,Box Score,2006,
"Sun, Jul 30, 2006",Minnesota Lynx,69,New York Liberty,78,Box Score,2006,
"Thu, Aug 17, 2006",Sacramento Monarchs,93,Houston Comets,78,Box Score,2006,
"Sun, Jul 30, 2006",Charlotte Sting,73,Washington Mystics,78,Box Score,2006,
"Fri, Jun 30, 2006",San Antonio Silver Stars,91,New York Liberty,78,Box Score,2006,
"Sun, Jul 2, 2006",Washington Mystics,81,Phoenix Mercury,78,Box Score,2006,
"Sat, Aug 12, 2006",Chicago Sky,57,Charlotte Sting,84,Box Score,2006,
"Thu, Aug 10, 2006",Chicago Sky,48,Detroit Shock,82,Box Score,2006,
"Sat, Jul 1, 2006",Minnesota Lynx,75,Seattle Storm,92,Box Score,2006,
"Tue, May 30, 2006",Los Angeles Sparks,64,Chicago Sky,55,Box Score,2006,
"Sun, Aug 27, 2006",Detroit Shock,79,Connecticut Sun,55,Box Score,2006,
"Sat, Jul 22, 2006",Seattle Storm,91,New York Liberty,54,Box Score,2006,
"Thu, Aug 3, 2006",Charlotte Sting,84,Phoenix Mercury,112,Box Score,2006,
"Sun, Jun 25, 2006",Chicago Sky,77,Phoenix Mercury,90,Box Score,2006,
"Sat, May 27, 2006",Minnesota Lynx,75,Washington Mystics,90,Box Score,2006,
"Tue, Jun 6, 2006",Sacramento Monarchs,76,Phoenix Mercury,90,Box Score,2006,
"Thu, Jul 6, 2006",Phoenix Mercury,91,Detroit Shock,76,Box Score,2006,
"Sat, Jun 17, 2006",Seattle Storm,74,Sacramento Monarchs,76,Box Score,2006,
"Sat, Aug 5, 2006",San Antonio Silver Stars,70,Indiana Fever,76,Box Score,2006,
"Thu, Jul 6, 2006",Charlotte Sting,71,Connecticut Sun,76,Box Score,2006,
"Fri, Jul 28, 2006",Phoenix Mercury,96,San Antonio Silver Stars,98,Box Score,2006,
"Thu, Jul 27, 2006",Phoenix Mercury,95,Houston Comets,98,Box Score,2006,
"Sat, Aug 19, 2006",Indiana Fever,83,Detroit Shock,98,Box Score,2006,
"Tue, Jun 13, 2006",Phoenix Mercury,84,Los Angeles Sparks,98,Box Score,2006,
"Wed, Jun 7, 2006",Detroit Shock,78,Los Angeles Sparks,86,Box Score,2006,
"Tue, Aug 8, 2006",Minnesota Lynx,68,Phoenix Mercury,99,Box Score,2006,
"Sat, Aug 5, 2006",Washington Mystics,95,Sacramento Monarchs,99,Box Score,2006,
"Wed, May 31, 2006",San Antonio Silver Stars,82,Phoenix Mercury,76,Box Score,2006,
"Sun, Jul 16, 2006",Connecticut Sun,92,Seattle Storm,83,Box Score,2006,
"Tue, Jul 18, 2006",New York Liberty,62,Los Angeles Sparks,70,Box Score,2006,
"Tue, Aug 1, 2006",Phoenix Mercury,90,Chicago Sky,70,Box Score,2006,
"Tue, Aug 1, 2006",Indiana Fever,66,Detroit Shock,70,Box Score,2006,
"Sun, Jul 9, 2006",Charlotte Sting,61,Sacramento Monarchs,70,Box Score,2006,
"Fri, Jun 9, 2006",Indiana Fever,59,Charlotte Sting,70,Box Score,2006,
"Sun, Jul 30, 2006",Los Angeles Sparks,71,Seattle Storm,70,Box Score,2006,
"Thu, Aug 24, 2006",Connecticut Sun,59,Detroit Shock,70,Box Score,2006,
"Thu, May 25, 2006",Houston Comets,81,Sacramento Monarchs,66,Box Score,2006,
"Sun, Jun 4, 2006",Detroit Shock,81,Chicago Sky,66,Box Score,2006,
"Wed, Jun 14, 2006",Seattle Storm,74,Minnesota Lynx,66,Box Score,2006,
"Sat, Jul 1, 2006",Connecticut Sun,76,Indiana Fever,66,Box Score,2006,
"Sat, Jul 22, 2006",Sacramento Monarchs,86,Minnesota Lynx,59,Box Score,2006,
"Tue, May 23, 2006",Houston Comets,84,Seattle Storm,59,Box Score,2006,
"Tue, Jun 27, 2006",Detroit Shock,63,San Antonio Silver Stars,59,Box Score,2006,
"Tue, Aug 8, 2006",Connecticut Sun,85,Chicago Sky,59,Box Score,2006,
"Wed, Jun 7, 2006",Chicago Sky,73,Seattle Storm,86,Box Score,2006,
"Thu, Aug 3, 2006",Washington Mystics,78,Seattle Storm,86,Box Score,2006,
"Tue, Jul 25, 2006",Washington Mystics,73,Connecticut Sun,86,Box Score,2006,
"Fri, Jul 14, 2006",New York Liberty,66,Seattle Storm,86,Box Score,2006,
"Thu, Jul 20, 2006",Seattle Storm,72,Charlotte Sting,86,Box Score,2006,
"Thu, Jul 20, 2006",Chicago Sky,72,Connecticut Sun,86,Box Score,2006,
"Tue, Jun 20, 2006",Connecticut Sun,90,Charlotte Sting,66,Box Score,2006,
"Tue, Aug 1, 2006",New York Liberty,52,Connecticut Sun,66,Box Score,2006,
"Thu, Jun 29, 2006",Detroit Shock,56,Indiana Fever,66,Box Score,2006,
"Sat, Jul 8, 2006",Charlotte Sting,64,Los Angeles Sparks,66,Box Score,2006,
"Thu, Jun 29, 2006",Washington Mystics,76,Houston Comets,83,Box Score,2006,
"Sat, Jun 24, 2006",New York Liberty,93,Minnesota Lynx,83,Box Score,2006,
"Wed, Jun 7, 2006",Washington Mystics,70,Indiana Fever,83,Box Score,2006,
"Wed, Jun 21, 2006",Phoenix Mercury,87,Seattle Storm,80,Box Score,2006,
"Sun, Jun 18, 2006",Sacramento Monarchs,69,Los Angeles Sparks,80,Box Score,2006,
"Sat, Sep 9, 2006",Sacramento Monarchs,75,Detroit Shock,80,Box Score,2006,
"Sun, Jul 30, 2006",Houston Comets,82,Phoenix Mercury,80,Box Score,2006,
"Sat, Aug 5, 2006",Chicago Sky,69,New York Liberty,80,Box Score,2006,
"Sat, Jun 10, 2006",Chicago Sky,70,Sacramento Monarchs,80,Box Score,2006,
"Sat, Jul 1, 2006",Washington Mystics,75,Los Angeles Sparks,80,Box Score,2006,
"Sat, Jul 29, 2006",New York Liberty,85,Charlotte Sting,80,Box Score,2006,
"Sun, Jul 16, 2006",New York Liberty,70,Phoenix Mercury,80,Box Score,2006,
"Fri, Aug 4, 2006",Detroit Shock,76,Chicago Sky,49,Box Score,2006,
"Wed, Jul 19, 2006",Phoenix Mercury,96,Washington Mystics,83,Box Score,2006,
"Thu, Jul 6, 2006",Sacramento Monarchs,79,New York Liberty,58,Box Score,2006,
"Sat, Aug 26, 2006",Sacramento Monarchs,72,Los Angeles Sparks,58,Box Score,2006,
"Fri, Jun 16, 2006",Houston Comets,72,New York Liberty,58,Box Score,2006,
"Sun, Jun 18, 2006",Phoenix Mercury,82,Minnesota Lynx,94,Box Score,2006,
"Fri, Jul 28, 2006",Minnesota Lynx,65,Chicago Sky,79,Box Score,2006,
"Thu, Jun 22, 2006",Minnesota Lynx,62,Connecticut Sun,79,Box Score,2006,
"Fri, Jun 9, 2006",Minnesota Lynx,86,San Antonio Silver Stars,79,Box Score,2006,
"Fri, Jul 7, 2006",Indiana Fever,60,Los Angeles Sparks,72,Box Score,2006,
"Fri, Jun 16, 2006",Minnesota Lynx,60,San Antonio Silver Stars,90,Box Score,2006,
"Wed, Jul 19, 2006",Chicago Sky,82,Minnesota Lynx,90,Box Score,2006,
"Sun, May 21, 2006",Los Angeles Sparks,67,Seattle Storm,90,Box Score,2006,
"Sun, Jul 9, 2006",Chicago Sky,83,Washington Mystics,89,Box Score,2006,
"Sat, Jul 22, 2006",Chicago Sky,70,Detroit Shock,89,Box Score,2006,
"Fri, Jul 7, 2006",Detroit Shock,92,Minnesota Lynx,80,Box Score,2006,
"Fri, Jul 7, 2006",Houston Comets,75,San Antonio Silver Stars,94,Box Score,2006,
"Sun, Jul 30, 2006",Detroit Shock,61,Sacramento Monarchs,94,Box Score,2006,
"Sun, Jun 4, 2006",San Antonio Silver Stars,89,Seattle Storm,87,Box Score,2006,
"Tue, Jul 18, 2006",Houston Comets,64,San Antonio Silver Stars,67,Box Score,2006,
"Tue, Jun 27, 2006",Charlotte Sting,73,New York Liberty,67,Box Score,2006,
"Sat, May 20, 2006",Detroit Shock,60,Indiana Fever,67,Box Score,2006,
"Tue, Jun 27, 2006",Indiana Fever,74,Washington Mystics,67,Box Score,2006,
"Thu, Aug 3, 2006",Los Angeles Sparks,63,Connecticut Sun,72,Box Score,2006,
"Wed, Jun 21, 2006",Washington Mystics,66,New York Liberty,72,Box Score,2006,
"Thu, Jun 1, 2006",Connecticut Sun,89,Charlotte Sting,65,Box Score,2006,
"Tue, May 23, 2006",Los Angeles Sparks,72,Charlotte Sting,65,Box Score,2006,
"Tue, Aug 1, 2006",Charlotte Sting,68,San Antonio Silver Stars,65,Box Score,2006,
"Sun, Aug 6, 2006",New York Liberty,53,Detroit Shock,65,Box Score,2006,
"Sat, Jun 17, 2006",San Antonio Silver Stars,69,Chicago Sky,65,Box Score,2006,
"Wed, Jun 28, 2006",Seattle Storm,75,Los Angeles Sparks,67,Box Score,2006,
"Fri, Jul 28, 2006",Detroit Shock,77,Seattle Storm,67,Box Score,2006,
"Sat, Jun 10, 2006",New York Liberty,71,San Antonio Silver Stars,67,Box Score,2006,
"Wed, Jul 19, 2006",Charlotte Sting,73,Detroit Shock,67,Box Score,2006,
"Sat, Jul 29, 2006",Washington Mystics,74,Indiana Fever,67,Box Score,2006,
"Wed, Jul 26, 2006",Los Angeles Sparks,81,San Antonio Silver Stars,67,Box Score,2006,
"Sat, May 20, 2006",New York Liberty,74,Connecticut Sun,91,Box Score,2006,
"Thu, Jun 29, 2006",Charlotte Sting,69,Chicago Sky,75,Box Score,2006,
"Thu, Aug 10, 2006",Seattle Storm,65,San Antonio Silver Stars,75,Box Score,2006,
"Tue, Jul 25, 2006",New York Liberty,79,Chicago Sky,72,Box Score,2006,
"Sun, Jul 30, 2006",San Antonio Silver Stars,65,Connecticut Sun,72,Box Score,2006,
"Fri, Jun 23, 2006",Connecticut Sun,84,Chicago Sky,79,Box Score,2006,
"Tue, Aug 8, 2006",Seattle Storm,81,Detroit Shock,79,Box Score,2006,
"Sat, Jun 3, 2006",Charlotte Sting,71,Connecticut Sun,89,Box Score,2006,
"Sun, Sep 3, 2006",Detroit Shock,69,Sacramento Monarchs,89,Box Score,2006,
"Sat, Jun 3, 2006",Los Angeles Sparks,79,New York Liberty,89,Box Score,2006,
"Sat, Aug 12, 2006",Seattle Storm,72,Houston Comets,89,Box Score,2006,
"Fri, Jul 28, 2006",Sacramento Monarchs,68,Connecticut Sun,75,Box Score,2006,
"Sun, Jun 11, 2006",Houston Comets,62,Minnesota Lynx,75,Box Score,2006,
"Sat, Jul 15, 2006",Indiana Fever,65,Charlotte Sting,75,Box Score,2006,
"Wed, Jun 21, 2006",Houston Comets,55,Los Angeles Sparks,75,Box Score,2006,
"Tue, Jul 25, 2006",Sacramento Monarchs,60,Indiana Fever,75,Box Score,2006,
"Sun, Jun 25, 2006",Connecticut Sun,80,Washington Mystics,87,Box Score,2006,
"Wed, May 31, 2006",Seattle Storm,66,Sacramento Monarchs,87,Box Score,2006,
"Fri, Jun 23, 2006",San Antonio Silver Stars,57,Seattle Storm,87,Box Score,2006,
"Sat, Aug 5, 2006",Charlotte Sting,81,Seattle Storm,87,Box Score,2006,
"Tue, Jun 13, 2006",Charlotte Sting,70,Washington Mystics,87,Box Score,2006,
"Thu, Jun 29, 2006",Minnesota Lynx,78,Sacramento Monarchs,87,Box Score,2006,
"Sun, Aug 6, 2006",Connecticut Sun,86,Houston Comets,67,Box Score,2006,
"Tue, Aug 8, 2006",Indiana Fever,77,New York Liberty,44,Box Score,2006,
"Sun, Jul 16, 2006",San Antonio Silver Stars,67,Detroit Shock,77,Box Score,2006,
"Tue, May 23, 2006",New York Liberty,60,Washington Mystics,95,Box Score,2006,
"Sat, Aug 26, 2006",Detroit Shock,68,Connecticut Sun,77,Box Score,2006,
"Wed, Jun 21, 2006",San Antonio Silver Stars,69,Sacramento Monarchs,75,Box Score,2006,
"Tue, Aug 1, 2006",Seattle Storm,77,Minnesota Lynx,75,Box Score,2006,
"Thu, Aug 3, 2006",Detroit Shock,67,New York Liberty,75,Box Score,2006,
"Sun, Jul 16, 2006",Washington Mystics,83,Chicago Sky,75,Box Score,2006,
"Sun, Aug 13, 2006",Chicago Sky,80,Indiana Fever,73,Box Score,2006,
"Wed, Jun 14, 2006",Sacramento Monarchs,66,Houston Comets,73,Box Score,2006,
"Fri, Jul 21, 2006",Los Angeles Sparks,59,Detroit Shock,73,Box Score,2006,
"Sat, May 20, 2006",Chicago Sky,83,Charlotte Sting,82,Box Score,2006,
"Sat, Jul 8, 2006",Phoenix Mercury,77,Connecticut Sun,82,Box Score,2006,
"Sun, Jun 25, 2006",Indiana Fever,61,Sacramento Monarchs,82,Box Score,2006,
"Sun, Aug 6, 2006",San Antonio Silver Stars,68,Minnesota Lynx,82,Box Score,2006,
"Sat, Jun 17, 2006",Connecticut Sun,70,Los Angeles Sparks,82,Box Score,2006,
"Fri, Jun 30, 2006",Detroit Shock,70,Connecticut Sun,64,Box Score,2006,
"Thu, Jun 1, 2006",New York Liberty,63,Detroit Shock,64,Box Score,2006,
"Sun, Jul 30, 2006",Indiana Fever,69,Chicago Sky,64,Box Score,2006,
"Wed, Jun 21, 2006",Chicago Sky,55,Indiana Fever,77,Box Score,2006,
"Sun, Jun 11, 2006",Washington Mystics,71,Connecticut Sun,85,Box Score,2006,
"Fri, Jun 23, 2006",Charlotte Sting,70,Houston Comets,85,Box Score,2006,
"Fri, Aug 11, 2006",Charlotte Sting,62,New York Liberty,64,Box Score,2006,
"Thu, Aug 24, 2006",Los Angeles Sparks,61,Sacramento Monarchs,64,Box Score,2006,
"Thu, Jun 15, 2006",Washington Mystics,96,Charlotte Sting,77,Box Score,2006,
"Sun, Jul 2, 2006",Sacramento Monarchs,62,Houston Comets,77,Box Score,2006,
"Fri, Jul 14, 2006",Houston Comets,82,Chicago Sky,77,Box Score,2006,
"Fri, Jul 21, 2006",Washington Mystics,80,San Antonio Silver Stars,77,Box Score,2006,
"Tue, Jul 25, 2006",Seattle Storm,91,Phoenix Mercury,85,Box Score,2006,
"Fri, Jul 14, 2006",Los Angeles Sparks,95,Phoenix Mercury,85,Box Score,2006,
"Sat, May 27, 2006",Detroit Shock,77,Connecticut Sun,73,Box Score,2006,
"Fri, Jun 23, 2006",Indiana Fever,83,Phoenix Mercury,73,Box Score,2006,
"Fri, Aug 4, 2006",Houston Comets,77,Minnesota Lynx,73,Box Score,2006,
"Thu, May 25, 2006",Washington Mystics,63,Charlotte Sting,73,Box Score,2006,
"Wed, May 31, 2006",Indiana Fever,60,Houston Comets,73,Box Score,2006,
"Tue, Jun 27, 2006",Houston Comets,57,Connecticut Sun,73,Box Score,2006,
"Fri, Sep 1, 2006",Sacramento Monarchs,63,Detroit Shock,73,Box Score,2006,
"Fri, Jun 9, 2006",Chicago Sky,65,Los Angeles Sparks,73,Box Score,2006,
"Fri, Jun 16, 2006",Connecticut Sun,86,Phoenix Mercury,91,Box Score,2006,
"Tue, Aug 8, 2006",San Antonio Silver Stars,79,Washington Mystics,91,Box Score,2006,
"Wed, Jul 26, 2006",Sacramento Monarchs,71,Detroit Shock,91,Box Score,2006,
"Tue, May 30, 2006",New York Liberty,70,Indiana Fever,91,Box Score,2006,
"Sun, Aug 13, 2006",Connecticut Sun,65,Detroit Shock,88,Box Score,2006,
"Wed, Jun 7, 2006",Connecticut Sun,75,New York Liberty,60,Box Score,2006,
"Sun, Jul 16, 2006",Houston Comets,56,Indiana Fever,60,Box Score,2006,
"Fri, Jul 7, 2006",Sacramento Monarchs,73,Washington Mystics,60,Box Score,2006,
"Sun, Jul 9, 2006",Detroit Shock,66,Houston Comets,60,Box Score,2006,
"Fri, May 26, 2006",Indiana Fever,75,Chicago Sky,60,Box Score,2006,
"Sun, Jul 9, 2006",San Antonio Silver Stars,80,Minnesota Lynx,85,Box Score,2006,
"Fri, Jun 9, 2006",Seattle Storm,81,Connecticut Sun,85,Box Score,2006,
"Fri, Jun 30, 2006",Phoenix Mercury,83,Los Angeles Sparks,85,Box Score,2006,
"Sun, Jun 4, 2006",Minnesota Lynx,62,Houston Comets,85,Box Score,2006,
"Sat, Jun 17, 2006",New York Liberty,70,Washington Mystics,88,Box Score,2006,
"Sun, Jul 9, 2006",Phoenix Mercury,94,New York Liberty,88,Box Score,2006,
"Fri, Jun 9, 2006",Detroit Shock,79,Phoenix Mercury,93,Box Score,2006,
"Sun, Aug 13, 2006",Washington Mystics,81,New York Liberty,93,Box Score,2006,
"Sat, Aug 12, 2006",Phoenix Mercury,95,San Antonio Silver Stars,93,Box Score,2006,
"Tue, Jun 6, 2006",Houston Comets,79,Washington Mystics,93,Box Score,2006,
"Sat, Jul 15, 2006",Connecticut Sun,63,Sacramento Monarchs,69,Box Score,2006,
"Wed, Aug 9, 2006",Sacramento Monarchs,58,Los Angeles Sparks,69,Box Score,2006,
"Thu, Aug 3, 2006",Sacramento Monarchs,87,San Antonio Silver Stars,69,Box Score,2006,
"Thu, Aug 3, 2006",Minnesota Lynx,59,Indiana Fever,69,Box Score,2006,
"Wed, Sep 6, 2006",Detroit Shock,72,Sacramento Monarchs,52,Box Score,2006,
"Sat, Aug 5, 2006",Los Angeles Sparks,80,Phoenix Mercury,96,Box Score,2006,
"Tue, May 23, 2006",Sacramento Monarchs,76,Chicago Sky,63,Box Score,2006,
"Wed, Aug 9, 2006",Connecticut Sun,71,Indiana Fever,63,Box Score,2006,
"Fri, Jun 23, 2006",Los Angeles Sparks,77,Sacramento Monarchs,63,Box Score,2006,
"Mon, Jul 3, 2006",San Antonio Silver Stars,85,Los Angeles Sparks,63,Box Score,2006,
"Sun, May 21, 2006",San Antonio Silver Stars,79,Houston Comets,63,Box Score,2006,
"Tue, Jul 25, 2006",Los Angeles Sparks,56,Houston Comets,52,Box Score,2006,
"Sat, Jul 1, 2006",Sacramento Monarchs,65,Charlotte Sting,57,Box Score,2006,
"Thu, Aug 17, 2006",Detroit Shock,68,Indiana Fever,56,Box Score,2006,
"Fri, Aug 11, 2006",Indiana Fever,87,Connecticut Sun,68,Box Score,2006,
"Tue, May 23, 2006",Indiana Fever,62,San Antonio Silver Stars,53,Box Score,2006,
"Sat, Jul 1, 2006",Chicago Sky,57,San Antonio Silver Stars,69,Box Score,2006,
"Tue, May 23, 2006",Connecticut Sun,81,Minnesota Lynx,69,Box Score,2006,
"Fri, Jun 2, 2006",San Antonio Silver Stars,74,Sacramento Monarchs,71,Box Score,2006,
"Sun, Aug 20, 2006",Seattle Storm,70,Los Angeles Sparks,78,Box Score,2006,
"Fri, Jun 2, 2006",Phoenix Mercury,87,Seattle Storm,97,Box Score,2006,
"Fri, Jun 9, 2006",New York Liberty,62,Houston Comets,97,Box Score,2006,
"Fri, Aug 18, 2006",Connecticut Sun,76,Washington Mystics,61,Box Score,2006,
"Sat, Jul 22, 2006",Connecticut Sun,79,San Antonio Silver Stars,61,Box Score,2006,
"Thu, Jun 15, 2006",Seattle Storm,74,Chicago Sky,61,Box Score,2006,
"Tue, Jul 18, 2006",Sacramento Monarchs,74,Seattle Storm,61,Box Score,2006,
"Mon, Jul 24, 2006",Connecticut Sun,89,New York Liberty,71,Box Score,2006,
"Thu, Jul 20, 2006",New York Liberty,62,Sacramento Monarchs,71,Box Score,2006,
"Sun, Jun 11, 2006",Seattle Storm,62,Indiana Fever,69,Box Score,2006,
"Thu, Aug 10, 2006",Minnesota Lynx,66,Sacramento Monarchs,74,Box Score,2006,
"Sun, Aug 20, 2006",Washington Mystics,65,Connecticut Sun,68,Box Score,2006,
"Thu, Jul 27, 2006",Charlotte Sting,81,Minnesota Lynx,68,Box Score,2006,
"Sat, Jul 22, 2006",Los Angeles Sparks,73,Indiana Fever,68,Box Score,2006,
"Tue, Jun 27, 2006",Sacramento Monarchs,53,Seattle Storm,68,Box Score,2006,
"Tue, Aug 8, 2006",Houston Comets,57,Charlotte Sting,68,Box Score,2006,
"Thu, May 25, 2006",Los Angeles Sparks,80,San Antonio Silver Stars,71,Box Score,2006,
"Wed, Aug 30, 2006",Sacramento Monarchs,95,Detroit Shock,71,Box Score,2006,
"Fri, Jun 16, 2006",Indiana Fever,63,Detroit Shock,71,Box Score,2006,
"Sat, Jun 17, 2006",Houston Comets,55,Detroit Shock,71,Box Score,2006,
"Sun, Jul 23, 2006",Seattle Storm,73,Washington Mystics,71,Box Score,2006,
"Tue, Jul 18, 2006",Phoenix Mercury,65,Indiana Fever,71,Box Score,2006,
"Tue, Jul 25, 2006",Minnesota Lynx,70,Charlotte Sting,62,Box Score,2006,
"Sun, Jul 9, 2006",Indiana Fever,74,Seattle Storm,62,Box Score,2006,
"Wed, May 24, 2006",Minnesota Lynx,69,Detroit Shock,78,Box Score,2006,
"Fri, Jul 7, 2006",New York Liberty,73,Chicago Sky,78,Box Score,2006,
"Tue, Jun 13, 2006",Indiana Fever,80,New York Liberty,78,Box Score,2006,
"Thu, Jul 20, 2006",Minnesota Lynx,55,Houston Comets,78,Box Score,2006,
"Fri, Aug 11, 2006",Detroit Shock,66,Washington Mystics,78,Box Score,2006,
"Sun, Aug 13, 2006",Minnesota Lynx,59,Los Angeles Sparks,78,Box Score,2006,
"Sun, Jul 16, 2006",Los Angeles Sparks,90,Minnesota Lynx,78,Box Score,2006,
"Sun, Jun 25, 2006",Charlotte Sting,61,Detroit Shock,71,Box Score,2006,
"Fri, Jun 2, 2006",Chicago Sky,60,Houston Comets,71,Box Score,2006,
"Tue, Aug 22, 2006",Seattle Storm,63,Los Angeles Sparks,68,Box Score,2006,
"Thu, Jun 22, 2006",Detroit Shock,86,Charlotte Sting,74,Box Score,2006,
"Wed, Jul 5, 2006",Houston Comets,62,Los Angeles Sparks,74,Box Score,2006,
"Tue, Aug 1, 2006",Houston Comets,62,Sacramento Monarchs,74,Box Score,2006,
"Sat, Jul 22, 2006",Phoenix Mercury,78,Charlotte Sting,74,Box Score,2006,
"Sat, Aug 19, 2006",Houston Comets,64,Sacramento Monarchs,92,Box Score,2006,
"Thu, Jul 27, 2006",Chicago Sky,74,Washington Mystics,92,Box Score,2006,
"Fri, Jun 2, 2006",Indiana Fever,87,Minnesota Lynx,92,Box Score,2006,
"Sun, Jun 18, 2006",Charlotte Sting,85,Indiana Fever,92,Box Score,2006,
"Sat, Jun 3, 2006",Detroit Shock,68,Washington Mystics,92,Box Score,2006,
"Sat, Jun 24, 2006",Washington Mystics,86,Detroit Shock,92,Box Score,2006,
"Sat, May 20, 2006",Phoenix Mercury,78,Sacramento Monarchs,105,Box Score,2006,
"Thu, May 25, 2006",Seattle Storm,94,Phoenix Mercury,81,Box Score,2006,
"Sun, Aug 13, 2006",Sacramento Monarchs,71,Phoenix Mercury,81,Box Score,2006,
"Wed, Jun 28, 2006",Minnesota Lynx,78,Phoenix Mercury,81,Box Score,2006,
"Fri, Jul 14, 2006",San Antonio Silver Stars,65,Charlotte Sting,81,Box Score,2006,
"Wed, May 31, 2006",Los Angeles Sparks,71,Minnesota Lynx,114,Box Score,2006,
"Thu, Aug 10, 2006",Phoenix Mercury,111,Houston Comets,110,Box Score,2006,
"Sun, Jun 25, 2006",San Antonio Silver Stars,80,Los Angeles Sparks,105,Box Score,2006,
"Wed, Sep 5, 2007",Phoenix Mercury,100,Detroit Shock,108,Box Score,2007,
"Sun, Jul 22, 2007",Minnesota Lynx,93,Phoenix Mercury,106,Box Score,2007,
"Thu, May 24, 2007",Washington Mystics,76,New York Liberty,81,Box Score,2007,
"Thu, Jun 28, 2007",Seattle Storm,76,Houston Comets,81,Box Score,2007,
"Fri, May 25, 2007",Houston Comets,85,Phoenix Mercury,111,Box Score,2007,
"Sun, Jul 8, 2007",Phoenix Mercury,82,Detroit Shock,111,Box Score,2007,
"Fri, Jul 6, 2007",Connecticut Sun,109,Phoenix Mercury,111,Box Score,2007,
"Sat, Jun 16, 2007",Houston Comets,63,Sacramento Monarchs,75,Box Score,2007,
"Tue, May 29, 2007",Indiana Fever,89,Minnesota Lynx,75,Box Score,2007,
"Tue, Jun 26, 2007",Washington Mystics,91,Connecticut Sun,75,Box Score,2007,
"Sun, Jul 22, 2007",Seattle Storm,77,New York Liberty,75,Box Score,2007,
"Fri, Aug 31, 2007",Detroit Shock,65,Indiana Fever,75,Box Score,2007,
"Sat, Jun 30, 2007",Phoenix Mercury,92,Houston Comets,75,Box Score,2007,
"Sun, Jul 29, 2007",Los Angeles Sparks,73,Detroit Shock,75,Box Score,2007,
"Sun, Jul 22, 2007",Houston Comets,79,Connecticut Sun,81,Box Score,2007,
"Sun, Aug 19, 2007",San Antonio Silver Stars,55,Minnesota Lynx,81,Box Score,2007,
"Thu, Jul 12, 2007",Minnesota Lynx,77,Houston Comets,87,Box Score,2007,
"Thu, Aug 16, 2007",Detroit Shock,77,Minnesota Lynx,87,Box Score,2007,
"Wed, Jul 18, 2007",New York Liberty,82,Detroit Shock,87,Box Score,2007,
"Fri, Jul 20, 2007",Washington Mystics,91,Minnesota Lynx,87,Box Score,2007,
"Sun, Aug 19, 2007",Sacramento Monarchs,73,Phoenix Mercury,87,Box Score,2007,
"Sun, Jul 8, 2007",Houston Comets,79,Minnesota Lynx,67,Box Score,2007,
"Mon, Jun 11, 2007",Sacramento Monarchs,82,Houston Comets,67,Box Score,2007,
"Sat, Jun 16, 2007",Indiana Fever,77,Detroit Shock,67,Box Score,2007,
"Tue, Jul 24, 2007",Los Angeles Sparks,59,Sacramento Monarchs,67,Box Score,2007,
"Wed, Jun 20, 2007",Washington Mystics,106,Phoenix Mercury,101,Box Score,2007,
"Thu, Jun 7, 2007",Seattle Storm,72,Sacramento Monarchs,81,Box Score,2007,
"Sat, May 19, 2007",San Antonio Silver Stars,72,Phoenix Mercury,81,Box Score,2007,
"Fri, Jul 20, 2007",Sacramento Monarchs,71,San Antonio Silver Stars,81,Box Score,2007,
"Tue, Aug 14, 2007",Minnesota Lynx,67,Seattle Storm,81,Box Score,2007,
"Wed, Aug 15, 2007",San Antonio Silver Stars,74,Sacramento Monarchs,81,Box Score,2007,
"Fri, May 25, 2007",Seattle Storm,71,San Antonio Silver Stars,82,Box Score,2007,
"Sat, May 19, 2007",Houston Comets,69,Seattle Storm,82,Box Score,2007,
"Fri, Jun 15, 2007",Connecticut Sun,72,Detroit Shock,75,Box Score,2007,
"Tue, Jun 26, 2007",San Antonio Silver Stars,67,Houston Comets,75,Box Score,2007,
"Wed, Jul 18, 2007",Chicago Sky,74,Indiana Fever,75,Box Score,2007,
"Sat, May 19, 2007",Sacramento Monarchs,68,Detroit Shock,75,Box Score,2007,
"Thu, Aug 9, 2007",Washington Mystics,80,Los Angeles Sparks,75,Box Score,2007,
"Thu, Aug 30, 2007",Phoenix Mercury,102,San Antonio Silver Stars,100,Box Score,2007,
"Sat, Aug 11, 2007",Los Angeles Sparks,83,Phoenix Mercury,100,Box Score,2007,
"Wed, May 23, 2007",Phoenix Mercury,87,Seattle Storm,100,Box Score,2007,
"Thu, Aug 23, 2007",Indiana Fever,88,Connecticut Sun,93,Box Score,2007,
"Tue, Aug 7, 2007",Phoenix Mercury,96,Los Angeles Sparks,93,Box Score,2007,
"Mon, Aug 27, 2007",Connecticut Sun,88,Indiana Fever,93,Box Score,2007,
"Fri, Aug 3, 2007",Los Angeles Sparks,56,Houston Comets,66,Box Score,2007,
"Fri, Jun 29, 2007",Minnesota Lynx,77,San Antonio Silver Stars,66,Box Score,2007,
"Sat, Jul 21, 2007",Washington Mystics,58,Detroit Shock,66,Box Score,2007,
"Sat, Aug 11, 2007",Connecticut Sun,88,Chicago Sky,66,Box Score,2007,
"Tue, Jul 31, 2007",Washington Mystics,57,Indiana Fever,66,Box Score,2007,
"Sun, Aug 26, 2007",New York Liberty,73,Detroit Shock,76,Box Score,2007,
"Fri, Jul 20, 2007",Seattle Storm,58,Connecticut Sun,76,Box Score,2007,
"Sat, Jun 2, 2007",Phoenix Mercury,67,Connecticut Sun,76,Box Score,2007,
"Tue, May 29, 2007",Sacramento Monarchs,75,Phoenix Mercury,76,Box Score,2007,
"Sun, Jul 1, 2007",Minnesota Lynx,68,Sacramento Monarchs,76,Box Score,2007,
"Tue, Jul 10, 2007",Seattle Storm,82,Los Angeles Sparks,47,Box Score,2007,
"Fri, Aug 3, 2007",Seattle Storm,76,Sacramento Monarchs,82,Box Score,2007,
"Fri, Jun 29, 2007",New York Liberty,80,Los Angeles Sparks,68,Box Score,2007,
"Sat, May 26, 2007",Los Angeles Sparks,88,Connecticut Sun,68,Box Score,2007,
"Tue, Jun 26, 2007",Chicago Sky,76,Seattle Storm,94,Box Score,2007,
"Sat, Jun 2, 2007",San Antonio Silver Stars,78,Seattle Storm,68,Box Score,2007,
"Sun, Jul 1, 2007",San Antonio Silver Stars,71,Detroit Shock,68,Box Score,2007,
"Sun, Aug 12, 2007",Washington Mystics,82,Sacramento Monarchs,86,Box Score,2007,
"Sat, Jun 23, 2007",Washington Mystics,99,Chicago Sky,86,Box Score,2007,
"Sat, Aug 25, 2007",Sacramento Monarchs,61,San Antonio Silver Stars,86,Box Score,2007,
"Thu, Aug 23, 2007",San Antonio Silver Stars,65,Sacramento Monarchs,86,Box Score,2007,
"Wed, May 30, 2007",Washington Mystics,79,Detroit Shock,94,Box Score,2007,
"Sat, Aug 4, 2007",Los Angeles Sparks,67,San Antonio Silver Stars,86,Box Score,2007,
"Sun, Jul 8, 2007",Sacramento Monarchs,61,New York Liberty,71,Box Score,2007,
"Sun, Aug 5, 2007",Chicago Sky,66,Washington Mystics,71,Box Score,2007,
"Thu, Aug 2, 2007",Minnesota Lynx,66,New York Liberty,71,Box Score,2007,
"Sat, Jun 2, 2007",Detroit Shock,77,Houston Comets,71,Box Score,2007,
"Wed, Jun 20, 2007",Detroit Shock,87,Seattle Storm,71,Box Score,2007,
"Tue, May 29, 2007",San Antonio Silver Stars,82,Houston Comets,71,Box Score,2007,
"Sun, Jun 24, 2007",Seattle Storm,83,Los Angeles Sparks,71,Box Score,2007,
"Tue, Aug 28, 2007",New York Liberty,70,Detroit Shock,71,Box Score,2007,
"Tue, Aug 7, 2007",New York Liberty,77,Houston Comets,71,Box Score,2007,
"Sun, Jul 1, 2007",Chicago Sky,74,Los Angeles Sparks,71,Box Score,2007,
"Fri, Jun 29, 2007",Indiana Fever,67,Connecticut Sun,72,Box Score,2007,
"Thu, Jul 12, 2007",Detroit Shock,78,Chicago Sky,65,Box Score,2007,
"Sat, Jul 21, 2007",Indiana Fever,65,Chicago Sky,68,Box Score,2007,
"Wed, Jul 18, 2007",Houston Comets,58,Washington Mystics,65,Box Score,2007,
"Fri, Jun 29, 2007",Detroit Shock,64,Washington Mystics,65,Box Score,2007,
"Tue, Aug 14, 2007",Connecticut Sun,64,Washington Mystics,65,Box Score,2007,
"Fri, Jun 22, 2007",Washington Mystics,85,Houston Comets,95,Box Score,2007,
"Sun, Aug 26, 2007",Seattle Storm,89,Phoenix Mercury,95,Box Score,2007,
"Tue, Aug 7, 2007",Seattle Storm,74,Minnesota Lynx,95,Box Score,2007,
"Tue, Aug 14, 2007",New York Liberty,65,Chicago Sky,77,Box Score,2007,
"Thu, Sep 13, 2007",Detroit Shock,76,Phoenix Mercury,77,Box Score,2007,
"Fri, May 25, 2007",Chicago Sky,82,Minnesota Lynx,77,Box Score,2007,
"Wed, Jun 13, 2007",Phoenix Mercury,69,Washington Mystics,86,Box Score,2007,
"Sun, Jul 8, 2007",Chicago Sky,70,Indiana Fever,86,Box Score,2007,
"Sun, Aug 19, 2007",Detroit Shock,66,Indiana Fever,72,Box Score,2007,
"Thu, Aug 16, 2007",New York Liberty,73,Washington Mystics,72,Box Score,2007,
"Thu, Aug 9, 2007",Sacramento Monarchs,61,San Antonio Silver Stars,72,Box Score,2007,
"Sun, Aug 19, 2007",Houston Comets,82,Los Angeles Sparks,72,Box Score,2007,
"Sun, Sep 2, 2007",Indiana Fever,63,Detroit Shock,77,Box Score,2007,
"Wed, Jul 11, 2007",San Antonio Silver Stars,87,Phoenix Mercury,77,Box Score,2007,
"Tue, Aug 14, 2007",San Antonio Silver Stars,84,Los Angeles Sparks,77,Box Score,2007,
"Tue, Jul 10, 2007",Indiana Fever,79,Houston Comets,77,Box Score,2007,
"Sat, Aug 4, 2007",Houston Comets,80,Minnesota Lynx,77,Box Score,2007,
"Fri, Jun 8, 2007",Connecticut Sun,88,Houston Comets,77,Box Score,2007,
"Fri, Jul 20, 2007",Los Angeles Sparks,87,Phoenix Mercury,77,Box Score,2007,
"Mon, Aug 27, 2007",Sacramento Monarchs,78,San Antonio Silver Stars,80,Box Score,2007,
"Thu, Jun 7, 2007",Chicago Sky,66,Phoenix Mercury,80,Box Score,2007,
"Fri, Jul 20, 2007",Houston Comets,80,New York Liberty,74,Box Score,2007,
"Wed, Jun 27, 2007",Connecticut Sun,74,Detroit Shock,77,Box Score,2007,
"Wed, Jun 13, 2007",Connecticut Sun,73,Minnesota Lynx,77,Box Score,2007,
"Sun, Jun 17, 2007",Chicago Sky,87,Connecticut Sun,74,Box Score,2007,
"Wed, Aug 15, 2007",Connecticut Sun,77,Indiana Fever,74,Box Score,2007,
"Wed, Jun 27, 2007",Sacramento Monarchs,66,Los Angeles Sparks,74,Box Score,2007,
"Fri, Aug 17, 2007",Connecticut Sun,66,New York Liberty,74,Box Score,2007,
"Sun, Jun 10, 2007",Detroit Shock,79,Connecticut Sun,74,Box Score,2007,
"Tue, Jul 31, 2007",Sacramento Monarchs,78,Seattle Storm,74,Box Score,2007,
"Sat, Aug 11, 2007",Indiana Fever,69,Detroit Shock,74,Box Score,2007,
"Wed, Jun 13, 2007",Houston Comets,71,Los Angeles Sparks,74,Box Score,2007,
"Tue, Jul 31, 2007",Phoenix Mercury,76,Houston Comets,74,Box Score,2007,
"Wed, Jun 20, 2007",Minnesota Lynx,73,San Antonio Silver Stars,80,Box Score,2007,
"Fri, Jun 15, 2007",Los Angeles Sparks,89,Washington Mystics,80,Box Score,2007,
"Fri, Jul 6, 2007",Sacramento Monarchs,85,Minnesota Lynx,80,Box Score,2007,
"Sun, Jun 10, 2007",New York Liberty,61,Indiana Fever,80,Box Score,2007,
"Fri, Aug 3, 2007",New York Liberty,68,Washington Mystics,80,Box Score,2007,
"Sat, May 19, 2007",Connecticut Sun,89,Washington Mystics,80,Box Score,2007,
"Sat, Jun 9, 2007",Minnesota Lynx,76,Seattle Storm,90,Box Score,2007,
"Sun, Jun 24, 2007",Houston Comets,85,Phoenix Mercury,90,Box Score,2007,
"Tue, Jul 31, 2007",Chicago Sky,56,Connecticut Sun,74,Box Score,2007,
"Tue, Jun 5, 2007",San Antonio Silver Stars,57,Sacramento Monarchs,74,Box Score,2007,
"Wed, Jun 20, 2007",Los Angeles Sparks,64,Houston Comets,74,Box Score,2007,
"Tue, Jun 5, 2007",Minnesota Lynx,90,Phoenix Mercury,85,Box Score,2007,
"Sat, Jun 23, 2007",Detroit Shock,75,Sacramento Monarchs,85,Box Score,2007,
"Tue, May 22, 2007",Minnesota Lynx,75,Detroit Shock,85,Box Score,2007,
"Thu, May 31, 2007",Phoenix Mercury,97,San Antonio Silver Stars,85,Box Score,2007,
"Fri, Jul 27, 2007",Los Angeles Sparks,76,Minnesota Lynx,85,Box Score,2007,
"Wed, May 23, 2007",Connecticut Sun,71,San Antonio Silver Stars,74,Box Score,2007,
"Fri, Jun 22, 2007",Connecticut Sun,78,Indiana Fever,74,Box Score,2007,
"Sat, Jul 7, 2007",Seattle Storm,73,San Antonio Silver Stars,80,Box Score,2007,
"Fri, Jul 20, 2007",Detroit Shock,89,Indiana Fever,80,Box Score,2007,
"Sun, Jul 29, 2007",Indiana Fever,75,Phoenix Mercury,80,Box Score,2007,
"Sun, Aug 12, 2007",Minnesota Lynx,80,Los Angeles Sparks,89,Box Score,2007,
"Fri, Jul 27, 2007",Indiana Fever,75,Seattle Storm,89,Box Score,2007,
"Sun, Aug 19, 2007",Washington Mystics,76,Connecticut Sun,74,Box Score,2007,
"Sun, Sep 16, 2007",Phoenix Mercury,108,Detroit Shock,92,Box Score,2007,
"Tue, Jul 10, 2007",Chicago Sky,84,Detroit Shock,92,Box Score,2007,
"Sun, Aug 12, 2007",Detroit Shock,84,New York Liberty,85,Box Score,2007,
"Tue, May 22, 2007",Los Angeles Sparks,81,Chicago Sky,64,Box Score,2007,
"Sun, May 20, 2007",Sacramento Monarchs,74,Minnesota Lynx,64,Box Score,2007,
"Sat, Jul 28, 2007",Detroit Shock,76,Washington Mystics,64,Box Score,2007,
"Tue, Jul 17, 2007",Seattle Storm,79,Phoenix Mercury,89,Box Score,2007,
"Tue, May 22, 2007",Sacramento Monarchs,70,Washington Mystics,52,Box Score,2007,
"Tue, Jun 19, 2007",Sacramento Monarchs,54,Chicago Sky,52,Box Score,2007,
"Tue, Jul 3, 2007",Los Angeles Sparks,71,Seattle Storm,90,Box Score,2007,
"Wed, Jun 13, 2007",Seattle Storm,62,Indiana Fever,90,Box Score,2007,
"Fri, Jun 8, 2007",Minnesota Lynx,87,Los Angeles Sparks,90,Box Score,2007,
"Tue, Jul 24, 2007",San Antonio Silver Stars,71,Indiana Fever,63,Box Score,2007,
"Sun, Aug 5, 2007",Sacramento Monarchs,55,Indiana Fever,63,Box Score,2007,
"Sun, Jun 24, 2007",Indiana Fever,74,New York Liberty,63,Box Score,2007,
"Fri, Jun 22, 2007",San Antonio Silver Stars,70,New York Liberty,63,Box Score,2007,
"Fri, Jul 27, 2007",Houston Comets,69,San Antonio Silver Stars,63,Box Score,2007,
"Sat, Aug 11, 2007",Houston Comets,60,San Antonio Silver Stars,63,Box Score,2007,
"Wed, Jul 11, 2007",Connecticut Sun,76,Seattle Storm,63,Box Score,2007,
"Tue, Jun 12, 2007",Seattle Storm,81,Chicago Sky,69,Box Score,2007,
"Fri, Jun 8, 2007",Indiana Fever,74,Washington Mystics,69,Box Score,2007,
"Fri, Jun 22, 2007",Sacramento Monarchs,88,Los Angeles Sparks,96,Box Score,2007,
"Fri, Jul 27, 2007",Phoenix Mercury,98,Chicago Sky,96,Box Score,2007,
"Tue, Jul 31, 2007",Los Angeles Sparks,73,New York Liberty,63,Box Score,2007,
"Fri, Aug 17, 2007",Indiana Fever,59,San Antonio Silver Stars,55,Box Score,2007,
"Fri, Jul 6, 2007",Seattle Storm,71,Houston Comets,55,Box Score,2007,
"Thu, Jul 5, 2007",Indiana Fever,57,Los Angeles Sparks,56,Box Score,2007,
"Sat, Jul 7, 2007",Connecticut Sun,110,Los Angeles Sparks,89,Box Score,2007,
"Tue, Sep 11, 2007",Detroit Shock,88,Phoenix Mercury,83,Box Score,2007,
"Sun, May 20, 2007",Chicago Sky,71,New York Liberty,83,Box Score,2007,
"Sun, Jul 29, 2007",San Antonio Silver Stars,92,Seattle Storm,88,Box Score,2007,
"Sun, Jul 29, 2007",Houston Comets,70,Chicago Sky,88,Box Score,2007,
"Sat, Aug 25, 2007",Connecticut Sun,59,Indiana Fever,78,Box Score,2007,
"Sun, Jun 3, 2007",Minnesota Lynx,72,Chicago Sky,78,Box Score,2007,
"Sat, Jun 2, 2007",Los Angeles Sparks,85,Sacramento Monarchs,88,Box Score,2007,
"Tue, Jul 24, 2007",Detroit Shock,92,Connecticut Sun,88,Box Score,2007,
"Tue, Jun 5, 2007",Indiana Fever,67,New York Liberty,78,Box Score,2007,
"Thu, Jul 12, 2007",Connecticut Sun,82,Sacramento Monarchs,78,Box Score,2007,
"Sun, Jul 1, 2007",Indiana Fever,69,Washington Mystics,62,Box Score,2007,
"Sun, Aug 19, 2007",Chicago Sky,52,New York Liberty,58,Box Score,2007,
"Sat, Jun 23, 2007",San Antonio Silver Stars,71,Connecticut Sun,58,Box Score,2007,
"Fri, Jun 8, 2007",Detroit Shock,67,New York Liberty,57,Box Score,2007,
"Fri, Jun 22, 2007",Seattle Storm,76,Minnesota Lynx,78,Box Score,2007,
"Fri, Jun 15, 2007",Phoenix Mercury,89,Indiana Fever,78,Box Score,2007,
"Tue, Aug 7, 2007",Washington Mystics,77,San Antonio Silver Stars,73,Box Score,2007,
"Thu, Jul 26, 2007",Chicago Sky,83,Detroit Shock,73,Box Score,2007,
"Fri, Aug 24, 2007",Detroit Shock,51,New York Liberty,73,Box Score,2007,
"Sat, Jul 7, 2007",Washington Mystics,77,Chicago Sky,73,Box Score,2007,
"Wed, Jun 20, 2007",New York Liberty,76,Connecticut Sun,73,Box Score,2007,
"Sun, Jul 29, 2007",Minnesota Lynx,78,Sacramento Monarchs,73,Box Score,2007,
"Fri, Jun 15, 2007",New York Liberty,66,Chicago Sky,73,Box Score,2007,
"Mon, Jun 18, 2007",Detroit Shock,79,Los Angeles Sparks,73,Box Score,2007,
"Sun, Jul 1, 2007",New York Liberty,53,Seattle Storm,84,Box Score,2007,
"Fri, Jun 22, 2007",Detroit Shock,87,Phoenix Mercury,84,Box Score,2007,
"Wed, Jun 6, 2007",Houston Comets,59,Indiana Fever,84,Box Score,2007,
"Sun, Jul 22, 2007",San Antonio Silver Stars,82,Chicago Sky,84,Box Score,2007,
"Fri, Jun 15, 2007",Houston Comets,71,Seattle Storm,84,Box Score,2007,
"Fri, Jun 29, 2007",Chicago Sky,92,Sacramento Monarchs,84,Box Score,2007,
"Fri, Aug 10, 2007",Sacramento Monarchs,75,Houston Comets,83,Box Score,2007,
"Sat, Sep 1, 2007",San Antonio Silver Stars,92,Phoenix Mercury,98,Box Score,2007,
"Tue, Jun 26, 2007",New York Liberty,46,Sacramento Monarchs,59,Box Score,2007,
"Thu, May 24, 2007",Los Angeles Sparks,70,Indiana Fever,83,Box Score,2007,
"Sun, Jun 3, 2007",Phoenix Mercury,82,New York Liberty,83,Box Score,2007,
"Sat, Jun 16, 2007",Los Angeles Sparks,58,Minnesota Lynx,83,Box Score,2007,
"Sat, Aug 11, 2007",Washington Mystics,68,Seattle Storm,91,Box Score,2007,
"Fri, Aug 17, 2007",Phoenix Mercury,101,Sacramento Monarchs,91,Box Score,2007,
"Thu, Aug 9, 2007",New York Liberty,86,Phoenix Mercury,97,Box Score,2007,
"Thu, May 31, 2007",Connecticut Sun,102,Chicago Sky,97,Box Score,2007,
"Fri, Aug 24, 2007",Phoenix Mercury,101,Seattle Storm,84,Box Score,2007,
"Sat, Aug 4, 2007",Indiana Fever,59,Connecticut Sun,84,Box Score,2007,
"Tue, Jul 17, 2007",Minnesota Lynx,79,Connecticut Sun,84,Box Score,2007,
"Sat, May 19, 2007",Minnesota Lynx,64,Indiana Fever,83,Box Score,2007,
"Thu, Jul 12, 2007",New York Liberty,63,Indiana Fever,79,Box Score,2007,
"Tue, Jul 3, 2007",Phoenix Mercury,95,Minnesota Lynx,79,Box Score,2007,
"Thu, Aug 16, 2007",Chicago Sky,81,Houston Comets,70,Box Score,2007,
"Fri, Jun 1, 2007",Chicago Sky,75,Washington Mystics,70,Box Score,2007,
"Tue, Aug 7, 2007",Indiana Fever,75,Chicago Sky,70,Box Score,2007,
"Sat, Jun 9, 2007",Phoenix Mercury,74,Sacramento Monarchs,70,Box Score,2007,
"Sat, Sep 8, 2007",Phoenix Mercury,98,Detroit Shock,70,Box Score,2007,
"Sun, Jun 3, 2007",Washington Mystics,66,Indiana Fever,70,Box Score,2007,
"Tue, Aug 14, 2007",Houston Comets,81,Detroit Shock,73,Box Score,2007,
"Tue, Jul 10, 2007",Minnesota Lynx,83,Washington Mystics,91,Box Score,2007,
"Sun, Jul 29, 2007",Connecticut Sun,67,New York Liberty,61,Box Score,2007,
"Tue, Jul 17, 2007",San Antonio Silver Stars,63,Los Angeles Sparks,61,Box Score,2007,
"Sat, Jun 9, 2007",Chicago Sky,70,San Antonio Silver Stars,60,Box Score,2007,
"Fri, Jun 1, 2007",New York Liberty,70,Minnesota Lynx,60,Box Score,2007,
"Fri, Aug 3, 2007",Detroit Shock,66,Chicago Sky,60,Box Score,2007,
"Thu, Jul 26, 2007",Indiana Fever,50,Sacramento Monarchs,60,Box Score,2007,
"Fri, Aug 17, 2007",Los Angeles Sparks,77,Seattle Storm,97,Box Score,2007,
"Thu, Aug 9, 2007",Seattle Storm,70,Detroit Shock,97,Box Score,2007,
"Tue, Jul 24, 2007",Seattle Storm,96,Washington Mystics,97,Box Score,2007,
"Tue, Jul 31, 2007",Detroit Shock,84,San Antonio Silver Stars,79,Box Score,2007,
"Tue, Aug 7, 2007",Sacramento Monarchs,81,Connecticut Sun,79,Box Score,2007,
"Wed, Jul 25, 2007",Phoenix Mercury,103,Minnesota Lynx,79,Box Score,2007,
"Thu, Jul 26, 2007",New York Liberty,75,Connecticut Sun,79,Box Score,2007,
"Thu, Aug 2, 2007",Phoenix Mercury,84,San Antonio Silver Stars,79,Box Score,2007,
"Tue, Jun 12, 2007",Washington Mystics,69,New York Liberty,79,Box Score,2007,
"Sat, Jun 16, 2007",New York Liberty,71,San Antonio Silver Stars,79,Box Score,2007,
"Tue, Jul 3, 2007",San Antonio Silver Stars,84,Washington Mystics,79,Box Score,2007,
"Fri, Jul 6, 2007",New York Liberty,82,Detroit Shock,81,Box Score,2007,
"Mon, Sep 3, 2007",Indiana Fever,65,Detroit Shock,81,Box Score,2007,
"Sat, Aug 4, 2007",Phoenix Mercury,101,Seattle Storm,111,Box Score,2007,
"Wed, Jun 18, 2008",Connecticut Sun,81,Phoenix Mercury,102,Box Score,2008,
"Mon, Jul 14, 2008",San Antonio Silver Stars,62,Los Angeles Sparks,75,Box Score,2008,
"Tue, Jul 22, 2008",Los Angeles Sparks,84,Detroit Shock,81,Box Score,2008,
"Tue, Jun 3, 2008",Minnesota Lynx,85,Atlanta Dream,81,Box Score,2008,
"Fri, Jun 6, 2008",Houston Comets,73,New York Liberty,81,Box Score,2008,
"Tue, May 20, 2008",Phoenix Mercury,76,San Antonio Silver Stars,81,Box Score,2008,
"Sat, Jul 5, 2008",Connecticut Sun,74,Indiana Fever,81,Box Score,2008,
"Fri, Sep 5, 2008",Sacramento Monarchs,69,Phoenix Mercury,81,Box Score,2008,
"Tue, Jun 24, 2008",Houston Comets,82,San Antonio Silver Stars,81,Box Score,2008,
"Wed, Jul 2, 2008",Chicago Sky,67,Indiana Fever,74,Box Score,2008,
"Sat, Jul 12, 2008",Houston Comets,71,Minnesota Lynx,85,Box Score,2008,
"Tue, Jun 24, 2008",Detroit Shock,68,Connecticut Sun,85,Box Score,2008,
"Sat, May 17, 2008",Houston Comets,66,Detroit Shock,85,Box Score,2008,
"Thu, Sep 25, 2008",San Antonio Silver Stars,70,Los Angeles Sparks,85,Box Score,2008,
"Fri, Sep 5, 2008",Indiana Fever,68,Detroit Shock,90,Box Score,2008,
"Tue, Jun 24, 2008",Phoenix Mercury,98,Washington Mystics,90,Box Score,2008,
"Fri, Sep 12, 2008",Phoenix Mercury,96,Minnesota Lynx,87,Box Score,2008,
"Wed, Jul 9, 2008",Atlanta Dream,73,Minnesota Lynx,67,Box Score,2008,
"Sat, Jul 12, 2008",Phoenix Mercury,97,Sacramento Monarchs,105,Box Score,2008,
"Sun, Jun 22, 2008",Phoenix Mercury,72,New York Liberty,105,Box Score,2008,
"Thu, Jun 26, 2008",Phoenix Mercury,89,Chicago Sky,79,Box Score,2008,
"Sat, Jul 26, 2008",Chicago Sky,65,Houston Comets,79,Box Score,2008,
"Tue, Jul 1, 2008",Phoenix Mercury,97,Atlanta Dream,79,Box Score,2008,
"Sun, Jun 15, 2008",San Antonio Silver Stars,70,Indiana Fever,60,Box Score,2008,
"Sun, Jul 27, 2008",Connecticut Sun,82,Washington Mystics,60,Box Score,2008,
"Mon, Jun 16, 2008",Connecticut Sun,74,Seattle Storm,67,Box Score,2008,
"Sat, Sep 20, 2008",Sacramento Monarchs,84,San Antonio Silver Stars,67,Box Score,2008,
"Thu, Jul 10, 2008",San Antonio Silver Stars,75,Chicago Sky,67,Box Score,2008,
"Sat, May 17, 2008",Chicago Sky,61,Seattle Storm,67,Box Score,2008,
"Fri, Jun 13, 2008",Indiana Fever,76,Atlanta Dream,67,Box Score,2008,
"Fri, Jun 27, 2008",Atlanta Dream,101,Connecticut Sun,109,Box Score,2008,
"Thu, Jun 26, 2008",Indiana Fever,96,New York Liberty,102,Box Score,2008,
"Tue, Jul 15, 2008",New York Liberty,77,Connecticut Sun,71,Box Score,2008,
"Sat, Jul 12, 2008",Chicago Sky,57,Indiana Fever,66,Box Score,2008,
"Sat, Sep 6, 2008",Los Angeles Sparks,84,Houston Comets,66,Box Score,2008,
"Sat, Jun 14, 2008",Los Angeles Sparks,74,Sacramento Monarchs,66,Box Score,2008,
"Tue, Jun 10, 2008",Connecticut Sun,75,Minnesota Lynx,66,Box Score,2008,
"Wed, Jul 16, 2008",Chicago Sky,63,Detroit Shock,66,Box Score,2008,
"Fri, Jun 6, 2008",Detroit Shock,84,Sacramento Monarchs,70,Box Score,2008,
"Sun, Sep 14, 2008",Minnesota Lynx,96,Washington Mystics,70,Box Score,2008,
"Thu, Jul 3, 2008",Minnesota Lynx,88,Los Angeles Sparks,70,Box Score,2008,
"Sat, Jul 12, 2008",Los Angeles Sparks,52,Seattle Storm,70,Box Score,2008,
"Sat, Jul 26, 2008",Indiana Fever,62,Sacramento Monarchs,70,Box Score,2008,
"Fri, Oct 3, 2008",Detroit Shock,69,San Antonio Silver Stars,61,Box Score,2008,
"Sun, Sep 14, 2008",Phoenix Mercury,89,Indiana Fever,103,Box Score,2008,
"Wed, Sep 3, 2008",Minnesota Lynx,96,Phoenix Mercury,103,Box Score,2008,
"Mon, Sep 29, 2008",New York Liberty,73,Detroit Shock,75,Box Score,2008,
"Mon, Sep 22, 2008",Sacramento Monarchs,81,San Antonio Silver Stars,86,Box Score,2008,
"Tue, Jun 24, 2008",Seattle Storm,62,Los Angeles Sparks,76,Box Score,2008,
"Fri, May 23, 2008",Detroit Shock,88,Atlanta Dream,76,Box Score,2008,
"Wed, Jun 11, 2008",Sacramento Monarchs,79,Washington Mystics,76,Box Score,2008,
"Tue, Sep 9, 2008",San Antonio Silver Stars,82,New York Liberty,76,Box Score,2008,
"Tue, Jul 22, 2008",Seattle Storm,76,Minnesota Lynx,73,Box Score,2008,
"Tue, Jul 1, 2008",Detroit Shock,72,San Antonio Silver Stars,79,Box Score,2008,
"Sun, Sep 14, 2008",Detroit Shock,61,New York Liberty,59,Box Score,2008,
"Thu, May 22, 2008",Seattle Storm,87,Phoenix Mercury,83,Box Score,2008,
"Fri, Aug 29, 2008",New York Liberty,69,Detroit Shock,83,Box Score,2008,
"Wed, Jun 11, 2008",Phoenix Mercury,77,Seattle Storm,83,Box Score,2008,
"Thu, Jun 26, 2008",Connecticut Sun,61,Detroit Shock,70,Box Score,2008,
"Sun, Jun 22, 2008",Chicago Sky,70,Sacramento Monarchs,82,Box Score,2008,
"Thu, May 29, 2008",Los Angeles Sparks,78,Indiana Fever,82,Box Score,2008,
"Fri, Sep 5, 2008",Atlanta Dream,71,New York Liberty,82,Box Score,2008,
"Sun, Jun 29, 2008",Atlanta Dream,92,Detroit Shock,100,Box Score,2008,
"Sat, May 17, 2008",Atlanta Dream,67,Connecticut Sun,100,Box Score,2008,
"Fri, Jun 20, 2008",Minnesota Lynx,93,Detroit Shock,98,Box Score,2008,
"Fri, Jul 18, 2008",Seattle Storm,65,Indiana Fever,59,Box Score,2008,
"Sat, May 31, 2008",Los Angeles Sparks,70,Washington Mystics,59,Box Score,2008,
"Thu, May 22, 2008",Washington Mystics,60,New York Liberty,79,Box Score,2008,
"Fri, Jul 11, 2008",Washington Mystics,66,Detroit Shock,79,Box Score,2008,
"Sun, Jul 6, 2008",Phoenix Mercury,80,Los Angeles Sparks,91,Box Score,2008,
"Sat, Jun 7, 2008",Atlanta Dream,70,Chicago Sky,91,Box Score,2008,
"Tue, Jun 24, 2008",New York Liberty,69,Minnesota Lynx,91,Box Score,2008,
"Sat, Jul 5, 2008",Chicago Sky,84,Atlanta Dream,91,Box Score,2008,
"Sat, Jul 5, 2008",Sacramento Monarchs,65,Houston Comets,73,Box Score,2008,
"Fri, Aug 29, 2008",Chicago Sky,79,Washington Mystics,75,Box Score,2008,
"Fri, Jul 25, 2008",Washington Mystics,81,Atlanta Dream,75,Box Score,2008,
"Sat, Jun 28, 2008",Detroit Shock,59,Chicago Sky,76,Box Score,2008,
"Sun, Sep 14, 2008",Houston Comets,79,Chicago Sky,76,Box Score,2008,
"Sun, Jul 27, 2008",New York Liberty,86,Atlanta Dream,76,Box Score,2008,
"Wed, May 21, 2008",Indiana Fever,71,Detroit Shock,76,Box Score,2008,
"Thu, Sep 11, 2008",Washington Mystics,66,Detroit Shock,78,Box Score,2008,
"Wed, Jul 23, 2008",New York Liberty,80,Washington Mystics,73,Box Score,2008,
"Thu, Jul 3, 2008",New York Liberty,71,Seattle Storm,84,Box Score,2008,
"Sun, May 18, 2008",Detroit Shock,70,Minnesota Lynx,84,Box Score,2008,
"Sun, Jul 27, 2008",Indiana Fever,88,Phoenix Mercury,84,Box Score,2008,
"Sun, Jul 27, 2008",Los Angeles Sparks,92,Minnesota Lynx,84,Box Score,2008,
"Sat, Jun 7, 2008",Houston Comets,75,Indiana Fever,84,Box Score,2008,
"Thu, Jul 24, 2008",Phoenix Mercury,74,Sacramento Monarchs,83,Box Score,2008,
"Sat, Jul 5, 2008",New York Liberty,93,Phoenix Mercury,83,Box Score,2008,
"Tue, Jul 22, 2008",Sacramento Monarchs,79,Atlanta Dream,66,Box Score,2008,
"Wed, Jun 18, 2008",San Antonio Silver Stars,81,Atlanta Dream,66,Box Score,2008,
"Fri, Sep 5, 2008",Los Angeles Sparks,58,San Antonio Silver Stars,76,Box Score,2008,
"Sun, Oct 5, 2008",San Antonio Silver Stars,60,Detroit Shock,76,Box Score,2008,
"Sun, Jun 22, 2008",Detroit Shock,97,Atlanta Dream,76,Box Score,2008,
"Sun, Sep 28, 2008",Los Angeles Sparks,72,San Antonio Silver Stars,76,Box Score,2008,
"Thu, Jul 24, 2008",Los Angeles Sparks,61,Connecticut Sun,87,Box Score,2008,
"Sat, May 24, 2008",Seattle Storm,72,San Antonio Silver Stars,87,Box Score,2008,
"Tue, May 27, 2008",Indiana Fever,75,Connecticut Sun,46,Box Score,2008,
"Mon, Sep 15, 2008",Sacramento Monarchs,81,Houston Comets,90,Box Score,2008,
"Sat, May 17, 2008",Los Angeles Sparks,99,Phoenix Mercury,94,Box Score,2008,
"Thu, Jun 12, 2008",Sacramento Monarchs,82,Minnesota Lynx,78,Box Score,2008,
"Thu, Sep 11, 2008",Connecticut Sun,74,San Antonio Silver Stars,78,Box Score,2008,
"Thu, Jul 24, 2008",Chicago Sky,67,San Antonio Silver Stars,78,Box Score,2008,
"Thu, Aug 28, 2008",Sacramento Monarchs,63,Los Angeles Sparks,78,Box Score,2008,
"Sun, Sep 7, 2008",San Antonio Silver Stars,85,Connecticut Sun,73,Box Score,2008,
"Sat, Sep 20, 2008",New York Liberty,70,Connecticut Sun,73,Box Score,2008,
"Sat, May 17, 2008",San Antonio Silver Stars,64,Sacramento Monarchs,73,Box Score,2008,
"Fri, Jul 18, 2008",Connecticut Sun,65,Chicago Sky,73,Box Score,2008,
"Fri, May 30, 2008",Houston Comets,66,Sacramento Monarchs,73,Box Score,2008,
"Sat, Jun 28, 2008",Minnesota Lynx,65,San Antonio Silver Stars,73,Box Score,2008,
"Sun, Jun 1, 2008",Connecticut Sun,75,Chicago Sky,73,Box Score,2008,
"Tue, Jul 1, 2008",New York Liberty,89,Los Angeles Sparks,78,Box Score,2008,
"Sat, Aug 30, 2008",San Antonio Silver Stars,53,Los Angeles Sparks,58,Box Score,2008,
"Thu, Aug 28, 2008",Connecticut Sun,84,Indiana Fever,58,Box Score,2008,
"Fri, Jun 13, 2008",Washington Mystics,64,Chicago Sky,57,Box Score,2008,
"Sun, May 25, 2008",Los Angeles Sparks,74,Atlanta Dream,56,Box Score,2008,
"Wed, Jun 18, 2008",New York Liberty,69,Indiana Fever,83,Box Score,2008,
"Tue, Jul 8, 2008",New York Liberty,79,San Antonio Silver Stars,83,Box Score,2008,
"Fri, Jun 20, 2008",Indiana Fever,70,Seattle Storm,78,Box Score,2008,
"Fri, Jul 25, 2008",San Antonio Silver Stars,68,Minnesota Lynx,78,Box Score,2008,
"Fri, Jul 25, 2008",Seattle Storm,80,Phoenix Mercury,94,Box Score,2008,
"Tue, Jul 22, 2008",Phoenix Mercury,92,Houston Comets,94,Box Score,2008,
"Sat, May 31, 2008",Phoenix Mercury,83,Minnesota Lynx,94,Box Score,2008,
"Tue, Sep 2, 2008",Indiana Fever,79,Washington Mystics,68,Box Score,2008,
"Thu, Jul 3, 2008",Sacramento Monarchs,67,San Antonio Silver Stars,68,Box Score,2008,
"Sat, Jun 14, 2008",Seattle Storm,60,Houston Comets,68,Box Score,2008,
"Sat, May 24, 2008",Sacramento Monarchs,64,Connecticut Sun,87,Box Score,2008,
"Thu, Jul 10, 2008",Los Angeles Sparks,69,Sacramento Monarchs,87,Box Score,2008,
"Tue, Jun 24, 2008",Sacramento Monarchs,73,Indiana Fever,78,Box Score,2008,
"Tue, Jul 1, 2008",Houston Comets,68,Connecticut Sun,78,Box Score,2008,
"Thu, Sep 4, 2008",Seattle Storm,70,Chicago Sky,62,Box Score,2008,
"Fri, Sep 12, 2008",New York Liberty,69,Chicago Sky,62,Box Score,2008,
"Tue, Sep 9, 2008",Washington Mystics,59,Chicago Sky,78,Box Score,2008,
"Sun, Sep 7, 2008",Minnesota Lynx,71,Sacramento Monarchs,78,Box Score,2008,
"Tue, Jul 1, 2008",Chicago Sky,73,Minnesota Lynx,71,Box Score,2008,
"Tue, Sep 9, 2008",Indiana Fever,76,Minnesota Lynx,86,Box Score,2008,
"Tue, Jul 15, 2008",San Antonio Silver Stars,97,Phoenix Mercury,87,Box Score,2008,
"Sat, Aug 30, 2008",Atlanta Dream,72,Indiana Fever,87,Box Score,2008,
"Thu, May 22, 2008",Sacramento Monarchs,77,Chicago Sky,87,Box Score,2008,
"Sat, Sep 13, 2008",Washington Mystics,81,Connecticut Sun,87,Box Score,2008,
"Tue, Jul 1, 2008",Washington Mystics,81,Sacramento Monarchs,87,Box Score,2008,
"Sun, Jun 8, 2008",Washington Mystics,79,Connecticut Sun,87,Box Score,2008,
"Thu, Jul 3, 2008",Houston Comets,72,Atlanta Dream,65,Box Score,2008,
"Mon, Sep 22, 2008",New York Liberty,66,Connecticut Sun,62,Box Score,2008,
"Sat, May 31, 2008",Detroit Shock,74,Indiana Fever,65,Box Score,2008,
"Sun, Sep 14, 2008",Seattle Storm,48,Los Angeles Sparks,65,Box Score,2008,
"Thu, Sep 11, 2008",Atlanta Dream,83,Los Angeles Sparks,72,Box Score,2008,
"Thu, Sep 18, 2008",Connecticut Sun,63,New York Liberty,72,Box Score,2008,
"Fri, Jun 6, 2008",Chicago Sky,86,Atlanta Dream,72,Box Score,2008,
"Sun, May 25, 2008",New York Liberty,62,Detroit Shock,72,Box Score,2008,
"Fri, Sep 19, 2008",Detroit Shock,81,Indiana Fever,72,Box Score,2008,
"Fri, Jun 20, 2008",Atlanta Dream,61,Washington Mystics,72,Box Score,2008,
"Fri, Aug 29, 2008",Connecticut Sun,98,Atlanta Dream,72,Box Score,2008,
"Thu, Aug 28, 2008",San Antonio Silver Stars,77,Phoenix Mercury,55,Box Score,2008,
"Sat, Jul 19, 2008",Indiana Fever,71,New York Liberty,55,Box Score,2008,
"Fri, Jun 20, 2008",Connecticut Sun,72,Sacramento Monarchs,56,Box Score,2008,
"Fri, Jul 18, 2008",Detroit Shock,99,Washington Mystics,62,Box Score,2008,
"Thu, Sep 18, 2008",San Antonio Silver Stars,85,Sacramento Monarchs,78,Box Score,2008,
"Fri, May 30, 2008",San Antonio Silver Stars,57,Seattle Storm,78,Box Score,2008,
"Fri, Jun 6, 2008",Minnesota Lynx,77,Connecticut Sun,78,Box Score,2008,
"Fri, Jul 18, 2008",Atlanta Dream,73,Sacramento Monarchs,77,Box Score,2008,
"Fri, Jun 20, 2008",Los Angeles Sparks,75,San Antonio Silver Stars,77,Box Score,2008,
"Tue, Jul 8, 2008",Connecticut Sun,82,Detroit Shock,88,Box Score,2008,
"Mon, Jun 16, 2008",Atlanta Dream,79,Houston Comets,88,Box Score,2008,
"Sat, Sep 6, 2008",Minnesota Lynx,88,Seattle Storm,96,Box Score,2008,
"Thu, Jul 17, 2008",Minnesota Lynx,88,Houston Comets,96,Box Score,2008,
"Sat, Jul 5, 2008",Minnesota Lynx,71,Seattle Storm,96,Box Score,2008,
"Sun, Jun 8, 2008",San Antonio Silver Stars,78,Minnesota Lynx,90,Box Score,2008,
"Wed, Jul 16, 2008",Atlanta Dream,81,Indiana Fever,77,Box Score,2008,
"Sun, Jul 27, 2008",Sacramento Monarchs,71,Seattle Storm,77,Box Score,2008,
"Tue, Sep 9, 2008",Seattle Storm,74,Sacramento Monarchs,77,Box Score,2008,
"Mon, Sep 8, 2008",Indiana Fever,81,Atlanta Dream,77,Box Score,2008,
"Tue, Jun 3, 2008",Los Angeles Sparks,81,Chicago Sky,77,Box Score,2008,
"Sat, Jun 14, 2008",Minnesota Lynx,76,New York Liberty,77,Box Score,2008,
"Thu, Jul 17, 2008",Washington Mystics,56,New York Liberty,77,Box Score,2008,
"Sat, Jun 21, 2008",Houston Comets,72,Minnesota Lynx,65,Box Score,2008,
"Sun, Jun 22, 2008",Indiana Fever,63,Los Angeles Sparks,77,Box Score,2008,
"Fri, Sep 12, 2008",Atlanta Dream,72,Seattle Storm,77,Box Score,2008,
"Sun, May 25, 2008",Houston Comets,66,Washington Mystics,69,Box Score,2008,
"Wed, Oct 1, 2008",Detroit Shock,77,San Antonio Silver Stars,69,Box Score,2008,
"Sun, Jul 13, 2008",Connecticut Sun,64,Washington Mystics,69,Box Score,2008,
"Tue, Sep 2, 2008",Seattle Storm,83,Atlanta Dream,69,Box Score,2008,
"Sun, Jun 8, 2008",Sacramento Monarchs,70,New York Liberty,63,Box Score,2008,
"Fri, Jun 6, 2008",Washington Mystics,52,San Antonio Silver Stars,63,Box Score,2008,
"Sun, May 18, 2008",Connecticut Sun,77,New York Liberty,63,Box Score,2008,
"Wed, Jun 18, 2008",Washington Mystics,67,Houston Comets,63,Box Score,2008,
"Mon, Sep 1, 2008",Minnesota Lynx,58,Los Angeles Sparks,82,Box Score,2008,
"Sun, Aug 31, 2008",Detroit Shock,81,Chicago Sky,82,Box Score,2008,
"Sat, Jun 28, 2008",New York Liberty,78,Sacramento Monarchs,82,Box Score,2008,
"Sun, Sep 21, 2008",Indiana Fever,89,Detroit Shock,82,Box Score,2008,
"Tue, Jun 3, 2008",Seattle Storm,63,New York Liberty,77,Box Score,2008,
"Fri, Sep 19, 2008",Seattle Storm,69,Los Angeles Sparks,77,Box Score,2008,
"Fri, May 30, 2008",New York Liberty,84,Connecticut Sun,89,Box Score,2008,
"Tue, Jun 3, 2008",Washington Mystics,93,Phoenix Mercury,98,Box Score,2008,
"Fri, Jun 13, 2008",Connecticut Sun,93,Los Angeles Sparks,98,Box Score,2008,
"Sat, Sep 6, 2008",Detroit Shock,84,Washington Mystics,69,Box Score,2008,
"Fri, Jul 25, 2008",Los Angeles Sparks,68,New York Liberty,69,Box Score,2008,
"Thu, May 29, 2008",Minnesota Lynx,75,Chicago Sky,69,Box Score,2008,
"Sun, Sep 7, 2008",Chicago Sky,61,New York Liberty,69,Box Score,2008,
"Sat, Sep 13, 2008",Sacramento Monarchs,69,San Antonio Silver Stars,77,Box Score,2008,
"Wed, Jun 11, 2008",New York Liberty,81,Atlanta Dream,77,Box Score,2008,
"Thu, Sep 11, 2008",New York Liberty,59,Indiana Fever,74,Box Score,2008,
"Sun, Jul 20, 2008",Chicago Sky,67,Connecticut Sun,74,Box Score,2008,
"Sat, Jul 12, 2008",Detroit Shock,64,New York Liberty,74,Box Score,2008,
"Fri, Jun 13, 2008",Seattle Storm,69,San Antonio Silver Stars,74,Box Score,2008,
"Thu, Jun 26, 2008",Washington Mystics,77,Los Angeles Sparks,74,Box Score,2008,
"Sat, Jul 19, 2008",Minnesota Lynx,87,San Antonio Silver Stars,74,Box Score,2008,
"Tue, May 20, 2008",Sacramento Monarchs,62,Seattle Storm,74,Box Score,2008,
"Tue, May 27, 2008",Atlanta Dream,74,Washington Mystics,80,Box Score,2008,
"Thu, Jul 24, 2008",Minnesota Lynx,84,Indiana Fever,80,Box Score,2008,
"Sat, Aug 30, 2008",Houston Comets,65,Sacramento Monarchs,80,Box Score,2008,
"Wed, Jun 11, 2008",Detroit Shock,73,Los Angeles Sparks,80,Box Score,2008,
"Thu, Jun 26, 2008",San Antonio Silver Stars,71,Houston Comets,77,Box Score,2008,
"Wed, Jun 4, 2008",Seattle Storm,67,Detroit Shock,77,Box Score,2008,
"Sun, Sep 28, 2008",New York Liberty,55,Detroit Shock,64,Box Score,2008,
"Wed, Jun 11, 2008",Indiana Fever,53,San Antonio Silver Stars,64,Box Score,2008,
"Tue, Jul 8, 2008",Seattle Storm,79,Sacramento Monarchs,64,Box Score,2008,
"Sun, Jul 20, 2008",Sacramento Monarchs,88,Detroit Shock,85,Box Score,2008,
"Tue, Jul 22, 2008",Indiana Fever,60,Chicago Sky,68,Box Score,2008,
"Sat, Aug 30, 2008",Washington Mystics,78,Minnesota Lynx,92,Box Score,2008,
"Tue, May 27, 2008",Minnesota Lynx,98,Houston Comets,92,Box Score,2008,
"Thu, Jul 10, 2008",Phoenix Mercury,78,Seattle Storm,89,Box Score,2008,
"Tue, Sep 9, 2008",Phoenix Mercury,78,Detroit Shock,89,Box Score,2008,
"Sun, Jul 20, 2008",Seattle Storm,57,Washington Mystics,89,Box Score,2008,
"Fri, Sep 5, 2008",Chicago Sky,75,Connecticut Sun,80,Box Score,2008,
"Tue, Sep 23, 2008",Indiana Fever,61,Detroit Shock,80,Box Score,2008,
"Sun, Aug 31, 2008",Seattle Storm,76,Connecticut Sun,80,Box Score,2008,
"Sun, Sep 7, 2008",Houston Comets,74,Phoenix Mercury,99,Box Score,2008,
"Tue, Jul 8, 2008",Houston Comets,94,Phoenix Mercury,99,Box Score,2008,
"Thu, Jul 17, 2008",Los Angeles Sparks,92,Phoenix Mercury,99,Box Score,2008,
"Tue, Jul 8, 2008",Indiana Fever,48,Washington Mystics,50,Box Score,2008,
"Sun, Jun 29, 2008",Washington Mystics,49,Seattle Storm,64,Box Score,2008,
"Sun, Sep 21, 2008",Los Angeles Sparks,50,Seattle Storm,64,Box Score,2008,
"Sun, Jul 27, 2008",San Antonio Silver Stars,76,Detroit Shock,64,Box Score,2008,
"Sat, May 17, 2008",Washington Mystics,53,Indiana Fever,64,Box Score,2008,
"Tue, Sep 23, 2008",Los Angeles Sparks,71,Seattle Storm,64,Box Score,2008,
"Sun, Jun 1, 2008",Houston Comets,63,Seattle Storm,64,Box Score,2008,
"Sun, Jun 29, 2008",Phoenix Mercury,87,Connecticut Sun,80,Box Score,2008,
"Thu, Jun 26, 2008",Sacramento Monarchs,76,Minnesota Lynx,80,Box Score,2008,
"Wed, Jun 18, 2008",Chicago Sky,67,Los Angeles Sparks,80,Box Score,2008,
"Thu, Aug 28, 2008",Houston Comets,49,Seattle Storm,66,Box Score,2008,
"Sat, Jun 7, 2008",Detroit Shock,67,Seattle Storm,75,Box Score,2008,
"Tue, Sep 9, 2008",Connecticut Sun,68,Houston Comets,75,Box Score,2008,
"Fri, Jul 11, 2008",Atlanta Dream,74,San Antonio Silver Stars,82,Box Score,2008,
"Wed, Jul 9, 2008",Houston Comets,74,Los Angeles Sparks,82,Box Score,2008,
"Fri, Sep 26, 2008",Detroit Shock,56,New York Liberty,60,Box Score,2008,
"Thu, Aug 28, 2008",Chicago Sky,69,New York Liberty,60,Box Score,2008,
"Thu, Jul 24, 2008",Detroit Shock,61,Houston Comets,79,Box Score,2008,
"Fri, Jun 6, 2008",Phoenix Mercury,85,Los Angeles Sparks,79,Box Score,2008,
"Sun, Jul 13, 2008",Atlanta Dream,66,Chicago Sky,79,Box Score,2008,
"Sat, Jun 14, 2008",Detroit Shock,89,Phoenix Mercury,79,Box Score,2008,
"Sat, Jul 19, 2008",Los Angeles Sparks,72,Houston Comets,75,Box Score,2008,
"Sun, Jul 6, 2008",San Antonio Silver Stars,83,Washington Mystics,75,Box Score,2008,
"Tue, Jun 3, 2008",San Antonio Silver Stars,72,Houston Comets,75,Box Score,2008,
"Sat, Jun 28, 2008",Indiana Fever,61,Houston Comets,75,Box Score,2008,
"Tue, Sep 2, 2008",New York Liberty,90,Houston Comets,87,Box Score,2008,
"Sat, Jul 19, 2008",Atlanta Dream,84,Phoenix Mercury,110,Box Score,2008,
"Sat, Sep 27, 2008",Los Angeles Sparks,66,San Antonio Silver Stars,67,Box Score,2008,
"Fri, Jun 20, 2008",Chicago Sky,105,Phoenix Mercury,112,Box Score,2008,
"Sat, Aug 15, 2009",Phoenix Mercury,89,San Antonio Silver Stars,106,Box Score,2009,
"Fri, Jun 12, 2009",Atlanta Dream,73,Chicago Sky,81,Box Score,2009,
"Mon, Jun 8, 2009",Los Angeles Sparks,52,Detroit Shock,81,Box Score,2009,
"Sun, Jul 12, 2009",Chicago Sky,86,Seattle Storm,81,Box Score,2009,
"Sat, Sep 5, 2009",Los Angeles Sparks,72,San Antonio Silver Stars,89,Box Score,2009,
"Sun, Jul 5, 2009",Phoenix Mercury,104,Los Angeles Sparks,89,Box Score,2009,
"Sun, Jul 19, 2009",Atlanta Dream,86,New York Liberty,89,Box Score,2009,
"Sat, Jun 27, 2009",Phoenix Mercury,80,Minnesota Lynx,109,Box Score,2009,
"Sat, Jun 13, 2009",Sacramento Monarchs,104,Phoenix Mercury,115,Box Score,2009,
"Tue, Aug 18, 2009",Seattle Storm,79,Detroit Shock,75,Box Score,2009,
"Thu, Jul 30, 2009",Washington Mystics,78,New York Liberty,75,Box Score,2009,
"Mon, Aug 10, 2009",Indiana Fever,63,Los Angeles Sparks,75,Box Score,2009,
"Fri, Sep 18, 2009",Los Angeles Sparks,74,Seattle Storm,75,Box Score,2009,
"Sat, Jul 11, 2009",Los Angeles Sparks,63,Washington Mystics,75,Box Score,2009,
"Thu, Aug 13, 2009",Indiana Fever,91,Minnesota Lynx,81,Box Score,2009,
"Sun, Jun 21, 2009",New York Liberty,93,Atlanta Dream,81,Box Score,2009,
"Sun, Aug 30, 2009",Minnesota Lynx,75,Washington Mystics,81,Box Score,2009,
"Fri, Jun 26, 2009",Indiana Fever,82,New York Liberty,81,Box Score,2009,
"Sat, Jun 20, 2009",Chicago Sky,72,Washington Mystics,81,Box Score,2009,
"Sat, Sep 19, 2009",San Antonio Silver Stars,78,Phoenix Mercury,106,Box Score,2009,
"Tue, Aug 11, 2009",Detroit Shock,81,Washington Mystics,77,Box Score,2009,
"Wed, Oct 7, 2009",Phoenix Mercury,90,Indiana Fever,77,Box Score,2009,
"Sat, Jul 11, 2009",Detroit Shock,79,Connecticut Sun,77,Box Score,2009,
"Tue, Jun 30, 2009",Sacramento Monarchs,72,Chicago Sky,74,Box Score,2009,
"Sat, Jun 27, 2009",Washington Mystics,63,Chicago Sky,68,Box Score,2009,
"Sat, Jul 18, 2009",New York Liberty,67,Washington Mystics,68,Box Score,2009,
"Thu, Jul 2, 2009",Sacramento Monarchs,74,Minnesota Lynx,68,Box Score,2009,
"Fri, Jul 17, 2009",Connecticut Sun,72,San Antonio Silver Stars,64,Box Score,2009,
"Sun, Jun 14, 2009",Seattle Storm,57,Chicago Sky,64,Box Score,2009,
"Tue, Aug 18, 2009",Phoenix Mercury,106,Chicago Sky,99,Box Score,2009,
"Sun, Aug 23, 2009",San Antonio Silver Stars,84,Detroit Shock,99,Box Score,2009,
"Sun, Sep 20, 2009",Los Angeles Sparks,75,Seattle Storm,64,Box Score,2009,
"Sat, Aug 8, 2009",Chicago Sky,82,Atlanta Dream,80,Box Score,2009,
"Wed, Jul 15, 2009",Atlanta Dream,91,Minnesota Lynx,77,Box Score,2009,
"Fri, Jun 19, 2009",San Antonio Silver Stars,61,New York Liberty,77,Box Score,2009,
"Sun, Aug 30, 2009",Chicago Sky,63,New York Liberty,77,Box Score,2009,
"Thu, Aug 27, 2009",San Antonio Silver Stars,66,Indiana Fever,77,Box Score,2009,
"Sun, Jun 7, 2009",Atlanta Dream,71,Washington Mystics,77,Box Score,2009,
"Fri, Aug 14, 2009",Chicago Sky,88,New York Liberty,77,Box Score,2009,
"Tue, Jul 28, 2009",Washington Mystics,81,Indiana Fever,85,Box Score,2009,
"Fri, Aug 21, 2009",Connecticut Sun,83,New York Liberty,85,Box Score,2009,
"Sat, Sep 26, 2009",Los Angeles Sparks,74,Phoenix Mercury,85,Box Score,2009,
"Sat, Aug 1, 2009",San Antonio Silver Stars,82,Seattle Storm,85,Box Score,2009,
"Sun, Jul 5, 2009",Connecticut Sun,95,Detroit Shock,92,Box Score,2009,
"Fri, Sep 4, 2009",Washington Mystics,86,Chicago Sky,92,Box Score,2009,
"Thu, Jul 23, 2009",Indiana Fever,65,San Antonio Silver Stars,84,Box Score,2009,
"Thu, Sep 10, 2009",Phoenix Mercury,92,Seattle Storm,84,Box Score,2009,
"Sun, Sep 6, 2009",Chicago Sky,75,Detroit Shock,84,Box Score,2009,
"Sun, Aug 9, 2009",Chicago Sky,58,Detroit Shock,64,Box Score,2009,
"Thu, Aug 13, 2009",Seattle Storm,53,Connecticut Sun,64,Box Score,2009,
"Sat, Aug 1, 2009",New York Liberty,83,Atlanta Dream,89,Box Score,2009,
"Fri, Jun 19, 2009",Los Angeles Sparks,80,Phoenix Mercury,89,Box Score,2009,
"Fri, Jun 19, 2009",Indiana Fever,66,Detroit Shock,54,Box Score,2009,
"Fri, Jul 10, 2009",Indiana Fever,83,Chicago Sky,54,Box Score,2009,
"Sat, Aug 1, 2009",Phoenix Mercury,87,Minnesota Lynx,74,Box Score,2009,
"Sun, Jun 7, 2009",Minnesota Lynx,96,Indiana Fever,74,Box Score,2009,
"Tue, Jul 28, 2009",Seattle Storm,71,San Antonio Silver Stars,74,Box Score,2009,
"Sat, Aug 22, 2009",Indiana Fever,60,Seattle Storm,74,Box Score,2009,
"Wed, Aug 19, 2009",New York Liberty,69,Connecticut Sun,74,Box Score,2009,
"Sat, Aug 1, 2009",Connecticut Sun,72,Chicago Sky,84,Box Score,2009,
"Sun, Jun 21, 2009",Seattle Storm,93,Phoenix Mercury,84,Box Score,2009,
"Tue, Sep 8, 2009",Indiana Fever,69,New York Liberty,63,Box Score,2009,
"Wed, Jun 10, 2009",Washington Mystics,75,Detroit Shock,69,Box Score,2009,
"Tue, Jun 23, 2009",New York Liberty,57,Minnesota Lynx,69,Box Score,2009,
"Fri, Jun 26, 2009",Los Angeles Sparks,67,Seattle Storm,69,Box Score,2009,
"Tue, Jun 30, 2009",Minnesota Lynx,91,Atlanta Dream,85,Box Score,2009,
"Fri, Jul 3, 2009",Chicago Sky,72,San Antonio Silver Stars,85,Box Score,2009,
"Tue, Jul 28, 2009",Phoenix Mercury,95,Connecticut Sun,80,Box Score,2009,
"Wed, Sep 23, 2009",Indiana Fever,56,Detroit Shock,72,Box Score,2009,
"Sun, Jul 19, 2009",Minnesota Lynx,69,Seattle Storm,72,Box Score,2009,
"Sun, Sep 6, 2009",Washington Mystics,61,Indiana Fever,72,Box Score,2009,
"Tue, Jun 30, 2009",Washington Mystics,84,San Antonio Silver Stars,82,Box Score,2009,
"Sun, Jun 21, 2009",Detroit Shock,70,Indiana Fever,82,Box Score,2009,
"Sun, Jun 28, 2009",Seattle Storm,55,Los Angeles Sparks,82,Box Score,2009,
"Tue, Aug 18, 2009",Washington Mystics,69,Los Angeles Sparks,72,Box Score,2009,
"Sat, Jun 13, 2009",New York Liberty,60,San Antonio Silver Stars,63,Box Score,2009,
"Sat, Jun 27, 2009",New York Liberty,54,Indiana Fever,63,Box Score,2009,
"Wed, Jul 15, 2009",Detroit Shock,66,Seattle Storm,63,Box Score,2009,
"Sat, Aug 15, 2009",Seattle Storm,79,Atlanta Dream,88,Box Score,2009,
"Sun, Sep 13, 2009",Minnesota Lynx,66,Sacramento Monarchs,88,Box Score,2009,
"Fri, Sep 11, 2009",Connecticut Sun,64,Atlanta Dream,88,Box Score,2009,
"Fri, Sep 4, 2009",New York Liberty,85,Connecticut Sun,88,Box Score,2009,
"Fri, Jun 26, 2009",Detroit Shock,86,Atlanta Dream,96,Box Score,2009,
"Tue, Jul 7, 2009",Washington Mystics,94,Minnesota Lynx,96,Box Score,2009,
"Sun, Aug 9, 2009",Washington Mystics,67,Connecticut Sun,96,Box Score,2009,
"Sat, Sep 12, 2009",Detroit Shock,80,Chicago Sky,69,Box Score,2009,
"Sat, Sep 26, 2009",Detroit Shock,67,Indiana Fever,72,Box Score,2009,
"Fri, Jul 3, 2009",Washington Mystics,65,Atlanta Dream,72,Box Score,2009,
"Sun, Aug 23, 2009",Minnesota Lynx,67,New York Liberty,80,Box Score,2009,
"Thu, Aug 13, 2009",Detroit Shock,75,Atlanta Dream,80,Box Score,2009,
"Sun, Aug 2, 2009",Connecticut Sun,83,Detroit Shock,65,Box Score,2009,
"Sun, Jul 19, 2009",Detroit Shock,69,Sacramento Monarchs,65,Box Score,2009,
"Sun, Jun 7, 2009",Sacramento Monarchs,70,Seattle Storm,80,Box Score,2009,
"Thu, Jul 2, 2009",Detroit Shock,64,New York Liberty,80,Box Score,2009,
"Thu, Jul 30, 2009",Connecticut Sun,85,Indiana Fever,94,Box Score,2009,
"Fri, Aug 7, 2009",Connecticut Sun,88,Minnesota Lynx,95,Box Score,2009,
"Sun, Sep 13, 2009",Indiana Fever,85,Connecticut Sun,95,Box Score,2009,
"Sat, Aug 29, 2009",Connecticut Sun,84,Phoenix Mercury,95,Box Score,2009,
"Wed, Jul 22, 2009",Atlanta Dream,98,Detroit Shock,95,Box Score,2009,
"Thu, Aug 13, 2009",San Antonio Silver Stars,83,Phoenix Mercury,95,Box Score,2009,
"Fri, Sep 4, 2009",Atlanta Dream,98,Sacramento Monarchs,90,Box Score,2009,
"Sat, Jun 6, 2009",San Antonio Silver Stars,79,Phoenix Mercury,90,Box Score,2009,
"Wed, Sep 2, 2009",Phoenix Mercury,106,Indiana Fever,90,Box Score,2009,
"Tue, Aug 4, 2009",Phoenix Mercury,101,Seattle Storm,90,Box Score,2009,
"Sat, Sep 12, 2009",Seattle Storm,64,San Antonio Silver Stars,55,Box Score,2009,
"Fri, Jun 12, 2009",Phoenix Mercury,71,Sacramento Monarchs,90,Box Score,2009,
"Fri, Jun 19, 2009",Minnesota Lynx,62,Seattle Storm,90,Box Score,2009,
"Sun, Jun 14, 2009",Atlanta Dream,67,Connecticut Sun,62,Box Score,2009,
"Fri, Jun 26, 2009",Sacramento Monarchs,52,San Antonio Silver Stars,62,Box Score,2009,
"Sun, Jul 26, 2009",Phoenix Mercury,94,New York Liberty,88,Box Score,2009,
"Tue, Jun 23, 2009",Phoenix Mercury,87,San Antonio Silver Stars,91,Box Score,2009,
"Fri, Jul 31, 2009",Minnesota Lynx,83,Detroit Shock,91,Box Score,2009,
"Wed, Jun 10, 2009",New York Liberty,84,Phoenix Mercury,91,Box Score,2009,
"Fri, Aug 14, 2009",Connecticut Sun,89,Washington Mystics,91,Box Score,2009,
"Sun, Jul 5, 2009",Atlanta Dream,74,Indiana Fever,78,Box Score,2009,
"Wed, Aug 19, 2009",Minnesota Lynx,63,Los Angeles Sparks,78,Box Score,2009,
"Fri, Jun 12, 2009",Los Angeles Sparks,61,Indiana Fever,73,Box Score,2009,
"Thu, Jul 23, 2009",Sacramento Monarchs,88,New York Liberty,73,Box Score,2009,
"Fri, Aug 28, 2009",New York Liberty,77,Chicago Sky,96,Box Score,2009,
"Sat, Jun 6, 2009",Indiana Fever,86,Atlanta Dream,87,Box Score,2009,
"Thu, Aug 27, 2009",Phoenix Mercury,98,Los Angeles Sparks,90,Box Score,2009,
"Tue, Sep 1, 2009",Connecticut Sun,70,Sacramento Monarchs,90,Box Score,2009,
"Wed, Jul 8, 2009",Chicago Sky,70,Phoenix Mercury,90,Box Score,2009,
"Tue, Jul 7, 2009",Connecticut Sun,67,Atlanta Dream,72,Box Score,2009,
"Wed, Jun 10, 2009",Los Angeles Sparks,76,Minnesota Lynx,87,Box Score,2009,
"Sun, Jul 19, 2009",San Antonio Silver Stars,75,Chicago Sky,85,Box Score,2009,
"Tue, Sep 1, 2009",Seattle Storm,65,New York Liberty,58,Box Score,2009,
"Sun, Jun 7, 2009",Connecticut Sun,66,New York Liberty,57,Box Score,2009,
"Wed, Jul 22, 2009",Los Angeles Sparks,87,Seattle Storm,98,Box Score,2009,
"Sat, Aug 22, 2009",Minnesota Lynx,94,Connecticut Sun,98,Box Score,2009,
"Tue, Jun 23, 2009",Chicago Sky,99,Atlanta Dream,98,Box Score,2009,
"Sat, Aug 1, 2009",Los Angeles Sparks,59,Sacramento Monarchs,56,Box Score,2009,
"Fri, Jul 17, 2009",Seattle Storm,69,Sacramento Monarchs,56,Box Score,2009,
"Wed, Sep 23, 2009",Phoenix Mercury,103,Los Angeles Sparks,94,Box Score,2009,
"Fri, Oct 9, 2009",Indiana Fever,86,Phoenix Mercury,94,Box Score,2009,
"Wed, Sep 16, 2009",Atlanta Dream,89,Detroit Shock,94,Box Score,2009,
"Thu, Sep 10, 2009",New York Liberty,87,Detroit Shock,94,Box Score,2009,
"Fri, Sep 25, 2009",Los Angeles Sparks,87,Phoenix Mercury,76,Box Score,2009,
"Tue, Sep 8, 2009",San Antonio Silver Stars,68,Los Angeles Sparks,76,Box Score,2009,
"Sun, Aug 9, 2009",San Antonio Silver Stars,89,Minnesota Lynx,87,Box Score,2009,
"Sat, Aug 22, 2009",Washington Mystics,60,Sacramento Monarchs,82,Box Score,2009,
"Tue, Jul 14, 2009",Los Angeles Sparks,71,Connecticut Sun,82,Box Score,2009,
"Sat, Sep 12, 2009",Atlanta Dream,64,Washington Mystics,82,Box Score,2009,
"Sat, Jun 27, 2009",Atlanta Dream,68,Connecticut Sun,82,Box Score,2009,
"Sat, Aug 15, 2009",Detroit Shock,59,Indiana Fever,82,Box Score,2009,
"Fri, Aug 28, 2009",Sacramento Monarchs,95,Minnesota Lynx,100,Box Score,2009,
"Sat, Aug 29, 2009",Detroit Shock,88,San Antonio Silver Stars,100,Box Score,2009,
"Sat, Sep 5, 2009",Atlanta Dream,82,Phoenix Mercury,100,Box Score,2009,
"Mon, Sep 21, 2009",San Antonio Silver Stars,92,Phoenix Mercury,100,Box Score,2009,
"Fri, Sep 11, 2009",Minnesota Lynx,61,Los Angeles Sparks,90,Box Score,2009,
"Sun, Jul 26, 2009",Sacramento Monarchs,73,Washington Mystics,87,Box Score,2009,
"Thu, Aug 27, 2009",Atlanta Dream,83,Detroit Shock,87,Box Score,2009,
"Sun, Aug 23, 2009",Los Angeles Sparks,91,Atlanta Dream,87,Box Score,2009,
"Sun, Sep 13, 2009",Los Angeles Sparks,81,Phoenix Mercury,78,Box Score,2009,
"Tue, Aug 25, 2009",Washington Mystics,68,Seattle Storm,78,Box Score,2009,
"Tue, Jun 16, 2009",Connecticut Sun,75,Chicago Sky,78,Box Score,2009,
"Thu, Sep 3, 2009",Seattle Storm,67,Washington Mystics,78,Box Score,2009,
"Wed, Jul 15, 2009",San Antonio Silver Stars,79,Washington Mystics,78,Box Score,2009,
"Sat, Jun 6, 2009",Detroit Shock,58,Los Angeles Sparks,78,Box Score,2009,
"Sat, Aug 29, 2009",Sacramento Monarchs,79,Indiana Fever,78,Box Score,2009,
"Wed, Jul 15, 2009",Chicago Sky,74,Indiana Fever,84,Box Score,2009,
"Tue, Jun 9, 2009",Seattle Storm,66,Indiana Fever,73,Box Score,2009,
"Fri, Jul 17, 2009",Atlanta Dream,79,Indiana Fever,84,Box Score,2009,
"Tue, Aug 11, 2009",Sacramento Monarchs,90,San Antonio Silver Stars,73,Box Score,2009,
"Wed, Aug 5, 2009",Chicago Sky,67,Indiana Fever,76,Box Score,2009,
"Sun, Jul 12, 2009",Minnesota Lynx,83,San Antonio Silver Stars,76,Box Score,2009,
"Tue, Aug 4, 2009",New York Liberty,64,Detroit Shock,76,Box Score,2009,
"Sat, Sep 5, 2009",Seattle Storm,68,Minnesota Lynx,76,Box Score,2009,
"Thu, Sep 17, 2009",Phoenix Mercury,91,San Antonio Silver Stars,92,Box Score,2009,
"Thu, Jun 25, 2009",Phoenix Mercury,93,Washington Mystics,87,Box Score,2009,
"Fri, Jun 19, 2009",Washington Mystics,81,Atlanta Dream,93,Box Score,2009,
"Fri, Jun 12, 2009",Seattle Storm,88,Minnesota Lynx,71,Box Score,2009,
"Sun, Jun 21, 2009",San Antonio Silver Stars,58,Connecticut Sun,71,Box Score,2009,
"Tue, Jun 16, 2009",Minnesota Lynx,86,Sacramento Monarchs,83,Box Score,2009,
"Tue, Jul 7, 2009",Chicago Sky,73,Sacramento Monarchs,83,Box Score,2009,
"Wed, Jul 22, 2009",Sacramento Monarchs,75,Connecticut Sun,83,Box Score,2009,
"Thu, Aug 6, 2009",Atlanta Dream,92,San Antonio Silver Stars,84,Box Score,2009,
"Tue, Sep 1, 2009",Minnesota Lynx,82,San Antonio Silver Stars,84,Box Score,2009,
"Thu, Oct 1, 2009",Indiana Fever,93,Phoenix Mercury,84,Box Score,2009,
"Fri, Aug 21, 2009",Los Angeles Sparks,67,San Antonio Silver Stars,66,Box Score,2009,
"Fri, Aug 7, 2009",New York Liberty,84,Sacramento Monarchs,66,Box Score,2009,
"Thu, Jul 9, 2009",Sacramento Monarchs,55,Seattle Storm,66,Box Score,2009,
"Tue, Jul 7, 2009",San Antonio Silver Stars,53,Seattle Storm,66,Box Score,2009,
"Wed, Jul 1, 2009",Seattle Storm,81,Phoenix Mercury,93,Box Score,2009,
"Thu, Aug 20, 2009",San Antonio Silver Stars,87,Atlanta Dream,93,Box Score,2009,
"Tue, Sep 1, 2009",Atlanta Dream,84,Los Angeles Sparks,79,Box Score,2009,
"Fri, Sep 18, 2009",Detroit Shock,94,Atlanta Dream,79,Box Score,2009,
"Fri, Sep 25, 2009",Detroit Shock,75,Indiana Fever,79,Box Score,2009,
"Sat, Aug 15, 2009",Minnesota Lynx,76,Chicago Sky,79,Box Score,2009,
"Sun, Aug 2, 2009",Indiana Fever,87,Washington Mystics,79,Box Score,2009,
"Fri, Aug 14, 2009",Sacramento Monarchs,85,Los Angeles Sparks,79,Box Score,2009,
"Thu, Aug 6, 2009",Seattle Storm,75,Los Angeles Sparks,79,Box Score,2009,
"Sat, Aug 8, 2009",Indiana Fever,90,Phoenix Mercury,83,Box Score,2009,
"Fri, Jun 19, 2009",Chicago Sky,61,Connecticut Sun,91,Box Score,2009,
"Thu, Sep 10, 2009",San Antonio Silver Stars,80,Sacramento Monarchs,71,Box Score,2009,
"Tue, Sep 1, 2009",Phoenix Mercury,99,Detroit Shock,101,Box Score,2009,
"Thu, Jul 30, 2009",San Antonio Silver Stars,93,Sacramento Monarchs,101,Box Score,2009,
"Wed, Jul 15, 2009",Sacramento Monarchs,81,Phoenix Mercury,100,Box Score,2009,
"Sat, Jul 11, 2009",Atlanta Dream,69,New York Liberty,71,Box Score,2009,
"Sat, Jun 6, 2009",Washington Mystics,82,Connecticut Sun,70,Box Score,2009,
"Fri, Sep 4, 2009",Indiana Fever,63,Detroit Shock,70,Box Score,2009,
"Tue, Jul 28, 2009",Los Angeles Sparks,76,Minnesota Lynx,70,Box Score,2009,
"Tue, Aug 25, 2009",Detroit Shock,90,Connecticut Sun,70,Box Score,2009,
"Wed, Sep 16, 2009",Seattle Storm,63,Los Angeles Sparks,70,Box Score,2009,
"Sat, Aug 8, 2009",New York Liberty,69,Seattle Storm,70,Box Score,2009,
"Wed, Jul 22, 2009",New York Liberty,77,Chicago Sky,70,Box Score,2009,
"Sat, Jun 6, 2009",Seattle Storm,71,Sacramento Monarchs,61,Box Score,2009,
"Fri, Jul 10, 2009",San Antonio Silver Stars,77,Minnesota Lynx,61,Box Score,2009,
"Tue, Aug 11, 2009",New York Liberty,65,Los Angeles Sparks,61,Box Score,2009,
"Tue, Aug 25, 2009",Sacramento Monarchs,83,Atlanta Dream,103,Box Score,2009,
"Wed, Jul 22, 2009",Minnesota Lynx,99,Phoenix Mercury,86,Box Score,2009,
"Sun, Oct 4, 2009",Phoenix Mercury,85,Indiana Fever,86,Box Score,2009,
"Thu, Aug 27, 2009",Connecticut Sun,74,Seattle Storm,86,Box Score,2009,
"Sun, Sep 13, 2009",Washington Mystics,65,New York Liberty,86,Box Score,2009,
"Thu, Sep 10, 2009",Indiana Fever,79,Chicago Sky,86,Box Score,2009,
"Sun, Jun 28, 2009",Sacramento Monarchs,72,Detroit Shock,86,Box Score,2009,
"Sat, Aug 15, 2009",Los Angeles Sparks,78,Sacramento Monarchs,61,Box Score,2009,
"Sat, Aug 29, 2009",Atlanta Dream,84,Seattle Storm,91,Box Score,2009,
"Sun, Aug 30, 2009",Connecticut Sun,81,Los Angeles Sparks,91,Box Score,2009,
"Thu, Jul 9, 2009",Los Angeles Sparks,69,New York Liberty,60,Box Score,2009,
"Sat, Jul 18, 2009",Detroit Shock,90,Phoenix Mercury,97,Box Score,2009,
"Thu, Sep 17, 2009",Indiana Fever,88,Washington Mystics,79,Box Score,2009,
"Tue, Jul 21, 2009",Indiana Fever,82,Washington Mystics,70,Box Score,2009,
"Fri, Aug 7, 2009",Detroit Shock,66,Washington Mystics,70,Box Score,2009,
"Tue, Aug 4, 2009",San Antonio Silver Stars,63,Los Angeles Sparks,59,Box Score,2009,
"Sun, Aug 16, 2009",New York Liberty,60,Washington Mystics,59,Box Score,2009,
"Thu, Jul 23, 2009",Chicago Sky,64,Washington Mystics,75,Box Score,2009,
"Wed, Jul 29, 2009",Los Angeles Sparks,63,Chicago Sky,75,Box Score,2009,
"Tue, Aug 25, 2009",Chicago Sky,63,Los Angeles Sparks,75,Box Score,2009,
"Wed, Sep 9, 2009",Detroit Shock,72,Minnesota Lynx,75,Box Score,2009,
"Sat, Jun 6, 2009",Chicago Sky,85,Minnesota Lynx,102,Box Score,2009,
"Sat, Jul 11, 2009",Phoenix Mercury,107,Sacramento Monarchs,105,Box Score,2009,
"Wed, Jun 17, 2009",Minnesota Lynx,80,Phoenix Mercury,104,Box Score,2009,
"Thu, Jul 30, 2009",Phoenix Mercury,76,Atlanta Dream,106,Box Score,2009,
"Sat, Aug 22, 2009",Detroit Shock,76,Chicago Sky,67,Box Score,2009,
"Thu, Jul 2, 2009",Connecticut Sun,53,Indiana Fever,67,Box Score,2009,
"Sun, Jun 21, 2009",Sacramento Monarchs,47,Los Angeles Sparks,67,Box Score,2009,
"Sun, Jul 19, 2009",Indiana Fever,61,Connecticut Sun,67,Box Score,2009,
"Thu, Aug 20, 2009",Indiana Fever,62,Sacramento Monarchs,67,Box Score,2009,
"Tue, Sep 29, 2009",Indiana Fever,116,Phoenix Mercury,120,Box Score,2009,
"Fri, Aug 21, 2009",Washington Mystics,91,Phoenix Mercury,81,Box Score,2009,
"Sat, Sep 19, 2009",Washington Mystics,74,Indiana Fever,81,Box Score,2009,
"Tue, Jul 27, 2010",Atlanta Dream,105,Tulsa Shock,89,Box Score,2010,
"Fri, Jun 18, 2010",Connecticut Sun,78,Los Angeles Sparks,75,Box Score,2010,
"Sat, May 22, 2010",Seattle Storm,95,Phoenix Mercury,89,Box Score,2010,
"Sun, Jun 27, 2010",Los Angeles Sparks,81,Atlanta Dream,89,Box Score,2010,
"Sat, Jul 24, 2010",Phoenix Mercury,127,Minnesota Lynx,124,Box Score,2010,
"Sat, Jun 12, 2010",Tulsa Shock,84,Phoenix Mercury,116,Box Score,2010,
"Fri, Aug 13, 2010",New York Liberty,90,Atlanta Dream,83,Box Score,2010,
"Sun, Jul 18, 2010",Los Angeles Sparks,73,San Antonio Silver Stars,83,Box Score,2010,
"Sun, Aug 8, 2010",San Antonio Silver Stars,92,Los Angeles Sparks,83,Box Score,2010,
"Tue, Jul 27, 2010",Los Angeles Sparks,71,Minnesota Lynx,58,Box Score,2010,
"Sun, Jul 18, 2010",Indiana Fever,84,New York Liberty,81,Box Score,2010,
"Fri, May 28, 2010",Washington Mystics,75,Los Angeles Sparks,81,Box Score,2010,
"Sun, Aug 22, 2010",Washington Mystics,90,Atlanta Dream,81,Box Score,2010,
"Sun, Sep 12, 2010",Atlanta Dream,77,Seattle Storm,79,Box Score,2010,
"Tue, Jul 6, 2010",Connecticut Sun,66,San Antonio Silver Stars,79,Box Score,2010,
"Wed, May 19, 2010",Minnesota Lynx,76,Seattle Storm,79,Box Score,2010,
"Sun, Aug 22, 2010",Minnesota Lynx,83,Indiana Fever,79,Box Score,2010,
"Tue, Aug 17, 2010",Chicago Sky,84,Atlanta Dream,79,Box Score,2010,
"Sat, May 29, 2010",Indiana Fever,74,Tulsa Shock,79,Box Score,2010,
"Sun, Jun 27, 2010",Indiana Fever,70,Chicago Sky,64,Box Score,2010,
"Tue, Aug 3, 2010",Connecticut Sun,103,Minnesota Lynx,111,Box Score,2010,
"Sat, Jun 19, 2010",Minnesota Lynx,92,Tulsa Shock,78,Box Score,2010,
"Tue, Jul 27, 2010",Chicago Sky,74,Indiana Fever,78,Box Score,2010,
"Sat, Jun 5, 2010",New York Liberty,73,Indiana Fever,78,Box Score,2010,
"Thu, Jun 3, 2010",San Antonio Silver Stars,57,Indiana Fever,79,Box Score,2010,
"Sat, Jun 5, 2010",Seattle Storm,79,Los Angeles Sparks,75,Box Score,2010,
"Fri, Jun 18, 2010",San Antonio Silver Stars,108,Phoenix Mercury,105,Box Score,2010,
"Tue, Sep 7, 2010",New York Liberty,93,Atlanta Dream,105,Box Score,2010,
"Tue, Jun 15, 2010",Atlanta Dream,93,Chicago Sky,86,Box Score,2010,
"Tue, Jun 29, 2010",San Antonio Silver Stars,72,Seattle Storm,86,Box Score,2010,
"Sun, Sep 5, 2010",Atlanta Dream,81,New York Liberty,75,Box Score,2010,
"Thu, Jul 15, 2010",Washington Mystics,67,New York Liberty,75,Box Score,2010,
"Fri, Aug 20, 2010",New York Liberty,74,Washington Mystics,75,Box Score,2010,
"Fri, Jun 4, 2010",New York Liberty,68,Connecticut Sun,75,Box Score,2010,
"Thu, Jul 29, 2010",San Antonio Silver Stars,79,Washington Mystics,75,Box Score,2010,
"Sun, Aug 29, 2010",New York Liberty,67,Indiana Fever,75,Box Score,2010,
"Fri, Aug 20, 2010",Indiana Fever,61,San Antonio Silver Stars,75,Box Score,2010,
"Sun, Jul 25, 2010",Tulsa Shock,59,Seattle Storm,75,Box Score,2010,
"Thu, May 27, 2010",Minnesota Lynx,79,Connecticut Sun,105,Box Score,2010,
"Thu, Jul 1, 2010",Washington Mystics,107,Phoenix Mercury,104,Box Score,2010,
"Sat, May 15, 2010",Los Angeles Sparks,77,Phoenix Mercury,78,Box Score,2010,
"Fri, Jun 25, 2010",New York Liberty,92,Tulsa Shock,78,Box Score,2010,
"Fri, Jun 11, 2010",Washington Mystics,95,Chicago Sky,78,Box Score,2010,
"Tue, Aug 17, 2010",Indiana Fever,57,New York Liberty,78,Box Score,2010,
"Fri, Jun 18, 2010",Tulsa Shock,67,Minnesota Lynx,78,Box Score,2010,
"Tue, Aug 3, 2010",Washington Mystics,86,Atlanta Dream,78,Box Score,2010,
"Wed, Jul 14, 2010",Connecticut Sun,77,Indiana Fever,68,Box Score,2010,
"Tue, Aug 17, 2010",Tulsa Shock,62,Connecticut Sun,90,Box Score,2010,
"Wed, Aug 25, 2010",Atlanta Dream,95,Washington Mystics,90,Box Score,2010,
"Tue, May 25, 2010",Phoenix Mercury,110,Tulsa Shock,96,Box Score,2010,
"Thu, May 20, 2010",San Antonio Silver Stars,83,Tulsa Shock,74,Box Score,2010,
"Sun, Jun 13, 2010",Connecticut Sun,67,Indiana Fever,77,Box Score,2010,
"Thu, Aug 12, 2010",Los Angeles Sparks,78,Minnesota Lynx,77,Box Score,2010,
"Tue, Aug 17, 2010",Minnesota Lynx,64,Seattle Storm,68,Box Score,2010,
"Fri, Jun 11, 2010",Atlanta Dream,79,New York Liberty,91,Box Score,2010,
"Sat, May 22, 2010",Indiana Fever,92,Chicago Sky,86,Box Score,2010,
"Tue, Jul 20, 2010",Tulsa Shock,83,Los Angeles Sparks,86,Box Score,2010,
"Fri, Jun 11, 2010",Indiana Fever,77,Connecticut Sun,86,Box Score,2010,
"Fri, Aug 6, 2010",San Antonio Silver Stars,87,Phoenix Mercury,103,Box Score,2010,
"Sun, Jul 11, 2010",Chicago Sky,54,New York Liberty,57,Box Score,2010,
"Sun, Jun 13, 2010",Minnesota Lynx,84,Los Angeles Sparks,88,Box Score,2010,
"Fri, Aug 13, 2010",Seattle Storm,68,Connecticut Sun,88,Box Score,2010,
"Sun, Jun 27, 2010",Connecticut Sun,68,New York Liberty,77,Box Score,2010,
"Tue, Jun 22, 2010",Chicago Sky,86,Connecticut Sun,77,Box Score,2010,
"Sun, Aug 15, 2010",Seattle Storm,71,Washington Mystics,80,Box Score,2010,
"Fri, Jul 16, 2010",Los Angeles Sparks,68,Chicago Sky,80,Box Score,2010,
"Tue, Jul 20, 2010",New York Liberty,82,Connecticut Sun,74,Box Score,2010,
"Sat, Aug 14, 2010",Atlanta Dream,98,Chicago Sky,74,Box Score,2010,
"Tue, Jul 20, 2010",Seattle Storm,80,San Antonio Silver Stars,74,Box Score,2010,
"Tue, Jun 29, 2010",Indiana Fever,65,Washington Mystics,68,Box Score,2010,
"Thu, Jun 24, 2010",Los Angeles Sparks,53,Washington Mystics,68,Box Score,2010,
"Tue, Jun 22, 2010",Minnesota Lynx,75,New York Liberty,68,Box Score,2010,
"Tue, Jun 29, 2010",New York Liberty,80,Los Angeles Sparks,68,Box Score,2010,
"Sat, May 29, 2010",Chicago Sky,73,Minnesota Lynx,58,Box Score,2010,
"Tue, Jul 6, 2010",New York Liberty,70,Seattle Storm,78,Box Score,2010,
"Fri, May 28, 2010",Atlanta Dream,96,Phoenix Mercury,93,Box Score,2010,
"Sun, Aug 15, 2010",Indiana Fever,79,Connecticut Sun,66,Box Score,2010,
"Sun, May 30, 2010",Connecticut Sun,65,Washington Mystics,69,Box Score,2010,
"Sun, May 23, 2010",Chicago Sky,61,Indiana Fever,69,Box Score,2010,
"Sun, Aug 22, 2010",Phoenix Mercury,82,San Antonio Silver Stars,83,Box Score,2010,
"Fri, May 21, 2010",New York Liberty,61,Washington Mystics,77,Box Score,2010,
"Sun, May 23, 2010",Atlanta Dream,86,New York Liberty,77,Box Score,2010,
"Fri, Aug 6, 2010",Tulsa Shock,70,Los Angeles Sparks,77,Box Score,2010,
"Wed, Sep 1, 2010",Indiana Fever,74,New York Liberty,77,Box Score,2010,
"Tue, Jul 27, 2010",San Antonio Silver Stars,72,New York Liberty,77,Box Score,2010,
"Fri, Jul 30, 2010",Chicago Sky,60,Seattle Storm,80,Box Score,2010,
"Sun, May 23, 2010",Washington Mystics,65,Connecticut Sun,80,Box Score,2010,
"Sat, Jul 24, 2010",Los Angeles Sparks,89,Connecticut Sun,80,Box Score,2010,
"Sat, Jun 26, 2010",Minnesota Lynx,66,San Antonio Silver Stars,80,Box Score,2010,
"Sat, May 15, 2010",Minnesota Lynx,80,Tulsa Shock,74,Box Score,2010,
"Sat, May 15, 2010",Chicago Sky,61,Connecticut Sun,74,Box Score,2010,
"Tue, Aug 10, 2010",Phoenix Mercury,82,Chicago Sky,91,Box Score,2010,
"Thu, Jul 22, 2010",Phoenix Mercury,123,Tulsa Shock,91,Box Score,2010,
"Tue, Jul 27, 2010",Phoenix Mercury,85,Seattle Storm,91,Box Score,2010,
"Sun, Aug 22, 2010",Connecticut Sun,87,New York Liberty,88,Box Score,2010,
"Sun, Jul 18, 2010",Chicago Sky,61,Washington Mystics,59,Box Score,2010,
"Wed, Aug 25, 2010",Los Angeles Sparks,66,Seattle Storm,79,Box Score,2010,
"Thu, Jun 10, 2010",Minnesota Lynx,88,Phoenix Mercury,99,Box Score,2010,
"Fri, Aug 13, 2010",Minnesota Lynx,58,Washington Mystics,61,Box Score,2010,
"Thu, Jul 1, 2010",San Antonio Silver Stars,63,Los Angeles Sparks,73,Box Score,2010,
"Sat, Jul 24, 2010",Indiana Fever,78,Washington Mystics,73,Box Score,2010,
"Fri, Aug 20, 2010",Seattle Storm,78,Phoenix Mercury,73,Box Score,2010,
"Fri, Jul 30, 2010",Washington Mystics,77,Indiana Fever,73,Box Score,2010,
"Sat, Jul 3, 2010",Chicago Sky,88,Atlanta Dream,82,Box Score,2010,
"Sat, Jun 5, 2010",Tulsa Shock,70,Chicago Sky,95,Box Score,2010,
"Fri, Aug 27, 2010",Washington Mystics,77,Atlanta Dream,101,Box Score,2010,
"Sat, Jun 19, 2010",Atlanta Dream,91,Indiana Fever,94,Box Score,2010,
"Sun, Jun 20, 2010",Connecticut Sun,96,Phoenix Mercury,94,Box Score,2010,
"Sat, May 22, 2010",Los Angeles Sparks,81,San Antonio Silver Stars,88,Box Score,2010,
"Wed, Jun 23, 2010",Tulsa Shock,90,Atlanta Dream,96,Box Score,2010,
"Sat, Jul 3, 2010",Seattle Storm,75,Los Angeles Sparks,62,Box Score,2010,
"Tue, Jun 8, 2010",New York Liberty,85,Chicago Sky,70,Box Score,2010,
"Sat, Jul 17, 2010",Tulsa Shock,88,Phoenix Mercury,97,Box Score,2010,
"Fri, Jul 30, 2010",Los Angeles Sparks,79,New York Liberty,88,Box Score,2010,
"Sat, Aug 28, 2010",Phoenix Mercury,92,San Antonio Silver Stars,73,Box Score,2010,
"Sun, Jun 13, 2010",San Antonio Silver Stars,83,Atlanta Dream,90,Box Score,2010,
"Sun, Jun 6, 2010",Indiana Fever,89,Minnesota Lynx,51,Box Score,2010,
"Tue, Jul 6, 2010",Indiana Fever,58,Chicago Sky,51,Box Score,2010,
"Fri, Jul 30, 2010",Atlanta Dream,94,Connecticut Sun,62,Box Score,2010,
"Sun, Aug 8, 2010",Washington Mystics,67,Connecticut Sun,76,Box Score,2010,
"Thu, Jul 22, 2010",Los Angeles Sparks,57,Indiana Fever,76,Box Score,2010,
"Tue, Jul 13, 2010",Los Angeles Sparks,87,Tulsa Shock,71,Box Score,2010,
"Fri, Aug 20, 2010",Connecticut Sun,78,Chicago Sky,71,Box Score,2010,
"Fri, May 28, 2010",New York Liberty,77,San Antonio Silver Stars,71,Box Score,2010,
"Tue, May 25, 2010",Washington Mystics,76,Seattle Storm,82,Box Score,2010,
"Sat, Aug 7, 2010",Minnesota Lynx,87,Chicago Sky,82,Box Score,2010,
"Fri, Jun 25, 2010",Phoenix Mercury,79,Connecticut Sun,82,Box Score,2010,
"Fri, Jun 4, 2010",Los Angeles Sparks,89,Phoenix Mercury,90,Box Score,2010,
"Sat, Jul 3, 2010",Washington Mystics,69,Tulsa Shock,54,Box Score,2010,
"Tue, Aug 3, 2010",Seattle Storm,75,Tulsa Shock,84,Box Score,2010,
"Sun, May 30, 2010",Atlanta Dream,101,Los Angeles Sparks,82,Box Score,2010,
"Sat, Jun 12, 2010",New York Liberty,65,Washington Mystics,82,Box Score,2010,
"Sat, May 15, 2010",Washington Mystics,72,Indiana Fever,65,Box Score,2010,
"Sat, Jun 19, 2010",Chicago Sky,61,Washington Mystics,65,Box Score,2010,
"Wed, Jul 14, 2010",San Antonio Silver Stars,61,Chicago Sky,88,Box Score,2010,
"Fri, Jun 4, 2010",Chicago Sky,80,Atlanta Dream,70,Box Score,2010,
"Sun, Jul 25, 2010",New York Liberty,75,Atlanta Dream,82,Box Score,2010,
"Thu, Jul 8, 2010",Tulsa Shock,72,Indiana Fever,100,Box Score,2010,
"Sun, Aug 1, 2010",Connecticut Sun,67,New York Liberty,71,Box Score,2010,
"Fri, Jul 23, 2010",New York Liberty,79,Chicago Sky,71,Box Score,2010,
"Sat, Jul 17, 2010",Seattle Storm,73,Minnesota Lynx,71,Box Score,2010,
"Sat, Aug 28, 2010",Seattle Storm,81,Los Angeles Sparks,66,Box Score,2010,
"Tue, Aug 17, 2010",Washington Mystics,76,San Antonio Silver Stars,66,Box Score,2010,
"Sun, May 16, 2010",Indiana Fever,62,Atlanta Dream,66,Box Score,2010,
"Tue, Aug 10, 2010",Minnesota Lynx,73,San Antonio Silver Stars,66,Box Score,2010,
"Tue, Jun 1, 2010",Phoenix Mercury,82,Minnesota Lynx,92,Box Score,2010,
"Tue, Aug 3, 2010",Phoenix Mercury,103,San Antonio Silver Stars,92,Box Score,2010,
"Fri, Jun 4, 2010",Minnesota Lynx,79,Tulsa Shock,92,Box Score,2010,
"Thu, Jul 1, 2010",Connecticut Sun,80,Chicago Sky,92,Box Score,2010,
"Tue, Jun 8, 2010",Phoenix Mercury,91,Los Angeles Sparks,92,Box Score,2010,
"Thu, May 27, 2010",Seattle Storm,75,Chicago Sky,84,Box Score,2010,
"Thu, Sep 16, 2010",Seattle Storm,87,Atlanta Dream,84,Box Score,2010,
"Sat, Aug 21, 2010",Los Angeles Sparks,75,Seattle Storm,76,Box Score,2010,
"Tue, Aug 10, 2010",Indiana Fever,82,Los Angeles Sparks,76,Box Score,2010,
"Sun, May 16, 2010",Washington Mystics,87,Minnesota Lynx,76,Box Score,2010,
"Fri, Aug 6, 2010",Washington Mystics,77,New York Liberty,85,Box Score,2010,
"Thu, Aug 26, 2010",Indiana Fever,73,New York Liberty,85,Box Score,2010,
"Sun, May 16, 2010",Chicago Sky,82,New York Liberty,85,Box Score,2010,
"Fri, Jun 25, 2010",Indiana Fever,81,Seattle Storm,85,Box Score,2010,
"Thu, Aug 5, 2010",Connecticut Sun,82,Seattle Storm,83,Box Score,2010,
"Sun, Aug 1, 2010",Tulsa Shock,62,Washington Mystics,87,Box Score,2010,
"Sat, Aug 14, 2010",Los Angeles Sparks,92,Tulsa Shock,87,Box Score,2010,
"Tue, Jun 1, 2010",Atlanta Dream,72,Seattle Storm,90,Box Score,2010,
"Sun, Aug 1, 2010",Indiana Fever,74,Atlanta Dream,90,Box Score,2010,
"Sun, Jun 27, 2010",Phoenix Mercury,85,Washington Mystics,95,Box Score,2010,
"Thu, Aug 19, 2010",Tulsa Shock,85,New York Liberty,95,Box Score,2010,
"Fri, Aug 6, 2010",Atlanta Dream,93,Indiana Fever,95,Box Score,2010,
"Sun, May 30, 2010",Seattle Storm,84,San Antonio Silver Stars,56,Box Score,2010,
"Fri, Jul 16, 2010",Tulsa Shock,75,San Antonio Silver Stars,70,Box Score,2010,
"Fri, Aug 13, 2010",Tulsa Shock,74,San Antonio Silver Stars,94,Box Score,2010,
"Thu, Jul 22, 2010",San Antonio Silver Stars,74,Minnesota Lynx,72,Box Score,2010,
"Sun, Aug 1, 2010",Seattle Storm,71,Minnesota Lynx,72,Box Score,2010,
"Tue, Aug 3, 2010",New York Liberty,82,Indiana Fever,72,Box Score,2010,
"Thu, Jun 17, 2010",Seattle Storm,65,Indiana Fever,72,Box Score,2010,
"Sun, Aug 8, 2010",New York Liberty,74,Minnesota Lynx,72,Box Score,2010,
"Sun, Jun 27, 2010",Seattle Storm,83,Tulsa Shock,72,Box Score,2010,
"Sat, Jul 24, 2010",Chicago Sky,75,San Antonio Silver Stars,72,Box Score,2010,
"Tue, Aug 10, 2010",Seattle Storm,80,Atlanta Dream,70,Box Score,2010,
"Sat, May 15, 2010",Atlanta Dream,75,San Antonio Silver Stars,70,Box Score,2010,
"Fri, Jul 30, 2010",San Antonio Silver Stars,101,Tulsa Shock,85,Box Score,2010,
"Tue, Aug 10, 2010",Connecticut Sun,74,Washington Mystics,84,Box Score,2010,
"Tue, Aug 17, 2010",Phoenix Mercury,90,Los Angeles Sparks,84,Box Score,2010,
"Fri, Jun 18, 2010",Seattle Storm,92,New York Liberty,84,Box Score,2010,
"Sat, Jul 17, 2010",Atlanta Dream,80,Connecticut Sun,96,Box Score,2010,
"Sun, Aug 15, 2010",San Antonio Silver Stars,78,Minnesota Lynx,84,Box Score,2010,
"Sat, Aug 21, 2010",Chicago Sky,71,Tulsa Shock,84,Box Score,2010,
"Sun, Aug 1, 2010",Chicago Sky,96,Phoenix Mercury,97,Box Score,2010,
"Sat, Jul 3, 2010",New York Liberty,82,Phoenix Mercury,97,Box Score,2010,
"Fri, May 21, 2010",Connecticut Sun,82,Atlanta Dream,97,Box Score,2010,
"Sun, Jun 6, 2010",Phoenix Mercury,74,Seattle Storm,97,Box Score,2010,
"Sun, Sep 5, 2010",Seattle Storm,91,Phoenix Mercury,88,Box Score,2010,
"Tue, Jul 27, 2010",Washington Mystics,78,Connecticut Sun,88,Box Score,2010,
"Fri, Aug 20, 2010",Minnesota Lynx,91,Los Angeles Sparks,98,Box Score,2010,
"Sun, Aug 8, 2010",Indiana Fever,104,Phoenix Mercury,82,Box Score,2010,
"Wed, Jul 21, 2010",Atlanta Dream,72,Washington Mystics,82,Box Score,2010,
"Sun, May 23, 2010",Tulsa Shock,94,Minnesota Lynx,82,Box Score,2010,
"Tue, Sep 14, 2010",Atlanta Dream,84,Seattle Storm,87,Box Score,2010,
"Fri, Jun 11, 2010",Tulsa Shock,75,San Antonio Silver Stars,87,Box Score,2010,
"Tue, Jun 29, 2010",Phoenix Mercury,88,Atlanta Dream,94,Box Score,2010,
"Thu, Jul 1, 2010",Minnesota Lynx,58,Atlanta Dream,76,Box Score,2010,
"Thu, Sep 2, 2010",Phoenix Mercury,74,Seattle Storm,82,Box Score,2010,
"Fri, Jun 11, 2010",Los Angeles Sparks,60,Seattle Storm,82,Box Score,2010,
"Sun, Jun 20, 2010",San Antonio Silver Stars,61,Seattle Storm,82,Box Score,2010,
"Wed, Aug 4, 2010",Chicago Sky,77,Los Angeles Sparks,82,Box Score,2010,
"Sat, Aug 7, 2010",Tulsa Shock,65,Seattle Storm,111,Box Score,2010,
"Thu, Jul 29, 2010",Minnesota Lynx,92,Phoenix Mercury,110,Box Score,2010,
"Fri, Aug 13, 2010",Phoenix Mercury,90,Indiana Fever,110,Box Score,2010,
"Tue, Jul 6, 2010",Phoenix Mercury,98,Los Angeles Sparks,89,Box Score,2010,
"Fri, Jul 16, 2010",Atlanta Dream,70,Indiana Fever,89,Box Score,2010,
"Thu, Jul 8, 2010",San Antonio Silver Stars,66,Minnesota Lynx,89,Box Score,2010,
"Sat, Jun 5, 2010",Atlanta Dream,86,Washington Mystics,79,Box Score,2010,
"Fri, Jun 25, 2010",Washington Mystics,72,Chicago Sky,79,Box Score,2010,
"Wed, Jul 14, 2010",Atlanta Dream,81,Minnesota Lynx,83,Box Score,2010,
"Tue, Jun 29, 2010",Connecticut Sun,101,Tulsa Shock,89,Box Score,2010,
"Wed, Jul 14, 2010",Seattle Storm,111,Phoenix Mercury,107,Box Score,2010,
"Sat, Aug 14, 2010",Phoenix Mercury,69,New York Liberty,107,Box Score,2010,
"Thu, Aug 26, 2010",San Antonio Silver Stars,93,Phoenix Mercury,106,Box Score,2010,
"Wed, Jul 7, 2010",Connecticut Sun,103,Atlanta Dream,108,Box Score,2010,
"Sun, May 16, 2010",Los Angeles Sparks,67,Seattle Storm,81,Box Score,2010,
"Sun, Jun 6, 2010",San Antonio Silver Stars,68,Connecticut Sun,81,Box Score,2010,
"Sun, Sep 11, 2011",Chicago Sky,70,Seattle Storm,81,Box Score,2011,
"Fri, Aug 5, 2011",Connecticut Sun,79,Seattle Storm,81,Box Score,2011,
"Tue, Aug 9, 2011",San Antonio Silver Stars,68,Indiana Fever,81,Box Score,2011,
"Sat, Jul 9, 2011",Atlanta Dream,69,Chicago Sky,81,Box Score,2011,
"Fri, Jul 1, 2011",San Antonio Silver Stars,75,New York Liberty,81,Box Score,2011,
"Tue, Aug 16, 2011",Seattle Storm,79,Phoenix Mercury,81,Box Score,2011,
"Thu, Jun 23, 2011",Connecticut Sun,101,Chicago Sky,107,Box Score,2011,
"Sun, Aug 7, 2011",Minnesota Lynx,84,Los Angeles Sparks,78,Box Score,2011,
"Tue, Jul 19, 2011",Seattle Storm,69,Chicago Sky,78,Box Score,2011,
"Tue, Aug 30, 2011",Connecticut Sun,66,San Antonio Silver Stars,78,Box Score,2011,
"Fri, Jun 10, 2011",Connecticut Sun,75,Chicago Sky,78,Box Score,2011,
"Tue, Jun 7, 2011",Tulsa Shock,65,Minnesota Lynx,75,Box Score,2011,
"Fri, Aug 26, 2011",Tulsa Shock,77,Los Angeles Sparks,75,Box Score,2011,
"Sat, Jun 25, 2011",Connecticut Sun,70,Indiana Fever,75,Box Score,2011,
"Thu, Aug 18, 2011",Indiana Fever,70,Los Angeles Sparks,75,Box Score,2011,
"Tue, Aug 2, 2011",New York Liberty,85,Atlanta Dream,75,Box Score,2011,
"Tue, Jun 28, 2011",Phoenix Mercury,86,Indiana Fever,91,Box Score,2011,
"Thu, Sep 8, 2011",Tulsa Shock,76,Phoenix Mercury,91,Box Score,2011,
"Fri, Jul 8, 2011",New York Liberty,76,San Antonio Silver Stars,73,Box Score,2011,
"Sun, Sep 4, 2011",Tulsa Shock,52,Atlanta Dream,73,Box Score,2011,
"Sun, Sep 4, 2011",Connecticut Sun,79,Washington Mystics,48,Box Score,2011,
"Sat, Jul 16, 2011",Chicago Sky,68,Atlanta Dream,76,Box Score,2011,
"Sun, Jul 17, 2011",Indiana Fever,71,Connecticut Sun,76,Box Score,2011,
"Sat, Jul 30, 2011",Seattle Storm,89,Tulsa Shock,72,Box Score,2011,
"Wed, Jul 13, 2011",Tulsa Shock,54,Chicago Sky,72,Box Score,2011,
"Fri, Sep 2, 2011",Seattle Storm,78,Tulsa Shock,72,Box Score,2011,
"Tue, Aug 23, 2011",Minnesota Lynx,78,Tulsa Shock,72,Box Score,2011,
"Sat, Aug 13, 2011",Washington Mystics,75,Connecticut Sun,82,Box Score,2011,
"Fri, Sep 16, 2011",Atlanta Dream,89,Connecticut Sun,84,Box Score,2011,
"Tue, Jul 19, 2011",Indiana Fever,74,Atlanta Dream,84,Box Score,2011,
"Sun, Aug 7, 2011",Indiana Fever,69,Chicago Sky,88,Box Score,2011,
"Sun, Jul 17, 2011",Tulsa Shock,57,New York Liberty,88,Box Score,2011,
"Sun, Oct 2, 2011",Atlanta Dream,74,Minnesota Lynx,88,Box Score,2011,
"Sat, Aug 6, 2011",New York Liberty,81,Washington Mystics,91,Box Score,2011,
"Fri, Jul 1, 2011",Chicago Sky,84,Phoenix Mercury,97,Box Score,2011,
"Tue, Aug 16, 2011",Indiana Fever,65,San Antonio Silver Stars,63,Box Score,2011,
"Sat, Aug 13, 2011",Atlanta Dream,92,Seattle Storm,63,Box Score,2011,
"Sat, Sep 10, 2011",Washington Mystics,74,San Antonio Silver Stars,82,Box Score,2011,
"Tue, Aug 23, 2011",Los Angeles Sparks,86,Washington Mystics,82,Box Score,2011,
"Tue, Jun 21, 2011",Phoenix Mercury,105,San Antonio Silver Stars,98,Box Score,2011,
"Sun, Jul 31, 2011",Los Angeles Sparks,63,Indiana Fever,98,Box Score,2011,
"Fri, Jun 10, 2011",Phoenix Mercury,84,Los Angeles Sparks,98,Box Score,2011,
"Thu, Sep 1, 2011",Atlanta Dream,81,Washington Mystics,85,Box Score,2011,
"Tue, Jul 19, 2011",New York Liberty,79,Connecticut Sun,85,Box Score,2011,
"Tue, Sep 20, 2011",San Antonio Silver Stars,67,Minnesota Lynx,85,Box Score,2011,
"Fri, Sep 9, 2011",Phoenix Mercury,70,Seattle Storm,85,Box Score,2011,
"Fri, Jun 17, 2011",New York Liberty,73,Chicago Sky,85,Box Score,2011,
"Tue, Jul 26, 2011",Los Angeles Sparks,72,Minnesota Lynx,85,Box Score,2011,
"Wed, Jul 13, 2011",Connecticut Sun,78,Indiana Fever,90,Box Score,2011,
"Wed, Aug 3, 2011",Connecticut Sun,79,Los Angeles Sparks,70,Box Score,2011,
"Fri, Jul 15, 2011",Minnesota Lynx,80,Indiana Fever,70,Box Score,2011,
"Sun, Aug 7, 2011",Seattle Storm,53,Atlanta Dream,70,Box Score,2011,
"Sat, Aug 20, 2011",Los Angeles Sparks,68,Minnesota Lynx,87,Box Score,2011,
"Wed, Jul 20, 2011",Minnesota Lynx,106,Phoenix Mercury,98,Box Score,2011,
"Thu, Aug 4, 2011",Chicago Sky,49,New York Liberty,59,Box Score,2011,
"Fri, Aug 12, 2011",Minnesota Lynx,79,Chicago Sky,76,Box Score,2011,
"Thu, Jun 23, 2011",New York Liberty,94,Tulsa Shock,82,Box Score,2011,
"Fri, Jun 3, 2011",Minnesota Lynx,74,Los Angeles Sparks,82,Box Score,2011,
"Sun, Aug 14, 2011",Tulsa Shock,54,Minnesota Lynx,82,Box Score,2011,
"Sat, Aug 13, 2011",New York Liberty,71,Indiana Fever,82,Box Score,2011,
"Tue, Jun 14, 2011",Tulsa Shock,74,Indiana Fever,82,Box Score,2011,
"Sun, Aug 28, 2011",Los Angeles Sparks,63,Seattle Storm,65,Box Score,2011,
"Sat, Jun 4, 2011",Chicago Sky,57,Indiana Fever,65,Box Score,2011,
"Fri, Aug 5, 2011",Indiana Fever,85,Tulsa Shock,65,Box Score,2011,
"Fri, Jun 24, 2011",Minnesota Lynx,55,Seattle Storm,65,Box Score,2011,
"Fri, Aug 26, 2011",San Antonio Silver Stars,75,Minnesota Lynx,85,Box Score,2011,
"Sun, Jul 17, 2011",Washington Mystics,89,Los Angeles Sparks,85,Box Score,2011,
"Thu, Sep 22, 2011",Atlanta Dream,74,Indiana Fever,82,Box Score,2011,
"Sun, Aug 7, 2011",Connecticut Sun,96,Phoenix Mercury,95,Box Score,2011,
"Fri, Aug 26, 2011",Phoenix Mercury,92,Connecticut Sun,95,Box Score,2011,
"Fri, Sep 2, 2011",Washington Mystics,73,Atlanta Dream,95,Box Score,2011,
"Thu, Sep 22, 2011",Phoenix Mercury,67,Minnesota Lynx,95,Box Score,2011,
"Thu, Jul 28, 2011",Chicago Sky,64,Tulsa Shock,55,Box Score,2011,
"Fri, Jun 10, 2011",New York Liberty,81,Indiana Fever,80,Box Score,2011,
"Sun, Sep 4, 2011",Indiana Fever,88,Chicago Sky,80,Box Score,2011,
"Sat, Sep 3, 2011",Seattle Storm,70,San Antonio Silver Stars,60,Box Score,2011,
"Tue, Sep 6, 2011",Connecticut Sun,74,Atlanta Dream,85,Box Score,2011,
"Tue, Aug 9, 2011",Minnesota Lynx,80,Phoenix Mercury,85,Box Score,2011,
"Sun, Sep 25, 2011",Indiana Fever,77,Atlanta Dream,94,Box Score,2011,
"Fri, Jul 29, 2011",Seattle Storm,67,Minnesota Lynx,92,Box Score,2011,
"Tue, Aug 30, 2011",Indiana Fever,90,Atlanta Dream,92,Box Score,2011,
"Sat, Jun 4, 2011",Phoenix Mercury,71,Seattle Storm,78,Box Score,2011,
"Thu, Jul 14, 2011",Seattle Storm,66,San Antonio Silver Stars,69,Box Score,2011,
"Tue, Aug 16, 2011",Washington Mystics,66,New York Liberty,69,Box Score,2011,
"Tue, Aug 9, 2011",Chicago Sky,58,Connecticut Sun,69,Box Score,2011,
"Tue, Aug 23, 2011",San Antonio Silver Stars,55,Seattle Storm,63,Box Score,2011,
"Sat, Aug 20, 2011",New York Liberty,62,Seattle Storm,63,Box Score,2011,
"Sun, Jul 3, 2011",Seattle Storm,73,Washington Mystics,63,Box Score,2011,
"Sun, Sep 18, 2011",Minnesota Lynx,75,San Antonio Silver Stars,84,Box Score,2011,
"Sat, Jul 30, 2011",Phoenix Mercury,91,New York Liberty,84,Box Score,2011,
"Sat, Jul 30, 2011",Los Angeles Sparks,88,Chicago Sky,84,Box Score,2011,
"Sat, Sep 17, 2011",Seattle Storm,83,Phoenix Mercury,92,Box Score,2011,
"Sun, Jun 5, 2011",New York Liberty,94,Atlanta Dream,88,Box Score,2011,
"Tue, Sep 6, 2011",San Antonio Silver Stars,82,Los Angeles Sparks,65,Box Score,2011,
"Sat, Aug 20, 2011",San Antonio Silver Stars,81,Phoenix Mercury,87,Box Score,2011,
"Wed, Sep 7, 2011",Washington Mystics,69,Indiana Fever,87,Box Score,2011,
"Thu, Jun 30, 2011",New York Liberty,81,Atlanta Dream,87,Box Score,2011,
"Sat, Sep 17, 2011",Indiana Fever,72,New York Liberty,87,Box Score,2011,
"Sun, Sep 11, 2011",Atlanta Dream,93,Indiana Fever,88,Box Score,2011,
"Tue, Aug 9, 2011",Tulsa Shock,66,Los Angeles Sparks,71,Box Score,2011,
"Thu, Jun 16, 2011",Connecticut Sun,79,Washington Mystics,71,Box Score,2011,
"Tue, Jun 21, 2011",Chicago Sky,68,Atlanta Dream,71,Box Score,2011,
"Thu, Jun 30, 2011",Minnesota Lynx,101,Tulsa Shock,71,Box Score,2011,
"Tue, Aug 30, 2011",Chicago Sky,67,New York Liberty,71,Box Score,2011,
"Fri, Sep 2, 2011",New York Liberty,78,Minnesota Lynx,62,Box Score,2011,
"Thu, Aug 18, 2011",Minnesota Lynx,81,Washington Mystics,62,Box Score,2011,
"Sun, Sep 4, 2011",Minnesota Lynx,86,New York Liberty,68,Box Score,2011,
"Fri, Jun 17, 2011",Indiana Fever,54,Seattle Storm,68,Box Score,2011,
"Thu, Aug 18, 2011",Connecticut Sun,81,New York Liberty,84,Box Score,2011,
"Fri, Sep 9, 2011",Tulsa Shock,73,Los Angeles Sparks,84,Box Score,2011,
"Tue, Aug 30, 2011",Washington Mystics,56,Minnesota Lynx,73,Box Score,2011,
"Sun, Aug 14, 2011",Chicago Sky,85,San Antonio Silver Stars,73,Box Score,2011,
"Thu, Jul 21, 2011",San Antonio Silver Stars,55,Seattle Storm,73,Box Score,2011,
"Sat, Aug 27, 2011",Atlanta Dream,86,Indiana Fever,80,Box Score,2011,
"Sun, Jul 10, 2011",Chicago Sky,73,New York Liberty,80,Box Score,2011,
"Sat, Jul 16, 2011",Seattle Storm,62,Minnesota Lynx,69,Box Score,2011,
"Sun, Sep 18, 2011",Connecticut Sun,64,Atlanta Dream,69,Box Score,2011,
"Tue, Aug 2, 2011",San Antonio Silver Stars,64,Seattle Storm,78,Box Score,2011,
"Tue, Jul 5, 2011",Washington Mystics,65,Chicago Sky,78,Box Score,2011,
"Fri, Jul 8, 2011",Phoenix Mercury,86,Tulsa Shock,78,Box Score,2011,
"Tue, Jul 5, 2011",Seattle Storm,61,Indiana Fever,78,Box Score,2011,
"Thu, Sep 8, 2011",Chicago Sky,69,Minnesota Lynx,78,Box Score,2011,
"Sun, Sep 11, 2011",San Antonio Silver Stars,102,Tulsa Shock,94,Box Score,2011,
"Tue, Aug 23, 2011",New York Liberty,74,Phoenix Mercury,70,Box Score,2011,
"Tue, Aug 9, 2011",Atlanta Dream,72,Washington Mystics,70,Box Score,2011,
"Thu, Sep 15, 2011",New York Liberty,72,Indiana Fever,74,Box Score,2011,
"Sun, Aug 28, 2011",New York Liberty,73,Chicago Sky,74,Box Score,2011,
"Fri, Jul 15, 2011",Los Angeles Sparks,79,Tulsa Shock,74,Box Score,2011,
"Fri, Aug 19, 2011",Connecticut Sun,88,Atlanta Dream,94,Box Score,2011,
"Sat, Jul 9, 2011",Los Angeles Sparks,80,Seattle Storm,99,Box Score,2011,
"Fri, Jun 17, 2011",San Antonio Silver Stars,101,Phoenix Mercury,99,Box Score,2011,
"Sat, Jul 9, 2011",Washington Mystics,57,Indiana Fever,68,Box Score,2011,
"Tue, Aug 30, 2011",Seattle Storm,62,Los Angeles Sparks,68,Box Score,2011,
"Sat, Aug 20, 2011",Chicago Sky,71,Washington Mystics,70,Box Score,2011,
"Sun, Aug 28, 2011",Phoenix Mercury,86,Washington Mystics,79,Box Score,2011,
"Fri, Jul 29, 2011",Indiana Fever,61,Washington Mystics,59,Box Score,2011,
"Thu, Aug 11, 2011",San Antonio Silver Stars,72,Connecticut Sun,59,Box Score,2011,
"Tue, Aug 16, 2011",Atlanta Dream,84,Los Angeles Sparks,79,Box Score,2011,
"Tue, Jun 28, 2011",Los Angeles Sparks,76,Connecticut Sun,79,Box Score,2011,
"Wed, Jul 20, 2011",Atlanta Dream,86,Washington Mystics,79,Box Score,2011,
"Tue, Jul 12, 2011",Washington Mystics,71,Seattle Storm,79,Box Score,2011,
"Mon, Jul 18, 2011",San Antonio Silver Stars,79,Los Angeles Sparks,69,Box Score,2011,
"Sun, Sep 11, 2011",New York Liberty,63,Connecticut Sun,69,Box Score,2011,
"Tue, Jul 12, 2011",Los Angeles Sparks,84,San Antonio Silver Stars,74,Box Score,2011,
"Sat, Sep 10, 2011",Chicago Sky,67,Los Angeles Sparks,74,Box Score,2011,
"Tue, Jun 21, 2011",Indiana Fever,89,Washington Mystics,80,Box Score,2011,
"Thu, Sep 15, 2011",Phoenix Mercury,61,Seattle Storm,80,Box Score,2011,
"Tue, Aug 23, 2011",Atlanta Dream,83,Chicago Sky,80,Box Score,2011,
"Fri, Aug 26, 2011",Washington Mystics,67,Chicago Sky,80,Box Score,2011,
"Sat, Jun 11, 2011",Indiana Fever,86,New York Liberty,80,Box Score,2011,
"Mon, Sep 19, 2011",New York Liberty,62,Indiana Fever,72,Box Score,2011,
"Sat, Aug 6, 2011",Tulsa Shock,64,San Antonio Silver Stars,72,Box Score,2011,
"Tue, Aug 30, 2011",Phoenix Mercury,96,Tulsa Shock,74,Box Score,2011,
"Thu, Aug 25, 2011",Tulsa Shock,57,Seattle Storm,74,Box Score,2011,
"Sun, Jun 19, 2011",Seattle Storm,50,Los Angeles Sparks,74,Box Score,2011,
"Thu, Jun 9, 2011",Minnesota Lynx,81,Seattle Storm,74,Box Score,2011,
"Sun, Aug 28, 2011",Connecticut Sun,72,Tulsa Shock,83,Box Score,2011,
"Sun, Jun 19, 2011",Chicago Sky,68,Connecticut Sun,83,Box Score,2011,
"Fri, Sep 2, 2011",Indiana Fever,55,Connecticut Sun,83,Box Score,2011,
"Sun, Aug 21, 2011",Washington Mystics,51,Indiana Fever,83,Box Score,2011,
"Sun, Aug 28, 2011",Minnesota Lynx,72,San Antonio Silver Stars,61,Box Score,2011,
"Sun, Jun 12, 2011",Tulsa Shock,79,Connecticut Sun,90,Box Score,2011,
"Thu, Jun 9, 2011",Washington Mystics,98,Atlanta Dream,90,Box Score,2011,
"Sun, Jul 31, 2011",Minnesota Lynx,70,San Antonio Silver Stars,69,Box Score,2011,
"Fri, Jun 10, 2011",San Antonio Silver Stars,93,Tulsa Shock,62,Box Score,2011,
"Thu, Aug 4, 2011",San Antonio Silver Stars,60,Minnesota Lynx,62,Box Score,2011,
"Tue, Jul 5, 2011",Los Angeles Sparks,82,Phoenix Mercury,101,Box Score,2011,
"Wed, Oct 5, 2011",Atlanta Dream,95,Minnesota Lynx,101,Box Score,2011,
"Tue, Jul 26, 2011",Connecticut Sun,77,Chicago Sky,66,Box Score,2011,
"Fri, Sep 16, 2011",San Antonio Silver Stars,65,Minnesota Lynx,66,Box Score,2011,
"Sat, Jun 4, 2011",Tulsa Shock,73,San Antonio Silver Stars,93,Box Score,2011,
"Sun, Jun 19, 2011",Indiana Fever,89,Phoenix Mercury,93,Box Score,2011,
"Thu, Jul 28, 2011",Phoenix Mercury,91,San Antonio Silver Stars,102,Box Score,2011,
"Wed, Jul 13, 2011",Atlanta Dream,69,New York Liberty,91,Box Score,2011,
"Thu, Aug 11, 2011",Tulsa Shock,63,Seattle Storm,77,Box Score,2011,
"Tue, Jun 21, 2011",Seattle Storm,82,Tulsa Shock,77,Box Score,2011,
"Sat, Jun 18, 2011",Washington Mystics,59,Tulsa Shock,77,Box Score,2011,
"Sat, Jun 11, 2011",Chicago Sky,84,Washington Mystics,77,Box Score,2011,
"Sun, Jul 10, 2011",Tulsa Shock,63,Phoenix Mercury,102,Box Score,2011,
"Fri, Jul 15, 2011",Connecticut Sun,68,New York Liberty,59,Box Score,2011,
"Fri, Aug 12, 2011",Phoenix Mercury,90,Los Angeles Sparks,93,Box Score,2011,
"Sat, Sep 3, 2011",Los Angeles Sparks,77,Phoenix Mercury,93,Box Score,2011,
"Sat, Jun 25, 2011",Phoenix Mercury,86,Chicago Sky,78,Box Score,2011,
"Tue, Aug 9, 2011",Seattle Storm,56,New York Liberty,58,Box Score,2011,
"Thu, Jul 28, 2011",Indiana Fever,69,Connecticut Sun,58,Box Score,2011,
"Tue, Jun 14, 2011",Atlanta Dream,79,New York Liberty,58,Box Score,2011,
"Tue, Jun 28, 2011",San Antonio Silver Stars,84,Chicago Sky,74,Box Score,2011,
"Fri, Jun 17, 2011",Atlanta Dream,85,Minnesota Lynx,96,Box Score,2011,
"Tue, Jun 21, 2011",New York Liberty,91,Los Angeles Sparks,96,Box Score,2011,
"Sun, Aug 21, 2011",Atlanta Dream,87,Connecticut Sun,96,Box Score,2011,
"Fri, Jun 24, 2011",Los Angeles Sparks,80,San Antonio Silver Stars,90,Box Score,2011,
"Sat, Jul 9, 2011",Connecticut Sun,67,Minnesota Lynx,90,Box Score,2011,
"Sun, Sep 11, 2011",Minnesota Lynx,96,Phoenix Mercury,90,Box Score,2011,
"Tue, Aug 2, 2011",Phoenix Mercury,73,Minnesota Lynx,90,Box Score,2011,
"Sun, Aug 21, 2011",Los Angeles Sparks,73,Tulsa Shock,67,Box Score,2011,
"Tue, Sep 27, 2011",Atlanta Dream,83,Indiana Fever,67,Box Score,2011,
"Fri, Oct 7, 2011",Minnesota Lynx,73,Atlanta Dream,67,Box Score,2011,
"Tue, Jul 26, 2011",San Antonio Silver Stars,73,Washington Mystics,67,Box Score,2011,
"Sun, Jun 5, 2011",Los Angeles Sparks,69,Minnesota Lynx,86,Box Score,2011,
"Thu, Sep 1, 2011",Phoenix Mercury,68,San Antonio Silver Stars,86,Box Score,2011,
"Sat, Jun 11, 2011",Atlanta Dream,74,San Antonio Silver Stars,86,Box Score,2011,
"Sun, Jun 26, 2011",San Antonio Silver Stars,92,Atlanta Dream,86,Box Score,2011,
"Sun, Sep 25, 2011",Minnesota Lynx,103,Phoenix Mercury,86,Box Score,2011,
"Mon, Sep 19, 2011",Phoenix Mercury,77,Seattle Storm,75,Box Score,2011,
"Fri, Jul 15, 2011",Washington Mystics,64,Phoenix Mercury,78,Box Score,2011,
"Fri, Aug 12, 2011",New York Liberty,63,Washington Mystics,64,Box Score,2011,
"Sun, Jun 19, 2011",Minnesota Lynx,77,Atlanta Dream,64,Box Score,2011,
"Sun, Jul 31, 2011",Atlanta Dream,92,Connecticut Sun,99,Box Score,2011,
"Sun, Jun 26, 2011",Tulsa Shock,63,Washington Mystics,83,Box Score,2011,
"Fri, Sep 9, 2011",Indiana Fever,75,New York Liberty,83,Box Score,2011,
"Fri, Jun 24, 2011",Phoenix Mercury,92,Atlanta Dream,83,Box Score,2011,
"Sun, Jun 26, 2011",Los Angeles Sparks,67,New York Liberty,77,Box Score,2011,
"Tue, Jul 26, 2011",Seattle Storm,83,Phoenix Mercury,77,Box Score,2011,
"Thu, Jul 21, 2011",Chicago Sky,63,Indiana Fever,77,Box Score,2011,
"Tue, Jul 26, 2011",Atlanta Dream,76,Tulsa Shock,68,Box Score,2011,
"Fri, Jul 1, 2011",Seattle Storm,70,Connecticut Sun,75,Box Score,2011,
"Sun, Jun 26, 2011",Indiana Fever,78,Minnesota Lynx,75,Box Score,2011,
"Thu, Jul 28, 2011",Washington Mystics,71,New York Liberty,75,Box Score,2011,
"Tue, Aug 16, 2011",Minnesota Lynx,79,Connecticut Sun,108,Box Score,2011,
"Wed, Jul 13, 2011",Phoenix Mercury,112,Minnesota Lynx,105,Box Score,2011,
"Sat, Jun 4, 2011",Washington Mystics,73,Connecticut Sun,89,Box Score,2011,
"Thu, Jul 28, 2011",Los Angeles Sparks,80,Atlanta Dream,89,Box Score,2011,
"Thu, Aug 11, 2011",Atlanta Dream,95,Phoenix Mercury,109,Box Score,2011,
"Fri, Jun 8, 2012",Connecticut Sun,89,Indiana Fever,81,Box Score,2012,
"Thu, May 31, 2012",Phoenix Mercury,65,Atlanta Dream,81,Box Score,2012,
"Fri, Aug 24, 2012",Chicago Sky,78,Tulsa Shock,81,Box Score,2012,
"Sun, Sep 9, 2012",Phoenix Mercury,83,Indiana Fever,89,Box Score,2012,
"Thu, Jul 12, 2012",Tulsa Shock,74,Minnesota Lynx,89,Box Score,2012,
"Sun, Jul 8, 2012",San Antonio Silver Stars,94,New York Liberty,81,Box Score,2012,
"Sat, May 26, 2012",Tulsa Shock,61,Washington Mystics,64,Box Score,2012,
"Fri, Jul 13, 2012",Seattle Storm,83,Phoenix Mercury,64,Box Score,2012,
"Tue, Aug 28, 2012",Washington Mystics,68,Indiana Fever,83,Box Score,2012,
"Sun, Jul 1, 2012",Seattle Storm,89,Connecticut Sun,83,Box Score,2012,
"Wed, May 30, 2012",Minnesota Lynx,79,Washington Mystics,77,Box Score,2012,
"Sat, Sep 22, 2012",Washington Mystics,58,Chicago Sky,77,Box Score,2012,
"Sat, Jun 30, 2012",Seattle Storm,59,New York Liberty,77,Box Score,2012,
"Thu, Aug 23, 2012",New York Liberty,89,Phoenix Mercury,77,Box Score,2012,
"Tue, Sep 18, 2012",New York Liberty,66,San Antonio Silver Stars,77,Box Score,2012,
"Tue, Sep 11, 2012",Seattle Storm,61,Atlanta Dream,77,Box Score,2012,
"Thu, Jul 12, 2012",Los Angeles Sparks,77,Indiana Fever,74,Box Score,2012,
"Fri, Jul 13, 2012",Atlanta Dream,70,San Antonio Silver Stars,91,Box Score,2012,
"Fri, Jul 13, 2012",Washington Mystics,70,New York Liberty,53,Box Score,2012,
"Fri, Jun 29, 2012",Connecticut Sun,77,Washington Mystics,64,Box Score,2012,
"Sun, Jun 24, 2012",Atlanta Dream,74,New York Liberty,64,Box Score,2012,
"Sun, Jun 10, 2012",Chicago Sky,73,New York Liberty,64,Box Score,2012,
"Fri, Sep 14, 2012",Minnesota Lynx,66,Indiana Fever,64,Box Score,2012,
"Sat, Aug 25, 2012",Tulsa Shock,71,San Antonio Silver Stars,91,Box Score,2012,
"Sat, Jun 2, 2012",New York Liberty,68,Indiana Fever,91,Box Score,2012,
"Sat, Sep 22, 2012",Tulsa Shock,74,New York Liberty,91,Box Score,2012,
"Sun, Jun 3, 2012",San Antonio Silver Stars,79,Minnesota Lynx,83,Box Score,2012,
"Sun, Jul 8, 2012",Phoenix Mercury,68,Seattle Storm,83,Box Score,2012,
"Sun, Jul 1, 2012",Phoenix Mercury,77,Washington Mystics,90,Box Score,2012,
"Fri, Jun 1, 2012",Minnesota Lynx,85,Connecticut Sun,72,Box Score,2012,
"Fri, Jun 15, 2012",Minnesota Lynx,78,Phoenix Mercury,60,Box Score,2012,
"Tue, Jun 19, 2012",New York Liberty,73,Atlanta Dream,60,Box Score,2012,
"Thu, Jul 5, 2012",San Antonio Silver Stars,88,Indiana Fever,72,Box Score,2012,
"Sat, Aug 25, 2012",Minnesota Lynx,84,Atlanta Dream,74,Box Score,2012,
"Tue, May 22, 2012",Seattle Storm,61,Los Angeles Sparks,74,Box Score,2012,
"Fri, Sep 14, 2012",Atlanta Dream,82,Washington Mystics,74,Box Score,2012,
"Wed, Jun 13, 2012",Seattle Storm,58,Chicago Sky,74,Box Score,2012,
"Wed, Jun 27, 2012",Phoenix Mercury,80,Minnesota Lynx,96,Box Score,2012,
"Thu, Aug 30, 2012",Phoenix Mercury,75,Seattle Storm,68,Box Score,2012,
"Sun, Sep 16, 2012",New York Liberty,75,Washington Mystics,68,Box Score,2012,
"Fri, Sep 7, 2012",Los Angeles Sparks,96,Washington Mystics,68,Box Score,2012,
"Tue, Jul 10, 2012",New York Liberty,82,Indiana Fever,84,Box Score,2012,
"Sun, Aug 26, 2012",New York Liberty,66,Seattle Storm,84,Box Score,2012,
"Thu, Aug 16, 2012",Washington Mystics,66,Indiana Fever,84,Box Score,2012,
"Wed, Jun 20, 2012",Tulsa Shock,79,Los Angeles Sparks,95,Box Score,2012,
"Fri, Sep 21, 2012",Indiana Fever,66,Washington Mystics,53,Box Score,2012,
"Sun, Sep 23, 2012",Tulsa Shock,58,Indiana Fever,91,Box Score,2012,
"Tue, Jun 26, 2012",Los Angeles Sparks,75,Tulsa Shock,91,Box Score,2012,
"Sat, Jul 7, 2012",Connecticut Sun,86,Minnesota Lynx,80,Box Score,2012,
"Sat, Jun 9, 2012",Seattle Storm,67,San Antonio Silver Stars,80,Box Score,2012,
"Wed, Jun 20, 2012",Washington Mystics,77,Phoenix Mercury,80,Box Score,2012,
"Tue, Aug 28, 2012",Tulsa Shock,84,Atlanta Dream,80,Box Score,2012,
"Fri, Jun 8, 2012",Phoenix Mercury,74,Los Angeles Sparks,90,Box Score,2012,
"Fri, Sep 14, 2012",Seattle Storm,66,San Antonio Silver Stars,90,Box Score,2012,
"Fri, Sep 7, 2012",Chicago Sky,92,New York Liberty,83,Box Score,2012,
"Sun, Jul 8, 2012",Atlanta Dream,63,Los Angeles Sparks,79,Box Score,2012,
"Sun, Aug 19, 2012",Tulsa Shock,59,Minnesota Lynx,83,Box Score,2012,
"Sat, Jul 7, 2012",Seattle Storm,59,Los Angeles Sparks,83,Box Score,2012,
"Fri, May 25, 2012",San Antonio Silver Stars,79,Connecticut Sun,83,Box Score,2012,
"Tue, Sep 11, 2012",Minnesota Lynx,70,Chicago Sky,83,Box Score,2012,
"Wed, Oct 17, 2012",Indiana Fever,71,Minnesota Lynx,83,Box Score,2012,
"Fri, Jun 8, 2012",San Antonio Silver Stars,57,Atlanta Dream,60,Box Score,2012,
"Sun, Oct 21, 2012",Minnesota Lynx,78,Indiana Fever,87,Box Score,2012,
"Tue, Sep 4, 2012",Los Angeles Sparks,77,Minnesota Lynx,88,Box Score,2012,
"Sat, May 26, 2012",Los Angeles Sparks,99,Phoenix Mercury,88,Box Score,2012,
"Sat, Jul 7, 2012",Chicago Sky,86,Indiana Fever,88,Box Score,2012,
"Thu, Jul 5, 2012",Minnesota Lynx,90,Los Angeles Sparks,96,Box Score,2012,
"Tue, Aug 28, 2012",San Antonio Silver Stars,84,Minnesota Lynx,96,Box Score,2012,
"Sun, Sep 16, 2012",Chicago Sky,86,Phoenix Mercury,55,Box Score,2012,
"Wed, Jul 11, 2012",San Antonio Silver Stars,77,Chicago Sky,68,Box Score,2012,
"Fri, Sep 14, 2012",Tulsa Shock,92,Phoenix Mercury,84,Box Score,2012,
"Sat, Jun 16, 2012",Chicago Sky,70,Indiana Fever,84,Box Score,2012,
"Sat, Sep 29, 2012",Los Angeles Sparks,101,San Antonio Silver Stars,94,Box Score,2012,
"Thu, Jun 28, 2012",Los Angeles Sparks,80,San Antonio Silver Stars,94,Box Score,2012,
"Sun, Jun 3, 2012",Washington Mystics,86,Connecticut Sun,94,Box Score,2012,
"Thu, Oct 4, 2012",Los Angeles Sparks,77,Minnesota Lynx,94,Box Score,2012,
"Sat, Sep 1, 2012",San Antonio Silver Stars,90,Phoenix Mercury,94,Box Score,2012,
"Sun, Jun 24, 2012",Washington Mystics,55,Seattle Storm,72,Box Score,2012,
"Sat, Aug 25, 2012",Indiana Fever,85,Phoenix Mercury,72,Box Score,2012,
"Fri, May 25, 2012",Indiana Fever,83,Chicago Sky,72,Box Score,2012,
"Thu, Aug 16, 2012",Phoenix Mercury,58,Seattle Storm,72,Box Score,2012,
"Wed, Sep 12, 2012",Seattle Storm,48,Indiana Fever,72,Box Score,2012,
"Sun, Sep 2, 2012",Los Angeles Sparks,74,Chicago Sky,85,Box Score,2012,
"Wed, Jul 11, 2012",Washington Mystics,73,Connecticut Sun,85,Box Score,2012,
"Fri, Sep 7, 2012",Phoenix Mercury,91,Connecticut Sun,82,Box Score,2012,
"Tue, Jul 3, 2012",Phoenix Mercury,81,San Antonio Silver Stars,82,Box Score,2012,
"Wed, Aug 22, 2012",Chicago Sky,71,Atlanta Dream,82,Box Score,2012,
"Fri, Jun 22, 2012",San Antonio Silver Stars,76,Seattle Storm,82,Box Score,2012,
"Thu, Jun 21, 2012",Connecticut Sun,61,Indiana Fever,95,Box Score,2012,
"Wed, Jun 27, 2012",Indiana Fever,81,Chicago Sky,72,Box Score,2012,
"Tue, Aug 28, 2012",Connecticut Sun,83,Chicago Sky,72,Box Score,2012,
"Sun, Jun 3, 2012",Tulsa Shock,72,Phoenix Mercury,79,Box Score,2012,
"Tue, Jun 5, 2012",Atlanta Dream,74,New York Liberty,79,Box Score,2012,
"Sat, Jun 23, 2012",Chicago Sky,67,Minnesota Lynx,79,Box Score,2012,
"Thu, Aug 16, 2012",Connecticut Sun,66,New York Liberty,79,Box Score,2012,
"Tue, Aug 21, 2012",Indiana Fever,69,Los Angeles Sparks,79,Box Score,2012,
"Wed, Jun 6, 2012",Seattle Storm,55,Minnesota Lynx,79,Box Score,2012,
"Fri, Aug 17, 2012",San Antonio Silver Stars,89,Tulsa Shock,79,Box Score,2012,
"Sat, Aug 25, 2012",New York Liberty,62,Los Angeles Sparks,87,Box Score,2012,
"Sun, Jun 17, 2012",Phoenix Mercury,75,Tulsa Shock,87,Box Score,2012,
"Tue, Jun 19, 2012",Indiana Fever,85,Connecticut Sun,88,Box Score,2012,
"Sun, Jun 17, 2012",Connecticut Sun,75,Atlanta Dream,73,Box Score,2012,
"Sat, Jun 9, 2012",Minnesota Lynx,93,Tulsa Shock,73,Box Score,2012,
"Sun, Aug 19, 2012",San Antonio Silver Stars,89,Phoenix Mercury,47,Box Score,2012,
"Fri, Jun 1, 2012",Washington Mystics,63,Chicago Sky,65,Box Score,2012,
"Thu, Sep 27, 2012",New York Liberty,60,Connecticut Sun,65,Box Score,2012,
"Sun, Jun 17, 2012",Minnesota Lynx,62,Seattle Storm,65,Box Score,2012,
"Sat, Aug 18, 2012",New York Liberty,74,Connecticut Sun,85,Box Score,2012,
"Fri, Jun 1, 2012",Phoenix Mercury,66,San Antonio Silver Stars,85,Box Score,2012,
"Sun, Jun 3, 2012",Indiana Fever,72,New York Liberty,87,Box Score,2012,
"Sun, Sep 2, 2012",Connecticut Sun,80,Atlanta Dream,87,Box Score,2012,
"Tue, May 22, 2012",Phoenix Mercury,89,Tulsa Shock,87,Box Score,2012,
"Wed, Sep 5, 2012",Phoenix Mercury,59,New York Liberty,87,Box Score,2012,
"Sun, Jun 10, 2012",Atlanta Dream,73,Connecticut Sun,92,Box Score,2012,
"Sun, Sep 23, 2012",Atlanta Dream,72,Connecticut Sun,92,Box Score,2012,
"Fri, Jun 29, 2012",Atlanta Dream,102,Tulsa Shock,92,Box Score,2012,
"Fri, Jun 15, 2012",New York Liberty,55,Connecticut Sun,97,Box Score,2012,
"Fri, Sep 7, 2012",Atlanta Dream,93,Minnesota Lynx,97,Box Score,2012,
"Fri, Aug 24, 2012",Atlanta Dream,81,Washington Mystics,69,Box Score,2012,
"Fri, Sep 21, 2012",San Antonio Silver Stars,75,Seattle Storm,84,Box Score,2012,
"Sat, Jun 23, 2012",Los Angeles Sparks,93,Phoenix Mercury,84,Box Score,2012,
"Sun, May 27, 2012",Seattle Storm,71,Minnesota Lynx,84,Box Score,2012,
"Wed, Jul 11, 2012",Atlanta Dream,70,Seattle Storm,59,Box Score,2012,
"Fri, Jul 6, 2012",New York Liberty,64,Chicago Sky,59,Box Score,2012,
"Tue, Sep 4, 2012",Connecticut Sun,77,Washington Mystics,70,Box Score,2012,
"Sun, May 20, 2012",New York Liberty,77,Connecticut Sun,92,Box Score,2012,
"Fri, Aug 31, 2012",Tulsa Shock,83,Minnesota Lynx,92,Box Score,2012,
"Thu, May 24, 2012",Los Angeles Sparks,84,Minnesota Lynx,92,Box Score,2012,
"Sat, Jun 2, 2012",Chicago Sky,94,Atlanta Dream,92,Box Score,2012,
"Fri, Oct 5, 2012",Indiana Fever,64,Connecticut Sun,76,Box Score,2012,
"Fri, Oct 19, 2012",Minnesota Lynx,59,Indiana Fever,76,Box Score,2012,
"Fri, Aug 17, 2012",Atlanta Dream,82,Chicago Sky,76,Box Score,2012,
"Fri, Jun 1, 2012",Tulsa Shock,58,Seattle Storm,76,Box Score,2012,
"Tue, May 29, 2012",Tulsa Shock,75,Los Angeles Sparks,76,Box Score,2012,
"Sun, Sep 16, 2012",Connecticut Sun,60,Seattle Storm,58,Box Score,2012,
"Sun, Sep 30, 2012",Indiana Fever,103,Atlanta Dream,88,Box Score,2012,
"Thu, Aug 30, 2012",Indiana Fever,76,New York Liberty,63,Box Score,2012,
"Wed, May 30, 2012",Chicago Sky,77,San Antonio Silver Stars,63,Box Score,2012,
"Mon, Jun 18, 2012",Washington Mystics,70,Los Angeles Sparks,101,Box Score,2012,
"Thu, Aug 30, 2012",Los Angeles Sparks,85,Tulsa Shock,99,Box Score,2012,
"Fri, May 25, 2012",New York Liberty,74,Atlanta Dream,100,Box Score,2012,
"Sun, Sep 23, 2012",Minnesota Lynx,84,San Antonio Silver Stars,99,Box Score,2012,
"Fri, Jul 13, 2012",Connecticut Sun,80,Chicago Sky,78,Box Score,2012,
"Fri, Sep 28, 2012",Seattle Storm,70,Minnesota Lynx,78,Box Score,2012,
"Sun, Jul 8, 2012",Washington Mystics,62,Tulsa Shock,78,Box Score,2012,
"Sat, May 19, 2012",Atlanta Dream,84,Indiana Fever,92,Box Score,2012,
"Fri, Jun 15, 2012",Los Angeles Sparks,59,Atlanta Dream,92,Box Score,2012,
"Thu, Sep 20, 2012",Minnesota Lynx,76,Los Angeles Sparks,92,Box Score,2012,
"Tue, Jun 26, 2012",Seattle Storm,79,Washington Mystics,71,Box Score,2012,
"Sat, Aug 18, 2012",Los Angeles Sparks,82,Seattle Storm,71,Box Score,2012,
"Wed, Sep 5, 2012",Indiana Fever,64,Atlanta Dream,71,Box Score,2012,
"Tue, Jul 10, 2012",Los Angeles Sparks,90,Phoenix Mercury,71,Box Score,2012,
"Sun, Sep 16, 2012",Tulsa Shock,80,San Antonio Silver Stars,70,Box Score,2012,
"Sat, Jun 23, 2012",Indiana Fever,73,Tulsa Shock,70,Box Score,2012,
"Sun, Aug 26, 2012",Chicago Sky,82,Connecticut Sun,70,Box Score,2012,
"Tue, Jul 10, 2012",Connecticut Sun,77,Washington Mystics,70,Box Score,2012,
"Tue, Jun 26, 2012",Indiana Fever,58,Atlanta Dream,70,Box Score,2012,
"Fri, Jun 8, 2012",New York Liberty,76,Washington Mystics,70,Box Score,2012,
"Sat, May 19, 2012",San Antonio Silver Stars,88,Tulsa Shock,79,Box Score,2012,
"Sun, Oct 7, 2012",Minnesota Lynx,80,Los Angeles Sparks,79,Box Score,2012,
"Sat, Sep 1, 2012",Washington Mystics,73,New York Liberty,79,Box Score,2012,
"Sat, Jun 16, 2012",Los Angeles Sparks,85,San Antonio Silver Stars,98,Box Score,2012,
"Sat, Sep 29, 2012",Connecticut Sun,75,New York Liberty,62,Box Score,2012,
"Sun, Sep 9, 2012",Minnesota Lynx,81,San Antonio Silver Stars,62,Box Score,2012,
"Sun, May 27, 2012",Indiana Fever,78,Atlanta Dream,62,Box Score,2012,
"Tue, May 22, 2012",Minnesota Lynx,80,New York Liberty,62,Box Score,2012,
"Fri, Sep 21, 2012",Minnesota Lynx,89,Phoenix Mercury,66,Box Score,2012,
"Thu, Aug 23, 2012",Indiana Fever,68,Seattle Storm,66,Box Score,2012,
"Sat, Sep 8, 2012",Seattle Storm,89,Tulsa Shock,66,Box Score,2012,
"Fri, May 18, 2012",Los Angeles Sparks,72,Seattle Storm,66,Box Score,2012,
"Thu, Sep 20, 2012",Atlanta Dream,75,Chicago Sky,66,Box Score,2012,
"Fri, Sep 28, 2012",Atlanta Dream,75,Indiana Fever,66,Box Score,2012,
"Thu, Jun 21, 2012",New York Liberty,70,Minnesota Lynx,102,Box Score,2012,
"Fri, Sep 7, 2012",Indiana Fever,82,San Antonio Silver Stars,78,Box Score,2012,
"Mon, Oct 8, 2012",Connecticut Sun,76,Indiana Fever,78,Box Score,2012,
"Thu, Sep 20, 2012",New York Liberty,66,Tulsa Shock,78,Box Score,2012,
"Wed, Sep 12, 2012",Connecticut Sun,100,Phoenix Mercury,78,Box Score,2012,
"Thu, Aug 30, 2012",Washington Mystics,59,Atlanta Dream,82,Box Score,2012,
"Sun, Sep 9, 2012",Chicago Sky,77,Connecticut Sun,82,Box Score,2012,
"Tue, Aug 21, 2012",Tulsa Shock,80,Connecticut Sun,82,Box Score,2012,
"Sat, May 19, 2012",Chicago Sky,69,Washington Mystics,57,Box Score,2012,
"Sun, Sep 23, 2012",Seattle Storm,71,Phoenix Mercury,57,Box Score,2012,
"Fri, Jun 8, 2012",Tulsa Shock,91,Chicago Sky,98,Box Score,2012,
"Fri, Aug 17, 2012",Washington Mystics,69,Minnesota Lynx,98,Box Score,2012,
"Tue, Sep 18, 2012",Phoenix Mercury,76,Los Angeles Sparks,101,Box Score,2012,
"Thu, Sep 6, 2012",Tulsa Shock,74,Seattle Storm,101,Box Score,2012,
"Sun, Oct 14, 2012",Indiana Fever,76,Minnesota Lynx,70,Box Score,2012,
"Thu, Aug 23, 2012",San Antonio Silver Stars,77,Los Angeles Sparks,101,Box Score,2012,
"Fri, Sep 14, 2012",Connecticut Sun,82,Los Angeles Sparks,93,Box Score,2012,
"Thu, Sep 27, 2012",San Antonio Silver Stars,86,Los Angeles Sparks,93,Box Score,2012,
"Sun, Jul 1, 2012",Minnesota Lynx,84,San Antonio Silver Stars,93,Box Score,2012,
"Sun, Sep 9, 2012",Washington Mystics,68,Atlanta Dream,93,Box Score,2012,
"Wed, Sep 19, 2012",Indiana Fever,67,Connecticut Sun,73,Box Score,2012,
"Sat, May 19, 2012",Connecticut Sun,78,New York Liberty,73,Box Score,2012,
"Sun, Sep 9, 2012",Los Angeles Sparks,71,New York Liberty,73,Box Score,2012,
"Thu, Aug 30, 2012",Connecticut Sun,84,San Antonio Silver Stars,73,Box Score,2012,
"Fri, Jun 15, 2012",Seattle Storm,86,Tulsa Shock,73,Box Score,2012,
"Sun, Jun 3, 2012",Seattle Storm,65,Los Angeles Sparks,67,Box Score,2012,
"Fri, Jun 15, 2012",Indiana Fever,66,Washington Mystics,67,Box Score,2012,
"Tue, Aug 21, 2012",New York Liberty,77,Chicago Sky,67,Box Score,2012,
"Wed, Sep 12, 2012",San Antonio Silver Stars,78,Tulsa Shock,67,Box Score,2012,
"Sun, Jun 24, 2012",San Antonio Silver Stars,91,Los Angeles Sparks,71,Box Score,2012,
"Thu, Oct 11, 2012",Indiana Fever,87,Connecticut Sun,71,Box Score,2012,
"Mon, Sep 17, 2012",Indiana Fever,79,Minnesota Lynx,86,Box Score,2012,
"Sat, Aug 18, 2012",Atlanta Dream,72,Indiana Fever,86,Box Score,2012,
"Thu, Sep 13, 2012",Chicago Sky,77,Los Angeles Sparks,86,Box Score,2012,
"Sun, Sep 30, 2012",Minnesota Lynx,79,Seattle Storm,86,Box Score,2012,
"Tue, Jul 10, 2012",Minnesota Lynx,107,Tulsa Shock,86,Box Score,2012,
"Sun, Aug 19, 2012",Chicago Sky,71,Washington Mystics,75,Box Score,2012,
"Tue, Aug 21, 2012",Washington Mystics,72,San Antonio Silver Stars,75,Box Score,2012,
"Tue, Oct 2, 2012",Atlanta Dream,64,Indiana Fever,75,Box Score,2012,
"Sat, Jul 7, 2012",Atlanta Dream,100,Phoenix Mercury,93,Box Score,2012,
"Sun, Jul 1, 2012",Atlanta Dream,69,Chicago Sky,71,Box Score,2012,
"Fri, Jul 6, 2012",San Antonio Silver Stars,78,Washington Mystics,73,Box Score,2012,
"Tue, Oct 2, 2012",Seattle Storm,72,Minnesota Lynx,73,Box Score,2012,
"Tue, Aug 21, 2012",Minnesota Lynx,86,Seattle Storm,73,Box Score,2012,
"Sat, Sep 1, 2012",Chicago Sky,64,Indiana Fever,81,Box Score,2012,
"Tue, Sep 18, 2012",Chicago Sky,60,Seattle Storm,75,Box Score,2012,
"Fri, Jul 6, 2012",Connecticut Sun,86,Tulsa Shock,75,Box Score,2012,
"Fri, Jun 29, 2012",Phoenix Mercury,84,Chicago Sky,81,Box Score,2012,
"Sun, May 20, 2012",Phoenix Mercury,83,Minnesota Lynx,105,Box Score,2012,
"Wed, Sep 12, 2012",Washington Mystics,62,New York Liberty,75,Box Score,2012,
"Wed, Jun 13, 2012",Los Angeles Sparks,87,Connecticut Sun,81,Box Score,2012,
"Wed, Jun 5, 2013",Indiana Fever,68,New York Liberty,75,Box Score,2013,
"Sat, May 25, 2013",New York Liberty,69,Connecticut Sun,81,Box Score,2013,
"Wed, Jul 24, 2013",Phoenix Mercury,69,Minnesota Lynx,81,Box Score,2013,
"Fri, Jun 7, 2013",Chicago Sky,69,San Antonio Silver Stars,81,Box Score,2013,
"Thu, Aug 8, 2013",Washington Mystics,79,Minnesota Lynx,75,Box Score,2013,
"Sat, Jul 13, 2013",Minnesota Lynx,86,Tulsa Shock,75,Box Score,2013,
"Thu, Sep 19, 2013",Phoenix Mercury,86,Los Angeles Sparks,75,Box Score,2013,
"Sun, Jun 2, 2013",Phoenix Mercury,72,Seattle Storm,75,Box Score,2013,
"Fri, Jun 7, 2013",New York Liberty,56,Atlanta Dream,75,Box Score,2013,
"Wed, Aug 14, 2013",Indiana Fever,58,Phoenix Mercury,75,Box Score,2013,
"Wed, Sep 4, 2013",Indiana Fever,80,Atlanta Dream,89,Box Score,2013,
"Sun, Sep 15, 2013",Phoenix Mercury,55,Los Angeles Sparks,89,Box Score,2013,
"Sun, Jul 14, 2013",Atlanta Dream,65,Seattle Storm,73,Box Score,2013,
"Fri, Aug 23, 2013",San Antonio Silver Stars,67,Tulsa Shock,73,Box Score,2013,
"Fri, Aug 23, 2013",Seattle Storm,81,Phoenix Mercury,73,Box Score,2013,
"Fri, Jul 12, 2013",Washington Mystics,83,San Antonio Silver Stars,73,Box Score,2013,
"Tue, Aug 20, 2013",Chicago Sky,79,Washington Mystics,73,Box Score,2013,
"Sat, Sep 21, 2013",Los Angeles Sparks,82,Phoenix Mercury,73,Box Score,2013,
"Sat, Aug 3, 2013",Atlanta Dream,76,Phoenix Mercury,82,Box Score,2013,
"Tue, Aug 6, 2013",Indiana Fever,64,Chicago Sky,58,Box Score,2013,
"Fri, Aug 16, 2013",Washington Mystics,66,New York Liberty,57,Box Score,2013,
"Sat, Jul 6, 2013",Connecticut Sun,66,Indiana Fever,78,Box Score,2013,
"Wed, Sep 11, 2013",Atlanta Dream,77,Connecticut Sun,78,Box Score,2013,
"Fri, Jun 14, 2013",Connecticut Sun,68,New York Liberty,78,Box Score,2013,
"Thu, Aug 29, 2013",Connecticut Sun,65,Seattle Storm,78,Box Score,2013,
"Fri, May 31, 2013",Tulsa Shock,76,New York Liberty,78,Box Score,2013,
"Fri, Jun 7, 2013",Washington Mystics,66,Connecticut Sun,62,Box Score,2013,
"Sat, Jul 6, 2013",Seattle Storm,59,Washington Mystics,62,Box Score,2013,
"Sat, May 25, 2013",Tulsa Shock,81,Atlanta Dream,98,Box Score,2013,
"Fri, Sep 6, 2013",Atlanta Dream,70,New York Liberty,57,Box Score,2013,
"Sun, Aug 4, 2013",Los Angeles Sparks,75,Washington Mystics,57,Box Score,2013,
"Sun, Aug 4, 2013",Tulsa Shock,65,San Antonio Silver Stars,69,Box Score,2013,
"Thu, Jul 11, 2013",Minnesota Lynx,69,Indiana Fever,62,Box Score,2013,
"Fri, Jun 28, 2013",New York Liberty,67,Seattle Storm,62,Box Score,2013,
"Sun, Jun 2, 2013",Atlanta Dream,73,Washington Mystics,63,Box Score,2013,
"Sat, Aug 17, 2013",Phoenix Mercury,82,San Antonio Silver Stars,88,Box Score,2013,
"Sun, Aug 18, 2013",New York Liberty,57,Minnesota Lynx,88,Box Score,2013,
"Sun, Jun 16, 2013",Chicago Sky,74,Atlanta Dream,88,Box Score,2013,
"Fri, Aug 16, 2013",Connecticut Sun,57,Atlanta Dream,88,Box Score,2013,
"Tue, Jul 2, 2013",Tulsa Shock,69,Connecticut Sun,88,Box Score,2013,
"Sat, Sep 7, 2013",Connecticut Sun,60,Indiana Fever,69,Box Score,2013,
"Sun, Aug 11, 2013",San Antonio Silver Stars,63,Seattle Storm,69,Box Score,2013,
"Wed, Jun 19, 2013",Minnesota Lynx,80,Phoenix Mercury,69,Box Score,2013,
"Sun, Oct 6, 2013",Atlanta Dream,59,Minnesota Lynx,84,Box Score,2013,
"Sat, Aug 24, 2013",Indiana Fever,77,Minnesota Lynx,84,Box Score,2013,
"Tue, Aug 27, 2013",Connecticut Sun,78,Los Angeles Sparks,91,Box Score,2013,
"Sun, Jun 30, 2013",Tulsa Shock,61,Washington Mystics,84,Box Score,2013,
"Thu, Sep 26, 2013",Indiana Fever,79,Atlanta Dream,84,Box Score,2013,
"Thu, Jul 11, 2013",Los Angeles Sparks,94,Tulsa Shock,78,Box Score,2013,
"Wed, Jul 31, 2013",New York Liberty,88,Washington Mystics,78,Box Score,2013,
"Sat, Aug 24, 2013",Chicago Sky,67,Atlanta Dream,56,Box Score,2013,
"Fri, Aug 9, 2013",San Antonio Silver Stars,77,Seattle Storm,56,Box Score,2013,
"Thu, Sep 19, 2013",Washington Mystics,71,Atlanta Dream,56,Box Score,2013,
"Fri, Sep 13, 2013",San Antonio Silver Stars,61,Phoenix Mercury,82,Box Score,2013,
"Sun, Sep 15, 2013",Indiana Fever,80,Connecticut Sun,82,Box Score,2013,
"Fri, Aug 23, 2013",New York Liberty,64,Chicago Sky,82,Box Score,2013,
"Fri, Sep 13, 2013",Connecticut Sun,56,Washington Mystics,82,Box Score,2013,
"Sat, Jun 15, 2013",San Antonio Silver Stars,48,Los Angeles Sparks,84,Box Score,2013,
"Thu, Jul 18, 2013",Phoenix Mercury,90,Los Angeles Sparks,84,Box Score,2013,
"Sun, Aug 11, 2013",New York Liberty,88,Atlanta Dream,82,Box Score,2013,
"Wed, Jul 24, 2013",Chicago Sky,78,Washington Mystics,82,Box Score,2013,
"Sun, Jun 23, 2013",Tulsa Shock,79,Minnesota Lynx,88,Box Score,2013,
"Tue, Oct 8, 2013",Atlanta Dream,63,Minnesota Lynx,88,Box Score,2013,
"Tue, Aug 20, 2013",Minnesota Lynx,75,Atlanta Dream,88,Box Score,2013,
"Fri, Jun 28, 2013",Los Angeles Sparks,64,Minnesota Lynx,88,Box Score,2013,
"Wed, Aug 14, 2013",Atlanta Dream,86,Connecticut Sun,88,Box Score,2013,
"Thu, Aug 1, 2013",Phoenix Mercury,79,Seattle Storm,88,Box Score,2013,
"Mon, May 27, 2013",Washington Mystics,95,Tulsa Shock,90,Box Score,2013,
"Sun, Aug 4, 2013",Seattle Storm,72,Minnesota Lynx,90,Box Score,2013,
"Fri, Jun 14, 2013",Seattle Storm,59,Atlanta Dream,68,Box Score,2013,
"Sun, Sep 22, 2013",Minnesota Lynx,58,Seattle Storm,55,Box Score,2013,
"Thu, Jul 18, 2013",Chicago Sky,75,New York Liberty,55,Box Score,2013,
"Tue, Jul 2, 2013",Minnesota Lynx,66,Los Angeles Sparks,96,Box Score,2013,
"Tue, Jun 18, 2013",Washington Mystics,86,Seattle Storm,96,Box Score,2013,
"Fri, Aug 2, 2013",Los Angeles Sparks,89,Tulsa Shock,96,Box Score,2013,
"Fri, Jun 7, 2013",Tulsa Shock,67,Seattle Storm,58,Box Score,2013,
"Sun, Jul 21, 2013",Indiana Fever,65,Washington Mystics,52,Box Score,2013,
"Sun, Jul 7, 2013",Phoenix Mercury,59,Minnesota Lynx,91,Box Score,2013,
"Sun, Sep 29, 2013",Atlanta Dream,67,Indiana Fever,53,Box Score,2013,
"Sat, Jul 13, 2013",Indiana Fever,74,New York Liberty,53,Box Score,2013,
"Sat, Jul 20, 2013",Los Angeles Sparks,65,Seattle Storm,64,Box Score,2013,
"Fri, May 24, 2013",Indiana Fever,79,San Antonio Silver Stars,64,Box Score,2013,
"Sat, Aug 17, 2013",Indiana Fever,70,Seattle Storm,77,Box Score,2013,
"Mon, Sep 23, 2013",Phoenix Mercury,78,Los Angeles Sparks,77,Box Score,2013,
"Fri, Jul 19, 2013",Washington Mystics,70,Indiana Fever,77,Box Score,2013,
"Fri, Sep 6, 2013",Washington Mystics,70,Connecticut Sun,77,Box Score,2013,
"Wed, Jul 17, 2013",Atlanta Dream,73,Los Angeles Sparks,77,Box Score,2013,
"Fri, Aug 16, 2013",Tulsa Shock,83,Minnesota Lynx,77,Box Score,2013,
"Tue, Jun 25, 2013",Phoenix Mercury,83,San Antonio Silver Stars,77,Box Score,2013,
"Sun, Jun 23, 2013",Atlanta Dream,78,Connecticut Sun,77,Box Score,2013,
"Tue, Aug 20, 2013",Los Angeles Sparks,57,Seattle Storm,77,Box Score,2013,
"Fri, May 31, 2013",Atlanta Dream,86,Indiana Fever,77,Box Score,2013,
"Sun, Aug 11, 2013",Tulsa Shock,56,Phoenix Mercury,77,Box Score,2013,
"Fri, Sep 6, 2013",Indiana Fever,82,Chicago Sky,77,Box Score,2013,
"Thu, Oct 10, 2013",Minnesota Lynx,86,Atlanta Dream,77,Box Score,2013,
"Thu, Aug 22, 2013",Minnesota Lynx,91,Connecticut Sun,77,Box Score,2013,
"Sun, Jun 23, 2013",San Antonio Silver Stars,78,New York Liberty,77,Box Score,2013,
"Sun, Jul 21, 2013",Minnesota Lynx,82,Phoenix Mercury,77,Box Score,2013,
"Wed, Sep 4, 2013",Los Angeles Sparks,74,Minnesota Lynx,83,Box Score,2013,
"Sat, Jun 1, 2013",Los Angeles Sparks,78,San Antonio Silver Stars,83,Box Score,2013,
"Fri, Sep 6, 2013",San Antonio Silver Stars,80,Phoenix Mercury,83,Box Score,2013,
"Thu, Jun 20, 2013",Chicago Sky,74,Tulsa Shock,83,Box Score,2013,
"Sat, Jun 22, 2013",Chicago Sky,71,Indiana Fever,61,Box Score,2013,
"Wed, Jun 12, 2013",Connecticut Sun,73,Indiana Fever,61,Box Score,2013,
"Fri, Aug 9, 2013",Chicago Sky,77,Connecticut Sun,61,Box Score,2013,
"Fri, Jun 14, 2013",Minnesota Lynx,83,Tulsa Shock,74,Box Score,2013,
"Sun, Aug 11, 2013",Connecticut Sun,63,Washington Mystics,74,Box Score,2013,
"Wed, Jul 24, 2013",Connecticut Sun,65,Atlanta Dream,74,Box Score,2013,
"Fri, Aug 23, 2013",Atlanta Dream,64,Washington Mystics,74,Box Score,2013,
"Wed, Jul 10, 2013",San Antonio Silver Stars,88,Phoenix Mercury,80,Box Score,2013,
"Sat, Jul 20, 2013",New York Liberty,69,Chicago Sky,80,Box Score,2013,
"Fri, Sep 20, 2013",Seattle Storm,64,Minnesota Lynx,80,Box Score,2013,
"Wed, Aug 28, 2013",Washington Mystics,85,Atlanta Dream,80,Box Score,2013,
"Fri, Jun 28, 2013",Tulsa Shock,69,Indiana Fever,80,Box Score,2013,
"Sat, Aug 10, 2013",Atlanta Dream,66,Indiana Fever,80,Box Score,2013,
"Mon, Sep 23, 2013",Washington Mystics,72,Atlanta Dream,80,Box Score,2013,
"Tue, Aug 6, 2013",Minnesota Lynx,93,San Antonio Silver Stars,80,Box Score,2013,
"Wed, Aug 21, 2013",San Antonio Silver Stars,63,Indiana Fever,80,Box Score,2013,
"Mon, May 27, 2013",Chicago Sky,102,Phoenix Mercury,80,Box Score,2013,
"Tue, Aug 13, 2013",Chicago Sky,76,Los Angeles Sparks,80,Box Score,2013,
"Tue, Jul 2, 2013",Seattle Storm,69,Chicago Sky,60,Box Score,2013,
"Tue, Sep 10, 2013",Minnesota Lynx,73,Seattle Storm,60,Box Score,2013,
"Thu, Jul 25, 2013",Indiana Fever,71,Tulsa Shock,60,Box Score,2013,
"Sat, Sep 7, 2013",Minnesota Lynx,75,Seattle Storm,60,Box Score,2013,
"Sat, Aug 3, 2013",Chicago Sky,58,Indiana Fever,79,Box Score,2013,
"Sat, Sep 14, 2013",Chicago Sky,66,Minnesota Lynx,79,Box Score,2013,
"Sun, Sep 8, 2013",Chicago Sky,93,Washington Mystics,79,Box Score,2013,
"Sun, Sep 22, 2013",Chicago Sky,57,Indiana Fever,79,Box Score,2013,
"Sat, Jun 1, 2013",Connecticut Sun,74,Minnesota Lynx,90,Box Score,2013,
"Fri, Jun 21, 2013",Washington Mystics,82,Phoenix Mercury,90,Box Score,2013,
"Sun, Aug 25, 2013",Tulsa Shock,88,Los Angeles Sparks,90,Box Score,2013,
"Sun, Jul 21, 2013",Atlanta Dream,63,Tulsa Shock,90,Box Score,2013,
"Sun, Jun 16, 2013",Indiana Fever,60,Washington Mystics,64,Box Score,2013,
"Thu, Aug 8, 2013",Los Angeles Sparks,74,Indiana Fever,64,Box Score,2013,
"Sun, Jul 7, 2013",Chicago Sky,93,New York Liberty,64,Box Score,2013,
"Fri, Jul 19, 2013",Connecticut Sun,58,Tulsa Shock,64,Box Score,2013,
"Fri, Sep 13, 2013",Atlanta Dream,82,Chicago Sky,87,Box Score,2013,
"Sat, Jun 29, 2013",Los Angeles Sparks,82,Chicago Sky,94,Box Score,2013,
"Tue, Jul 9, 2013",Atlanta Dream,72,Minnesota Lynx,94,Box Score,2013,
"Fri, Aug 16, 2013",Indiana Fever,72,Los Angeles Sparks,94,Box Score,2013,
"Tue, Jul 2, 2013",New York Liberty,87,Phoenix Mercury,94,Box Score,2013,
"Wed, Jun 26, 2013",New York Liberty,74,Chicago Sky,87,Box Score,2013,
"Tue, Jun 11, 2013",San Antonio Silver Stars,72,Minnesota Lynx,87,Box Score,2013,
"Fri, Jun 21, 2013",Minnesota Lynx,59,Los Angeles Sparks,87,Box Score,2013,
"Sun, Aug 11, 2013",Minnesota Lynx,86,Chicago Sky,94,Box Score,2013,
"Fri, Aug 2, 2013",Washington Mystics,78,Chicago Sky,85,Box Score,2013,
"Thu, Sep 26, 2013",Phoenix Mercury,62,Minnesota Lynx,85,Box Score,2013,
"Sat, Aug 31, 2013",Atlanta Dream,68,Chicago Sky,85,Box Score,2013,
"Sat, Jun 8, 2013",Minnesota Lynx,80,Washington Mystics,85,Box Score,2013,
"Thu, Sep 12, 2013",Minnesota Lynx,84,Los Angeles Sparks,85,Box Score,2013,
"Fri, Aug 2, 2013",San Antonio Silver Stars,63,Minnesota Lynx,85,Box Score,2013,
"Thu, Jul 4, 2013",New York Liberty,89,Los Angeles Sparks,97,Box Score,2013,
"Sat, Jul 20, 2013",Connecticut Sun,52,San Antonio Silver Stars,60,Box Score,2013,
"Tue, Jul 23, 2013",New York Liberty,77,Indiana Fever,72,Box Score,2013,
"Fri, Sep 20, 2013",Indiana Fever,85,Chicago Sky,72,Box Score,2013,
"Tue, Aug 6, 2013",Los Angeles Sparks,74,Connecticut Sun,72,Box Score,2013,
"Sun, Jun 9, 2013",San Antonio Silver Stars,70,Chicago Sky,72,Box Score,2013,
"Sun, Sep 8, 2013",Tulsa Shock,98,San Antonio Silver Stars,65,Box Score,2013,
"Thu, Jul 25, 2013",New York Liberty,53,San Antonio Silver Stars,65,Box Score,2013,
"Tue, Aug 27, 2013",Minnesota Lynx,73,New York Liberty,47,Box Score,2013,
"Sat, Sep 14, 2013",Tulsa Shock,73,Seattle Storm,85,Box Score,2013,
"Fri, Aug 30, 2013",San Antonio Silver Stars,74,Tulsa Shock,65,Box Score,2013,
"Tue, Aug 6, 2013",Seattle Storm,80,Phoenix Mercury,65,Box Score,2013,
"Sun, Sep 29, 2013",Minnesota Lynx,72,Phoenix Mercury,65,Box Score,2013,
"Wed, Jul 17, 2013",Tulsa Shock,86,Seattle Storm,59,Box Score,2013,
"Sun, Sep 15, 2013",Atlanta Dream,68,San Antonio Silver Stars,97,Box Score,2013,
"Fri, Jun 14, 2013",Los Angeles Sparks,81,Phoenix Mercury,97,Box Score,2013,
"Thu, Jun 27, 2013",Phoenix Mercury,101,Washington Mystics,97,Box Score,2013,
"Sat, Aug 31, 2013",Seattle Storm,74,Minnesota Lynx,97,Box Score,2013,
"Tue, Jun 25, 2013",Indiana Fever,60,Atlanta Dream,76,Box Score,2013,
"Sat, Aug 31, 2013",Connecticut Sun,68,Phoenix Mercury,76,Box Score,2013,
"Sun, Jul 14, 2013",Los Angeles Sparks,88,Phoenix Mercury,76,Box Score,2013,
"Sun, Jun 9, 2013",Atlanta Dream,67,New York Liberty,76,Box Score,2013,
"Sun, Aug 18, 2013",Washington Mystics,58,Atlanta Dream,76,Box Score,2013,
"Tue, Sep 10, 2013",Phoenix Mercury,80,New York Liberty,76,Box Score,2013,
"Sat, Jun 8, 2013",Tulsa Shock,69,Los Angeles Sparks,76,Box Score,2013,
"Thu, Jun 6, 2013",Phoenix Mercury,79,Minnesota Lynx,99,Box Score,2013,
"Sat, Sep 21, 2013",Atlanta Dream,63,Washington Mystics,45,Box Score,2013,
"Sun, Jun 2, 2013",Tulsa Shock,71,Chicago Sky,92,Box Score,2013,
"Sat, Jun 22, 2013",Seattle Storm,70,Tulsa Shock,92,Box Score,2013,
"Mon, Sep 2, 2013",Los Angeles Sparks,82,Atlanta Dream,92,Box Score,2013,
"Thu, Sep 12, 2013",Seattle Storm,76,Tulsa Shock,67,Box Score,2013,
"Fri, Jul 12, 2013",Chicago Sky,83,Connecticut Sun,70,Box Score,2013,
"Fri, Sep 6, 2013",Los Angeles Sparks,74,Tulsa Shock,70,Box Score,2013,
"Thu, Aug 1, 2013",Indiana Fever,64,Connecticut Sun,70,Box Score,2013,
"Wed, Sep 11, 2013",Phoenix Mercury,68,Chicago Sky,70,Box Score,2013,
"Sun, Jun 23, 2013",Washington Mystics,69,Los Angeles Sparks,79,Box Score,2013,
"Tue, Jul 9, 2013",Seattle Storm,57,New York Liberty,66,Box Score,2013,
"Fri, Sep 13, 2013",New York Liberty,63,Indiana Fever,66,Box Score,2013,
"Thu, Jul 25, 2013",Seattle Storm,73,Los Angeles Sparks,66,Box Score,2013,
"Sun, Aug 25, 2013",New York Liberty,74,Connecticut Sun,66,Box Score,2013,
"Sun, Jun 16, 2013",Seattle Storm,78,Connecticut Sun,66,Box Score,2013,
"Fri, Aug 9, 2013",Tulsa Shock,67,Phoenix Mercury,70,Box Score,2013,
"Sun, Aug 25, 2013",Seattle Storm,64,San Antonio Silver Stars,70,Box Score,2013,
"Sun, Sep 15, 2013",New York Liberty,52,Washington Mystics,70,Box Score,2013,
"Sat, Jun 29, 2013",Phoenix Mercury,89,Connecticut Sun,70,Box Score,2013,
"Sat, Aug 3, 2013",Connecticut Sun,88,New York Liberty,66,Box Score,2013,
"Thu, Aug 15, 2013",Chicago Sky,79,Seattle Storm,66,Box Score,2013,
"Tue, Sep 10, 2013",Washington Mystics,69,Indiana Fever,67,Box Score,2013,
"Sat, Aug 31, 2013",Los Angeles Sparks,80,San Antonio Silver Stars,67,Box Score,2013,
"Sat, Jun 8, 2013",Phoenix Mercury,82,Indiana Fever,67,Box Score,2013,
"Sat, Aug 10, 2013",Los Angeles Sparks,85,New York Liberty,67,Box Score,2013,
"Fri, Aug 30, 2013",Indiana Fever,73,New York Liberty,67,Box Score,2013,
"Sun, Jun 16, 2013",Phoenix Mercury,108,Tulsa Shock,103,Box Score,2013,
"Sun, May 26, 2013",Seattle Storm,69,Los Angeles Sparks,102,Box Score,2013,
"Fri, Jun 28, 2013",Washington Mystics,75,Atlanta Dream,86,Box Score,2013,
"Fri, May 31, 2013",Connecticut Sun,75,Chicago Sky,86,Box Score,2013,
"Sun, Jul 14, 2013",San Antonio Silver Stars,84,Connecticut Sun,86,Box Score,2013,
"Tue, Aug 20, 2013",Phoenix Mercury,89,Tulsa Shock,86,Box Score,2013,
"Wed, Jul 10, 2013",Washington Mystics,85,Chicago Sky,89,Box Score,2013,
"Sun, Aug 18, 2013",Connecticut Sun,78,Chicago Sky,89,Box Score,2013,
"Sun, Jun 30, 2013",Seattle Storm,63,Indiana Fever,71,Box Score,2013,
"Fri, Jul 19, 2013",Minnesota Lynx,87,San Antonio Silver Stars,71,Box Score,2013,
"Sun, Sep 8, 2013",Phoenix Mercury,79,Atlanta Dream,71,Box Score,2013,
"Tue, Aug 27, 2013",Seattle Storm,72,San Antonio Silver Stars,71,Box Score,2013,
"Sat, Jul 6, 2013",San Antonio Silver Stars,66,Los Angeles Sparks,93,Box Score,2013,
"Tue, Aug 6, 2013",Washington Mystics,88,New York Liberty,93,Box Score,2013,
"Sun, Sep 1, 2013",New York Liberty,88,Tulsa Shock,93,Box Score,2013,
"Sun, Jun 30, 2013",San Antonio Silver Stars,67,Atlanta Dream,93,Box Score,2013,
"Tue, Jul 16, 2013",San Antonio Silver Stars,64,Washington Mystics,86,Box Score,2013,
"Fri, Jun 21, 2013",Seattle Storm,91,San Antonio Silver Stars,86,Box Score,2013,
"Fri, Jul 25, 2014",Chicago Sky,79,Atlanta Dream,75,Box Score,2014,
"Sat, May 17, 2014",Seattle Storm,64,Phoenix Mercury,81,Box Score,2014,
"Fri, Jun 27, 2014",Minnesota Lynx,71,Seattle Storm,81,Box Score,2014,
"Sun, Jun 8, 2014",Washington Mystics,64,New York Liberty,81,Box Score,2014,
"Sun, Jul 13, 2014",Chicago Sky,79,Atlanta Dream,81,Box Score,2014,
"Tue, Jul 22, 2014",Atlanta Dream,108,Minnesota Lynx,112,Box Score,2014,
"Thu, Jun 26, 2014",Atlanta Dream,81,San Antonio Silver Stars,79,Box Score,2014,
"Fri, Jun 13, 2014",Chicago Sky,68,Washington Mystics,79,Box Score,2014,
"Fri, Aug 8, 2014",San Antonio Silver Stars,62,Tulsa Shock,79,Box Score,2014,
"Thu, May 29, 2014",Connecticut Sun,65,Indiana Fever,79,Box Score,2014,
"Fri, Aug 1, 2014",Connecticut Sun,89,San Antonio Silver Stars,79,Box Score,2014,
"Sat, Aug 2, 2014",Indiana Fever,69,Phoenix Mercury,79,Box Score,2014,
"Fri, May 16, 2014",San Antonio Silver Stars,75,Atlanta Dream,79,Box Score,2014,
"Wed, Jun 25, 2014",Chicago Sky,69,Connecticut Sun,79,Box Score,2014,
"Sat, Jul 5, 2014",Washington Mystics,73,Atlanta Dream,86,Box Score,2014,
"Mon, Sep 1, 2014",Indiana Fever,84,Chicago Sky,86,Box Score,2014,
"Fri, May 23, 2014",Minnesota Lynx,94,Tulsa Shock,93,Box Score,2014,
"Wed, Jul 16, 2014",Tulsa Shock,82,Minnesota Lynx,93,Box Score,2014,
"Thu, Jun 5, 2014",San Antonio Silver Stars,87,New York Liberty,75,Box Score,2014,
"Thu, Jul 31, 2014",Atlanta Dream,85,Tulsa Shock,75,Box Score,2014,
"Sat, Aug 2, 2014",Minnesota Lynx,84,Tulsa Shock,75,Box Score,2014,
"Fri, May 23, 2014",Seattle Storm,59,Connecticut Sun,71,Box Score,2014,
"Tue, Jul 22, 2014",Phoenix Mercury,89,Seattle Storm,71,Box Score,2014,
"Tue, Jul 1, 2014",San Antonio Silver Stars,74,Connecticut Sun,71,Box Score,2014,
"Sat, Aug 16, 2014",Chicago Sky,67,Indiana Fever,71,Box Score,2014,
"Fri, Aug 8, 2014",Connecticut Sun,66,New York Liberty,71,Box Score,2014,
"Sun, Aug 3, 2014",San Antonio Silver Stars,65,Seattle Storm,71,Box Score,2014,
"Tue, Jun 17, 2014",Indiana Fever,67,Connecticut Sun,89,Box Score,2014,
"Wed, Jul 23, 2014",Connecticut Sun,75,Washington Mystics,89,Box Score,2014,
"Sat, Jun 28, 2014",Los Angeles Sparks,92,Tulsa Shock,89,Box Score,2014,
"Sun, Jul 6, 2014",Phoenix Mercury,94,Los Angeles Sparks,89,Box Score,2014,
"Sat, Jun 7, 2014",Phoenix Mercury,91,San Antonio Silver Stars,79,Box Score,2014,
"Sun, Jul 27, 2014",Chicago Sky,69,Tulsa Shock,79,Box Score,2014,
"Sun, Jun 1, 2014",Minnesota Lynx,87,San Antonio Silver Stars,79,Box Score,2014,
"Tue, Aug 5, 2014",New York Liberty,46,Washington Mystics,79,Box Score,2014,
"Tue, Jul 22, 2014",Indiana Fever,57,Chicago Sky,60,Box Score,2014,
"Wed, Jun 18, 2014",Washington Mystics,73,Atlanta Dream,83,Box Score,2014,
"Tue, Jul 8, 2014",Los Angeles Sparks,72,Minnesota Lynx,83,Box Score,2014,
"Sun, Sep 7, 2014",Chicago Sky,62,Phoenix Mercury,83,Box Score,2014,
"Sun, Aug 24, 2014",Atlanta Dream,92,Chicago Sky,83,Box Score,2014,
"Sun, May 25, 2014",San Antonio Silver Stars,62,Los Angeles Sparks,83,Box Score,2014,
"Sun, Jun 22, 2014",Indiana Fever,77,Minnesota Lynx,83,Box Score,2014,
"Thu, Jul 3, 2014",Tulsa Shock,96,Connecticut Sun,83,Box Score,2014,
"Tue, Jul 1, 2014",Chicago Sky,90,Los Angeles Sparks,83,Box Score,2014,
"Tue, Jul 8, 2014",Connecticut Sun,71,Atlanta Dream,83,Box Score,2014,
"Wed, Jun 25, 2014",Tulsa Shock,107,Indiana Fever,102,Box Score,2014,
"Tue, Jun 3, 2014",Los Angeles Sparks,85,Atlanta Dream,93,Box Score,2014,
"Tue, Jun 10, 2014",Phoenix Mercury,81,Washington Mystics,66,Box Score,2014,
"Fri, Jul 11, 2014",Phoenix Mercury,72,Chicago Sky,66,Box Score,2014,
"Thu, Jun 5, 2014",Washington Mystics,74,Connecticut Sun,66,Box Score,2014,
"Tue, Aug 5, 2014",Chicago Sky,82,Connecticut Sun,66,Box Score,2014,
"Fri, Aug 15, 2014",Washington Mystics,71,Connecticut Sun,67,Box Score,2014,
"Sun, Jun 15, 2014",Atlanta Dream,75,Washington Mystics,67,Box Score,2014,
"Sun, Jun 29, 2014",Connecticut Sun,65,New York Liberty,67,Box Score,2014,
"Thu, Jul 31, 2014",Indiana Fever,76,Seattle Storm,67,Box Score,2014,
"Fri, Jul 11, 2014",Seattle Storm,88,San Antonio Silver Stars,67,Box Score,2014,
"Thu, Jul 17, 2014",Connecticut Sun,85,Phoenix Mercury,101,Box Score,2014,
"Fri, May 30, 2014",Connecticut Sun,82,Chicago Sky,101,Box Score,2014,
"Sat, Jun 14, 2014",Los Angeles Sparks,74,San Antonio Silver Stars,101,Box Score,2014,
"Sun, May 18, 2014",Connecticut Sun,87,Minnesota Lynx,90,Box Score,2014,
"Tue, Aug 5, 2014",Tulsa Shock,96,Los Angeles Sparks,90,Box Score,2014,
"Sat, Aug 16, 2014",New York Liberty,73,Washington Mystics,61,Box Score,2014,
"Fri, Jun 6, 2014",Indiana Fever,64,Washington Mystics,61,Box Score,2014,
"Fri, Aug 8, 2014",Washington Mystics,74,Indiana Fever,61,Box Score,2014,
"Tue, Sep 2, 2014",Minnesota Lynx,78,Phoenix Mercury,96,Box Score,2014,
"Wed, Aug 13, 2014",Phoenix Mercury,82,Atlanta Dream,96,Box Score,2014,
"Thu, Jun 12, 2014",Phoenix Mercury,95,Connecticut Sun,96,Box Score,2014,
"Sun, Aug 3, 2014",Washington Mystics,65,Chicago Sky,76,Box Score,2014,
"Fri, May 30, 2014",Tulsa Shock,78,Phoenix Mercury,100,Box Score,2014,
"Sun, Jun 22, 2014",Tulsa Shock,105,Chicago Sky,99,Box Score,2014,
"Tue, Jul 29, 2014",Chicago Sky,74,San Antonio Silver Stars,92,Box Score,2014,
"Wed, Jun 18, 2014",Minnesota Lynx,79,Phoenix Mercury,92,Box Score,2014,
"Sun, Jun 1, 2014",Los Angeles Sparks,84,Washington Mystics,92,Box Score,2014,
"Fri, Aug 15, 2014",Tulsa Shock,76,Atlanta Dream,92,Box Score,2014,
"Fri, Aug 15, 2014",Minnesota Lynx,76,San Antonio Silver Stars,92,Box Score,2014,
"Wed, Jul 9, 2014",Seattle Storm,58,Phoenix Mercury,78,Box Score,2014,
"Thu, Aug 7, 2014",Atlanta Dream,68,Seattle Storm,88,Box Score,2014,
"Sat, Jul 26, 2014",New York Liberty,63,Phoenix Mercury,78,Box Score,2014,
"Tue, Jul 15, 2014",Los Angeles Sparks,86,Indiana Fever,78,Box Score,2014,
"Thu, Aug 21, 2014",Washington Mystics,73,Indiana Fever,78,Box Score,2014,
"Wed, May 21, 2014",Connecticut Sun,68,Chicago Sky,78,Box Score,2014,
"Thu, Jul 24, 2014",Phoenix Mercury,93,Los Angeles Sparks,73,Box Score,2014,
"Thu, Aug 7, 2014",Phoenix Mercury,78,San Antonio Silver Stars,73,Box Score,2014,
"Fri, Jun 6, 2014",Minnesota Lynx,62,Seattle Storm,65,Box Score,2014,
"Sat, Aug 23, 2014",Indiana Fever,81,Washington Mystics,76,Box Score,2014,
"Thu, Aug 14, 2014",New York Liberty,63,Indiana Fever,76,Box Score,2014,
"Sun, Jun 15, 2014",New York Liberty,72,Connecticut Sun,76,Box Score,2014,
"Tue, Jun 10, 2014",Seattle Storm,80,Chicago Sky,76,Box Score,2014,
"Wed, Jun 11, 2014",Seattle Storm,68,Indiana Fever,76,Box Score,2014,
"Fri, Jun 27, 2014",Phoenix Mercury,81,Indiana Fever,76,Box Score,2014,
"Sat, Aug 16, 2014",Los Angeles Sparks,69,Phoenix Mercury,76,Box Score,2014,
"Tue, Jul 8, 2014",Indiana Fever,78,Tulsa Shock,76,Box Score,2014,
"Sun, Aug 3, 2014",New York Liberty,83,Atlanta Dream,76,Box Score,2014,
"Sun, Aug 10, 2014",Indiana Fever,90,New York Liberty,76,Box Score,2014,
"Sat, Jul 5, 2014",Connecticut Sun,78,Tulsa Shock,76,Box Score,2014,
"Fri, Jun 27, 2014",Connecticut Sun,63,Washington Mystics,69,Box Score,2014,
"Sun, May 18, 2014",Phoenix Mercury,74,Los Angeles Sparks,69,Box Score,2014,
"Fri, Jun 27, 2014",Chicago Sky,73,New York Liberty,69,Box Score,2014,
"Sun, Aug 17, 2014",Phoenix Mercury,78,Seattle Storm,65,Box Score,2014,
"Wed, Jul 9, 2014",Washington Mystics,72,Chicago Sky,65,Box Score,2014,
"Sun, Jul 27, 2014",Minnesota Lynx,76,Connecticut Sun,65,Box Score,2014,
"Sat, May 24, 2014",Seattle Storm,73,Washington Mystics,65,Box Score,2014,
"Sun, Jun 29, 2014",San Antonio Silver Stars,73,Washington Mystics,65,Box Score,2014,
"Sat, May 17, 2014",Chicago Sky,79,New York Liberty,65,Box Score,2014,
"Sun, Aug 17, 2014",Indiana Fever,61,New York Liberty,73,Box Score,2014,
"Thu, Jun 19, 2014",San Antonio Silver Stars,87,Seattle Storm,82,Box Score,2014,
"Fri, May 30, 2014",San Antonio Silver Stars,72,Minnesota Lynx,88,Box Score,2014,
"Fri, Jun 6, 2014",Los Angeles Sparks,102,Chicago Sky,88,Box Score,2014,
"Thu, Aug 21, 2014",San Antonio Silver Stars,84,Minnesota Lynx,88,Box Score,2014,
"Sat, Aug 9, 2014",Minnesota Lynx,80,Phoenix Mercury,82,Box Score,2014,
"Fri, Jun 20, 2014",New York Liberty,64,Atlanta Dream,85,Box Score,2014,
"Sun, Jun 15, 2014",Seattle Storm,79,Tulsa Shock,85,Box Score,2014,
"Wed, Jul 9, 2014",New York Liberty,66,San Antonio Silver Stars,80,Box Score,2014,
"Tue, Jun 10, 2014",New York Liberty,57,Tulsa Shock,72,Box Score,2014,
"Sun, Jun 1, 2014",Atlanta Dream,76,Connecticut Sun,85,Box Score,2014,
"Sun, Jul 6, 2014",Minnesota Lynx,80,New York Liberty,87,Box Score,2014,
"Wed, Jul 2, 2014",Chicago Sky,69,Phoenix Mercury,87,Box Score,2014,
"Thu, Jun 19, 2014",Tulsa Shock,77,Los Angeles Sparks,87,Box Score,2014,
"Tue, Jun 24, 2014",Seattle Storm,57,Los Angeles Sparks,65,Box Score,2014,
"Thu, Jul 17, 2014",Chicago Sky,64,Indiana Fever,82,Box Score,2014,
"Fri, Jul 25, 2014",Tulsa Shock,77,Washington Mystics,82,Box Score,2014,
"Wed, May 28, 2014",Tulsa Shock,79,San Antonio Silver Stars,82,Box Score,2014,
"Fri, Sep 12, 2014",Phoenix Mercury,87,Chicago Sky,82,Box Score,2014,
"Sun, Aug 10, 2014",Los Angeles Sparks,76,San Antonio Silver Stars,82,Box Score,2014,
"Sun, Aug 31, 2014",Phoenix Mercury,77,Minnesota Lynx,82,Box Score,2014,
"Sun, Jun 1, 2014",Tulsa Shock,60,Seattle Storm,62,Box Score,2014,
"Wed, Sep 3, 2014",Chicago Sky,75,Indiana Fever,62,Box Score,2014,
"Sat, Jul 26, 2014",Los Angeles Sparks,77,Seattle Storm,69,Box Score,2014,
"Fri, May 16, 2014",Los Angeles Sparks,80,Seattle Storm,69,Box Score,2014,
"Sun, Jun 22, 2014",San Antonio Silver Stars,72,Los Angeles Sparks,69,Box Score,2014,
"Wed, Aug 13, 2014",Chicago Sky,72,Washington Mystics,69,Box Score,2014,
"Fri, Jun 13, 2014",Los Angeles Sparks,67,Tulsa Shock,69,Box Score,2014,
"Tue, Jul 29, 2014",Washington Mystics,76,New York Liberty,80,Box Score,2014,
"Tue, Aug 5, 2014",Minnesota Lynx,66,Indiana Fever,64,Box Score,2014,
"Fri, Jun 6, 2014",Phoenix Mercury,78,Tulsa Shock,94,Box Score,2014,
"Sun, Jun 22, 2014",Atlanta Dream,78,New York Liberty,85,Box Score,2014,
"Fri, Aug 29, 2014",Minnesota Lynx,71,Phoenix Mercury,85,Box Score,2014,
"Fri, Jun 13, 2014",Minnesota Lynx,82,Atlanta Dream,85,Box Score,2014,
"Thu, Jul 10, 2014",Minnesota Lynx,91,Tulsa Shock,85,Box Score,2014,
"Sat, May 17, 2014",Atlanta Dream,90,Indiana Fever,88,Box Score,2014,
"Sat, Jun 7, 2014",Indiana Fever,71,Connecticut Sun,88,Box Score,2014,
"Fri, Jul 25, 2014",San Antonio Silver Stars,78,Minnesota Lynx,88,Box Score,2014,
"Tue, Jul 15, 2014",Connecticut Sun,86,Seattle Storm,63,Box Score,2014,
"Tue, Aug 12, 2014",Los Angeles Sparks,71,Minnesota Lynx,63,Box Score,2014,
"Fri, May 23, 2014",Washington Mystics,79,Indiana Fever,63,Box Score,2014,
"Thu, Jul 3, 2014",San Antonio Silver Stars,84,Minnesota Lynx,91,Box Score,2014,
"Tue, Jul 29, 2014",Seattle Storm,74,Tulsa Shock,80,Box Score,2014,
"Tue, Jun 3, 2014",Seattle Storm,72,Phoenix Mercury,87,Box Score,2014,
"Sat, May 24, 2014",New York Liberty,82,Minnesota Lynx,87,Box Score,2014,
"Sat, May 24, 2014",Atlanta Dream,73,Chicago Sky,87,Box Score,2014,
"Sun, Jul 13, 2014",Los Angeles Sparks,90,Connecticut Sun,64,Box Score,2014,
"Tue, Aug 12, 2014",Phoenix Mercury,76,New York Liberty,64,Box Score,2014,
"Wed, Jul 23, 2014",New York Liberty,66,Los Angeles Sparks,64,Box Score,2014,
"Fri, Aug 8, 2014",Atlanta Dream,77,Los Angeles Sparks,80,Box Score,2014,
"Fri, May 30, 2014",Seattle Storm,69,Atlanta Dream,80,Box Score,2014,
"Thu, Jul 24, 2014",New York Liberty,84,Seattle Storm,80,Box Score,2014,
"Sat, Jul 5, 2014",Chicago Sky,73,Seattle Storm,80,Box Score,2014,
"Sat, May 17, 2014",Tulsa Shock,76,San Antonio Silver Stars,80,Box Score,2014,
"Sun, Aug 10, 2014",Atlanta Dream,69,Chicago Sky,80,Box Score,2014,
"Fri, Jun 20, 2014",Tulsa Shock,80,Phoenix Mercury,91,Box Score,2014,
"Thu, Jul 3, 2014",Los Angeles Sparks,70,Seattle Storm,56,Box Score,2014,
"Sun, Aug 17, 2014",Atlanta Dream,55,Connecticut Sun,84,Box Score,2014,
"Sat, Aug 30, 2014",Chicago Sky,70,Indiana Fever,77,Box Score,2014,
"Sun, Jul 27, 2014",Atlanta Dream,67,Washington Mystics,77,Box Score,2014,
"Fri, Aug 22, 2014",Chicago Sky,80,Atlanta Dream,77,Box Score,2014,
"Sun, Jun 29, 2014",Phoenix Mercury,80,Tulsa Shock,77,Box Score,2014,
"Tue, Aug 26, 2014",Chicago Sky,81,Atlanta Dream,80,Box Score,2014,
"Sat, Jul 12, 2014",Atlanta Dream,93,Indiana Fever,74,Box Score,2014,
"Fri, May 16, 2014",Indiana Fever,71,Chicago Sky,74,Box Score,2014,
"Thu, Aug 7, 2014",Chicago Sky,64,Minnesota Lynx,74,Box Score,2014,
"Sun, Jun 29, 2014",Seattle Storm,69,Minnesota Lynx,74,Box Score,2014,
"Fri, May 23, 2014",San Antonio Silver Stars,78,Phoenix Mercury,74,Box Score,2014,
"Sun, Aug 10, 2014",Tulsa Shock,68,Seattle Storm,74,Box Score,2014,
"Sat, Jul 12, 2014",Washington Mystics,91,Tulsa Shock,74,Box Score,2014,
"Thu, Jul 31, 2014",New York Liberty,74,Chicago Sky,87,Box Score,2014,
"Sat, Aug 16, 2014",Tulsa Shock,63,Minnesota Lynx,80,Box Score,2014,
"Fri, May 16, 2014",New York Liberty,75,Connecticut Sun,54,Box Score,2014,
"Tue, Jul 1, 2014",Tulsa Shock,74,New York Liberty,90,Box Score,2014,
"Tue, Jul 15, 2014",Washington Mystics,78,Phoenix Mercury,90,Box Score,2014,
"Sun, Jul 13, 2014",San Antonio Silver Stars,61,Phoenix Mercury,90,Box Score,2014,
"Tue, Jul 29, 2014",Los Angeles Sparks,69,Phoenix Mercury,90,Box Score,2014,
"Thu, Jul 17, 2014",San Antonio Silver Stars,90,Tulsa Shock,95,Box Score,2014,
"Tue, Jul 22, 2014",Tulsa Shock,93,San Antonio Silver Stars,95,Box Score,2014,
"Fri, Jul 11, 2014",Los Angeles Sparks,68,New York Liberty,54,Box Score,2014,
"Sun, Jun 29, 2014",Atlanta Dream,76,Indiana Fever,68,Box Score,2014,
"Fri, May 30, 2014",New York Liberty,60,Washington Mystics,68,Box Score,2014,
"Sun, Aug 24, 2014",Phoenix Mercury,93,Los Angeles Sparks,68,Box Score,2014,
"Sat, Jul 26, 2014",Indiana Fever,75,San Antonio Silver Stars,68,Box Score,2014,
"Thu, Jul 10, 2014",Connecticut Sun,68,Indiana Fever,72,Box Score,2014,
"Sun, Jun 8, 2014",Minnesota Lynx,85,Los Angeles Sparks,72,Box Score,2014,
"Mon, May 26, 2014",Minnesota Lynx,75,Chicago Sky,72,Box Score,2014,
"Sun, Jun 15, 2014",Phoenix Mercury,80,Minnesota Lynx,72,Box Score,2014,
"Fri, Jun 13, 2014",Seattle Storm,79,San Antonio Silver Stars,72,Box Score,2014,
"Sun, Aug 17, 2014",San Antonio Silver Stars,84,Chicago Sky,72,Box Score,2014,
"Tue, Jun 17, 2014",Minnesota Lynx,94,Los Angeles Sparks,77,Box Score,2014,
"Wed, Jul 2, 2014",Indiana Fever,80,Washington Mystics,77,Box Score,2014,
"Sun, May 25, 2014",Indiana Fever,82,Atlanta Dream,77,Box Score,2014,
"Fri, Aug 15, 2014",Seattle Storm,65,Los Angeles Sparks,77,Box Score,2014,
"Fri, May 16, 2014",Minnesota Lynx,89,Washington Mystics,77,Box Score,2014,
"Mon, Jul 28, 2014",Indiana Fever,73,Los Angeles Sparks,77,Box Score,2014,
"Wed, Jul 16, 2014",Atlanta Dream,75,New York Liberty,77,Box Score,2014,
"Sun, Jul 13, 2014",Seattle Storm,60,Minnesota Lynx,77,Box Score,2014,
"Wed, Jun 18, 2014",New York Liberty,100,Chicago Sky,105,Box Score,2014,
"Tue, May 27, 2014",Seattle Storm,64,New York Liberty,70,Box Score,2014,
"Sun, Aug 3, 2014",Connecticut Sun,69,Los Angeles Sparks,70,Box Score,2014,
"Tue, Jun 24, 2014",Washington Mystics,81,San Antonio Silver Stars,70,Box Score,2014,
"Sat, Jul 5, 2014",San Antonio Silver Stars,71,Indiana Fever,70,Box Score,2014,
"Sat, May 31, 2014",New York Liberty,66,Indiana Fever,70,Box Score,2014,
"Tue, Jul 1, 2014",Indiana Fever,77,Atlanta Dream,70,Box Score,2014,
"Sat, Jun 7, 2014",Chicago Sky,59,Atlanta Dream,97,Box Score,2014,
"Tue, Sep 9, 2014",Chicago Sky,68,Phoenix Mercury,97,Box Score,2014,
"Fri, Jun 13, 2014",Connecticut Sun,83,New York Liberty,75,Box Score,2014,
"Fri, Jun 20, 2014",Indiana Fever,83,Chicago Sky,75,Box Score,2014,
"Tue, Jul 29, 2014",Connecticut Sun,80,Atlanta Dream,89,Box Score,2014,
"Sat, Aug 23, 2014",Minnesota Lynx,94,San Antonio Silver Stars,89,Box Score,2014,
"Sun, Aug 10, 2014",Washington Mystics,81,Connecticut Sun,89,Box Score,2014,
"Sun, Jun 22, 2014",Washington Mystics,86,Seattle Storm,89,Box Score,2014,
"Thu, Jul 17, 2014",Washington Mystics,79,Los Angeles Sparks,75,Box Score,2014,
"Thu, Jul 31, 2014",Phoenix Mercury,67,Minnesota Lynx,75,Box Score,2014,
"Fri, Jun 20, 2014",Washington Mystics,65,Minnesota Lynx,75,Box Score,2014,
"Fri, Aug 22, 2014",Los Angeles Sparks,72,Phoenix Mercury,75,Box Score,2014,
"Tue, Aug 5, 2014",Atlanta Dream,67,Phoenix Mercury,75,Box Score,2014,
"Fri, Sep 4, 2015",Indiana Fever,65,Minnesota Lynx,81,Box Score,2015,
"Sun, Jun 14, 2015",Minnesota Lynx,66,Phoenix Mercury,81,Box Score,2015,
"Mon, Sep 21, 2015",Indiana Fever,100,Chicago Sky,89,Box Score,2015,
"Sun, Jul 19, 2015",Connecticut Sun,82,Washington Mystics,89,Box Score,2015,
"Tue, Jul 28, 2015",Chicago Sky,87,Phoenix Mercury,89,Box Score,2015,
"Sun, Aug 23, 2015",Los Angeles Sparks,90,San Antonio Silver Stars,59,Box Score,2015,
"Fri, Jun 19, 2015",Minnesota Lynx,74,San Antonio Silver Stars,59,Box Score,2015,
"Tue, Jul 21, 2015",Atlanta Dream,92,Chicago Sky,97,Box Score,2015,
"Fri, Sep 11, 2015",Los Angeles Sparks,65,Phoenix Mercury,70,Box Score,2015,
"Wed, Aug 26, 2015",Los Angeles Sparks,81,Indiana Fever,79,Box Score,2015,
"Tue, Sep 1, 2015",Connecticut Sun,51,Indiana Fever,81,Box Score,2015,
"Tue, Aug 4, 2015",Indiana Fever,82,Chicago Sky,106,Box Score,2015,
"Fri, Sep 4, 2015",Connecticut Sun,73,San Antonio Silver Stars,72,Box Score,2015,
"Sun, Jun 21, 2015",Phoenix Mercury,84,Seattle Storm,72,Box Score,2015,
"Sun, Aug 9, 2015",Los Angeles Sparks,64,Minnesota Lynx,72,Box Score,2015,
"Sun, Jun 14, 2015",Chicago Sky,98,Indiana Fever,72,Box Score,2015,
"Thu, Jul 16, 2015",Atlanta Dream,76,Los Angeles Sparks,72,Box Score,2015,
"Thu, Jun 11, 2015",San Antonio Silver Stars,69,Atlanta Dream,72,Box Score,2015,
"Sun, Jul 5, 2015",Seattle Storm,64,Atlanta Dream,72,Box Score,2015,
"Fri, Jun 26, 2015",Washington Mystics,69,Atlanta Dream,72,Box Score,2015,
"Thu, Sep 17, 2015",Indiana Fever,72,Chicago Sky,77,Box Score,2015,
"Tue, Aug 11, 2015",Seattle Storm,85,Los Angeles Sparks,77,Box Score,2015,
"Tue, Jul 21, 2015",New York Liberty,81,Seattle Storm,77,Box Score,2015,
"Fri, Jul 31, 2015",Los Angeles Sparks,88,Chicago Sky,77,Box Score,2015,
"Fri, Jun 12, 2015",Phoenix Mercury,74,Indiana Fever,77,Box Score,2015,
"Tue, Oct 6, 2015",Indiana Fever,71,Minnesota Lynx,77,Box Score,2015,
"Tue, Jun 16, 2015",Minnesota Lynx,67,Los Angeles Sparks,52,Box Score,2015,
"Fri, Jul 31, 2015",Washington Mystics,88,San Antonio Silver Stars,53,Box Score,2015,
"Sun, Aug 16, 2015",Minnesota Lynx,69,Washington Mystics,77,Box Score,2015,
"Fri, Oct 9, 2015",Minnesota Lynx,80,Indiana Fever,77,Box Score,2015,
"Fri, Jun 26, 2015",Chicago Sky,83,Indiana Fever,77,Box Score,2015,
"Wed, Jul 22, 2015",Connecticut Sun,78,Minnesota Lynx,77,Box Score,2015,
"Sun, Jul 19, 2015",Minnesota Lynx,79,Tulsa Shock,72,Box Score,2015,
"Wed, Jul 22, 2015",New York Liberty,59,Los Angeles Sparks,53,Box Score,2015,
"Tue, Jun 9, 2015",Seattle Storm,45,Tulsa Shock,68,Box Score,2015,
"Tue, Aug 18, 2015",Indiana Fever,79,Los Angeles Sparks,68,Box Score,2015,
"Sun, Aug 2, 2015",Phoenix Mercury,71,Atlanta Dream,68,Box Score,2015,
"Sun, Jun 14, 2015",Seattle Storm,60,Los Angeles Sparks,54,Box Score,2015,
"Fri, Sep 11, 2015",Washington Mystics,82,New York Liberty,55,Box Score,2015,
"Tue, Sep 29, 2015",Indiana Fever,66,New York Liberty,51,Box Score,2015,
"Sat, Sep 5, 2015",Phoenix Mercury,82,San Antonio Silver Stars,52,Box Score,2015,
"Sun, Aug 30, 2015",Connecticut Sun,72,Chicago Sky,68,Box Score,2015,
"Wed, Jul 15, 2015",Los Angeles Sparks,61,Seattle Storm,68,Box Score,2015,
"Fri, Jun 5, 2015",Washington Mystics,73,Connecticut Sun,68,Box Score,2015,
"Fri, Jul 17, 2015",Indiana Fever,50,Washington Mystics,68,Box Score,2015,
"Fri, Aug 21, 2015",Los Angeles Sparks,78,Phoenix Mercury,68,Box Score,2015,
"Thu, Jun 11, 2015",Phoenix Mercury,57,New York Liberty,68,Box Score,2015,
"Sun, Sep 20, 2015",New York Liberty,86,Washington Mystics,68,Box Score,2015,
"Sun, Jun 21, 2015",Connecticut Sun,76,Los Angeles Sparks,68,Box Score,2015,
"Fri, Jun 5, 2015",Indiana Fever,72,Chicago Sky,95,Box Score,2015,
"Sun, Aug 16, 2015",San Antonio Silver Stars,63,Seattle Storm,72,Box Score,2015,
"Thu, Jul 2, 2015",Chicago Sky,77,Connecticut Sun,74,Box Score,2015,
"Wed, Sep 23, 2015",Indiana Fever,67,New York Liberty,84,Box Score,2015,
"Sun, Jul 12, 2015",New York Liberty,76,Atlanta Dream,84,Box Score,2015,
"Fri, Aug 21, 2015",Connecticut Sun,76,Tulsa Shock,84,Box Score,2015,
"Fri, Jul 17, 2015",Chicago Sky,66,Minnesota Lynx,84,Box Score,2015,
"Tue, Jun 30, 2015",Indiana Fever,92,Connecticut Sun,84,Box Score,2015,
"Wed, Jul 29, 2015",New York Liberty,72,Indiana Fever,84,Box Score,2015,
"Tue, Jun 23, 2015",Los Angeles Sparks,80,Washington Mystics,84,Box Score,2015,
"Tue, Aug 11, 2015",Chicago Sky,63,New York Liberty,84,Box Score,2015,
"Fri, Aug 14, 2015",Chicago Sky,94,Seattle Storm,84,Box Score,2015,
"Wed, Jul 15, 2015",San Antonio Silver Stars,68,New York Liberty,84,Box Score,2015,
"Sun, Aug 9, 2015",Connecticut Sun,73,Washington Mystics,84,Box Score,2015,
"Fri, Aug 28, 2015",Atlanta Dream,90,Indiana Fever,84,Box Score,2015,
"Thu, Aug 6, 2015",Tulsa Shock,57,Los Angeles Sparks,84,Box Score,2015,
"Sun, Aug 23, 2015",Chicago Sky,66,Washington Mystics,64,Box Score,2015,
"Sun, Jun 21, 2015",New York Liberty,73,Atlanta Dream,64,Box Score,2015,
"Thu, Jul 16, 2015",Connecticut Sun,57,New York Liberty,64,Box Score,2015,
"Tue, Sep 22, 2015",Los Angeles Sparks,80,Minnesota Lynx,91,Box Score,2015,
"Sun, Sep 13, 2015",Phoenix Mercury,87,Tulsa Shock,91,Box Score,2015,
"Sun, Jul 5, 2015",Phoenix Mercury,94,Los Angeles Sparks,91,Box Score,2015,
"Sun, Aug 16, 2015",Indiana Fever,75,Phoenix Mercury,63,Box Score,2015,
"Fri, Aug 7, 2015",New York Liberty,77,Chicago Sky,63,Box Score,2015,
"Fri, Aug 21, 2015",Indiana Fever,75,Seattle Storm,63,Box Score,2015,
"Wed, Jul 8, 2015",Seattle Storm,65,Indiana Fever,88,Box Score,2015,
"Thu, Sep 17, 2015",Tulsa Shock,55,Phoenix Mercury,88,Box Score,2015,
"Sat, Aug 8, 2015",Seattle Storm,81,San Antonio Silver Stars,88,Box Score,2015,
"Wed, Jul 15, 2015",Washington Mystics,57,Chicago Sky,85,Box Score,2015,
"Tue, Jun 30, 2015",San Antonio Silver Stars,78,Phoenix Mercury,85,Box Score,2015,
"Thu, Jun 11, 2015",Seattle Storm,70,Minnesota Lynx,94,Box Score,2015,
"Tue, Sep 8, 2015",San Antonio Silver Stars,64,Tulsa Shock,74,Box Score,2015,
"Fri, Jun 19, 2015",Chicago Sky,73,Atlanta Dream,74,Box Score,2015,
"Tue, Jun 30, 2015",Tulsa Shock,69,Seattle Storm,74,Box Score,2015,
"Wed, Sep 9, 2015",Connecticut Sun,64,New York Liberty,74,Box Score,2015,
"Sun, Aug 9, 2015",Phoenix Mercury,64,Chicago Sky,74,Box Score,2015,
"Tue, Aug 18, 2015",Phoenix Mercury,59,Tulsa Shock,74,Box Score,2015,
"Tue, Jun 16, 2015",San Antonio Silver Stars,61,Tulsa Shock,88,Box Score,2015,
"Fri, Jun 5, 2015",Atlanta Dream,73,New York Liberty,82,Box Score,2015,
"Fri, Jun 19, 2015",Indiana Fever,80,New York Liberty,63,Box Score,2015,
"Wed, Jul 29, 2015",Seattle Storm,74,Washington Mystics,87,Box Score,2015,
"Fri, Aug 21, 2015",Washington Mystics,85,Chicago Sky,87,Box Score,2015,
"Sat, Jun 20, 2015",Chicago Sky,95,San Antonio Silver Stars,87,Box Score,2015,
"Tue, Aug 4, 2015",Tulsa Shock,84,Phoenix Mercury,87,Box Score,2015,
"Sat, Aug 1, 2015",Minnesota Lynx,86,Tulsa Shock,80,Box Score,2015,
"Fri, Jun 26, 2015",Los Angeles Sparks,76,Connecticut Sun,80,Box Score,2015,
"Tue, Jul 14, 2015",Atlanta Dream,71,Phoenix Mercury,80,Box Score,2015,
"Fri, Jun 19, 2015",Tulsa Shock,86,Washington Mystics,82,Box Score,2015,
"Wed, Jul 29, 2015",Los Angeles Sparks,76,Minnesota Lynx,82,Box Score,2015,
"Sat, Jul 11, 2015",Los Angeles Sparks,67,Tulsa Shock,82,Box Score,2015,
"Tue, Aug 11, 2015",Indiana Fever,73,Washington Mystics,62,Box Score,2015,
"Sun, Jun 14, 2015",Tulsa Shock,73,San Antonio Silver Stars,62,Box Score,2015,
"Fri, Jul 3, 2015",Tulsa Shock,95,Los Angeles Sparks,98,Box Score,2015,
"Fri, Jul 3, 2015",Seattle Storm,57,Minnesota Lynx,82,Box Score,2015,
"Tue, Jul 28, 2015",Indiana Fever,75,Connecticut Sun,73,Box Score,2015,
"Fri, Aug 7, 2015",Minnesota Lynx,66,Phoenix Mercury,73,Box Score,2015,
"Wed, Sep 2, 2015",Washington Mystics,53,Phoenix Mercury,73,Box Score,2015,
"Thu, Jul 9, 2015",New York Liberty,79,Washington Mystics,76,Box Score,2015,
"Sat, Aug 15, 2015",Tulsa Shock,81,New York Liberty,76,Box Score,2015,
"Thu, Jun 25, 2015",Phoenix Mercury,71,San Antonio Silver Stars,76,Box Score,2015,
"Sun, Aug 30, 2015",Indiana Fever,70,Tulsa Shock,76,Box Score,2015,
"Fri, Jul 17, 2015",Tulsa Shock,58,San Antonio Silver Stars,65,Box Score,2015,
"Thu, Aug 27, 2015",Phoenix Mercury,81,Connecticut Sun,80,Box Score,2015,
"Tue, Jul 21, 2015",Indiana Fever,62,San Antonio Silver Stars,80,Box Score,2015,
"Tue, Sep 1, 2015",Atlanta Dream,75,New York Liberty,80,Box Score,2015,
"Wed, Aug 12, 2015",Tulsa Shock,74,Connecticut Sun,80,Box Score,2015,
"Sun, Aug 23, 2015",New York Liberty,79,Indiana Fever,80,Box Score,2015,
"Thu, Jun 25, 2015",Minnesota Lynx,76,Seattle Storm,73,Box Score,2015,
"Sat, Jun 27, 2015",Seattle Storm,71,San Antonio Silver Stars,73,Box Score,2015,
"Thu, Jul 2, 2015",Washington Mystics,50,Indiana Fever,73,Box Score,2015,
"Tue, Sep 8, 2015",Seattle Storm,67,Minnesota Lynx,73,Box Score,2015,
"Sat, Jul 18, 2015",New York Liberty,75,Phoenix Mercury,73,Box Score,2015,
"Sun, Sep 6, 2015",Washington Mystics,67,Atlanta Dream,73,Box Score,2015,
"Wed, Oct 14, 2015",Indiana Fever,52,Minnesota Lynx,69,Box Score,2015,
"Sat, Jun 6, 2015",Minnesota Lynx,78,Indiana Fever,69,Box Score,2015,
"Sun, Oct 4, 2015",Indiana Fever,75,Minnesota Lynx,69,Box Score,2015,
"Sun, Sep 13, 2015",San Antonio Silver Stars,59,Seattle Storm,58,Box Score,2015,
"Tue, Jun 16, 2015",Connecticut Sun,79,Seattle Storm,58,Box Score,2015,
"Fri, Aug 14, 2015",Minnesota Lynx,84,Atlanta Dream,82,Box Score,2015,
"Sun, Jun 14, 2015",Atlanta Dream,64,Connecticut Sun,82,Box Score,2015,
"Tue, Sep 8, 2015",Indiana Fever,72,Washington Mystics,76,Box Score,2015,
"Sun, Aug 16, 2015",Chicago Sky,64,Los Angeles Sparks,76,Box Score,2015,
"Fri, Aug 28, 2015",Los Angeles Sparks,66,Tulsa Shock,76,Box Score,2015,
"Fri, Jun 5, 2015",San Antonio Silver Stars,71,Phoenix Mercury,76,Box Score,2015,
"Tue, Aug 4, 2015",San Antonio Silver Stars,51,Connecticut Sun,82,Box Score,2015,
"Tue, Jul 21, 2015",Washington Mystics,76,Tulsa Shock,69,Box Score,2015,
"Sun, Aug 30, 2015",Washington Mystics,59,Seattle Storm,69,Box Score,2015,
"Sun, Aug 2, 2015",Los Angeles Sparks,80,San Antonio Silver Stars,78,Box Score,2015,
"Fri, Aug 21, 2015",Atlanta Dream,67,New York Liberty,78,Box Score,2015,
"Fri, Sep 11, 2015",Minnesota Lynx,64,Seattle Storm,78,Box Score,2015,
"Sun, Aug 2, 2015",Seattle Storm,62,New York Liberty,78,Box Score,2015,
"Sun, Jul 12, 2015",Connecticut Sun,76,Chicago Sky,96,Box Score,2015,
"Sat, Sep 19, 2015",Phoenix Mercury,91,Tulsa Shock,67,Box Score,2015,
"Fri, Sep 11, 2015",Indiana Fever,75,Atlanta Dream,67,Box Score,2015,
"Sat, Jun 6, 2015",New York Liberty,62,Washington Mystics,67,Box Score,2015,
"Thu, Sep 24, 2015",Phoenix Mercury,60,Minnesota Lynx,67,Box Score,2015,
"Sun, Aug 23, 2015",Atlanta Dream,102,Connecticut Sun,92,Box Score,2015,
"Wed, Aug 19, 2015",New York Liberty,73,San Antonio Silver Stars,45,Box Score,2015,
"Fri, Sep 11, 2015",Tulsa Shock,71,Chicago Sky,92,Box Score,2015,
"Sun, Sep 6, 2015",Tulsa Shock,73,Los Angeles Sparks,92,Box Score,2015,
"Sat, Aug 29, 2015",Chicago Sky,98,Atlanta Dream,96,Box Score,2015,
"Sun, Jun 21, 2015",Tulsa Shock,86,Minnesota Lynx,78,Box Score,2015,
"Fri, Aug 14, 2015",New York Liberty,90,Connecticut Sun,78,Box Score,2015,
"Fri, Jun 19, 2015",Connecticut Sun,90,Phoenix Mercury,78,Box Score,2015,
"Fri, Aug 21, 2015",Minnesota Lynx,78,San Antonio Silver Stars,61,Box Score,2015,
"Fri, Jun 12, 2015",Atlanta Dream,64,Washington Mystics,61,Box Score,2015,
"Wed, Aug 19, 2015",Washington Mystics,79,Minnesota Lynx,61,Box Score,2015,
"Sun, Aug 16, 2015",Connecticut Sun,77,Atlanta Dream,90,Box Score,2015,
"Wed, Jul 29, 2015",Atlanta Dream,85,San Antonio Silver Stars,102,Box Score,2015,
"Sat, Jun 6, 2015",Chicago Sky,93,Tulsa Shock,101,Box Score,2015,
"Sun, Jun 28, 2015",Seattle Storm,89,Tulsa Shock,93,Box Score,2015,
"Sun, Jul 19, 2015",San Antonio Silver Stars,82,Chicago Sky,93,Box Score,2015,
"Fri, Sep 18, 2015",Los Angeles Sparks,65,Minnesota Lynx,67,Box Score,2015,
"Fri, Jul 31, 2015",Seattle Storm,66,Connecticut Sun,67,Box Score,2015,
"Thu, Sep 3, 2015",Tulsa Shock,85,Seattle Storm,67,Box Score,2015,
"Thu, Jun 11, 2015",Chicago Sky,65,Connecticut Sun,67,Box Score,2015,
"Tue, Aug 25, 2015",Connecticut Sun,57,Atlanta Dream,71,Box Score,2015,
"Sun, Aug 2, 2015",Washington Mystics,68,Chicago Sky,71,Box Score,2015,
"Thu, Jul 2, 2015",San Antonio Silver Stars,81,Los Angeles Sparks,86,Box Score,2015,
"Thu, Jul 30, 2015",Phoenix Mercury,78,Tulsa Shock,66,Box Score,2015,
"Wed, Aug 5, 2015",San Antonio Silver Stars,63,Washington Mystics,66,Box Score,2015,
"Sun, Jul 12, 2015",San Antonio Silver Stars,49,Minnesota Lynx,66,Box Score,2015,
"Sat, Aug 29, 2015",New York Liberty,80,Connecticut Sun,66,Box Score,2015,
"Thu, Sep 3, 2015",Washington Mystics,91,Los Angeles Sparks,93,Box Score,2015,
"Sun, Sep 6, 2015",Seattle Storm,65,Chicago Sky,93,Box Score,2015,
"Wed, Jun 24, 2015",Atlanta Dream,96,Chicago Sky,100,Box Score,2015,
"Fri, Jul 10, 2015",Minnesota Lynx,83,Chicago Sky,90,Box Score,2015,
"Sun, Aug 9, 2015",Atlanta Dream,98,Tulsa Shock,90,Box Score,2015,
"Wed, Sep 9, 2015",Los Angeles Sparks,60,Atlanta Dream,90,Box Score,2015,
"Fri, Jul 10, 2015",San Antonio Silver Stars,76,Indiana Fever,83,Box Score,2015,
"Tue, Aug 11, 2015",San Antonio Silver Stars,76,Minnesota Lynx,83,Box Score,2015,
"Fri, Aug 28, 2015",San Antonio Silver Stars,69,Seattle Storm,83,Box Score,2015,
"Sun, Aug 2, 2015",Connecticut Sun,70,Indiana Fever,83,Box Score,2015,
"Wed, Jul 15, 2015",Tulsa Shock,80,Indiana Fever,83,Box Score,2015,
"Fri, Jun 5, 2015",Tulsa Shock,75,Minnesota Lynx,83,Box Score,2015,
"Tue, Aug 4, 2015",Minnesota Lynx,61,Los Angeles Sparks,83,Box Score,2015,
"Wed, Aug 12, 2015",Seattle Storm,66,Phoenix Mercury,83,Box Score,2015,
"Fri, Sep 18, 2015",Washington Mystics,86,New York Liberty,83,Box Score,2015,
"Sun, Aug 23, 2015",Minnesota Lynx,67,Phoenix Mercury,79,Box Score,2015,
"Fri, Jul 10, 2015",Phoenix Mercury,94,Seattle Storm,79,Box Score,2015,
"Tue, Jul 14, 2015",Minnesota Lynx,85,Connecticut Sun,79,Box Score,2015,
"Tue, Sep 22, 2015",Washington Mystics,74,New York Liberty,79,Box Score,2015,
"Tue, Jun 16, 2015",Indiana Fever,90,Atlanta Dream,79,Box Score,2015,
"Sun, Aug 30, 2015",San Antonio Silver Stars,52,Los Angeles Sparks,60,Box Score,2015,
"Sun, Sep 6, 2015",New York Liberty,75,Minnesota Lynx,71,Box Score,2015,
"Fri, Aug 28, 2015",Phoenix Mercury,63,Washington Mystics,71,Box Score,2015,
"Sat, Jun 27, 2015",Phoenix Mercury,56,Minnesota Lynx,71,Box Score,2015,
"Fri, Jun 26, 2015",New York Liberty,62,Tulsa Shock,71,Box Score,2015,
"Sun, Sep 27, 2015",Minnesota Lynx,72,Phoenix Mercury,71,Box Score,2015,
"Sun, Sep 13, 2015",Atlanta Dream,73,Washington Mystics,71,Box Score,2015,
"Fri, Jul 31, 2015",Atlanta Dream,70,Minnesota Lynx,86,Box Score,2015,
"Sun, Jun 28, 2015",Chicago Sky,71,Washington Mystics,86,Box Score,2015,
"Fri, Aug 7, 2015",Washington Mystics,72,Connecticut Sun,86,Box Score,2015,
"Sun, Sep 13, 2015",Chicago Sky,75,Connecticut Sun,86,Box Score,2015,
"Sat, Jun 6, 2015",Los Angeles Sparks,61,Seattle Storm,86,Box Score,2015,
"Sat, Jul 18, 2015",Atlanta Dream,73,Seattle Storm,86,Box Score,2015,
"Thu, Jul 2, 2015",Tulsa Shock,55,Phoenix Mercury,86,Box Score,2015,
"Tue, Jun 9, 2015",Indiana Fever,79,New York Liberty,86,Box Score,2015,
"Sun, Aug 30, 2015",Phoenix Mercury,61,Minnesota Lynx,71,Box Score,2015,
"Sun, Jun 28, 2015",Los Angeles Sparks,70,New York Liberty,79,Box Score,2015,
"Sun, Jun 7, 2015",Connecticut Sun,75,Atlanta Dream,70,Box Score,2015,
"Wed, Jul 8, 2015",Los Angeles Sparks,63,San Antonio Silver Stars,70,Box Score,2015,
"Tue, Jul 21, 2015",Phoenix Mercury,65,Los Angeles Sparks,70,Box Score,2015,
"Sun, Sep 27, 2015",New York Liberty,64,Indiana Fever,70,Box Score,2015,
"Sun, Jul 12, 2015",Seattle Storm,60,Phoenix Mercury,70,Box Score,2015,
"Thu, Sep 3, 2015",Chicago Sky,82,New York Liberty,60,Box Score,2015,
"Sun, Jun 14, 2015",Washington Mystics,74,New York Liberty,59,Box Score,2015,
"Sat, Sep 19, 2015",Chicago Sky,82,Indiana Fever,89,Box Score,2015,
"Sun, Sep 13, 2015",New York Liberty,76,Indiana Fever,81,Box Score,2015,
"Fri, Aug 28, 2015",Minnesota Lynx,68,New York Liberty,81,Box Score,2015,
"Sun, Sep 20, 2015",Minnesota Lynx,71,Los Angeles Sparks,81,Box Score,2015,
"Sun, Oct 11, 2015",Minnesota Lynx,69,Indiana Fever,75,Box Score,2015,
"Tue, Jul 7, 2015",Tulsa Shock,85,Atlanta Dream,75,Box Score,2015,
"Sat, Jun 20, 2015",Washington Mystics,87,Indiana Fever,75,Box Score,2015,
"Fri, Aug 7, 2015",Atlanta Dream,77,Indiana Fever,106,Box Score,2015,
"Tue, Jun 30, 2015",New York Liberty,89,Chicago Sky,81,Box Score,2015,
"Sat, Jun 18, 2016",Dallas Wings,117,Phoenix Mercury,111,Box Score,2016,
"Wed, Sep 7, 2016",Chicago Sky,81,Washington Mystics,118,Box Score,2016,
"Tue, Sep 6, 2016",Indiana Fever,71,San Antonio Silver Stars,69,Box Score,2016,
"Tue, May 31, 2016",Minnesota Lynx,79,New York Liberty,69,Box Score,2016,
"Tue, Jun 21, 2016",Minnesota Lynx,72,Los Angeles Sparks,69,Box Score,2016,
"Sat, Aug 27, 2016",Washington Mystics,92,Indiana Fever,69,Box Score,2016,
"Tue, Sep 6, 2016",Phoenix Mercury,87,Atlanta Dream,91,Box Score,2016,
"Fri, Jun 3, 2016",Indiana Fever,59,New York Liberty,91,Box Score,2016,
"Sun, Jul 17, 2016",Los Angeles Sparks,74,Atlanta Dream,91,Box Score,2016,
"Tue, Jun 14, 2016",Dallas Wings,88,New York Liberty,91,Box Score,2016,
"Sat, Jul 2, 2016",San Antonio Silver Stars,68,Minnesota Lynx,91,Box Score,2016,
"Wed, Jul 6, 2016",Washington Mystics,70,San Antonio Silver Stars,77,Box Score,2016,
"Sat, Jun 4, 2016",Los Angeles Sparks,74,San Antonio Silver Stars,61,Box Score,2016,
"Tue, Jul 5, 2016",Phoenix Mercury,74,Dallas Wings,77,Box Score,2016,
"Wed, May 18, 2016",Dallas Wings,87,Washington Mystics,77,Box Score,2016,
"Tue, Jul 19, 2016",Chicago Sky,79,Phoenix Mercury,77,Box Score,2016,
"Tue, Jun 14, 2016",Seattle Storm,70,San Antonio Silver Stars,77,Box Score,2016,
"Fri, Jun 3, 2016",Atlanta Dream,83,Connecticut Sun,77,Box Score,2016,
"Sun, Jul 3, 2016",New York Liberty,67,Los Angeles Sparks,77,Box Score,2016,
"Fri, Aug 26, 2016",New York Liberty,84,San Antonio Silver Stars,77,Box Score,2016,
"Tue, Jul 5, 2016",Seattle Storm,64,Atlanta Dream,77,Box Score,2016,
"Fri, Jun 10, 2016",Seattle Storm,76,Connecticut Sun,77,Box Score,2016,
"Fri, Jun 17, 2016",Phoenix Mercury,71,Los Angeles Sparks,77,Box Score,2016,
"Sun, May 15, 2016",Seattle Storm,66,Los Angeles Sparks,96,Box Score,2016,
"Tue, Jun 14, 2016",Washington Mystics,109,Connecticut Sun,106,Box Score,2016,
"Fri, Jul 8, 2016",Seattle Storm,78,San Antonio Silver Stars,68,Box Score,2016,
"Thu, Jun 2, 2016",San Antonio Silver Stars,61,Los Angeles Sparks,68,Box Score,2016,
"Sun, Jun 5, 2016",Indiana Fever,88,Connecticut Sun,77,Box Score,2016,
"Wed, Jun 29, 2016",San Antonio Silver Stars,67,Washington Mystics,84,Box Score,2016,
"Thu, Jun 30, 2016",Atlanta Dream,75,Los Angeles Sparks,84,Box Score,2016,
"Fri, Aug 26, 2016",Minnesota Lynx,80,Connecticut Sun,84,Box Score,2016,
"Sun, Jun 19, 2016",Minnesota Lynx,96,Seattle Storm,84,Box Score,2016,
"Tue, Jun 28, 2016",Atlanta Dream,81,Seattle Storm,84,Box Score,2016,
"Sun, Sep 11, 2016",New York Liberty,81,Dallas Wings,84,Box Score,2016,
"Fri, Jul 15, 2016",Dallas Wings,77,Chicago Sky,84,Box Score,2016,
"Thu, May 19, 2016",Connecticut Sun,72,San Antonio Silver Stars,68,Box Score,2016,
"Fri, Jul 15, 2016",Los Angeles Sparks,98,Connecticut Sun,92,Box Score,2016,
"Fri, Sep 2, 2016",Seattle Storm,88,Chicago Sky,92,Box Score,2016,
"Fri, Oct 14, 2016",Minnesota Lynx,75,Los Angeles Sparks,92,Box Score,2016,
"Sun, Aug 28, 2016",Seattle Storm,80,Minnesota Lynx,92,Box Score,2016,
"Fri, Sep 16, 2016",New York Liberty,68,Chicago Sky,92,Box Score,2016,
"Tue, Jul 19, 2016",Los Angeles Sparks,82,Indiana Fever,92,Box Score,2016,
"Wed, Jun 29, 2016",New York Liberty,95,Minnesota Lynx,92,Box Score,2016,
"Sat, Sep 3, 2016",Phoenix Mercury,70,New York Liberty,92,Box Score,2016,
"Fri, Jul 1, 2016",San Antonio Silver Stars,87,Indiana Fever,85,Box Score,2016,
"Wed, Jun 1, 2016",Seattle Storm,75,Indiana Fever,85,Box Score,2016,
"Sun, Aug 28, 2016",Chicago Sky,92,Dallas Wings,85,Box Score,2016,
"Fri, Sep 9, 2016",Dallas Wings,92,San Antonio Silver Stars,84,Box Score,2016,
"Wed, May 18, 2016",Phoenix Mercury,93,Indiana Fever,97,Box Score,2016,
"Sun, Jun 26, 2016",Phoenix Mercury,104,New York Liberty,97,Box Score,2016,
"Sun, Jul 10, 2016",Atlanta Dream,67,Connecticut Sun,63,Box Score,2016,
"Sat, May 14, 2016",Atlanta Dream,73,San Antonio Silver Stars,63,Box Score,2016,
"Tue, Sep 13, 2016",Washington Mystics,75,New York Liberty,62,Box Score,2016,
"Fri, Jul 8, 2016",New York Liberty,88,Chicago Sky,85,Box Score,2016,
"Sun, May 29, 2016",Indiana Fever,76,Atlanta Dream,85,Box Score,2016,
"Thu, Jul 21, 2016",Indiana Fever,82,New York Liberty,70,Box Score,2016,
"Sun, Oct 2, 2016",Los Angeles Sparks,66,Chicago Sky,70,Box Score,2016,
"Sun, Aug 28, 2016",Los Angeles Sparks,66,Phoenix Mercury,70,Box Score,2016,
"Fri, Aug 26, 2016",Atlanta Dream,82,Chicago Sky,90,Box Score,2016,
"Tue, Sep 13, 2016",Phoenix Mercury,85,Los Angeles Sparks,90,Box Score,2016,
"Thu, Jun 9, 2016",San Antonio Silver Stars,75,Phoenix Mercury,90,Box Score,2016,
"Wed, Jul 20, 2016",Connecticut Sun,89,Dallas Wings,78,Box Score,2016,
"Sun, Jun 5, 2016",New York Liberty,86,Seattle Storm,78,Box Score,2016,
"Thu, Jun 30, 2016",Dallas Wings,83,Seattle Storm,78,Box Score,2016,
"Wed, Jun 1, 2016",Chicago Sky,86,Washington Mystics,78,Box Score,2016,
"Wed, Sep 21, 2016",Phoenix Mercury,89,Indiana Fever,78,Box Score,2016,
"Wed, May 25, 2016",Minnesota Lynx,85,Phoenix Mercury,78,Box Score,2016,
"Fri, Jun 10, 2016",Minnesota Lynx,110,Atlanta Dream,78,Box Score,2016,
"Wed, Sep 7, 2016",Seattle Storm,102,New York Liberty,78,Box Score,2016,
"Thu, Jun 23, 2016",San Antonio Silver Stars,90,Dallas Wings,97,Box Score,2016,
"Sun, Sep 4, 2016",San Antonio Silver Stars,73,Chicago Sky,97,Box Score,2016,
"Sun, Jul 17, 2016",Minnesota Lynx,98,Dallas Wings,97,Box Score,2016,
"Fri, Jul 15, 2016",Atlanta Dream,72,Indiana Fever,78,Box Score,2016,
"Wed, Jul 6, 2016",Seattle Storm,74,New York Liberty,78,Box Score,2016,
"Sun, Sep 11, 2016",Los Angeles Sparks,60,Seattle Storm,78,Box Score,2016,
"Wed, Aug 31, 2016",Dallas Wings,66,Seattle Storm,78,Box Score,2016,
"Wed, Jul 13, 2016",Washington Mystics,74,Phoenix Mercury,78,Box Score,2016,
"Sun, Sep 18, 2016",Connecticut Sun,87,Washington Mystics,78,Box Score,2016,
"Sat, May 21, 2016",Washington Mystics,84,Connecticut Sun,76,Box Score,2016,
"Fri, Jun 24, 2016",Los Angeles Sparks,94,Minnesota Lynx,76,Box Score,2016,
"Fri, Sep 9, 2016",Seattle Storm,81,Washington Mystics,76,Box Score,2016,
"Thu, Oct 20, 2016",Los Angeles Sparks,77,Minnesota Lynx,76,Box Score,2016,
"Fri, Jul 8, 2016",Dallas Wings,90,Atlanta Dream,95,Box Score,2016,
"Sat, Jun 18, 2016",Atlanta Dream,65,Washington Mystics,95,Box Score,2016,
"Fri, Sep 9, 2016",Chicago Sky,88,Indiana Fever,95,Box Score,2016,
"Sat, May 14, 2016",Phoenix Mercury,76,Minnesota Lynx,95,Box Score,2016,
"Wed, Jul 20, 2016",New York Liberty,88,Washington Mystics,81,Box Score,2016,
"Thu, Sep 8, 2016",Atlanta Dream,86,Los Angeles Sparks,81,Box Score,2016,
"Tue, Jun 21, 2016",San Antonio Silver Stars,75,Chicago Sky,81,Box Score,2016,
"Thu, Sep 15, 2016",Seattle Storm,62,Phoenix Mercury,86,Box Score,2016,
"Fri, Jul 1, 2016",Washington Mystics,84,Chicago Sky,86,Box Score,2016,
"Sun, Sep 11, 2016",Chicago Sky,96,Connecticut Sun,86,Box Score,2016,
"Wed, Jun 29, 2016",Connecticut Sun,75,Phoenix Mercury,86,Box Score,2016,
"Wed, Sep 28, 2016",Chicago Sky,75,Los Angeles Sparks,95,Box Score,2016,
"Sat, Sep 17, 2016",Atlanta Dream,87,Minnesota Lynx,95,Box Score,2016,
"Sun, Oct 9, 2016",Los Angeles Sparks,78,Minnesota Lynx,76,Box Score,2016,
"Sat, May 14, 2016",New York Liberty,87,Washington Mystics,76,Box Score,2016,
"Wed, Jun 22, 2016",Indiana Fever,62,Washington Mystics,76,Box Score,2016,
"Sun, Sep 11, 2016",Minnesota Lynx,81,San Antonio Silver Stars,76,Box Score,2016,
"Sat, Jun 11, 2016",Minnesota Lynx,83,Washington Mystics,76,Box Score,2016,
"Sun, May 22, 2016",Minnesota Lynx,78,Seattle Storm,71,Box Score,2016,
"Fri, Sep 16, 2016",San Antonio Silver Stars,65,Los Angeles Sparks,71,Box Score,2016,
"Fri, May 20, 2016",Los Angeles Sparks,97,Washington Mystics,67,Box Score,2016,
"Sun, Oct 2, 2016",Minnesota Lynx,82,Phoenix Mercury,67,Box Score,2016,
"Tue, Sep 13, 2016",San Antonio Silver Stars,71,Atlanta Dream,67,Box Score,2016,
"Wed, Jul 13, 2016",Los Angeles Sparks,77,Chicago Sky,67,Box Score,2016,
"Wed, Jul 13, 2016",Connecticut Sun,86,Indiana Fever,64,Box Score,2016,
"Fri, Jun 3, 2016",Phoenix Mercury,81,Seattle Storm,95,Box Score,2016,
"Sun, Sep 11, 2016",Atlanta Dream,75,Phoenix Mercury,86,Box Score,2016,
"Wed, Jul 13, 2016",Atlanta Dream,62,New York Liberty,86,Box Score,2016,
"Tue, Jul 12, 2016",Minnesota Lynx,81,San Antonio Silver Stars,57,Box Score,2016,
"Tue, Jun 14, 2016",Chicago Sky,85,Los Angeles Sparks,98,Box Score,2016,
"Sun, Jun 12, 2016",Chicago Sky,80,Phoenix Mercury,86,Box Score,2016,
"Thu, Sep 1, 2016",New York Liberty,77,Indiana Fever,98,Box Score,2016,
"Tue, Sep 13, 2016",Minnesota Lynx,97,Chicago Sky,98,Box Score,2016,
"Fri, Jun 24, 2016",Connecticut Sun,81,Seattle Storm,98,Box Score,2016,
"Fri, Jun 3, 2016",Washington Mystics,72,Chicago Sky,98,Box Score,2016,
"Fri, Aug 26, 2016",Dallas Wings,72,Phoenix Mercury,98,Box Score,2016,
"Fri, Jun 10, 2016",Chicago Sky,73,Indiana Fever,64,Box Score,2016,
"Fri, Sep 9, 2016",Connecticut Sun,82,New York Liberty,89,Box Score,2016,
"Tue, Aug 30, 2016",San Antonio Silver Stars,62,Connecticut Sun,89,Box Score,2016,
"Tue, Jun 28, 2016",Dallas Wings,84,Los Angeles Sparks,89,Box Score,2016,
"Tue, Jun 7, 2016",Phoenix Mercury,81,Minnesota Lynx,89,Box Score,2016,
"Sun, Jun 19, 2016",San Antonio Silver Stars,90,Connecticut Sun,93,Box Score,2016,
"Thu, Jul 7, 2016",Minnesota Lynx,89,Connecticut Sun,93,Box Score,2016,
"Sun, Jul 10, 2016",San Antonio Silver Stars,65,New York Liberty,75,Box Score,2016,
"Thu, Sep 15, 2016",Washington Mystics,91,Atlanta Dream,94,Box Score,2016,
"Wed, Sep 21, 2016",Seattle Storm,85,Atlanta Dream,94,Box Score,2016,
"Sat, Sep 24, 2016",Phoenix Mercury,101,New York Liberty,94,Box Score,2016,
"Sun, Jun 19, 2016",New York Liberty,78,Indiana Fever,75,Box Score,2016,
"Fri, Sep 2, 2016",Washington Mystics,69,Minnesota Lynx,75,Box Score,2016,
"Fri, Sep 16, 2016",Minnesota Lynx,82,Indiana Fever,75,Box Score,2016,
"Fri, Jul 22, 2016",Los Angeles Sparks,95,Washington Mystics,75,Box Score,2016,
"Tue, Oct 4, 2016",Los Angeles Sparks,95,Chicago Sky,75,Box Score,2016,
"Sat, Jun 11, 2016",New York Liberty,90,San Antonio Silver Stars,75,Box Score,2016,
"Fri, Jun 17, 2016",Indiana Fever,84,San Antonio Silver Stars,75,Box Score,2016,
"Sun, Sep 18, 2016",Phoenix Mercury,81,San Antonio Silver Stars,65,Box Score,2016,
"Wed, Jul 6, 2016",Indiana Fever,88,Los Angeles Sparks,94,Box Score,2016,
"Fri, May 20, 2016",Atlanta Dream,85,Indiana Fever,94,Box Score,2016,
"Sun, Sep 4, 2016",Connecticut Sun,79,Minnesota Lynx,93,Box Score,2016,
"Fri, Jul 22, 2016",Dallas Wings,88,Atlanta Dream,93,Box Score,2016,
"Sun, Jun 12, 2016",Connecticut Sun,87,Atlanta Dream,93,Box Score,2016,
"Sat, May 14, 2016",Connecticut Sun,70,Chicago Sky,93,Box Score,2016,
"Sat, May 28, 2016",Connecticut Sun,82,Seattle Storm,93,Box Score,2016,
"Sun, Sep 18, 2016",Dallas Wings,60,Indiana Fever,83,Box Score,2016,
"Fri, Sep 2, 2016",Phoenix Mercury,74,Connecticut Sun,87,Box Score,2016,
"Sun, Aug 28, 2016",Connecticut Sun,73,Atlanta Dream,87,Box Score,2016,
"Tue, Jul 5, 2016",Chicago Sky,82,Minnesota Lynx,87,Box Score,2016,
"Sat, Jun 25, 2016",Indiana Fever,92,Dallas Wings,87,Box Score,2016,
"Tue, Jun 14, 2016",Indiana Fever,63,Minnesota Lynx,87,Box Score,2016,
"Sun, May 29, 2016",Chicago Sky,92,Dallas Wings,87,Box Score,2016,
"Fri, Jul 15, 2016",Washington Mystics,51,Seattle Storm,80,Box Score,2016,
"Fri, May 20, 2016",Seattle Storm,81,Phoenix Mercury,80,Box Score,2016,
"Tue, May 24, 2016",Los Angeles Sparks,93,Chicago Sky,80,Box Score,2016,
"Wed, May 18, 2016",Minnesota Lynx,97,Chicago Sky,80,Box Score,2016,
"Fri, Jun 24, 2016",Chicago Sky,79,New York Liberty,80,Box Score,2016,
"Sat, Jun 4, 2016",Dallas Wings,63,Minnesota Lynx,80,Box Score,2016,
"Fri, Sep 30, 2016",Chicago Sky,84,Los Angeles Sparks,99,Box Score,2016,
"Tue, May 31, 2016",Connecticut Sun,90,Phoenix Mercury,99,Box Score,2016,
"Wed, Jul 20, 2016",San Antonio Silver Stars,69,Seattle Storm,83,Box Score,2016,
"Wed, Jun 29, 2016",Indiana Fever,95,Chicago Sky,83,Box Score,2016,
"Sun, Sep 4, 2016",Washington Mystics,88,Dallas Wings,83,Box Score,2016,
"Sun, Jul 17, 2016",Connecticut Sun,76,New York Liberty,83,Box Score,2016,
"Sat, Jul 2, 2016",Connecticut Sun,86,Dallas Wings,83,Box Score,2016,
"Sat, Jul 16, 2016",San Antonio Silver Stars,64,Phoenix Mercury,83,Box Score,2016,
"Wed, Jul 20, 2016",Atlanta Dream,65,Minnesota Lynx,83,Box Score,2016,
"Sun, May 22, 2016",Chicago Sky,81,Atlanta Dream,87,Box Score,2016,
"Sun, Jul 3, 2016",Phoenix Mercury,95,Atlanta Dream,87,Box Score,2016,
"Sun, Jun 26, 2016",Minnesota Lynx,63,Washington Mystics,87,Box Score,2016,
"Sun, Jun 26, 2016",Connecticut Sun,73,Los Angeles Sparks,80,Box Score,2016,
"Fri, Jun 17, 2016",Chicago Sky,97,Atlanta Dream,101,Box Score,2016,
"Fri, Jun 24, 2016",Phoenix Mercury,91,Washington Mystics,79,Box Score,2016,
"Fri, Jul 22, 2016",Seattle Storm,72,Minnesota Lynx,79,Box Score,2016,
"Tue, Oct 11, 2016",Los Angeles Sparks,60,Minnesota Lynx,79,Box Score,2016,
"Wed, Jun 8, 2016",Washington Mystics,87,Dallas Wings,79,Box Score,2016,
"Wed, Jun 22, 2016",New York Liberty,90,Atlanta Dream,79,Box Score,2016,
"Fri, Aug 26, 2016",Los Angeles Sparks,72,Seattle Storm,79,Box Score,2016,
"Fri, May 27, 2016",Chicago Sky,78,San Antonio Silver Stars,79,Box Score,2016,
"Fri, Sep 2, 2016",Los Angeles Sparks,87,Dallas Wings,79,Box Score,2016,
"Sun, May 15, 2016",Dallas Wings,71,New York Liberty,79,Box Score,2016,
"Tue, May 24, 2016",Atlanta Dream,85,New York Liberty,79,Box Score,2016,
"Sat, May 14, 2016",Dallas Wings,90,Indiana Fever,79,Box Score,2016,
"Sun, Oct 16, 2016",Minnesota Lynx,85,Los Angeles Sparks,79,Box Score,2016,
"Sun, Jun 5, 2016",Washington Mystics,86,Atlanta Dream,79,Box Score,2016,
"Sat, May 21, 2016",San Antonio Silver Stars,77,Dallas Wings,82,Box Score,2016,
"Sun, Sep 4, 2016",Seattle Storm,91,Atlanta Dream,82,Box Score,2016,
"Thu, May 26, 2016",Washington Mystics,84,Seattle Storm,82,Box Score,2016,
"Sun, Jul 10, 2016",Indiana Fever,93,Seattle Storm,82,Box Score,2016,
"Fri, Jul 22, 2016",Connecticut Sun,94,Chicago Sky,89,Box Score,2016,
"Tue, Sep 13, 2016",Indiana Fever,87,Connecticut Sun,89,Box Score,2016,
"Fri, May 27, 2016",Indiana Fever,71,Minnesota Lynx,74,Box Score,2016,
"Tue, Sep 6, 2016",Minnesota Lynx,77,Los Angeles Sparks,74,Box Score,2016,
"Sun, Aug 28, 2016",San Antonio Silver Stars,85,Washington Mystics,74,Box Score,2016,
"Tue, Aug 30, 2016",Phoenix Mercury,79,Indiana Fever,65,Box Score,2016,
"Sun, Jul 10, 2016",Washington Mystics,82,Los Angeles Sparks,93,Box Score,2016,
"Fri, May 27, 2016",Atlanta Dream,102,Dallas Wings,93,Box Score,2016,
"Sat, Jul 9, 2016",Dallas Wings,56,Minnesota Lynx,93,Box Score,2016,
"Sun, May 29, 2016",Washington Mystics,77,Phoenix Mercury,93,Box Score,2016,
"Sun, Sep 4, 2016",Indiana Fever,81,Los Angeles Sparks,88,Box Score,2016,
"Sun, Sep 11, 2016",Indiana Fever,80,Washington Mystics,73,Box Score,2016,
"Sat, Jun 11, 2016",Los Angeles Sparks,97,Dallas Wings,73,Box Score,2016,
"Sat, Jun 25, 2016",Atlanta Dream,69,San Antonio Silver Stars,73,Box Score,2016,
"Sun, Jun 12, 2016",Seattle Storm,90,Indiana Fever,88,Box Score,2016,
"Sun, Sep 18, 2016",Chicago Sky,75,Seattle Storm,88,Box Score,2016,
"Fri, Jul 1, 2016",New York Liberty,99,Phoenix Mercury,88,Box Score,2016,
"Fri, Jul 15, 2016",New York Liberty,70,Minnesota Lynx,88,Box Score,2016,
"Thu, Jun 16, 2016",Seattle Storm,79,Dallas Wings,88,Box Score,2016,
"Sun, Jul 17, 2016",Chicago Sky,91,Seattle Storm,88,Box Score,2016,
"Sat, May 21, 2016",Los Angeles Sparks,79,New York Liberty,72,Box Score,2016,
"Thu, Jun 16, 2016",New York Liberty,80,Connecticut Sun,72,Box Score,2016,
"Thu, May 26, 2016",Los Angeles Sparks,77,Connecticut Sun,72,Box Score,2016,
"Sun, Jul 10, 2016",Phoenix Mercury,95,Chicago Sky,100,Box Score,2016,
"Tue, Jun 7, 2016",New York Liberty,77,Los Angeles Sparks,100,Box Score,2016,
"Tue, Jun 21, 2016",Phoenix Mercury,90,Dallas Wings,100,Box Score,2016,
"Fri, Sep 16, 2016",Dallas Wings,74,Connecticut Sun,107,Box Score,2016,
"Thu, Sep 1, 2016",Los Angeles Sparks,70,San Antonio Silver Stars,61,Box Score,2016,
"Fri, Jul 8, 2016",Indiana Fever,78,Phoenix Mercury,60,Box Score,2016,
"Fri, Sep 30, 2016",Phoenix Mercury,86,Minnesota Lynx,96,Box Score,2016,
"Sun, Sep 25, 2016",Atlanta Dream,98,Chicago Sky,108,Box Score,2016,
"Wed, Sep 28, 2016",Phoenix Mercury,95,Minnesota Lynx,113,Box Score,2016,
"Fri, May 26, 2017",Minnesota Lynx,82,Connecticut Sun,68,Box Score,2017,
"Fri, Jul 14, 2017",Chicago Sky,78,New York Liberty,68,Box Score,2017,
"Tue, Jul 25, 2017",Seattle Storm,60,Los Angeles Sparks,68,Box Score,2017,
"Fri, Aug 18, 2017",Indiana Fever,52,Minnesota Lynx,111,Box Score,2017,
"Thu, Jun 1, 2017",Phoenix Mercury,99,Chicago Sky,91,Box Score,2017,
"Sat, May 27, 2017",Dallas Wings,65,Phoenix Mercury,107,Box Score,2017,
"Sun, Jul 16, 2017",Chicago Sky,106,Dallas Wings,112,Box Score,2017,
"Tue, Jun 27, 2017",Seattle Storm,70,Washington Mystics,100,Box Score,2017,
"Wed, Jul 19, 2017",Dallas Wings,74,Minnesota Lynx,100,Box Score,2017,
"Wed, Jul 19, 2017",Atlanta Dream,96,Washington Mystics,100,Box Score,2017,
"Sat, Jul 8, 2017",Minnesota Lynx,76,Chicago Sky,100,Box Score,2017,
"Thu, Aug 10, 2017",Phoenix Mercury,101,Dallas Wings,100,Box Score,2017,
"Tue, Aug 8, 2017",Minnesota Lynx,81,Atlanta Dream,72,Box Score,2017,
"Sun, Jul 30, 2017",Seattle Storm,82,Minnesota Lynx,93,Box Score,2017,
"Fri, Aug 18, 2017",Los Angeles Sparks,115,Chicago Sky,106,Box Score,2017,
"Tue, Aug 22, 2017",Phoenix Mercury,69,Minnesota Lynx,105,Box Score,2017,
"Sun, Oct 1, 2017",Minnesota Lynx,80,Los Angeles Sparks,69,Box Score,2017,
"Fri, Aug 11, 2017",New York Liberty,83,Atlanta Dream,77,Box Score,2017,
"Sat, Jun 3, 2017",Minnesota Lynx,100,Seattle Storm,77,Box Score,2017,
"Fri, Jul 7, 2017",Phoenix Mercury,92,San Antonio Silver Stars,77,Box Score,2017,
"Sat, Jun 3, 2017",Connecticut Sun,85,San Antonio Silver Stars,77,Box Score,2017,
"Wed, Aug 23, 2017",Dallas Wings,87,Connecticut Sun,93,Box Score,2017,
"Tue, Jul 25, 2017",Chicago Sky,72,Connecticut Sun,93,Box Score,2017,
"Thu, Sep 14, 2017",Washington Mystics,83,Minnesota Lynx,93,Box Score,2017,
"Fri, Jun 16, 2017",New York Liberty,102,Dallas Wings,93,Box Score,2017,
"Sat, Jun 17, 2017",Connecticut Sun,98,Minnesota Lynx,93,Box Score,2017,
"Tue, Aug 1, 2017",New York Liberty,81,San Antonio Silver Stars,93,Box Score,2017,
"Fri, Jun 23, 2017",Washington Mystics,76,Minnesota Lynx,93,Box Score,2017,
"Fri, Aug 4, 2017",Seattle Storm,80,Dallas Wings,93,Box Score,2017,
"Fri, Jun 2, 2017",Dallas Wings,89,New York Liberty,93,Box Score,2017,
"Wed, May 24, 2017",Los Angeles Sparks,90,Indiana Fever,93,Box Score,2017,
"Sat, Aug 12, 2017",Indiana Fever,80,Washington Mystics,100,Box Score,2017,
"Thu, Jul 6, 2017",Los Angeles Sparks,77,Minnesota Lynx,88,Box Score,2017,
"Sun, Jun 25, 2017",Connecticut Sun,82,Dallas Wings,96,Box Score,2017,
"Thu, Jun 29, 2017",Seattle Storm,89,Connecticut Sun,96,Box Score,2017,
"Wed, Aug 30, 2017",Dallas Wings,99,Chicago Sky,96,Box Score,2017,
"Wed, May 17, 2017",Indiana Fever,62,Phoenix Mercury,85,Box Score,2017,
"Sun, Jul 16, 2017",Washington Mystics,55,New York Liberty,85,Box Score,2017,
"Thu, Jun 15, 2017",Atlanta Dream,74,Indiana Fever,85,Box Score,2017,
"Sun, Aug 6, 2017",Los Angeles Sparks,79,Dallas Wings,85,Box Score,2017,
"Sun, Sep 10, 2017",Washington Mystics,82,New York Liberty,68,Box Score,2017,
"Sun, Aug 27, 2017",Chicago Sky,62,New York Liberty,92,Box Score,2017,
"Tue, Jul 18, 2017",San Antonio Silver Stars,75,Atlanta Dream,88,Box Score,2017,
"Sun, Jun 4, 2017",Phoenix Mercury,72,New York Liberty,88,Box Score,2017,
"Fri, May 26, 2017",Chicago Sky,79,Washington Mystics,88,Box Score,2017,
"Sun, Jun 11, 2017",Minnesota Lynx,91,Dallas Wings,74,Box Score,2017,
"Fri, Aug 25, 2017",Washington Mystics,66,New York Liberty,74,Box Score,2017,
"Sat, May 13, 2017",Atlanta Dream,81,Connecticut Sun,74,Box Score,2017,
"Fri, Jun 9, 2017",Minnesota Lynx,98,Washington Mystics,73,Box Score,2017,
"Sun, Aug 6, 2017",Phoenix Mercury,80,Washington Mystics,85,Box Score,2017,
"Sat, Jul 1, 2017",Connecticut Sun,91,Indiana Fever,85,Box Score,2017,
"Thu, Jul 20, 2017",Indiana Fever,61,San Antonio Silver Stars,85,Box Score,2017,
"Sat, Jul 8, 2017",Washington Mystics,92,Connecticut Sun,96,Box Score,2017,
"Wed, Jul 19, 2017",Connecticut Sun,80,New York Liberty,96,Box Score,2017,
"Fri, Jun 9, 2017",Los Angeles Sparks,90,Dallas Wings,96,Box Score,2017,
"Wed, Jun 14, 2017",New York Liberty,76,Connecticut Sun,96,Box Score,2017,
"Sat, Aug 12, 2017",Dallas Wings,88,Connecticut Sun,96,Box Score,2017,
"Sun, Jun 11, 2017",Indiana Fever,70,Washington Mystics,88,Box Score,2017,
"Wed, Jul 5, 2017",Washington Mystics,80,Phoenix Mercury,88,Box Score,2017,
"Sat, Jun 24, 2017",Los Angeles Sparks,84,Indiana Fever,73,Box Score,2017,
"Sat, May 13, 2017",San Antonio Silver Stars,64,New York Liberty,73,Box Score,2017,
"Fri, Jul 28, 2017",Los Angeles Sparks,85,San Antonio Silver Stars,73,Box Score,2017,
"Fri, May 19, 2017",Phoenix Mercury,78,San Antonio Silver Stars,72,Box Score,2017,
"Wed, Jul 12, 2017",San Antonio Silver Stars,79,Indiana Fever,72,Box Score,2017,
"Fri, Jul 7, 2017",Indiana Fever,68,Atlanta Dream,89,Box Score,2017,
"Wed, Jul 12, 2017",Atlanta Dream,84,Phoenix Mercury,89,Box Score,2017,
"Sat, Aug 12, 2017",Atlanta Dream,68,San Antonio Silver Stars,84,Box Score,2017,
"Fri, Jul 28, 2017",New York Liberty,85,Indiana Fever,84,Box Score,2017,
"Tue, Jul 25, 2017",Indiana Fever,82,Dallas Wings,84,Box Score,2017,
"Sun, Aug 6, 2017",Minnesota Lynx,82,Indiana Fever,84,Box Score,2017,
"Sun, Sep 24, 2017",Los Angeles Sparks,85,Minnesota Lynx,84,Box Score,2017,
"Sun, Sep 3, 2017",Atlanta Dream,70,Phoenix Mercury,84,Box Score,2017,
"Fri, Aug 25, 2017",Minnesota Lynx,89,San Antonio Silver Stars,70,Box Score,2017,
"Fri, Aug 18, 2017",New York Liberty,82,Connecticut Sun,70,Box Score,2017,
"Sat, Jun 10, 2017",Atlanta Dream,71,Connecticut Sun,104,Box Score,2017,
"Wed, Aug 23, 2017",Seattle Storm,83,Atlanta Dream,89,Box Score,2017,
"Sun, Aug 20, 2017",Seattle Storm,103,Chicago Sky,66,Box Score,2017,
"Tue, Sep 12, 2017",Phoenix Mercury,66,Los Angeles Sparks,79,Box Score,2017,
"Sun, Jun 18, 2017",Indiana Fever,91,Chicago Sky,79,Box Score,2017,
"Tue, Jun 6, 2017",Chicago Sky,70,Los Angeles Sparks,79,Box Score,2017,
"Wed, Jun 7, 2017",Phoenix Mercury,98,Indiana Fever,90,Box Score,2017,
"Sat, Aug 19, 2017",Atlanta Dream,86,Dallas Wings,90,Box Score,2017,
"Wed, Jul 12, 2017",Dallas Wings,84,Chicago Sky,90,Box Score,2017,
"Sun, May 14, 2017",Chicago Sky,61,Minnesota Lynx,70,Box Score,2017,
"Wed, Oct 4, 2017",Los Angeles Sparks,76,Minnesota Lynx,85,Box Score,2017,
"Wed, Aug 16, 2017",Minnesota Lynx,61,Seattle Storm,62,Box Score,2017,
"Wed, Aug 16, 2017",Los Angeles Sparks,95,Washington Mystics,62,Box Score,2017,
"Tue, Aug 8, 2017",Seattle Storm,71,Connecticut Sun,84,Box Score,2017,
"Fri, Aug 18, 2017",San Antonio Silver Stars,78,Seattle Storm,79,Box Score,2017,
"Wed, Sep 6, 2017",Seattle Storm,69,Phoenix Mercury,79,Box Score,2017,
"Wed, Jul 12, 2017",Connecticut Sun,83,Seattle Storm,79,Box Score,2017,
"Sun, May 28, 2017",Connecticut Sun,97,Chicago Sky,79,Box Score,2017,
"Fri, Aug 4, 2017",New York Liberty,74,Los Angeles Sparks,87,Box Score,2017,
"Sat, May 20, 2017",Minnesota Lynx,89,Dallas Wings,87,Box Score,2017,
"Tue, May 30, 2017",Indiana Fever,62,Dallas Wings,89,Box Score,2017,
"Fri, Jun 30, 2017",Chicago Sky,82,San Antonio Silver Stars,89,Box Score,2017,
"Sat, Aug 12, 2017",Seattle Storm,98,Phoenix Mercury,89,Box Score,2017,
"Sun, Sep 3, 2017",Connecticut Sun,70,Los Angeles Sparks,81,Box Score,2017,
"Sun, Jul 16, 2017",Phoenix Mercury,66,Minnesota Lynx,81,Box Score,2017,
"Sat, May 20, 2017",Connecticut Sun,79,Indiana Fever,81,Box Score,2017,
"Fri, Sep 1, 2017",San Antonio Silver Stars,69,New York Liberty,81,Box Score,2017,
"Tue, Jun 13, 2017",Dallas Wings,87,Los Angeles Sparks,97,Box Score,2017,
"Sun, Jun 18, 2017",Phoenix Mercury,59,Los Angeles Sparks,90,Box Score,2017,
"Sat, Jul 15, 2017",Atlanta Dream,84,Seattle Storm,90,Box Score,2017,
"Sun, Jul 30, 2017",New York Liberty,86,Chicago Sky,82,Box Score,2017,
"Thu, May 25, 2017",Dallas Wings,94,San Antonio Silver Stars,82,Box Score,2017,
"Fri, Jun 23, 2017",Phoenix Mercury,85,Seattle Storm,82,Box Score,2017,
"Sun, Aug 20, 2017",Washington Mystics,87,Indiana Fever,82,Box Score,2017,
"Sat, Aug 26, 2017",Indiana Fever,74,Atlanta Dream,79,Box Score,2017,
"Tue, Jun 27, 2017",Los Angeles Sparks,87,Connecticut Sun,79,Box Score,2017,
"Fri, Aug 18, 2017",Phoenix Mercury,89,Washington Mystics,79,Box Score,2017,
"Tue, Sep 12, 2017",Washington Mystics,81,Minnesota Lynx,101,Box Score,2017,
"Sat, Aug 26, 2017",Dallas Wings,83,Washington Mystics,78,Box Score,2017,
"Fri, Jun 23, 2017",Chicago Sky,82,Atlanta Dream,78,Box Score,2017,
"Wed, May 31, 2017",Connecticut Sun,76,Washington Mystics,78,Box Score,2017,
"Sun, Jun 25, 2017",Washington Mystics,97,Chicago Sky,63,Box Score,2017,
"Tue, Aug 8, 2017",Indiana Fever,76,New York Liberty,81,Box Score,2017,
"Sun, Jul 2, 2017",New York Liberty,72,Atlanta Dream,81,Box Score,2017,
"Sat, Jun 10, 2017",Chicago Sky,85,San Antonio Silver Stars,81,Box Score,2017,
"Sun, May 21, 2017",Washington Mystics,71,Seattle Storm,81,Box Score,2017,
"Wed, Jun 21, 2017",San Antonio Silver Stars,78,Dallas Wings,81,Box Score,2017,
"Sat, Jul 8, 2017",Los Angeles Sparks,69,Seattle Storm,81,Box Score,2017,
"Sun, Jul 30, 2017",San Antonio Silver Stars,64,Phoenix Mercury,81,Box Score,2017,
"Fri, Sep 1, 2017",Atlanta Dream,56,Los Angeles Sparks,81,Box Score,2017,
"Sun, Sep 3, 2017",New York Liberty,82,Dallas Wings,81,Box Score,2017,
"Fri, May 19, 2017",Washington Mystics,89,Los Angeles Sparks,99,Box Score,2017,
"Tue, Jul 25, 2017",Phoenix Mercury,91,Atlanta Dream,99,Box Score,2017,
"Thu, Jun 15, 2017",San Antonio Silver Stars,75,Los Angeles Sparks,80,Box Score,2017,
"Tue, May 23, 2017",Connecticut Sun,78,Minnesota Lynx,80,Box Score,2017,
"Sun, May 28, 2017",San Antonio Silver Stars,66,Minnesota Lynx,80,Box Score,2017,
"Thu, Jul 20, 2017",Chicago Sky,82,Los Angeles Sparks,80,Box Score,2017,
"Sun, Jul 2, 2017",Washington Mystics,69,Los Angeles Sparks,76,Box Score,2017,
"Fri, Jun 30, 2017",Los Angeles Sparks,85,Atlanta Dream,76,Box Score,2017,
"Sun, Aug 27, 2017",Minnesota Lynx,67,Los Angeles Sparks,78,Box Score,2017,
"Sun, Jun 4, 2017",Atlanta Dream,72,Washington Mystics,78,Box Score,2017,
"Sat, May 13, 2017",Seattle Storm,68,Los Angeles Sparks,78,Box Score,2017,
"Fri, Jul 28, 2017",Minnesota Lynx,90,Atlanta Dream,80,Box Score,2017,
"Sun, Sep 3, 2017",Seattle Storm,85,Chicago Sky,80,Box Score,2017,
"Mon, Jul 17, 2017",Indiana Fever,62,Los Angeles Sparks,80,Box Score,2017,
"Fri, Jul 28, 2017",Phoenix Mercury,86,Chicago Sky,80,Box Score,2017,
"Fri, May 19, 2017",Atlanta Dream,91,Chicago Sky,83,Box Score,2017,
"Fri, Aug 25, 2017",Chicago Sky,96,Connecticut Sun,83,Box Score,2017,
"Sun, Aug 13, 2017",Los Angeles Sparks,69,New York Liberty,83,Box Score,2017,
"Sun, Sep 10, 2017",Phoenix Mercury,88,Connecticut Sun,83,Box Score,2017,
"Fri, Jun 30, 2017",Minnesota Lynx,91,Phoenix Mercury,83,Box Score,2017,
"Sun, Jul 30, 2017",Washington Mystics,77,Atlanta Dream,70,Box Score,2017,
"Sun, Jul 9, 2017",New York Liberty,69,Phoenix Mercury,81,Box Score,2017,
"Tue, Jul 25, 2017",Washington Mystics,85,San Antonio Silver Stars,76,Box Score,2017,
"Fri, Aug 4, 2017",Washington Mystics,74,San Antonio Silver Stars,76,Box Score,2017,
"Wed, Jun 7, 2017",Atlanta Dream,61,New York Liberty,76,Box Score,2017,
"Tue, Aug 29, 2017",Connecticut Sun,86,Washington Mystics,76,Box Score,2017,
"Tue, Jul 25, 2017",New York Liberty,75,Minnesota Lynx,76,Box Score,2017,
"Tue, Jun 6, 2017",Seattle Storm,85,San Antonio Silver Stars,76,Box Score,2017,
"Sun, Jun 11, 2017",Seattle Storm,86,New York Liberty,94,Box Score,2017,
"Sun, Jun 25, 2017",San Antonio Silver Stars,78,Minnesota Lynx,87,Box Score,2017,
"Fri, May 26, 2017",New York Liberty,81,Seattle Storm,87,Box Score,2017,
"Sat, Jun 10, 2017",Los Angeles Sparks,89,Phoenix Mercury,87,Box Score,2017,
"Sun, May 14, 2017",Indiana Fever,82,Seattle Storm,87,Box Score,2017,
"Sat, Aug 5, 2017",Seattle Storm,80,San Antonio Silver Stars,87,Box Score,2017,
"Thu, Jul 13, 2017",Connecticut Sun,77,Los Angeles Sparks,87,Box Score,2017,
"Sun, Sep 17, 2017",Los Angeles Sparks,89,Phoenix Mercury,87,Box Score,2017,
"Fri, Jun 9, 2017",Seattle Storm,80,Indiana Fever,83,Box Score,2017,
"Tue, Jul 18, 2017",Chicago Sky,94,Seattle Storm,83,Box Score,2017,
"Sun, Jun 18, 2017",Dallas Wings,87,Washington Mystics,83,Box Score,2017,
"Fri, Jul 14, 2017",Minnesota Lynx,88,Phoenix Mercury,71,Box Score,2017,
"Thu, May 18, 2017",Minnesota Lynx,90,New York Liberty,71,Box Score,2017,
"Sun, Aug 27, 2017",Phoenix Mercury,75,Seattle Storm,71,Box Score,2017,
"Sun, Jul 30, 2017",Dallas Wings,74,Los Angeles Sparks,95,Box Score,2017,
"Sun, May 21, 2017",Chicago Sky,75,Atlanta Dream,71,Box Score,2017,
"Sat, Sep 2, 2017",San Antonio Silver Stars,75,Indiana Fever,71,Box Score,2017,
"Thu, Jul 6, 2017",New York Liberty,79,Seattle Storm,70,Box Score,2017,
"Tue, Sep 26, 2017",Los Angeles Sparks,68,Minnesota Lynx,70,Box Score,2017,
"Sun, Sep 17, 2017",Minnesota Lynx,81,Washington Mystics,70,Box Score,2017,
"Fri, Aug 4, 2017",Chicago Sky,81,Indiana Fever,70,Box Score,2017,
"Sun, Aug 20, 2017",Minnesota Lynx,61,New York Liberty,70,Box Score,2017,
"Tue, Jun 6, 2017",Washington Mystics,101,Dallas Wings,89,Box Score,2017,
"Sun, Jul 30, 2017",Indiana Fever,73,Connecticut Sun,89,Box Score,2017,
"Fri, Jun 23, 2017",Connecticut Sun,94,New York Liberty,89,Box Score,2017,
"Sun, Jul 16, 2017",San Antonio Silver Stars,75,Connecticut Sun,89,Box Score,2017,
"Fri, Aug 4, 2017",Phoenix Mercury,92,Connecticut Sun,93,Box Score,2017,
"Wed, Jul 5, 2017",Atlanta Dream,84,Dallas Wings,94,Box Score,2017,
"Sun, Aug 20, 2017",Phoenix Mercury,66,Connecticut Sun,94,Box Score,2017,
"Sun, May 28, 2017",Indiana Fever,70,Seattle Storm,94,Box Score,2017,
"Thu, Aug 10, 2017",San Antonio Silver Stars,74,Chicago Sky,94,Box Score,2017,
"Fri, Sep 29, 2017",Minnesota Lynx,64,Los Angeles Sparks,75,Box Score,2017,
"Tue, Aug 22, 2017",San Antonio Silver Stars,55,Los Angeles Sparks,75,Box Score,2017,
"Tue, Aug 15, 2017",Connecticut Sun,96,Atlanta Dream,75,Box Score,2017,
"Sat, May 27, 2017",Los Angeles Sparks,73,Atlanta Dream,75,Box Score,2017,
"Sun, Jun 18, 2017",San Antonio Silver Stars,57,Seattle Storm,75,Box Score,2017,
"Tue, May 30, 2017",Los Angeles Sparks,90,New York Liberty,75,Box Score,2017,
"Wed, Jun 28, 2017",Indiana Fever,82,Chicago Sky,75,Box Score,2017,
"Wed, Sep 6, 2017",Dallas Wings,76,Washington Mystics,86,Box Score,2017,
"Tue, Jun 13, 2017",Atlanta Dream,91,Seattle Storm,86,Box Score,2017,
"Sun, May 14, 2017",Dallas Wings,68,Phoenix Mercury,58,Box Score,2017,
"Fri, Jul 14, 2017",Washington Mystics,72,Indiana Fever,58,Box Score,2017,
"Wed, May 24, 2017",Washington Mystics,82,Chicago Sky,67,Box Score,2017,
"Thu, Jun 29, 2017",New York Liberty,54,Washington Mystics,67,Box Score,2017,
"Thu, Aug 24, 2017",Los Angeles Sparks,82,Phoenix Mercury,67,Box Score,2017,
"Tue, May 23, 2017",New York Liberty,69,Phoenix Mercury,67,Box Score,2017,
"Fri, Sep 1, 2017",Connecticut Sun,66,Phoenix Mercury,86,Box Score,2017,
"Sun, Sep 3, 2017",Washington Mystics,72,Minnesota Lynx,86,Box Score,2017,
"Thu, Sep 14, 2017",Phoenix Mercury,72,Los Angeles Sparks,86,Box Score,2017,
"Wed, Aug 23, 2017",New York Liberty,71,Indiana Fever,50,Box Score,2017,
"Wed, Jul 5, 2017",Connecticut Sun,89,San Antonio Silver Stars,56,Box Score,2017,
"Sun, May 14, 2017",San Antonio Silver Stars,74,Washington Mystics,89,Box Score,2017,
"Fri, Aug 11, 2017",Los Angeles Sparks,70,Minnesota Lynx,64,Box Score,2017,
"Sun, Jul 9, 2017",Dallas Wings,78,Atlanta Dream,98,Box Score,2017,
"Fri, Jun 16, 2017",Chicago Sky,78,Phoenix Mercury,86,Box Score,2017,
"Fri, Jul 28, 2017",Dallas Wings,93,Seattle Storm,109,Box Score,2017,
"Fri, Sep 1, 2017",Seattle Storm,106,Washington Mystics,110,Box Score,2017,
"Fri, Sep 1, 2017",Chicago Sky,87,Minnesota Lynx,110,Box Score,2017,
"Thu, Aug 3, 2017",Atlanta Dream,54,Minnesota Lynx,69,Box Score,2017,
"Sat, Jun 3, 2017",Dallas Wings,85,Indiana Fever,91,Box Score,2017,
"Wed, May 31, 2017",San Antonio Silver Stars,70,Atlanta Dream,77,Box Score,2017,
"Wed, Jul 19, 2017",Indiana Fever,84,Phoenix Mercury,77,Box Score,2017,
"Sat, Jul 1, 2017",Seattle Storm,89,Dallas Wings,69,Box Score,2017,
"Wed, Aug 30, 2017",Minnesota Lynx,80,Indiana Fever,69,Box Score,2017,
"Fri, Jun 23, 2017",Dallas Wings,81,San Antonio Silver Stars,69,Box Score,2017,
"Sat, Aug 5, 2017",Atlanta Dream,86,Chicago Sky,91,Box Score,2017,
"Fri, Aug 17, 2018",Los Angeles Sparks,67,Washington Mystics,69,Box Score,2018,
"Tue, Jun 26, 2018",Phoenix Mercury,83,New York Liberty,69,Box Score,2018,
"Sun, Jun 3, 2018",Minnesota Lynx,69,Los Angeles Sparks,77,Box Score,2018,
"Fri, Jun 22, 2018",Washington Mystics,93,Chicago Sky,77,Box Score,2018,
"Sun, Aug 12, 2018",Atlanta Dream,86,New York Liberty,77,Box Score,2018,
"Sun, Jun 10, 2018",Chicago Sky,59,Los Angeles Sparks,77,Box Score,2018,
"Fri, Jun 15, 2018",Las Vegas Aces,67,Dallas Wings,77,Box Score,2018,
"Thu, Jul 12, 2018",Dallas Wings,92,Los Angeles Sparks,77,Box Score,2018,
"Tue, Jun 19, 2018",Las Vegas Aces,89,Seattle Storm,77,Box Score,2018,
"Fri, Jul 13, 2018",Las Vegas Aces,85,Minnesota Lynx,77,Box Score,2018,
"Tue, Jun 26, 2018",Seattle Storm,79,Minnesota Lynx,91,Box Score,2018,
"Tue, Jul 31, 2018",Seattle Storm,102,Phoenix Mercury,91,Box Score,2018,
"Wed, Jun 13, 2018",Washington Mystics,95,Connecticut Sun,91,Box Score,2018,
"Sun, Aug 26, 2018",Phoenix Mercury,87,Seattle Storm,91,Box Score,2018,
"Sat, Jul 14, 2018",Dallas Wings,84,Seattle Storm,91,Box Score,2018,
"Wed, Jun 27, 2018",Dallas Wings,97,Las Vegas Aces,91,Box Score,2018,
"Tue, Jul 31, 2018",Chicago Sky,92,Dallas Wings,91,Box Score,2018,
"Tue, Aug 28, 2018",Phoenix Mercury,87,Seattle Storm,91,Box Score,2018,
"Sat, Jul 7, 2018",Minnesota Lynx,63,Chicago Sky,77,Box Score,2018,
"Sun, Aug 5, 2018",Las Vegas Aces,88,Connecticut Sun,109,Box Score,2018,
"Tue, Aug 7, 2018",Las Vegas Aces,100,Atlanta Dream,109,Box Score,2018,
"Fri, Jul 13, 2018",Indiana Fever,74,Atlanta Dream,98,Box Score,2018,
"Tue, Aug 7, 2018",Washington Mystics,103,Phoenix Mercury,98,Box Score,2018,
"Sun, May 27, 2018",Seattle Storm,105,Las Vegas Aces,98,Box Score,2018,
"Sun, Jun 10, 2018",Atlanta Dream,67,Seattle Storm,64,Box Score,2018,
"Sun, Jun 3, 2018",Connecticut Sun,88,Washington Mystics,64,Box Score,2018,
"Tue, Aug 7, 2018",Minnesota Lynx,85,Chicago Sky,64,Box Score,2018,
"Sun, Jul 15, 2018",Connecticut Sun,83,Minnesota Lynx,64,Box Score,2018,
"Sat, Jun 9, 2018",Minnesota Lynx,75,Connecticut Sun,89,Box Score,2018,
"Wed, Jul 11, 2018",Atlanta Dream,106,Washington Mystics,89,Box Score,2018,
"Fri, Sep 7, 2018",Washington Mystics,76,Seattle Storm,89,Box Score,2018,
"Wed, Jul 18, 2018",Indiana Fever,65,Minnesota Lynx,89,Box Score,2018,
"Sun, Aug 19, 2018",Los Angeles Sparks,86,Connecticut Sun,89,Box Score,2018,
"Sun, Jul 15, 2018",Washington Mystics,77,Atlanta Dream,80,Box Score,2018,
"Mon, Aug 6, 2018",Seattle Storm,96,New York Liberty,80,Box Score,2018,
"Sun, May 20, 2018",New York Liberty,76,Chicago Sky,80,Box Score,2018,
"Sat, Jun 16, 2018",Connecticut Sun,72,Phoenix Mercury,89,Box Score,2018,
"Sat, Aug 4, 2018",Indiana Fever,68,New York Liberty,55,Box Score,2018,
"Thu, Jun 7, 2018",Connecticut Sun,88,New York Liberty,86,Box Score,2018,
"Thu, Aug 23, 2018",Phoenix Mercury,96,Connecticut Sun,86,Box Score,2018,
"Thu, Jul 5, 2018",New York Liberty,67,Washington Mystics,86,Box Score,2018,
"Fri, Aug 31, 2018",Seattle Storm,66,Phoenix Mercury,86,Box Score,2018,
"Sun, Aug 12, 2018",Los Angeles Sparks,78,Phoenix Mercury,86,Box Score,2018,
"Fri, May 18, 2018",Dallas Wings,78,Phoenix Mercury,86,Box Score,2018,
"Wed, May 23, 2018",Seattle Storm,87,Phoenix Mercury,71,Box Score,2018,
"Sun, Jun 3, 2018",Phoenix Mercury,78,Atlanta Dream,71,Box Score,2018,
"Tue, Jul 31, 2018",Washington Mystics,86,Atlanta Dream,71,Box Score,2018,
"Sun, Sep 2, 2018",Seattle Storm,84,Phoenix Mercury,86,Box Score,2018,
"Sat, May 26, 2018",Indiana Fever,77,Connecticut Sun,86,Box Score,2018,
"Fri, Jul 6, 2018",Seattle Storm,95,Atlanta Dream,86,Box Score,2018,
"Fri, Jun 15, 2018",Los Angeles Sparks,97,Washington Mystics,86,Box Score,2018,
"Tue, Jul 3, 2018",Indiana Fever,71,Minnesota Lynx,59,Box Score,2018,
"Tue, Jul 24, 2018",Washington Mystics,68,Connecticut Sun,94,Box Score,2018,
"Sun, Jul 1, 2018",New York Liberty,97,Chicago Sky,94,Box Score,2018,
"Sun, Sep 9, 2018",Washington Mystics,73,Seattle Storm,75,Box Score,2018,
"Fri, Jun 22, 2018",Connecticut Sun,70,Atlanta Dream,75,Box Score,2018,
"Sat, Jul 21, 2018",Minnesota Lynx,80,Phoenix Mercury,75,Box Score,2018,
"Tue, Jul 10, 2018",Los Angeles Sparks,77,Seattle Storm,75,Box Score,2018,
"Sun, Jul 22, 2018",Connecticut Sun,92,Dallas Wings,75,Box Score,2018,
"Tue, Aug 21, 2018",Minnesota Lynx,68,Los Angeles Sparks,75,Box Score,2018,
"Tue, May 22, 2018",Las Vegas Aces,70,Washington Mystics,75,Box Score,2018,
"Fri, Aug 10, 2018",Indiana Fever,74,Phoenix Mercury,94,Box Score,2018,
"Tue, May 29, 2018",Dallas Wings,89,New York Liberty,94,Box Score,2018,
"Sun, Aug 12, 2018",Dallas Wings,80,Washington Mystics,93,Box Score,2018,
"Wed, Jun 27, 2018",Atlanta Dream,80,Chicago Sky,93,Box Score,2018,
"Wed, Aug 1, 2018",Phoenix Mercury,104,Las Vegas Aces,93,Box Score,2018,
"Sun, Jun 24, 2018",New York Liberty,54,Los Angeles Sparks,80,Box Score,2018,
"Sun, Jun 17, 2018",Phoenix Mercury,92,Las Vegas Aces,80,Box Score,2018,
"Tue, Jul 24, 2018",Atlanta Dream,81,Los Angeles Sparks,71,Box Score,2018,
"Sat, May 19, 2018",Chicago Sky,82,Indiana Fever,64,Box Score,2018,
"Fri, May 25, 2018",Chicago Sky,91,Seattle Storm,95,Box Score,2018,
"Wed, May 30, 2018",Washington Mystics,103,Phoenix Mercury,95,Box Score,2018,
"Sun, Jun 3, 2018",Las Vegas Aces,90,Chicago Sky,95,Box Score,2018,
"Thu, Jun 28, 2018",New York Liberty,77,Washington Mystics,80,Box Score,2018,
"Fri, Jun 29, 2018",Los Angeles Sparks,78,Las Vegas Aces,94,Box Score,2018,
"Tue, Sep 4, 2018",Phoenix Mercury,84,Seattle Storm,94,Box Score,2018,
"Sat, Jun 2, 2018",Seattle Storm,90,Dallas Wings,94,Box Score,2018,
"Sat, Jul 7, 2018",Connecticut Sun,90,Las Vegas Aces,94,Box Score,2018,
"Sun, Jun 24, 2018",Seattle Storm,97,Dallas Wings,76,Box Score,2018,
"Tue, May 29, 2018",Minnesota Lynx,74,Atlanta Dream,76,Box Score,2018,
"Wed, May 23, 2018",Dallas Wings,68,Minnesota Lynx,76,Box Score,2018,
"Fri, Aug 31, 2018",Atlanta Dream,81,Washington Mystics,76,Box Score,2018,
"Fri, Jul 20, 2018",Indiana Fever,78,Los Angeles Sparks,76,Box Score,2018,
"Thu, May 24, 2018",Los Angeles Sparks,94,Connecticut Sun,102,Box Score,2018,
"Sat, May 26, 2018",Dallas Wings,78,Atlanta Dream,70,Box Score,2018,
"Tue, May 22, 2018",Los Angeles Sparks,87,Indiana Fever,70,Box Score,2018,
"Sun, Jul 1, 2018",Atlanta Dream,87,Indiana Fever,83,Box Score,2018,
"Fri, Jun 8, 2018",Dallas Wings,89,Indiana Fever,83,Box Score,2018,
"Tue, Jul 17, 2018",Atlanta Dream,86,Connecticut Sun,83,Box Score,2018,
"Fri, Jun 8, 2018",Atlanta Dream,87,Las Vegas Aces,83,Box Score,2018,
"Wed, Jul 18, 2018",Seattle Storm,101,Chicago Sky,83,Box Score,2018,
"Sun, May 27, 2018",Phoenix Mercury,72,Los Angeles Sparks,80,Box Score,2018,
"Thu, Jun 7, 2018",Minnesota Lynx,88,Washington Mystics,80,Box Score,2018,
"Tue, Aug 28, 2018",Washington Mystics,75,Atlanta Dream,78,Box Score,2018,
"Sun, Aug 5, 2018",Phoenix Mercury,75,Los Angeles Sparks,78,Box Score,2018,
"Sun, Jul 15, 2018",Los Angeles Sparks,99,Las Vegas Aces,78,Box Score,2018,
"Sun, Aug 19, 2018",Atlanta Dream,93,Las Vegas Aces,78,Box Score,2018,
"Sun, Jun 10, 2018",Indiana Fever,75,New York Liberty,78,Box Score,2018,
"Wed, Jul 11, 2018",New York Liberty,79,Connecticut Sun,76,Box Score,2018,
"Sun, Jul 8, 2018",Phoenix Mercury,70,Atlanta Dream,76,Box Score,2018,
"Sun, Jul 22, 2018",Los Angeles Sparks,93,Chicago Sky,76,Box Score,2018,
"Sun, May 20, 2018",Los Angeles Sparks,77,Minnesota Lynx,76,Box Score,2018,
"Thu, Jun 7, 2018",Seattle Storm,88,Los Angeles Sparks,63,Box Score,2018,
"Wed, May 23, 2018",Atlanta Dream,81,Chicago Sky,63,Box Score,2018,
"Fri, Jun 29, 2018",Chicago Sky,103,New York Liberty,99,Box Score,2018,
"Thu, Jul 5, 2018",Los Angeles Sparks,72,Minnesota Lynx,83,Box Score,2018,
"Thu, Jul 19, 2018",New York Liberty,68,Atlanta Dream,82,Box Score,2018,
"Thu, Jul 19, 2018",Las Vegas Aces,85,Phoenix Mercury,82,Box Score,2018,
"Sun, Jul 15, 2018",Phoenix Mercury,101,Indiana Fever,82,Box Score,2018,
"Wed, Sep 12, 2018",Seattle Storm,98,Washington Mystics,82,Box Score,2018,
"Sun, Aug 12, 2018",Chicago Sky,75,Connecticut Sun,82,Box Score,2018,
"Sun, May 20, 2018",Phoenix Mercury,87,Seattle Storm,82,Box Score,2018,
"Sun, May 20, 2018",Atlanta Dream,78,Dallas Wings,101,Box Score,2018,
"Tue, Jul 10, 2018",Phoenix Mercury,72,Dallas Wings,101,Box Score,2018,
"Wed, Jun 13, 2018",Las Vegas Aces,78,New York Liberty,63,Box Score,2018,
"Sun, Jun 24, 2018",Connecticut Sun,87,Indiana Fever,78,Box Score,2018,
"Sat, Jul 21, 2018",Washington Mystics,95,New York Liberty,78,Box Score,2018,
"Wed, Jun 27, 2018",Indiana Fever,89,Connecticut Sun,101,Box Score,2018,
"Fri, Jun 22, 2018",Los Angeles Sparks,72,Dallas Wings,101,Box Score,2018,
"Tue, Aug 21, 2018",Dallas Wings,83,Phoenix Mercury,101,Box Score,2018,
"Thu, May 31, 2018",Las Vegas Aces,74,Seattle Storm,101,Box Score,2018,
"Sun, May 20, 2018",Las Vegas Aces,65,Connecticut Sun,101,Box Score,2018,
"Tue, Jun 5, 2018",Connecticut Sun,77,Atlanta Dream,82,Box Score,2018,
"Sun, May 20, 2018",Indiana Fever,75,Washington Mystics,82,Box Score,2018,
"Fri, Aug 3, 2018",Chicago Sky,74,Atlanta Dream,89,Box Score,2018,
"Fri, Aug 17, 2018",Atlanta Dream,95,Phoenix Mercury,104,Box Score,2018,
"Tue, Jul 17, 2018",New York Liberty,87,Dallas Wings,104,Box Score,2018,
"Sun, Jul 8, 2018",Washington Mystics,91,Seattle Storm,97,Box Score,2018,
"Sun, Jun 24, 2018",Phoenix Mercury,88,Chicago Sky,97,Box Score,2018,
"Sun, Sep 2, 2018",Atlanta Dream,76,Washington Mystics,97,Box Score,2018,
"Fri, Aug 10, 2018",Connecticut Sun,86,Chicago Sky,97,Box Score,2018,
"Tue, Sep 4, 2018",Washington Mystics,86,Atlanta Dream,81,Box Score,2018,
"Sat, Jun 2, 2018",New York Liberty,87,Indiana Fever,81,Box Score,2018,
"Tue, May 29, 2018",Washington Mystics,77,Seattle Storm,81,Box Score,2018,
"Wed, Jul 25, 2018",Chicago Sky,101,Phoenix Mercury,87,Box Score,2018,
"Sun, Jul 22, 2018",Seattle Storm,74,Atlanta Dream,87,Box Score,2018,
"Sun, Jul 1, 2018",Las Vegas Aces,71,Los Angeles Sparks,87,Box Score,2018,
"Sun, Jul 8, 2018",Dallas Wings,97,New York Liberty,87,Box Score,2018,
"Tue, Jun 26, 2018",Dallas Wings,83,Los Angeles Sparks,87,Box Score,2018,
"Tue, Aug 7, 2018",Seattle Storm,94,Indiana Fever,79,Box Score,2018,
"Tue, Jun 19, 2018",Atlanta Dream,72,New York Liberty,79,Box Score,2018,
"Tue, Jul 3, 2018",Seattle Storm,77,New York Liberty,62,Box Score,2018,
"Wed, Aug 15, 2018",Washington Mystics,76,Indiana Fever,62,Box Score,2018,
"Fri, Jun 1, 2018",Washington Mystics,73,Las Vegas Aces,85,Box Score,2018,
"Fri, Aug 3, 2018",Minnesota Lynx,75,Seattle Storm,85,Box Score,2018,
"Sat, Jun 16, 2018",New York Liberty,71,Minnesota Lynx,85,Box Score,2018,
"Fri, Jun 1, 2018",Phoenix Mercury,95,Minnesota Lynx,85,Box Score,2018,
"Sun, May 27, 2018",Minnesota Lynx,78,Washington Mystics,90,Box Score,2018,
"Thu, Jul 19, 2018",Washington Mystics,81,Dallas Wings,90,Box Score,2018,
"Thu, Aug 9, 2018",Los Angeles Sparks,73,Atlanta Dream,79,Box Score,2018,
"Thu, Aug 2, 2018",Minnesota Lynx,57,Los Angeles Sparks,79,Box Score,2018,
"Sun, Aug 5, 2018",Atlanta Dream,86,Minnesota Lynx,66,Box Score,2018,
"Sat, Jul 7, 2018",Washington Mystics,83,Los Angeles Sparks,74,Box Score,2018,
"Sun, Aug 5, 2018",Washington Mystics,76,Dallas Wings,74,Box Score,2018,
"Tue, Jun 19, 2018",Indiana Fever,55,Los Angeles Sparks,74,Box Score,2018,
"Tue, Jul 10, 2018",Las Vegas Aces,98,Chicago Sky,74,Box Score,2018,
"Tue, Jun 5, 2018",Phoenix Mercury,80,New York Liberty,74,Box Score,2018,
"Sat, Jun 30, 2018",Phoenix Mercury,84,Washington Mystics,74,Box Score,2018,
"Fri, Jul 20, 2018",Seattle Storm,78,Connecticut Sun,65,Box Score,2018,
"Wed, Jul 11, 2018",Minnesota Lynx,87,Indiana Fever,65,Box Score,2018,
"Fri, Jun 15, 2018",Connecticut Sun,92,Seattle Storm,103,Box Score,2018,
"Thu, Jul 5, 2018",Indiana Fever,63,Dallas Wings,90,Box Score,2018,
"Tue, Jul 24, 2018",New York Liberty,82,Minnesota Lynx,85,Box Score,2018,
"Wed, Aug 15, 2018",New York Liberty,72,Las Vegas Aces,85,Box Score,2018,
"Fri, Aug 17, 2018",New York Liberty,77,Seattle Storm,85,Box Score,2018,
"Fri, Jun 29, 2018",Atlanta Dream,74,Minnesota Lynx,85,Box Score,2018,
"Sun, Aug 19, 2018",Dallas Wings,68,Seattle Storm,84,Box Score,2018,
"Tue, Jul 24, 2018",Seattle Storm,92,Indiana Fever,72,Box Score,2018,
"Tue, Jul 3, 2018",Connecticut Sun,73,Los Angeles Sparks,72,Box Score,2018,
"Fri, May 25, 2018",Minnesota Lynx,78,New York Liberty,72,Box Score,2018,
"Tue, Jun 12, 2018",Phoenix Mercury,75,Dallas Wings,72,Box Score,2018,
"Thu, Jun 14, 2018",Indiana Fever,67,Atlanta Dream,72,Box Score,2018,
"Fri, Jun 22, 2018",Minnesota Lynx,83,Phoenix Mercury,72,Box Score,2018,
"Sun, Jun 17, 2018",Los Angeles Sparks,81,Chicago Sky,72,Box Score,2018,
"Sun, Aug 26, 2018",Washington Mystics,87,Atlanta Dream,84,Box Score,2018,
"Sun, Jul 1, 2018",Connecticut Sun,70,Seattle Storm,84,Box Score,2018,
"Thu, May 24, 2018",Washington Mystics,93,Indiana Fever,84,Box Score,2018,
"Thu, Jul 5, 2018",Connecticut Sun,77,Phoenix Mercury,84,Box Score,2018,
"Thu, Jul 5, 2018",Chicago Sky,80,Las Vegas Aces,84,Box Score,2018,
"Thu, Aug 2, 2018",Dallas Wings,78,Indiana Fever,84,Box Score,2018,
"Wed, Aug 8, 2018",Los Angeles Sparks,82,New York Liberty,81,Box Score,2018,
"Thu, Jun 28, 2018",Los Angeles Sparks,72,Seattle Storm,81,Box Score,2018,
"Thu, Aug 9, 2018",Minnesota Lynx,89,Las Vegas Aces,73,Box Score,2018,
"Sun, Jun 24, 2018",Minnesota Lynx,88,Las Vegas Aces,73,Box Score,2018,
"Tue, Aug 14, 2018",New York Liberty,66,Los Angeles Sparks,74,Box Score,2018,
"Fri, Jul 13, 2018",Chicago Sky,72,Washington Mystics,88,Box Score,2018,
"Tue, Jun 19, 2018",Chicago Sky,60,Washington Mystics,88,Box Score,2018,
"Sun, Jul 22, 2018",Indiana Fever,74,Las Vegas Aces,88,Box Score,2018,
"Fri, Jun 22, 2018",New York Liberty,78,Las Vegas Aces,88,Box Score,2018,
"Sun, Aug 19, 2018",Washington Mystics,83,Minnesota Lynx,88,Box Score,2018,
"Tue, Aug 14, 2018",Chicago Sky,91,Minnesota Lynx,88,Box Score,2018,
"Sun, Aug 19, 2018",Indiana Fever,97,Chicago Sky,92,Box Score,2018,
"Sat, Aug 11, 2018",Dallas Wings,82,Atlanta Dream,92,Box Score,2018,
"Sat, Aug 11, 2018",Indiana Fever,74,Las Vegas Aces,92,Box Score,2018,
"Tue, Jun 26, 2018",Connecticut Sun,80,Washington Mystics,92,Box Score,2018,
"Tue, Jun 12, 2018",Chicago Sky,85,Seattle Storm,96,Box Score,2018,
"Sat, Jun 16, 2018",Atlanta Dream,64,Indiana Fever,96,Box Score,2018,
"Thu, Aug 23, 2018",Los Angeles Sparks,64,Washington Mystics,96,Box Score,2018,
"Fri, Jun 22, 2018",Indiana Fever,63,Seattle Storm,72,Box Score,2018,
"Fri, Jun 1, 2018",Connecticut Sun,110,Chicago Sky,72,Box Score,2018,
"Fri, Aug 3, 2018",Las Vegas Aces,0,Washington Mystics,1,,2018,
"Thu, Aug 9, 2018",Seattle Storm,77,Washington Mystics,100,Box Score,2018,
"Tue, Aug 14, 2018",Dallas Wings,76,Connecticut Sun,96,Box Score,2018,
"Fri, Jun 8, 2018",Chicago Sky,79,Phoenix Mercury,96,Box Score,2018,
"Fri, Aug 17, 2018",Minnesota Lynx,79,Connecticut Sun,96,Box Score,2018,
"Sun, Aug 19, 2018",New York Liberty,85,Phoenix Mercury,96,Box Score,2018,
"Fri, Jun 29, 2018",Phoenix Mercury,95,Indiana Fever,77,Box Score,2018,
"Sat, Aug 18, 2018",Chicago Sky,115,Indiana Fever,106,Box Score,2018,
"Wed, Aug 1, 2018",New York Liberty,77,Connecticut Sun,92,Box Score,2018,
"Wed, Aug 8, 2018",Connecticut Sun,101,Dallas Wings,92,Box Score,2018,
"Tue, Jun 12, 2018",Las Vegas Aces,101,Indiana Fever,92,Box Score,2018,
"Tue, Jun 12, 2018",Atlanta Dream,64,Los Angeles Sparks,72,Box Score,2018,
"Sun, Aug 12, 2018",Seattle Storm,81,Minnesota Lynx,72,Box Score,2018,
"Sun, Jun 10, 2018",Las Vegas Aces,66,Phoenix Mercury,72,Box Score,2018,
"Sun, Jul 1, 2018",Minnesota Lynx,76,Dallas Wings,72,Box Score,2018,
"Fri, Aug 17, 2018",Las Vegas Aces,102,Dallas Wings,107,Box Score,2018,
"Tue, Jun 19, 2018",Dallas Wings,83,Minnesota Lynx,91,Box Score,2018,
"Fri, Jul 13, 2018",Phoenix Mercury,87,Connecticut Sun,91,Box Score,2018,
"Fri, Jul 20, 2018",Dallas Wings,99,Chicago Sky,114,Box Score,2018,
"Tue, Jul 3, 2018",Chicago Sky,85,Dallas Wings,108,Box Score,2018,
"Sun, Jul 15, 2018",Chicago Sky,84,New York Liberty,107,Box Score,2018,
"Sun, Sep 1, 2019",Indiana Fever,73,Minnesota Lynx,81,Box Score,2019,
"Sat, Jul 13, 2019",Las Vegas Aces,85,Washington Mystics,81,Box Score,2019,
"Sun, Oct 6, 2019",Washington Mystics,94,Connecticut Sun,81,Box Score,2019,
"Fri, Jun 14, 2019",Los Angeles Sparks,85,Phoenix Mercury,68,Box Score,2019,
"Wed, Jul 10, 2019",Phoenix Mercury,91,Washington Mystics,68,Box Score,2019,
"Fri, Sep 6, 2019",Indiana Fever,86,New York Liberty,81,Box Score,2019,
"Sun, Jun 16, 2019",Seattle Storm,67,Connecticut Sun,81,Box Score,2019,
"Sun, Sep 8, 2019",Minnesota Lynx,68,Los Angeles Sparks,77,Box Score,2019,
"Sat, Aug 10, 2019",Dallas Wings,80,Phoenix Mercury,77,Box Score,2019,
"Fri, Aug 16, 2019",Atlanta Dream,68,Phoenix Mercury,77,Box Score,2019,
"Sat, May 25, 2019",Phoenix Mercury,68,Seattle Storm,77,Box Score,2019,
"Wed, Jul 17, 2019",Atlanta Dream,76,Chicago Sky,77,Box Score,2019,
"Tue, Sep 3, 2019",Washington Mystics,93,New York Liberty,77,Box Score,2019,
"Fri, May 31, 2019",Connecticut Sun,70,Los Angeles Sparks,77,Box Score,2019,
"Sat, Jun 1, 2019",Atlanta Dream,75,Washington Mystics,96,Box Score,2019,
"Wed, Sep 11, 2019",Phoenix Mercury,76,Chicago Sky,105,Box Score,2019,
"Sun, Jun 30, 2019",Chicago Sky,69,Los Angeles Sparks,94,Box Score,2019,
"Thu, Sep 19, 2019",Los Angeles Sparks,68,Connecticut Sun,94,Box Score,2019,
"Tue, Aug 13, 2019",Atlanta Dream,90,Las Vegas Aces,94,Box Score,2019,
"Tue, Jul 9, 2019",Los Angeles Sparks,62,Dallas Wings,74,Box Score,2019,
"Wed, Jun 26, 2019",Connecticut Sun,73,Dallas Wings,74,Box Score,2019,
"Sun, Sep 22, 2019",Connecticut Sun,78,Los Angeles Sparks,56,Box Score,2019,
"Fri, Jul 5, 2019",Indiana Fever,76,Dallas Wings,56,Box Score,2019,
"Sun, Sep 1, 2019",Phoenix Mercury,78,Chicago Sky,105,Box Score,2019,
"Thu, Jul 18, 2019",Dallas Wings,64,Los Angeles Sparks,69,Box Score,2019,
"Sun, Sep 1, 2019",Atlanta Dream,75,Seattle Storm,92,Box Score,2019,
"Sat, Jun 22, 2019",New York Liberty,83,Minnesota Lynx,92,Box Score,2019,
"Thu, Jun 6, 2019",Las Vegas Aces,92,Atlanta Dream,69,Box Score,2019,
"Thu, Sep 19, 2019",Las Vegas Aces,91,Washington Mystics,103,Box Score,2019,
"Wed, Jun 5, 2019",Chicago Sky,85,Washington Mystics,103,Box Score,2019,
"Sun, Aug 4, 2019",Washington Mystics,82,Phoenix Mercury,103,Box Score,2019,
"Fri, Jun 14, 2019",Connecticut Sun,85,Minnesota Lynx,81,Box Score,2019,
"Tue, Aug 20, 2019",Minnesota Lynx,71,Los Angeles Sparks,81,Box Score,2019,
"Fri, Jul 12, 2019",Minnesota Lynx,53,Atlanta Dream,60,Box Score,2019,
"Tue, Jun 25, 2019",Seattle Storm,56,Las Vegas Aces,60,Box Score,2019,
"Tue, Jul 30, 2019",Dallas Wings,54,Las Vegas Aces,86,Box Score,2019,
"Sun, Aug 25, 2019",Chicago Sky,94,Phoenix Mercury,86,Box Score,2019,
"Tue, Aug 27, 2019",Las Vegas Aces,71,Indiana Fever,86,Box Score,2019,
"Fri, Jun 21, 2019",Atlanta Dream,76,Connecticut Sun,86,Box Score,2019,
"Tue, Jun 11, 2019",Washington Mystics,75,Connecticut Sun,83,Box Score,2019,
"Sat, Jun 1, 2019",Seattle Storm,79,Chicago Sky,83,Box Score,2019,
"Sat, Jul 20, 2019",Los Angeles Sparks,78,New York Liberty,83,Box Score,2019,
"Fri, Aug 16, 2019",New York Liberty,77,Dallas Wings,83,Box Score,2019,
"Tue, Aug 20, 2019",Chicago Sky,87,Atlanta Dream,83,Box Score,2019,
"Sun, May 26, 2019",Los Angeles Sparks,70,Las Vegas Aces,83,Box Score,2019,
"Wed, Jul 3, 2019",New York Liberty,84,Seattle Storm,83,Box Score,2019,
"Wed, Jun 19, 2019",Chicago Sky,91,New York Liberty,83,Box Score,2019,
"Sun, Aug 4, 2019",Seattle Storm,75,Los Angeles Sparks,83,Box Score,2019,
"Thu, Aug 29, 2019",Los Angeles Sparks,87,Indiana Fever,83,Box Score,2019,
"Wed, Jul 31, 2019",Atlanta Dream,59,Indiana Fever,61,Box Score,2019,
"Sun, Sep 22, 2019",Washington Mystics,75,Las Vegas Aces,92,Box Score,2019,
"Sat, Jun 1, 2019",New York Liberty,77,Indiana Fever,92,Box Score,2019,
"Sat, Jun 15, 2019",New York Liberty,98,Los Angeles Sparks,92,Box Score,2019,
"Sat, Aug 31, 2019",Los Angeles Sparks,86,Las Vegas Aces,92,Box Score,2019,
"Sun, Sep 15, 2019",Seattle Storm,69,Los Angeles Sparks,92,Box Score,2019,
"Sun, Sep 8, 2019",Connecticut Sun,76,Indiana Fever,104,Box Score,2019,
"Fri, Sep 6, 2019",Chicago Sky,109,Connecticut Sun,104,Box Score,2019,
"Tue, Sep 24, 2019",Washington Mystics,94,Las Vegas Aces,90,Box Score,2019,
"Tue, Oct 8, 2019",Washington Mystics,86,Connecticut Sun,90,Box Score,2019,
"Tue, Jul 2, 2019",Chicago Sky,82,Las Vegas Aces,90,Box Score,2019,
"Sat, Aug 3, 2019",Las Vegas Aces,75,Dallas Wings,70,Box Score,2019,
"Wed, Sep 4, 2019",Dallas Wings,72,Connecticut Sun,102,Box Score,2019,
"Thu, Sep 5, 2019",Seattle Storm,68,Los Angeles Sparks,102,Box Score,2019,
"Sat, Jun 29, 2019",Indiana Fever,97,Las Vegas Aces,102,Box Score,2019,
"Sat, Jun 29, 2019",Connecticut Sun,59,Washington Mystics,102,Box Score,2019,
"Sun, Aug 25, 2019",Connecticut Sun,72,Los Angeles Sparks,84,Box Score,2019,
"Thu, Aug 8, 2019",Phoenix Mercury,74,Los Angeles Sparks,84,Box Score,2019,
"Fri, Aug 9, 2019",Chicago Sky,87,Las Vegas Aces,84,Box Score,2019,
"Thu, Aug 29, 2019",Dallas Wings,88,Chicago Sky,83,Box Score,2019,
"Tue, Jul 30, 2019",Phoenix Mercury,93,Washington Mystics,99,Box Score,2019,
"Fri, Jul 12, 2019",New York Liberty,83,Chicago Sky,99,Box Score,2019,
"Thu, Jun 27, 2019",Las Vegas Aces,74,Los Angeles Sparks,86,Box Score,2019,
"Sat, Aug 3, 2019",Minnesota Lynx,75,Indiana Fever,86,Box Score,2019,
"Fri, Sep 6, 2019",Dallas Wings,73,Washington Mystics,86,Box Score,2019,
"Fri, May 31, 2019",Las Vegas Aces,84,Phoenix Mercury,86,Box Score,2019,
"Thu, Aug 22, 2019",Dallas Wings,70,Minnesota Lynx,86,Box Score,2019,
"Sat, Jun 1, 2019",Minnesota Lynx,70,Dallas Wings,67,Box Score,2019,
"Sun, Jun 30, 2019",Phoenix Mercury,69,Seattle Storm,67,Box Score,2019,
"Tue, Sep 3, 2019",Atlanta Dream,60,Los Angeles Sparks,70,Box Score,2019,
"Tue, Aug 27, 2019",Connecticut Sun,89,Seattle Storm,70,Box Score,2019,
"Mon, Aug 5, 2019",Washington Mystics,99,Las Vegas Aces,70,Box Score,2019,
"Wed, Jul 24, 2019",New York Liberty,63,Connecticut Sun,70,Box Score,2019,
"Tue, Sep 3, 2019",Seattle Storm,82,Phoenix Mercury,70,Box Score,2019,
"Wed, Sep 11, 2019",Minnesota Lynx,74,Seattle Storm,84,Box Score,2019,
"Tue, Jun 4, 2019",Minnesota Lynx,77,Seattle Storm,84,Box Score,2019,
"Wed, Aug 14, 2019",Los Angeles Sparks,78,Dallas Wings,84,Box Score,2019,
"Sun, Jul 7, 2019",Las Vegas Aces,90,New York Liberty,58,Box Score,2019,
"Sun, Jun 30, 2019",New York Liberty,74,Atlanta Dream,58,Box Score,2019,
"Fri, Jul 19, 2019",Atlanta Dream,69,Connecticut Sun,98,Box Score,2019,
"Thu, Aug 22, 2019",Indiana Fever,65,Los Angeles Sparks,98,Box Score,2019,
"Thu, Aug 1, 2019",New York Liberty,64,Dallas Wings,87,Box Score,2019,
"Tue, Oct 1, 2019",Connecticut Sun,99,Washington Mystics,87,Box Score,2019,
"Sun, Jun 9, 2019",Phoenix Mercury,94,Indiana Fever,87,Box Score,2019,
"Sat, Aug 10, 2019",Atlanta Dream,82,Indiana Fever,87,Box Score,2019,
"Fri, Aug 23, 2019",Atlanta Dream,90,New York Liberty,87,Box Score,2019,
"Fri, Jun 21, 2019",Los Angeles Sparks,62,Seattle Storm,84,Box Score,2019,
"Tue, Sep 17, 2019",Los Angeles Sparks,75,Connecticut Sun,84,Box Score,2019,
"Wed, Aug 14, 2019",Connecticut Sun,78,Phoenix Mercury,71,Box Score,2019,
"Sun, Aug 11, 2019",Chicago Sky,81,Los Angeles Sparks,84,Box Score,2019,
"Sat, May 25, 2019",Washington Mystics,69,Connecticut Sun,84,Box Score,2019,
"Tue, Aug 20, 2019",Phoenix Mercury,79,Las Vegas Aces,84,Box Score,2019,
"Fri, Jul 12, 2019",Los Angeles Sparks,90,Indiana Fever,84,Box Score,2019,
"Fri, Aug 30, 2019",Connecticut Sun,94,New York Liberty,84,Box Score,2019,
"Sat, Aug 31, 2019",Washington Mystics,91,Dallas Wings,85,Box Score,2019,
"Sun, Aug 18, 2019",Las Vegas Aces,100,Chicago Sky,85,Box Score,2019,
"Sat, Jun 8, 2019",Los Angeles Sparks,89,Minnesota Lynx,85,Box Score,2019,
"Fri, Aug 23, 2019",Washington Mystics,78,Chicago Sky,85,Box Score,2019,
"Fri, Jun 7, 2019",Washington Mystics,94,New York Liberty,85,Box Score,2019,
"Tue, Jul 2, 2019",Atlanta Dream,68,Minnesota Lynx,85,Box Score,2019,
"Wed, Jul 24, 2019",Washington Mystics,79,Minnesota Lynx,71,Box Score,2019,
"Fri, Jun 14, 2019",Seattle Storm,74,Washington Mystics,71,Box Score,2019,
"Sat, Jul 6, 2019",Minnesota Lynx,74,Connecticut Sun,71,Box Score,2019,
"Wed, Jul 10, 2019",Las Vegas Aces,74,Indiana Fever,71,Box Score,2019,
"Sat, Jun 15, 2019",Atlanta Dream,61,Dallas Wings,71,Box Score,2019,
"Sun, Jul 14, 2019",Los Angeles Sparks,76,Atlanta Dream,71,Box Score,2019,
"Sun, Jul 7, 2019",Atlanta Dream,63,Phoenix Mercury,65,Box Score,2019,
"Tue, Jun 25, 2019",Minnesota Lynx,78,Indiana Fever,74,Box Score,2019,
"Wed, Jun 26, 2019",Washington Mystics,81,Chicago Sky,74,Box Score,2019,
"Fri, Jul 5, 2019",Atlanta Dream,77,Seattle Storm,66,Box Score,2019,
"Sat, Jul 20, 2019",Phoenix Mercury,70,Dallas Wings,66,Box Score,2019,
"Fri, May 31, 2019",Seattle Storm,82,Atlanta Dream,66,Box Score,2019,
"Sun, Jun 2, 2019",Connecticut Sun,80,Las Vegas Aces,74,Box Score,2019,
"Thu, Aug 29, 2019",Phoenix Mercury,65,Atlanta Dream,58,Box Score,2019,
"Thu, Jun 6, 2019",Phoenix Mercury,56,Minnesota Lynx,58,Box Score,2019,
"Sun, Jun 9, 2019",Dallas Wings,62,Washington Mystics,86,Box Score,2019,
"Sat, Jun 22, 2019",Dallas Wings,68,Las Vegas Aces,86,Box Score,2019,
"Fri, Aug 23, 2019",Las Vegas Aces,85,Connecticut Sun,89,Box Score,2019,
"Fri, Aug 9, 2019",Connecticut Sun,57,Minnesota Lynx,89,Box Score,2019,
"Sun, Sep 8, 2019",Las Vegas Aces,98,Phoenix Mercury,89,Box Score,2019,
"Sat, May 25, 2019",Chicago Sky,71,Minnesota Lynx,89,Box Score,2019,
"Fri, May 24, 2019",Indiana Fever,81,New York Liberty,80,Box Score,2019,
"Fri, Jun 28, 2019",Chicago Sky,76,Seattle Storm,79,Box Score,2019,
"Wed, Jul 17, 2019",Seattle Storm,90,Minnesota Lynx,79,Box Score,2019,
"Fri, Aug 2, 2019",Washington Mystics,99,Seattle Storm,79,Box Score,2019,
"Tue, Jul 23, 2019",Seattle Storm,62,Las Vegas Aces,79,Box Score,2019,
"Fri, Jul 12, 2019",Phoenix Mercury,64,Connecticut Sun,79,Box Score,2019,
"Sun, Jul 14, 2019",Chicago Sky,89,Dallas Wings,79,Box Score,2019,
"Fri, Jun 7, 2019",Dallas Wings,64,Indiana Fever,79,Box Score,2019,
"Fri, Aug 16, 2019",Seattle Storm,78,Connecticut Sun,79,Box Score,2019,
"Sat, Jun 15, 2019",Chicago Sky,70,Indiana Fever,64,Box Score,2019,
"Sun, Sep 8, 2019",Seattle Storm,78,Dallas Wings,64,Box Score,2019,
"Sun, Jun 9, 2019",Connecticut Sun,65,Atlanta Dream,59,Box Score,2019,
"Sun, Jun 23, 2019",Indiana Fever,61,Seattle Storm,65,Box Score,2019,
"Sun, Sep 15, 2019",Chicago Sky,92,Las Vegas Aces,93,Box Score,2019,
"Sun, Jun 30, 2019",Minnesota Lynx,86,Dallas Wings,89,Box Score,2019,
"Thu, Oct 10, 2019",Connecticut Sun,78,Washington Mystics,89,Box Score,2019,
"Sun, Aug 11, 2019",Connecticut Sun,81,Las Vegas Aces,89,Box Score,2019,
"Thu, Jun 6, 2019",Los Angeles Sparks,77,Connecticut Sun,89,Box Score,2019,
"Tue, Sep 17, 2019",Las Vegas Aces,95,Washington Mystics,97,Box Score,2019,
"Tue, Aug 27, 2019",Phoenix Mercury,95,New York Liberty,82,Box Score,2019,
"Sun, Aug 18, 2019",Minnesota Lynx,74,Seattle Storm,82,Box Score,2019,
"Tue, Jun 11, 2019",Phoenix Mercury,75,Chicago Sky,82,Box Score,2019,
"Sun, Jun 23, 2019",Los Angeles Sparks,72,Phoenix Mercury,82,Box Score,2019,
"Tue, Jun 11, 2019",Seattle Storm,84,Indiana Fever,82,Box Score,2019,
"Sun, Aug 11, 2019",Minnesota Lynx,78,Washington Mystics,101,Box Score,2019,
"Wed, Aug 7, 2019",New York Liberty,92,Chicago Sky,101,Box Score,2019,
"Sun, Aug 25, 2019",New York Liberty,72,Washington Mystics,101,Box Score,2019,
"Thu, Jun 20, 2019",Washington Mystics,95,Las Vegas Aces,72,Box Score,2019,
"Wed, Jul 10, 2019",Minnesota Lynx,73,Chicago Sky,72,Box Score,2019,
"Wed, May 29, 2019",Seattle Storm,61,Minnesota Lynx,72,Box Score,2019,
"Thu, Jun 13, 2019",Indiana Fever,76,Dallas Wings,72,Box Score,2019,
"Sun, Jul 14, 2019",Connecticut Sun,76,Indiana Fever,63,Box Score,2019,
"Sun, Sep 8, 2019",New York Liberty,71,Atlanta Dream,63,Box Score,2019,
"Sun, Aug 25, 2019",Atlanta Dream,77,Dallas Wings,73,Box Score,2019,
"Sun, Jun 23, 2019",Washington Mystics,89,Atlanta Dream,73,Box Score,2019,
"Tue, Aug 13, 2019",Minnesota Lynx,89,New York Liberty,73,Box Score,2019,
"Tue, Jun 4, 2019",Los Angeles Sparks,78,New York Liberty,73,Box Score,2019,
"Tue, Jul 23, 2019",Los Angeles Sparks,78,Atlanta Dream,66,Box Score,2019,
"Sun, Aug 4, 2019",Connecticut Sun,94,New York Liberty,79,Box Score,2019,
"Sun, Jul 21, 2019",Minnesota Lynx,74,Las Vegas Aces,79,Box Score,2019,
"Fri, Aug 16, 2019",Washington Mystics,86,Minnesota Lynx,79,Box Score,2019,
"Tue, Aug 20, 2019",New York Liberty,82,Indiana Fever,76,Box Score,2019,
"Fri, Jul 5, 2019",New York Liberty,80,Phoenix Mercury,76,Box Score,2019,
"Thu, Aug 1, 2019",Las Vegas Aces,68,Los Angeles Sparks,76,Box Score,2019,
"Fri, May 24, 2019",Dallas Wings,72,Atlanta Dream,76,Box Score,2019,
"Tue, Jul 30, 2019",Chicago Sky,94,Connecticut Sun,100,Box Score,2019,
"Sun, Sep 8, 2019",Chicago Sky,86,Washington Mystics,100,Box Score,2019,
"Fri, Jun 14, 2019",New York Liberty,65,Las Vegas Aces,100,Box Score,2019,
"Sun, Jul 14, 2019",New York Liberty,69,Seattle Storm,78,Box Score,2019,
"Sun, Aug 18, 2019",New York Liberty,72,Phoenix Mercury,78,Box Score,2019,
"Sun, Jun 9, 2019",Las Vegas Aces,78,New York Liberty,88,Box Score,2019,
"Wed, Jun 19, 2019",Indiana Fever,78,Atlanta Dream,88,Box Score,2019,
"Tue, May 28, 2019",Indiana Fever,77,Connecticut Sun,88,Box Score,2019,
"Fri, Jul 19, 2019",Washington Mystics,95,Indiana Fever,88,Box Score,2019,
"Wed, Aug 14, 2019",Seattle Storm,59,Washington Mystics,88,Box Score,2019,
"Tue, Jul 23, 2019",Indiana Fever,77,Phoenix Mercury,95,Box Score,2019,
"Tue, Aug 27, 2019",Los Angeles Sparks,66,Washington Mystics,95,Box Score,2019,
"Fri, Jul 12, 2019",Dallas Wings,81,Seattle Storm,95,Box Score,2019,
"Sun, Sep 29, 2019",Connecticut Sun,86,Washington Mystics,95,Box Score,2019,
"Sun, Jul 7, 2019",Dallas Wings,66,Chicago Sky,78,Box Score,2019,
"Sun, Jun 9, 2019",Seattle Storm,71,Chicago Sky,78,Box Score,2019,
"Sun, Aug 18, 2019",Dallas Wings,68,Connecticut Sun,78,Box Score,2019,
"Thu, Sep 5, 2019",Las Vegas Aces,74,Atlanta Dream,78,Box Score,2019,
"Sun, Jul 21, 2019",Indiana Fever,70,Chicago Sky,78,Box Score,2019,
"Wed, Jul 10, 2019",Connecticut Sun,75,Atlanta Dream,78,Box Score,2019,
"Tue, Aug 27, 2019",Chicago Sky,85,Minnesota Lynx,93,Box Score,2019,
"Sun, Jun 23, 2019",Connecticut Sun,75,Chicago Sky,93,Box Score,2019,
"Sun, Jul 21, 2019",Atlanta Dream,65,Washington Mystics,93,Box Score,2019,
"Thu, Aug 8, 2019",Indiana Fever,78,Washington Mystics,91,Box Score,2019,
"Fri, Aug 16, 2019",Los Angeles Sparks,81,Chicago Sky,91,Box Score,2019,
"Fri, Jun 28, 2019",Indiana Fever,69,Phoenix Mercury,91,Box Score,2019,
"Thu, Jun 20, 2019",Phoenix Mercury,54,Dallas Wings,69,Box Score,2019,
"Tue, Aug 6, 2019",Minnesota Lynx,85,Atlanta Dream,69,Box Score,2019,
"Fri, Jun 28, 2019",Dallas Wings,68,New York Liberty,69,Box Score,2019,
"Fri, Jul 19, 2019",Las Vegas Aces,66,Seattle Storm,69,Box Score,2019,
"Fri, Jun 21, 2019",Indiana Fever,76,Chicago Sky,69,Box Score,2019,
"Wed, Jul 17, 2019",Dallas Wings,64,Phoenix Mercury,69,Box Score,2019,
"Thu, Aug 8, 2019",Dallas Wings,57,Seattle Storm,69,Box Score,2019,
"Fri, Sep 6, 2019",Minnesota Lynx,83,Phoenix Mercury,69,Box Score,2019,
"Sun, Aug 11, 2019",Seattle Storm,84,New York Liberty,69,Box Score,2019,
"Sun, Aug 25, 2019",Las Vegas Aces,77,Minnesota Lynx,98,Box Score,2019,
"Sun, Jul 7, 2019",Washington Mystics,81,Los Angeles Sparks,98,Box Score,2019,
"Tue, Jun 18, 2019",Washington Mystics,81,Los Angeles Sparks,52,Box Score,2019,
"Sun, Aug 25, 2019",Indiana Fever,63,Seattle Storm,54,Box Score,2019,
"Sun, Jul 14, 2019",Phoenix Mercury,62,Minnesota Lynx,75,Box Score,2019,
"Sun, Jun 16, 2019",Las Vegas Aces,80,Minnesota Lynx,75,Box Score,2019,
"Wed, Jun 12, 2019",Minnesota Lynx,69,New York Liberty,75,Box Score,2019,
"Sat, Aug 3, 2019",Chicago Sky,87,Atlanta Dream,75,Box Score,2019,
"Thu, Aug 1, 2019",Phoenix Mercury,62,Connecticut Sun,68,Box Score,2019,
"Sun, Aug 18, 2019",Indiana Fever,68,Washington Mystics,107,Box Score,2019,
"Wed, Sep 9, 2020",Dallas Wings,95,Seattle Storm,107,Box Score,2020,
"Sun, Sep 6, 2020",Dallas Wings,101,Washington Mystics,94,Box Score,2020,
"Sat, Aug 15, 2020",New York Liberty,64,Minnesota Lynx,94,Box Score,2020,
"Fri, Aug 28, 2020",Washington Mystics,72,Phoenix Mercury,94,Box Score,2020,
"Fri, Sep 4, 2020",Minnesota Lynx,88,Dallas Wings,75,Box Score,2020,
"Wed, Aug 19, 2020",Atlanta Dream,91,Washington Mystics,98,Box Score,2020,
"Mon, Aug 31, 2020",Los Angeles Sparks,78,Minnesota Lynx,96,Box Score,2020,
"Sun, Aug 9, 2020",Washington Mystics,84,Indiana Fever,91,Box Score,2020,
"Wed, Aug 19, 2020",Dallas Wings,84,Minnesota Lynx,91,Box Score,2020,
"Sun, Oct 4, 2020",Seattle Storm,104,Las Vegas Aces,91,Box Score,2020,
"Fri, Sep 11, 2020",Chicago Sky,95,Dallas Wings,88,Box Score,2020,
"Sat, Aug 1, 2020",Washington Mystics,86,Chicago Sky,88,Box Score,2020,
"Wed, Jul 29, 2020",New York Liberty,80,Dallas Wings,93,Box Score,2020,
"Sun, Aug 2, 2020",Atlanta Dream,77,Indiana Fever,93,Box Score,2020,
"Sun, Sep 13, 2020",Washington Mystics,85,Atlanta Dream,78,Box Score,2020,
"Sat, Aug 29, 2020",Dallas Wings,82,Indiana Fever,78,Box Score,2020,
"Thu, Sep 3, 2020",Las Vegas Aces,93,Connecticut Sun,78,Box Score,2020,
"Mon, Aug 10, 2020",Phoenix Mercury,91,Dallas Wings,79,Box Score,2020,
"Wed, Sep 9, 2020",Phoenix Mercury,100,Connecticut Sun,95,Box Score,2020,
"Sun, Sep 6, 2020",Seattle Storm,103,Minnesota Lynx,88,Box Score,2020,
"Sat, Aug 15, 2020",Washington Mystics,73,Las Vegas Aces,88,Box Score,2020,
"Sat, Aug 8, 2020",Chicago Sky,100,Connecticut Sun,93,Box Score,2020,
"Tue, Aug 11, 2020",New York Liberty,78,Los Angeles Sparks,93,Box Score,2020,
"Tue, Sep 22, 2020",Minnesota Lynx,86,Seattle Storm,88,Box Score,2020,
"Sat, Jul 25, 2020",Los Angeles Sparks,99,Phoenix Mercury,76,Box Score,2020,
"Fri, Aug 28, 2020",Los Angeles Sparks,80,Connecticut Sun,76,Box Score,2020,
"Sun, Aug 9, 2020",Las Vegas Aces,78,New York Liberty,76,Box Score,2020,
"Fri, Jul 31, 2020",Indiana Fever,73,Dallas Wings,76,Box Score,2020,
"Sat, Aug 15, 2020",Los Angeles Sparks,90,Indiana Fever,76,Box Score,2020,
"Wed, Jul 29, 2020",Atlanta Dream,70,Las Vegas Aces,100,Box Score,2020,
"Wed, Aug 12, 2020",Atlanta Dream,63,Seattle Storm,100,Box Score,2020,
"Fri, Aug 7, 2020",New York Liberty,74,Washington Mystics,66,Box Score,2020,
"Wed, Aug 5, 2020",Minnesota Lynx,92,New York Liberty,66,Box Score,2020,
"Sat, Sep 5, 2020",Las Vegas Aces,89,Atlanta Dream,79,Box Score,2020,
"Thu, Aug 13, 2020",Indiana Fever,86,New York Liberty,79,Box Score,2020,
"Sun, Sep 13, 2020",Dallas Wings,82,New York Liberty,79,Box Score,2020,
"Sun, Aug 30, 2020",Phoenix Mercury,83,Minnesota Lynx,79,Box Score,2020,
"Sun, Aug 2, 2020",Dallas Wings,70,Las Vegas Aces,79,Box Score,2020,
"Fri, Sep 4, 2020",Chicago Sky,69,Washington Mystics,79,Box Score,2020,
"Sun, Aug 30, 2020",Connecticut Sun,76,Washington Mystics,63,Box Score,2020,
"Thu, Sep 10, 2020",Washington Mystics,80,Los Angeles Sparks,72,Box Score,2020,
"Sun, Aug 16, 2020",Seattle Storm,95,Connecticut Sun,72,Box Score,2020,
"Mon, Aug 10, 2020",Connecticut Sun,93,Atlanta Dream,82,Box Score,2020,
"Tue, Aug 4, 2020",Dallas Wings,79,Chicago Sky,82,Box Score,2020,
"Sat, Aug 22, 2020",New York Liberty,65,Connecticut Sun,82,Box Score,2020,
"Sat, Aug 22, 2020",Seattle Storm,74,Las Vegas Aces,82,Box Score,2020,
"Sun, Sep 20, 2020",Connecticut Sun,87,Las Vegas Aces,62,Box Score,2020,
"Tue, Sep 15, 2020",Washington Mystics,84,Phoenix Mercury,85,Box Score,2020,
"Thu, Sep 10, 2020",New York Liberty,75,Indiana Fever,85,Box Score,2020,
"Fri, Aug 21, 2020",Los Angeles Sparks,93,Atlanta Dream,85,Box Score,2020,
"Tue, Sep 1, 2020",Phoenix Mercury,92,Las Vegas Aces,85,Box Score,2020,
"Thu, Sep 17, 2020",Connecticut Sun,73,Los Angeles Sparks,59,Box Score,2020,
"Thu, Aug 13, 2020",Los Angeles Sparks,81,Washington Mystics,64,Box Score,2020,
"Fri, Aug 28, 2020",Minnesota Lynx,88,Atlanta Dream,79,Box Score,2020,
"Tue, Aug 11, 2020",Las Vegas Aces,98,Indiana Fever,79,Box Score,2020,
"Thu, Aug 20, 2020",Chicago Sky,101,New York Liberty,85,Box Score,2020,
"Fri, Oct 2, 2020",Seattle Storm,93,Las Vegas Aces,80,Box Score,2020,
"Thu, Sep 17, 2020",Phoenix Mercury,79,Minnesota Lynx,80,Box Score,2020,
"Sat, Aug 29, 2020",New York Liberty,63,Las Vegas Aces,80,Box Score,2020,
"Fri, Aug 21, 2020",Minnesota Lynx,90,Phoenix Mercury,80,Box Score,2020,
"Wed, Aug 12, 2020",Phoenix Mercury,71,Chicago Sky,89,Box Score,2020,
"Sun, Aug 16, 2020",Dallas Wings,95,Phoenix Mercury,89,Box Score,2020,
"Thu, Sep 10, 2020",Las Vegas Aces,104,Minnesota Lynx,89,Box Score,2020,
"Tue, Sep 8, 2020",Minnesota Lynx,86,Washington Mystics,89,Box Score,2020,
"Tue, Jul 28, 2020",Washington Mystics,94,Connecticut Sun,89,Box Score,2020,
"Sun, Sep 27, 2020",Seattle Storm,92,Minnesota Lynx,71,Box Score,2020,
"Tue, Sep 29, 2020",Connecticut Sun,63,Las Vegas Aces,66,Box Score,2020,
"Sat, Aug 22, 2020",Indiana Fever,76,Chicago Sky,87,Box Score,2020,
"Fri, Aug 7, 2020",Indiana Fever,80,Minnesota Lynx,87,Box Score,2020,
"Tue, Sep 1, 2020",Connecticut Sun,70,New York Liberty,65,Box Score,2020,
"Fri, Aug 14, 2020",Seattle Storm,83,Dallas Wings,65,Box Score,2020,
"Wed, Sep 9, 2020",Atlanta Dream,97,Chicago Sky,89,Box Score,2020,
"Thu, Sep 24, 2020",Minnesota Lynx,79,Seattle Storm,89,Box Score,2020,
"Thu, Jul 30, 2020",Seattle Storm,71,Washington Mystics,89,Box Score,2020,
"Mon, Aug 10, 2020",Chicago Sky,71,Seattle Storm,89,Box Score,2020,
"Fri, Sep 4, 2020",Seattle Storm,90,Los Angeles Sparks,89,Box Score,2020,
"Sat, Aug 8, 2020",Atlanta Dream,75,Dallas Wings,85,Box Score,2020,
"Sat, Jul 25, 2020",Indiana Fever,76,Washington Mystics,101,Box Score,2020,
"Fri, Aug 21, 2020",Washington Mystics,92,Dallas Wings,101,Box Score,2020,
"Sat, Jul 25, 2020",Seattle Storm,87,New York Liberty,71,Box Score,2020,
"Wed, Sep 2, 2020",Washington Mystics,64,Seattle Storm,71,Box Score,2020,
"Wed, Aug 12, 2020",Dallas Wings,66,Connecticut Sun,70,Box Score,2020,
"Mon, Sep 7, 2020",Connecticut Sun,85,Phoenix Mercury,70,Box Score,2020,
"Sun, Aug 23, 2020",Phoenix Mercury,88,Washington Mystics,87,Box Score,2020,
"Thu, Jul 30, 2020",Chicago Sky,81,Minnesota Lynx,83,Box Score,2020,
"Wed, Sep 2, 2020",Los Angeles Sparks,91,Dallas Wings,83,Box Score,2020,
"Sat, Sep 5, 2020",New York Liberty,67,Phoenix Mercury,83,Box Score,2020,
"Wed, Sep 2, 2020",Minnesota Lynx,86,Chicago Sky,83,Box Score,2020,
"Sun, Jul 26, 2020",Chicago Sky,88,Las Vegas Aces,86,Box Score,2020,
"Sat, Sep 12, 2020",Washington Mystics,75,New York Liberty,58,Box Score,2020,
"Sun, Aug 2, 2020",Phoenix Mercury,96,New York Liberty,67,Box Score,2020,
"Sun, Aug 16, 2020",Chicago Sky,92,Atlanta Dream,67,Box Score,2020,
"Sun, Aug 23, 2020",Dallas Wings,81,Los Angeles Sparks,84,Box Score,2020,
"Tue, Aug 18, 2020",Indiana Fever,62,Connecticut Sun,84,Box Score,2020,
"Fri, Jul 31, 2020",New York Liberty,78,Atlanta Dream,84,Box Score,2020,
"Tue, Aug 18, 2020",Las Vegas Aces,82,Chicago Sky,84,Box Score,2020,
"Sat, Sep 12, 2020",Minnesota Lynx,98,Indiana Fever,86,Box Score,2020,
"Wed, Aug 5, 2020",Indiana Fever,75,Los Angeles Sparks,86,Box Score,2020,
"Fri, Aug 7, 2020",Los Angeles Sparks,82,Las Vegas Aces,86,Box Score,2020,
"Tue, Aug 25, 2020",New York Liberty,101,Chicago Sky,99,Box Score,2020,
"Thu, Aug 20, 2020",Connecticut Sun,78,Las Vegas Aces,99,Box Score,2020,
"Tue, Aug 4, 2020",Connecticut Sun,74,Seattle Storm,87,Box Score,2020,
"Tue, Aug 25, 2020",Indiana Fever,74,Seattle Storm,87,Box Score,2020,
"Thu, Aug 13, 2020",Minnesota Lynx,77,Las Vegas Aces,87,Box Score,2020,
"Sun, Aug 30, 2020",Atlanta Dream,79,Los Angeles Sparks,84,Box Score,2020,
"Sun, Sep 13, 2020",Las Vegas Aces,86,Seattle Storm,84,Box Score,2020,
"Fri, Jul 31, 2020",Las Vegas Aces,95,Phoenix Mercury,102,Box Score,2020,
"Tue, Sep 1, 2020",Indiana Fever,90,Atlanta Dream,102,Box Score,2020,
"Sat, Sep 12, 2020",Las Vegas Aces,84,Los Angeles Sparks,70,Box Score,2020,
"Tue, Sep 8, 2020",Los Angeles Sparks,96,New York Liberty,70,Box Score,2020,
"Thu, Aug 20, 2020",Seattle Storm,84,Indiana Fever,90,Box Score,2020,
"Tue, Jul 28, 2020",Minnesota Lynx,66,Seattle Storm,90,Box Score,2020,
"Tue, Sep 8, 2020",Indiana Fever,86,Las Vegas Aces,92,Box Score,2020,
"Thu, Aug 6, 2020",Seattle Storm,93,Atlanta Dream,92,Box Score,2020,
"Tue, Aug 25, 2020",Las Vegas Aces,96,Dallas Wings,92,Box Score,2020,
"Tue, Oct 6, 2020",Las Vegas Aces,59,Seattle Storm,92,Box Score,2020,
"Fri, Sep 11, 2020",Seattle Storm,83,Phoenix Mercury,60,Box Score,2020,
"Tue, Sep 22, 2020",Connecticut Sun,75,Las Vegas Aces,83,Box Score,2020,
"Sun, Sep 6, 2020",Chicago Sky,80,Los Angeles Sparks,86,Box Score,2020,
"Tue, Aug 18, 2020",New York Liberty,64,Seattle Storm,105,Box Score,2020,
"Sat, Aug 1, 2020",Minnesota Lynx,78,Connecticut Sun,69,Box Score,2020,
"Thu, Sep 3, 2020",Indiana Fever,81,Phoenix Mercury,105,Box Score,2020,
"Sun, Jul 26, 2020",Dallas Wings,95,Atlanta Dream,105,Box Score,2020,
"Thu, Sep 3, 2020",Atlanta Dream,62,New York Liberty,56,Box Score,2020,
"Fri, Sep 11, 2020",Atlanta Dream,82,Connecticut Sun,75,Box Score,2020,
"Sun, Aug 23, 2020",Atlanta Dream,78,Minnesota Lynx,75,Box Score,2020,
"Sun, Sep 27, 2020",Las Vegas Aces,84,Connecticut Sun,75,Box Score,2020,
"Sat, Aug 29, 2020",Seattle Storm,88,Chicago Sky,74,Box Score,2020,
"Tue, Aug 4, 2020",Phoenix Mercury,81,Atlanta Dream,74,Box Score,2020,
"Fri, Aug 14, 2020",Connecticut Sun,77,Chicago Sky,74,Box Score,2020,
"Sat, Aug 8, 2020",Phoenix Mercury,68,Seattle Storm,74,Box Score,2020,
"Wed, Aug 19, 2020",Phoenix Mercury,74,Los Angeles Sparks,83,Box Score,2020,
"Wed, Jul 29, 2020",Phoenix Mercury,100,Indiana Fever,106,Box Score,2020,
"Sun, Aug 9, 2020",Minnesota Lynx,81,Los Angeles Sparks,97,Box Score,2020,
"Thu, Sep 24, 2020",Las Vegas Aces,68,Connecticut Sun,77,Box Score,2020,
"Mon, Aug 31, 2020",Chicago Sky,100,Indiana Fever,77,Box Score,2020,
"Wed, Aug 5, 2020",Las Vegas Aces,83,Washington Mystics,77,Box Score,2020,
"Sat, Sep 5, 2020",Connecticut Sun,96,Indiana Fever,77,Box Score,2020,
"Sun, Jul 26, 2020",Connecticut Sun,69,Minnesota Lynx,77,Box Score,2020,
"Thu, Aug 6, 2020",Connecticut Sun,91,Dallas Wings,68,Box Score,2020,
"Tue, Aug 11, 2020",Washington Mystics,48,Minnesota Lynx,68,Box Score,2020,
"Tue, Jul 28, 2020",Los Angeles Sparks,78,Chicago Sky,96,Box Score,2020,
"Thu, Aug 6, 2020",Chicago Sky,86,Phoenix Mercury,96,Box Score,2020,
"Thu, Jul 30, 2020",Connecticut Sun,76,Los Angeles Sparks,81,Box Score,2020,
"Sat, Aug 1, 2020",Los Angeles Sparks,75,Seattle Storm,81,Box Score,2020,
"Tue, Sep 15, 2020",Connecticut Sun,94,Chicago Sky,81,Box Score,2020,
"Fri, Aug 14, 2020",Atlanta Dream,80,Phoenix Mercury,96,Box Score,2020,
"Sun, Jul 11, 2021",Indiana Fever,79,Atlanta Dream,68,Box Score,2021,Commissioner's Cup Game
"Sat, Jun 5, 2021",Chicago Sky,63,Los Angeles Sparks,68,Box Score,2021,
"Thu, Jun 24, 2021",Chicago Sky,91,New York Liberty,68,Box Score,2021,
"Thu, Sep 16, 2021",Los Angeles Sparks,74,Atlanta Dream,68,Box Score,2021,
"Sat, Jul 3, 2021",Minnesota Lynx,99,Phoenix Mercury,68,Box Score,2021,
"Sun, Sep 19, 2021",Indiana Fever,87,Chicago Sky,98,Box Score,2021,
"Thu, Jun 3, 2021",Indiana Fever,63,Los Angeles Sparks,98,Box Score,2021,
"Tue, Sep 7, 2021",Connecticut Sun,83,Dallas Wings,56,Box Score,2021,
"Tue, Sep 14, 2021",Indiana Fever,78,Atlanta Dream,85,Box Score,2021,
"Wed, Jun 16, 2021",Phoenix Mercury,80,Los Angeles Sparks,85,Box Score,2021,Commissioner's Cup Game
"Sat, May 29, 2021",Phoenix Mercury,89,Dallas Wings,85,Box Score,2021,Commissioner's Cup Game
"Sat, Jun 5, 2021",New York Liberty,64,Connecticut Sun,85,Box Score,2021,Commissioner's Cup Game
"Sun, Jun 13, 2021",Dallas Wings,78,Las Vegas Aces,85,Box Score,2021,Commissioner's Cup Game
"Sun, May 23, 2021",New York Liberty,93,Chicago Sky,85,Box Score,2021,Commissioner's Cup Game
"Tue, Aug 17, 2021",Atlanta Dream,80,Los Angeles Sparks,85,Box Score,2021,
"Thu, Jun 17, 2021",Connecticut Sun,75,Chicago Sky,81,Box Score,2021,Commissioner's Cup Game
"Fri, Sep 17, 2021",Washington Mystics,80,New York Liberty,91,Box Score,2021,
"Wed, Oct 13, 2021",Chicago Sky,86,Phoenix Mercury,91,Box Score,2021,
"Thu, Sep 30, 2021",Phoenix Mercury,117,Las Vegas Aces,91,Box Score,2021,
"Sat, Jun 19, 2021",Connecticut Sun,81,Chicago Sky,91,Box Score,2021,
"Fri, Jul 2, 2021",Atlanta Dream,88,Seattle Storm,91,Box Score,2021,
"Sat, May 15, 2021",Chicago Sky,70,Washington Mystics,56,Box Score,2021,Commissioner's Cup Game
"Sun, May 23, 2021",Washington Mystics,77,Indiana Fever,89,Box Score,2021,Commissioner's Cup Game
"Thu, Jun 24, 2021",Washington Mystics,82,Los Angeles Sparks,89,Box Score,2021,
"Fri, Sep 10, 2021",Indiana Fever,72,Minnesota Lynx,89,Box Score,2021,
"Thu, Jun 10, 2021",Los Angeles Sparks,71,Washington Mystics,89,Box Score,2021,
"Tue, Jun 15, 2021",Chicago Sky,105,Minnesota Lynx,89,Box Score,2021,
"Sun, Sep 26, 2021",Phoenix Mercury,85,Seattle Storm,80,Box Score,2021,
"Thu, Aug 26, 2021",Las Vegas Aces,78,Atlanta Dream,71,Box Score,2021,
"Fri, May 28, 2021",Minnesota Lynx,72,Seattle Storm,82,Box Score,2021,Commissioner's Cup Game
"Thu, Aug 19, 2021",Minnesota Lynx,71,Connecticut Sun,82,Box Score,2021,
"Thu, Jun 3, 2021",Las Vegas Aces,94,New York Liberty,82,Box Score,2021,
"Sat, Jun 19, 2021",Indiana Fever,77,Washington Mystics,82,Box Score,2021,Commissioner's Cup Game
"Sat, Jul 3, 2021",Washington Mystics,79,New York Liberty,82,Box Score,2021,Commissioner's Cup Game
"Fri, Jul 9, 2021",New York Liberty,69,Indiana Fever,82,Box Score,2021,
"Sat, Jun 26, 2021",Washington Mystics,74,Dallas Wings,85,Box Score,2021,
"Wed, Jun 23, 2021",Minnesota Lynx,87,Atlanta Dream,85,Box Score,2021,
"Tue, Jun 8, 2021",Minnesota Lynx,81,Washington Mystics,85,Box Score,2021,
"Mon, Sep 13, 2021",Dallas Wings,75,Las Vegas Aces,85,Box Score,2021,
"Sat, Jun 12, 2021",Los Angeles Sparks,64,Minnesota Lynx,80,Box Score,2021,Commissioner's Cup Game
"Tue, Jun 22, 2021",Dallas Wings,70,Connecticut Sun,80,Box Score,2021,
"Tue, May 18, 2021",Las Vegas Aces,96,Seattle Storm,80,Box Score,2021,
"Sun, Oct 17, 2021",Phoenix Mercury,74,Chicago Sky,80,Box Score,2021,
"Thu, Jul 1, 2021",Connecticut Sun,86,Indiana Fever,80,Box Score,2021,Commissioner's Cup Game
"Tue, Jun 1, 2021",Phoenix Mercury,84,Chicago Sky,83,Box Score,2021,
"Thu, Sep 23, 2021",New York Liberty,82,Phoenix Mercury,83,Box Score,2021,
"Wed, Aug 18, 2021",Seattle Storm,79,New York Liberty,83,Box Score,2021,
"Sun, Aug 22, 2021",Los Angeles Sparks,86,New York Liberty,83,Box Score,2021,
"Tue, Jun 22, 2021",Washington Mystics,87,Seattle Storm,83,Box Score,2021,
"Tue, May 25, 2021",Atlanta Dream,90,Chicago Sky,83,Box Score,2021,Commissioner's Cup Game
"Sun, Sep 19, 2021",Las Vegas Aces,84,Phoenix Mercury,83,Box Score,2021,
"Fri, Aug 20, 2021",Seattle Storm,99,New York Liberty,83,Box Score,2021,
"Sun, Jun 13, 2021",New York Liberty,85,Phoenix Mercury,83,Box Score,2021,
"Fri, Jun 11, 2021",Seattle Storm,86,Atlanta Dream,75,Box Score,2021,
"Tue, Aug 31, 2021",Connecticut Sun,85,Washington Mystics,75,Box Score,2021,
"Fri, May 14, 2021",Phoenix Mercury,77,Minnesota Lynx,75,Box Score,2021,Commissioner's Cup Game
"Wed, Sep 8, 2021",Phoenix Mercury,76,Atlanta Dream,75,Box Score,2021,
"Sun, Aug 29, 2021",Chicago Sky,107,Seattle Storm,75,Box Score,2021,
"Wed, Jun 30, 2021",Las Vegas Aces,99,Los Angeles Sparks,75,Box Score,2021,Commissioner's Cup Game
"Sun, Aug 15, 2021",Indiana Fever,70,Los Angeles Sparks,75,Box Score,2021,
"Thu, Jun 24, 2021",Dallas Wings,89,Indiana Fever,64,Box Score,2021,
"Sun, Sep 5, 2021",Atlanta Dream,69,Dallas Wings,64,Box Score,2021,
"Fri, Aug 27, 2021",Phoenix Mercury,80,New York Liberty,64,Box Score,2021,
"Sun, Jun 27, 2021",Chicago Sky,58,Connecticut Sun,74,Box Score,2021,Commissioner's Cup Game
"Tue, Jun 1, 2021",Las Vegas Aces,67,Connecticut Sun,74,Box Score,2021,
"Tue, Aug 31, 2021",Los Angeles Sparks,72,Indiana Fever,74,Box Score,2021,
"Thu, Jun 3, 2021",Chicago Sky,74,Phoenix Mercury,77,Box Score,2021,
"Thu, Aug 26, 2021",Dallas Wings,82,Washington Mystics,77,Box Score,2021,
"Thu, Jun 17, 2021",Atlanta Dream,93,Washington Mystics,96,Box Score,2021,Commissioner's Cup Game
"Sun, Jul 4, 2021",Seattle Storm,84,Los Angeles Sparks,74,Box Score,2021,Commissioner's Cup Game
"Tue, Jun 29, 2021",Connecticut Sun,90,Washington Mystics,71,Box Score,2021,Commissioner's Cup Game
"Sun, Sep 12, 2021",Washington Mystics,79,Chicago Sky,71,Box Score,2021,
"Fri, May 14, 2021",Dallas Wings,94,Los Angeles Sparks,71,Box Score,2021,Commissioner's Cup Game
"Wed, Jun 9, 2021",Seattle Storm,95,Atlanta Dream,71,Box Score,2021,
"Wed, Jul 7, 2021",Los Angeles Sparks,62,Seattle Storm,71,Box Score,2021,Commissioner's Cup Game
"Wed, Jul 7, 2021",Dallas Wings,79,Minnesota Lynx,85,Box Score,2021,Commissioner's Cup Game
"Thu, Sep 2, 2021",New York Liberty,75,Seattle Storm,85,Box Score,2021,
"Sat, Jul 10, 2021",Washington Mystics,89,Chicago Sky,85,Box Score,2021,Commissioner's Cup Game
"Fri, Jul 9, 2021",Seattle Storm,77,Phoenix Mercury,85,Box Score,2021,Commissioner's Cup Game
"Fri, Sep 17, 2021",Las Vegas Aces,103,Chicago Sky,70,Box Score,2021,
"Tue, Jun 15, 2021",Seattle Storm,87,Indiana Fever,70,Box Score,2021,
"Tue, May 18, 2021",Phoenix Mercury,91,Washington Mystics,70,Box Score,2021,
"Sun, Jun 6, 2021",Dallas Wings,68,Seattle Storm,67,Box Score,2021,
"Fri, May 21, 2021",Connecticut Sun,84,Phoenix Mercury,67,Box Score,2021,
"Tue, Aug 31, 2021",New York Liberty,66,Minnesota Lynx,74,Box Score,2021,
"Sun, May 16, 2021",Phoenix Mercury,78,Connecticut Sun,86,Box Score,2021,
"Fri, Oct 15, 2021",Phoenix Mercury,50,Chicago Sky,86,Box Score,2021,
"Sun, Oct 3, 2021",Connecticut Sun,83,Chicago Sky,86,Box Score,2021,
"Tue, May 18, 2021",Minnesota Lynx,75,New York Liberty,86,Box Score,2021,
"Fri, May 28, 2021",Washington Mystics,81,Connecticut Sun,86,Box Score,2021,Commissioner's Cup Game
"Fri, Jun 4, 2021",Atlanta Dream,84,Minnesota Lynx,86,Box Score,2021,
"Fri, Aug 27, 2021",Chicago Sky,73,Seattle Storm,69,Box Score,2021,
"Tue, Aug 17, 2021",Minnesota Lynx,60,Connecticut Sun,72,Box Score,2021,
"Sun, Jul 11, 2021",Phoenix Mercury,75,Seattle Storm,82,Box Score,2021,Commissioner's Cup Game
"Fri, Sep 10, 2021",Atlanta Dream,74,Washington Mystics,82,Box Score,2021,
"Sat, Aug 28, 2021",Las Vegas Aces,87,Indiana Fever,71,Box Score,2021,
"Tue, Sep 28, 2021",Phoenix Mercury,90,Las Vegas Aces,96,Box Score,2021,
"Wed, May 19, 2021",Chicago Sky,85,Atlanta Dream,77,Box Score,2021,Commissioner's Cup Game
"Fri, Jun 4, 2021",Dallas Wings,102,Seattle Storm,105,Box Score,2021,Commissioner's Cup Game
"Tue, Sep 7, 2021",Washington Mystics,71,Seattle Storm,105,Box Score,2021,
"Mon, Jul 5, 2021",Dallas Wings,96,New York Liberty,99,Box Score,2021,
"Tue, Aug 17, 2021",Dallas Wings,80,Chicago Sky,76,Box Score,2021,
"Wed, Jun 30, 2021",Minnesota Lynx,82,Phoenix Mercury,76,Box Score,2021,Commissioner's Cup Game
"Sat, Aug 28, 2021",Dallas Wings,75,Washington Mystics,76,Box Score,2021,
"Fri, Jul 2, 2021",Chicago Sky,91,Dallas Wings,100,Box Score,2021,
"Tue, Jun 15, 2021",New York Liberty,78,Las Vegas Aces,100,Box Score,2021,
"Sun, Jun 6, 2021",Atlanta Dream,80,Minnesota Lynx,100,Box Score,2021,
"Tue, Jun 22, 2021",Chicago Sky,92,New York Liberty,72,Box Score,2021,Commissioner's Cup Game
"Thu, Sep 2, 2021",Atlanta Dream,68,Dallas Wings,72,Box Score,2021,
"Sun, Sep 26, 2021",Chicago Sky,89,Minnesota Lynx,76,Box Score,2021,
"Tue, Aug 24, 2021",Las Vegas Aces,62,Connecticut Sun,76,Box Score,2021,
"Thu, Aug 26, 2021",Los Angeles Sparks,72,Connecticut Sun,76,Box Score,2021,
"Sat, Sep 11, 2021",Connecticut Sun,76,Phoenix Mercury,67,Box Score,2021,
"Fri, May 14, 2021",Connecticut Sun,78,Atlanta Dream,67,Box Score,2021,Commissioner's Cup Game
"Fri, Jul 9, 2021",Minnesota Lynx,77,Las Vegas Aces,67,Box Score,2021,Commissioner's Cup Game
"Sun, May 30, 2021",Indiana Fever,78,Las Vegas Aces,101,Box Score,2021,
"Sun, Jun 13, 2021",Washington Mystics,78,Atlanta Dream,101,Box Score,2021,Commissioner's Cup Game
"Thu, May 27, 2021",Dallas Wings,95,Atlanta Dream,101,Box Score,2021,
"Wed, Oct 6, 2021",Las Vegas Aces,93,Phoenix Mercury,76,Box Score,2021,
"Sat, Aug 28, 2021",Los Angeles Sparks,61,Connecticut Sun,76,Box Score,2021,
"Tue, Aug 24, 2021",Seattle Storm,70,Minnesota Lynx,76,Box Score,2021,
"Fri, Jul 2, 2021",Las Vegas Aces,66,Los Angeles Sparks,58,Box Score,2021,
"Thu, Sep 9, 2021",Connecticut Sun,75,Los Angeles Sparks,57,Box Score,2021,
"Wed, Sep 15, 2021",New York Liberty,69,Connecticut Sun,98,Box Score,2021,
"Sun, Aug 15, 2021",Connecticut Sun,80,Dallas Wings,59,Box Score,2021,
"Fri, Jun 11, 2021",Dallas Wings,77,Phoenix Mercury,59,Box Score,2021,
"Thu, Aug 19, 2021",Atlanta Dream,64,Los Angeles Sparks,66,Box Score,2021,
"Sun, Oct 3, 2021",Las Vegas Aces,60,Phoenix Mercury,87,Box Score,2021,
"Sat, May 29, 2021",Atlanta Dream,90,New York Liberty,87,Box Score,2021,Commissioner's Cup Game
"Sun, Sep 19, 2021",Los Angeles Sparks,84,Dallas Wings,87,Box Score,2021,
"Sun, Aug 15, 2021",Seattle Storm,85,Chicago Sky,87,Box Score,2021,
"Sun, May 23, 2021",Connecticut Sun,72,Las Vegas Aces,65,Box Score,2021,
"Sun, May 16, 2021",New York Liberty,73,Indiana Fever,65,Box Score,2021,Commissioner's Cup Game
"Fri, May 28, 2021",Los Angeles Sparks,76,Chicago Sky,61,Box Score,2021,
"Sun, Jul 11, 2021",Minnesota Lynx,86,Los Angeles Sparks,61,Box Score,2021,Commissioner's Cup Game
"Wed, Jun 9, 2021",Indiana Fever,76,Chicago Sky,92,Box Score,2021,Commissioner's Cup Game
"Thu, Jun 17, 2021",Seattle Storm,79,Indiana Fever,69,Box Score,2021,
"Sat, Aug 21, 2021",Phoenix Mercury,84,Atlanta Dream,69,Box Score,2021,
"Tue, May 25, 2021",Washington Mystics,85,Indiana Fever,69,Box Score,2021,
"Sat, Sep 4, 2021",Phoenix Mercury,87,Indiana Fever,65,Box Score,2021,
"Thu, Sep 2, 2021",Los Angeles Sparks,57,Minnesota Lynx,66,Box Score,2021,
"Sun, Jun 13, 2021",Seattle Storm,89,Connecticut Sun,66,Box Score,2021,
"Sun, Aug 22, 2021",Seattle Storm,85,Washington Mystics,78,Box Score,2021,
"Tue, Aug 24, 2021",Los Angeles Sparks,68,Washington Mystics,78,Box Score,2021,
"Thu, May 20, 2021",Seattle Storm,90,Minnesota Lynx,78,Box Score,2021,Commissioner's Cup Game
"Sat, Jun 26, 2021",New York Liberty,101,Atlanta Dream,78,Box Score,2021,Commissioner's Cup Game
"Tue, Sep 28, 2021",Chicago Sky,101,Connecticut Sun,95,Box Score,2021,
"Sun, Jun 27, 2021",Seattle Storm,92,Las Vegas Aces,95,Box Score,2021,Commissioner's Cup Game
"Sat, Jun 19, 2021",Minnesota Lynx,77,Dallas Wings,95,Box Score,2021,
"Thu, Jun 17, 2021",Minnesota Lynx,85,Dallas Wings,73,Box Score,2021,Commissioner's Cup Game
"Fri, Sep 17, 2021",Minnesota Lynx,92,Indiana Fever,73,Box Score,2021,
"Sun, Sep 5, 2021",Las Vegas Aces,84,Chicago Sky,92,Box Score,2021,
"Fri, Jul 9, 2021",Atlanta Dream,72,Connecticut Sun,84,Box Score,2021,Commissioner's Cup Game
"Sun, Sep 19, 2021",Atlanta Dream,64,Connecticut Sun,84,Box Score,2021,
"Sun, Aug 15, 2021",Washington Mystics,83,Las Vegas Aces,84,Box Score,2021,
"Fri, Oct 8, 2021",Phoenix Mercury,87,Las Vegas Aces,84,Box Score,2021,
"Tue, Aug 17, 2021",Indiana Fever,80,Phoenix Mercury,84,Box Score,2021,
"Sat, May 15, 2021",Las Vegas Aces,83,Seattle Storm,97,Box Score,2021,Commissioner's Cup Game
"Fri, May 21, 2021",Los Angeles Sparks,69,Las Vegas Aces,97,Box Score,2021,Commissioner's Cup Game
"Sat, May 22, 2021",Seattle Storm,100,Dallas Wings,97,Box Score,2021,Commissioner's Cup Game
"Sun, Aug 15, 2021",Atlanta Dream,81,Phoenix Mercury,92,Box Score,2021,
"Sun, Aug 15, 2021",New York Liberty,78,Minnesota Lynx,88,Box Score,2021,
"Mon, May 24, 2021",Dallas Wings,81,New York Liberty,88,Box Score,2021,
"Sun, Jun 27, 2021",Los Angeles Sparks,79,Phoenix Mercury,88,Box Score,2021,Commissioner's Cup Game
"Wed, May 19, 2021",Indiana Fever,67,Connecticut Sun,88,Box Score,2021,Commissioner's Cup Game
"Tue, Jun 1, 2021",Indiana Fever,73,Seattle Storm,88,Box Score,2021,
"Sat, Sep 4, 2021",Washington Mystics,75,Minnesota Lynx,93,Box Score,2021,
"Tue, Aug 17, 2021",Washington Mystics,83,Las Vegas Aces,93,Box Score,2021,
"Sat, Jun 5, 2021",Las Vegas Aces,96,Washington Mystics,93,Box Score,2021,
"Tue, Jun 1, 2021",Los Angeles Sparks,69,Dallas Wings,79,Box Score,2021,Commissioner's Cup Game
"Wed, Sep 8, 2021",Minnesota Lynx,81,Las Vegas Aces,102,Box Score,2021,
"Fri, May 21, 2021",New York Liberty,72,Washington Mystics,101,Box Score,2021,Commissioner's Cup Game
"Tue, Aug 31, 2021",Chicago Sky,83,Phoenix Mercury,103,Box Score,2021,
"Thu, Jun 17, 2021",New York Liberty,76,Las Vegas Aces,103,Box Score,2021,
"Wed, May 26, 2021",Las Vegas Aces,85,Phoenix Mercury,79,Box Score,2021,Commissioner's Cup Game
"Sat, Aug 21, 2021",Minnesota Lynx,101,Chicago Sky,95,Box Score,2021,
"Sun, Sep 12, 2021",Indiana Fever,80,Minnesota Lynx,90,Box Score,2021,
"Wed, Jul 7, 2021",Phoenix Mercury,99,Las Vegas Aces,90,Box Score,2021,Commissioner's Cup Game
"Tue, May 25, 2021",Connecticut Sun,87,Seattle Storm,90,Box Score,2021,
"Fri, Jun 25, 2021",Las Vegas Aces,89,Minnesota Lynx,90,Box Score,2021,Commissioner's Cup Game
"Thu, Sep 2, 2021",Chicago Sky,83,Las Vegas Aces,90,Box Score,2021,
"Fri, May 14, 2021",Indiana Fever,87,New York Liberty,90,Box Score,2021,Commissioner's Cup Game
"Fri, Jun 18, 2021",Phoenix Mercury,80,Los Angeles Sparks,66,Box Score,2021,
"Sat, Jul 3, 2021",Connecticut Sun,67,Indiana Fever,73,Box Score,2021,
"Sun, Jun 20, 2021",New York Liberty,76,Los Angeles Sparks,73,Box Score,2021,
"Tue, Jun 29, 2021",New York Liberty,69,Atlanta Dream,73,Box Score,2021,
"Fri, May 21, 2021",Atlanta Dream,83,Indiana Fever,79,Box Score,2021,Commissioner's Cup Game
"Wed, Aug 25, 2021",Phoenix Mercury,106,New York Liberty,79,Box Score,2021,
"Sun, Jul 11, 2021",Las Vegas Aces,95,Dallas Wings,79,Box Score,2021,Commissioner's Cup Game
"Wed, Oct 6, 2021",Connecticut Sun,69,Chicago Sky,79,Box Score,2021,
"Tue, Aug 24, 2021",Chicago Sky,86,Atlanta Dream,79,Box Score,2021,
"Sun, May 30, 2021",Los Angeles Sparks,82,Chicago Sky,79,Box Score,2021,
"Sun, May 30, 2021",Connecticut Sun,74,Minnesota Lynx,79,Box Score,2021,
"Thu, Sep 30, 2021",Chicago Sky,68,Connecticut Sun,79,Box Score,2021,
"Sat, Jun 12, 2021",Chicago Sky,83,Indiana Fever,79,Box Score,2021,Commissioner's Cup Game
"Mon, Sep 6, 2021",Phoenix Mercury,86,Indiana Fever,81,Box Score,2021,
"Sun, Sep 12, 2021",Seattle Storm,53,Los Angeles Sparks,81,Box Score,2021,
"Tue, Jun 8, 2021",Dallas Wings,85,Phoenix Mercury,81,Box Score,2021,Commissioner's Cup Game
"Fri, Aug 20, 2021",Indiana Fever,83,Dallas Wings,81,Box Score,2021,
"Thu, Sep 23, 2021",Dallas Wings,64,Chicago Sky,81,Box Score,2021,
"Fri, Sep 17, 2021",Phoenix Mercury,85,Seattle Storm,94,Box Score,2021,
"Sun, Jul 11, 2021",Connecticut Sun,71,New York Liberty,54,Box Score,2021,Commissioner's Cup Game
"Sun, Jul 4, 2021",Atlanta Dream,95,Las Vegas Aces,118,Box Score,2021,
"Sun, Oct 10, 2021",Chicago Sky,91,Phoenix Mercury,77,Box Score,2021,
"Sun, Sep 19, 2021",Minnesota Lynx,83,Washington Mystics,77,Box Score,2021,
"Thu, Aug 19, 2021",Washington Mystics,64,Phoenix Mercury,77,Box Score,2021,
"Sat, Sep 11, 2021",New York Liberty,76,Dallas Wings,77,Box Score,2021,
"Wed, Jun 30, 2021",Chicago Sky,91,Dallas Wings,81,Box Score,2021,
"Fri, May 28, 2021",Indiana Fever,77,Las Vegas Aces,113,Box Score,2021,
"Thu, Jun 30, 2022",Atlanta Dream,92,New York Liberty,81,Box Score,2022,Commissioner's Cup Game
"Wed, Aug 10, 2022",Minnesota Lynx,86,Phoenix Mercury,77,Box Score,2022,
"Thu, Jul 28, 2022",Washington Mystics,87,Dallas Wings,77,Box Score,2022,
"Fri, Jun 24, 2022",New York Liberty,89,Atlanta Dream,77,Box Score,2022,Commissioner's Cup Game
"Sun, Jul 31, 2022",Minnesota Lynx,84,Los Angeles Sparks,77,Box Score,2022,
"Tue, May 24, 2022",Dallas Wings,85,Connecticut Sun,77,Box Score,2022,
"Thu, Aug 4, 2022",Phoenix Mercury,64,Connecticut Sun,77,Box Score,2022,
"Sun, Jun 5, 2022",Minnesota Lynx,84,New York Liberty,77,Box Score,2022,
"Sat, Aug 20, 2022",Phoenix Mercury,80,Las Vegas Aces,117,Box Score,2022,
"Sun, Sep 4, 2022",Las Vegas Aces,110,Seattle Storm,98,Box Score,2022,
"Fri, Jun 3, 2022",Dallas Wings,68,Seattle Storm,51,Box Score,2022,Commissioner's Cup Game
"Sun, Jul 17, 2022",Atlanta Dream,85,Phoenix Mercury,75,Box Score,2022,
"Sun, Jun 5, 2022",Indiana Fever,66,Atlanta Dream,75,Box Score,2022,Commissioner's Cup Game
"Fri, May 20, 2022",Indiana Fever,85,Connecticut Sun,94,Box Score,2022,Commissioner's Cup Game
"Sun, Aug 7, 2022",Connecticut Sun,91,Chicago Sky,94,Box Score,2022,
"Sat, May 21, 2022",Minnesota Lynx,78,Dallas Wings,94,Box Score,2022,Commissioner's Cup Game
"Fri, Jul 22, 2022",Seattle Storm,78,Phoenix Mercury,94,Box Score,2022,
"Thu, Jun 23, 2022",Indiana Fever,68,Dallas Wings,94,Box Score,2022,
"Sun, May 22, 2022",Chicago Sky,82,Washington Mystics,73,Box Score,2022,Commissioner's Cup Game
"Tue, Jul 5, 2022",Seattle Storm,95,Indiana Fever,73,Box Score,2022,
"Fri, May 13, 2022",Las Vegas Aces,96,Atlanta Dream,73,Box Score,2022,
"Mon, Jun 27, 2022",Las Vegas Aces,79,Los Angeles Sparks,73,Box Score,2022,
"Sun, Jul 3, 2022",Seattle Storm,76,Atlanta Dream,90,Box Score,2022,
"Sun, Jun 12, 2022",Phoenix Mercury,99,Washington Mystics,90,Box Score,2022,
"Tue, Jul 12, 2022",Atlanta Dream,75,Chicago Sky,90,Box Score,2022,
"Thu, Jun 2, 2022",Connecticut Sun,97,Las Vegas Aces,90,Box Score,2022,
"Thu, Jul 21, 2022",Indiana Fever,77,Las Vegas Aces,90,Box Score,2022,
"Fri, Jun 10, 2022",Atlanta Dream,88,Phoenix Mercury,90,Box Score,2022,
"Thu, Jul 28, 2022",Los Angeles Sparks,80,Phoenix Mercury,90,Box Score,2022,
"Sun, Aug 14, 2022",Minnesota Lynx,83,Connecticut Sun,90,Box Score,2022,
"Sun, May 8, 2022",Washington Mystics,78,Minnesota Lynx,66,Box Score,2022,
"Tue, May 17, 2022",Atlanta Dream,101,Indiana Fever,79,Box Score,2022,
"Fri, May 27, 2022",New York Liberty,71,Seattle Storm,79,Box Score,2022,
"Sat, May 28, 2022",Washington Mystics,71,Connecticut Sun,79,Box Score,2022,Commissioner's Cup Game
"Wed, Aug 17, 2022",Phoenix Mercury,63,Las Vegas Aces,79,Box Score,2022,
"Tue, Jun 14, 2022",Seattle Storm,81,Minnesota Lynx,79,Box Score,2022,Commissioner's Cup Game
"Sun, May 15, 2022",Atlanta Dream,85,Indiana Fever,79,Box Score,2022,Commissioner's Cup Game
"Fri, Jun 10, 2022",Chicago Sky,83,Connecticut Sun,79,Box Score,2022,Commissioner's Cup Game
"Wed, May 11, 2022",Seattle Storm,77,Phoenix Mercury,97,Box Score,2022,Commissioner's Cup Game
"Tue, Aug 9, 2022",Atlanta Dream,90,Las Vegas Aces,97,Box Score,2022,
"Fri, May 6, 2022",Minnesota Lynx,74,Seattle Storm,97,Box Score,2022,Commissioner's Cup Game
"Tue, Jun 21, 2022",Chicago Sky,104,Las Vegas Aces,95,Box Score,2022,
"Sat, Aug 6, 2022",Indiana Fever,91,Dallas Wings,95,Box Score,2022,
"Sun, Aug 14, 2022",Indiana Fever,83,Washington Mystics,95,Box Score,2022,
"Tue, May 24, 2022",Indiana Fever,90,Chicago Sky,95,Box Score,2022,Commissioner's Cup Game
"Wed, Jun 8, 2022",Indiana Fever,69,Connecticut Sun,88,Box Score,2022,
"Tue, Jun 7, 2022",Minnesota Lynx,69,New York Liberty,88,Box Score,2022,
"Fri, May 6, 2022",Las Vegas Aces,106,Phoenix Mercury,88,Box Score,2022,Commissioner's Cup Game
"Sun, Jun 12, 2022",Seattle Storm,84,Dallas Wings,79,Box Score,2022,
"Sun, Jul 24, 2022",Connecticut Sun,86,Minnesota Lynx,79,Box Score,2022,
"Sun, Aug 21, 2022",Dallas Wings,89,Connecticut Sun,79,Box Score,2022,
"Tue, Sep 6, 2022",Chicago Sky,80,Connecticut Sun,104,Box Score,2022,
"Fri, May 27, 2022",Los Angeles Sparks,96,Indiana Fever,101,Box Score,2022,
"Tue, Jul 12, 2022",Las Vegas Aces,107,New York Liberty,101,Box Score,2022,
"Tue, Aug 2, 2022",Los Angeles Sparks,73,New York Liberty,102,Box Score,2022,
"Fri, Jun 10, 2022",Seattle Storm,89,Dallas Wings,88,Box Score,2022,Commissioner's Cup Game
"Wed, Jun 1, 2022",Minnesota Lynx,76,Atlanta Dream,84,Box Score,2022,
"Fri, Aug 5, 2022",Washington Mystics,83,Chicago Sky,93,Box Score,2022,
"Sun, Aug 14, 2022",Dallas Wings,116,Los Angeles Sparks,88,Box Score,2022,
"Fri, Aug 5, 2022",Los Angeles Sparks,86,Atlanta Dream,88,Box Score,2022,
"Sun, Jun 26, 2022",Minnesota Lynx,85,Chicago Sky,88,Box Score,2022,
"Wed, Jun 29, 2022",Las Vegas Aces,78,Seattle Storm,88,Box Score,2022,Commissioner's Cup Game
"Fri, Jun 3, 2022",Connecticut Sun,92,Phoenix Mercury,88,Box Score,2022,
"Thu, Jul 28, 2022",Seattle Storm,83,Connecticut Sun,88,Box Score,2022,
"Wed, Jul 6, 2022",Washington Mystics,85,Atlanta Dream,66,Box Score,2022,
"Fri, Jul 1, 2022",Indiana Fever,57,Seattle Storm,73,Box Score,2022,
"Tue, May 31, 2022",Phoenix Mercury,70,Chicago Sky,73,Box Score,2022,
"Wed, Aug 10, 2022",New York Liberty,91,Dallas Wings,73,Box Score,2022,
"Fri, May 20, 2022",Washington Mystics,78,Atlanta Dream,73,Box Score,2022,Commissioner's Cup Game
"Sun, Aug 28, 2022",Seattle Storm,76,Las Vegas Aces,73,Box Score,2022,
"Tue, Jun 21, 2022",Washington Mystics,82,Los Angeles Sparks,84,Box Score,2022,
"Sun, Jun 5, 2022",Dallas Wings,78,Las Vegas Aces,84,Box Score,2022,Commissioner's Cup Game
"Tue, May 24, 2022",New York Liberty,78,Minnesota Lynx,84,Box Score,2022,
"Thu, Jul 7, 2022",Chicago Sky,93,Indiana Fever,84,Box Score,2022,
"Wed, Jun 15, 2022",Las Vegas Aces,92,Dallas Wings,84,Box Score,2022,Commissioner's Cup Game
"Fri, May 6, 2022",Indiana Fever,70,Washington Mystics,84,Box Score,2022,Commissioner's Cup Game
"Sun, Jul 3, 2022",New York Liberty,74,Los Angeles Sparks,84,Box Score,2022,
"Thu, Jul 7, 2022",New York Liberty,81,Phoenix Mercury,84,Box Score,2022,
"Wed, Jun 8, 2022",Chicago Sky,82,Washington Mystics,84,Box Score,2022,
"Thu, Jun 23, 2022",Chicago Sky,82,Los Angeles Sparks,59,Box Score,2022,
"Sun, Jul 3, 2022",Las Vegas Aces,71,Minnesota Lynx,102,Box Score,2022,
"Fri, Jun 3, 2022",New York Liberty,74,Washington Mystics,70,Box Score,2022,Commissioner's Cup Game
"Fri, Aug 12, 2022",New York Liberty,80,Atlanta Dream,70,Box Score,2022,
"Sun, Jul 17, 2022",Minnesota Lynx,57,Washington Mystics,70,Box Score,2022,
"Tue, May 24, 2022",Atlanta Dream,50,Washington Mystics,70,Box Score,2022,Commissioner's Cup Game
"Fri, Aug 12, 2022",Washington Mystics,82,Indiana Fever,70,Box Score,2022,
"Sun, May 22, 2022",Connecticut Sun,92,Indiana Fever,70,Box Score,2022,Commissioner's Cup Game
"Sun, Aug 21, 2022",Washington Mystics,84,Seattle Storm,97,Box Score,2022,
"Sun, Jul 31, 2022",Seattle Storm,75,Washington Mystics,78,Box Score,2022,
"Thu, Jul 21, 2022",New York Liberty,69,Washington Mystics,78,Box Score,2022,
"Mon, Jul 4, 2022",Phoenix Mercury,75,Los Angeles Sparks,78,Box Score,2022,
"Tue, Aug 2, 2022",Dallas Wings,84,Chicago Sky,78,Box Score,2022,
"Wed, Aug 31, 2022",Seattle Storm,73,Las Vegas Aces,78,Box Score,2022,
"Sat, Jul 23, 2022",Los Angeles Sparks,66,Las Vegas Aces,84,Box Score,2022,
"Fri, Jul 22, 2022",Connecticut Sun,94,Minnesota Lynx,84,Box Score,2022,
"Tue, May 17, 2022",Minnesota Lynx,87,Los Angeles Sparks,84,Box Score,2022,Commissioner's Cup Game
"Tue, Sep 6, 2022",Las Vegas Aces,97,Seattle Storm,92,Box Score,2022,
"Sun, Jun 19, 2022",Seattle Storm,81,New York Liberty,72,Box Score,2022,
"Sat, Jun 25, 2022",Phoenix Mercury,83,Dallas Wings,72,Box Score,2022,
"Sat, Jun 11, 2022",Las Vegas Aces,89,Los Angeles Sparks,72,Box Score,2022,Commissioner's Cup Game
"Fri, Jul 29, 2022",Las Vegas Aces,93,Indiana Fever,72,Box Score,2022,
"Sun, Sep 4, 2022",Chicago Sky,76,Connecticut Sun,72,Box Score,2022,
"Tue, Jun 7, 2022",Atlanta Dream,60,Seattle Storm,72,Box Score,2022,
"Thu, Aug 18, 2022",Dallas Wings,68,Connecticut Sun,93,Box Score,2022,
"Thu, May 19, 2022",Minnesota Lynx,87,Las Vegas Aces,93,Box Score,2022,Commissioner's Cup Game
"Wed, Jul 20, 2022",Seattle Storm,74,Chicago Sky,78,Box Score,2022,
"Sat, May 14, 2022",Chicago Sky,82,Minnesota Lynx,78,Box Score,2022,
"Fri, Jun 10, 2022",Washington Mystics,76,Minnesota Lynx,59,Box Score,2022,
"Sat, May 7, 2022",Atlanta Dream,66,Dallas Wings,59,Box Score,2022,
"Tue, Jun 28, 2022",Dallas Wings,64,Minnesota Lynx,92,Box Score,2022,Commissioner's Cup Game
"Sun, Jul 31, 2022",Chicago Sky,95,Connecticut Sun,92,Box Score,2022,
"Tue, Jun 28, 2022",Atlanta Dream,74,Washington Mystics,92,Box Score,2022,
"Sun, Jun 19, 2022",Los Angeles Sparks,82,Dallas Wings,92,Box Score,2022,Commissioner's Cup Game
"Sun, May 29, 2022",New York Liberty,61,Seattle Storm,92,Box Score,2022,
"Mon, May 23, 2022",Los Angeles Sparks,76,Las Vegas Aces,104,Box Score,2022,Commissioner's Cup Game
"Fri, Jun 3, 2022",Chicago Sky,73,Atlanta Dream,65,Box Score,2022,Commissioner's Cup Game
"Tue, May 17, 2022",Connecticut Sun,92,New York Liberty,65,Box Score,2022,
"Wed, Jun 1, 2022",Indiana Fever,74,New York Liberty,87,Box Score,2022,
"Sun, Aug 14, 2022",Atlanta Dream,83,New York Liberty,87,Box Score,2022,
"Thu, Jul 14, 2022",Dallas Wings,92,Minnesota Lynx,87,Box Score,2022,
"Sat, Aug 6, 2022",New York Liberty,62,Phoenix Mercury,76,Box Score,2022,
"Tue, Jul 19, 2022",Atlanta Dream,92,Las Vegas Aces,76,Box Score,2022,
"Sat, May 28, 2022",Las Vegas Aces,83,Chicago Sky,76,Box Score,2022,
"Sun, Aug 7, 2022",Los Angeles Sparks,79,Washington Mystics,76,Box Score,2022,
"Tue, Aug 23, 2022",Chicago Sky,90,New York Liberty,72,Box Score,2022,
"Sat, May 21, 2022",Phoenix Mercury,80,Las Vegas Aces,100,Box Score,2022,
"Sun, Aug 28, 2022",Connecticut Sun,68,Chicago Sky,63,Box Score,2022,
"Thu, Sep 8, 2022",Connecticut Sun,72,Chicago Sky,63,Box Score,2022,
"Fri, Jun 17, 2022",Phoenix Mercury,88,Dallas Wings,93,Box Score,2022,Commissioner's Cup Game
"Tue, May 31, 2022",Dallas Wings,91,Los Angeles Sparks,93,Box Score,2022,Commissioner's Cup Game
"Wed, May 25, 2022",Phoenix Mercury,94,Los Angeles Sparks,99,Box Score,2022,Commissioner's Cup Game
"Thu, May 19, 2022",Dallas Wings,94,Phoenix Mercury,84,Box Score,2022,Commissioner's Cup Game
"Wed, Aug 24, 2022",Connecticut Sun,73,Dallas Wings,58,Box Score,2022,
"Thu, May 26, 2022",Dallas Wings,68,Connecticut Sun,99,Box Score,2022,
"Wed, Jun 29, 2022",Indiana Fever,78,Phoenix Mercury,99,Box Score,2022,
"Tue, Aug 2, 2022",Phoenix Mercury,63,Connecticut Sun,87,Box Score,2022,
"Thu, Aug 11, 2022",Connecticut Sun,93,Los Angeles Sparks,69,Box Score,2022,
"Thu, Sep 15, 2022",Las Vegas Aces,76,Connecticut Sun,105,Box Score,2022,
"Wed, Jun 15, 2022",Atlanta Dream,92,Connecticut Sun,105,Box Score,2022,Commissioner's Cup Game
"Fri, Jun 17, 2022",Atlanta Dream,100,Chicago Sky,106,Box Score,2022,Commissioner's Cup Game
"Thu, Jul 7, 2022",Seattle Storm,106,Los Angeles Sparks,69,Box Score,2022,Commissioner's Cup Game
"Fri, Aug 12, 2022",Seattle Storm,96,Minnesota Lynx,69,Box Score,2022,
"Sun, Jun 19, 2022",Minnesota Lynx,95,Las Vegas Aces,96,Box Score,2022,
"Sun, Sep 18, 2022",Las Vegas Aces,78,Connecticut Sun,71,Box Score,2022,
"Tue, Aug 9, 2022",Connecticut Sun,97,Los Angeles Sparks,71,Box Score,2022,
"Sat, Aug 20, 2022",New York Liberty,62,Chicago Sky,100,Box Score,2022,
"Tue, Aug 9, 2022",Seattle Storm,111,Chicago Sky,100,Box Score,2022,
"Tue, Jun 21, 2022",Minnesota Lynx,84,Phoenix Mercury,71,Box Score,2022,Commissioner's Cup Game
"Sun, Jun 19, 2022",Connecticut Sun,63,Washington Mystics,71,Box Score,2022,Commissioner's Cup Game
"Sun, May 15, 2022",Dallas Wings,81,New York Liberty,71,Box Score,2022,
"Thu, Jun 23, 2022",Phoenix Mercury,88,Minnesota Lynx,100,Box Score,2022,Commissioner's Cup Game
"Fri, Jun 17, 2022",Seattle Storm,71,Connecticut Sun,82,Box Score,2022,
"Tue, Jul 5, 2022",Connecticut Sun,71,Dallas Wings,82,Box Score,2022,
"Tue, Jul 19, 2022",New York Liberty,63,Connecticut Sun,82,Box Score,2022,
"Thu, Aug 4, 2022",Las Vegas Aces,80,Dallas Wings,82,Box Score,2022,
"Sun, Jun 26, 2022",Connecticut Sun,72,Atlanta Dream,61,Box Score,2022,Commissioner's Cup Game
"Sun, Jul 31, 2022",Las Vegas Aces,94,Indiana Fever,69,Box Score,2022,
"Fri, May 13, 2022",Indiana Fever,92,New York Liberty,86,Box Score,2022,Commissioner's Cup Game
"Sun, Jun 5, 2022",Connecticut Sun,93,Seattle Storm,86,Box Score,2022,
"Tue, May 17, 2022",Phoenix Mercury,74,Las Vegas Aces,86,Box Score,2022,Commissioner's Cup Game
"Sun, Jul 24, 2022",Dallas Wings,96,Indiana Fever,86,Box Score,2022,
"Tue, Jul 19, 2022",Indiana Fever,79,Los Angeles Sparks,86,Box Score,2022,
"Fri, May 13, 2022",Dallas Wings,94,Washington Mystics,86,Box Score,2022,
"Sat, May 14, 2022",Los Angeles Sparks,60,Connecticut Sun,77,Box Score,2022,
"Sat, Jul 30, 2022",Seattle Storm,82,Washington Mystics,77,Box Score,2022,
"Sun, May 8, 2022",Los Angeles Sparks,87,Indiana Fever,77,Box Score,2022,
"Wed, May 11, 2022",Los Angeles Sparks,75,Atlanta Dream,77,Box Score,2022,
"Sat, Jun 25, 2022",Los Angeles Sparks,85,Seattle Storm,77,Box Score,2022,
"Sun, Jul 24, 2022",Atlanta Dream,72,Seattle Storm,82,Box Score,2022,
"Tue, May 10, 2022",Minnesota Lynx,76,Indiana Fever,82,Box Score,2022,
"Sun, Aug 14, 2022",Chicago Sky,82,Phoenix Mercury,67,Box Score,2022,
"Sun, Sep 11, 2022",Connecticut Sun,64,Las Vegas Aces,67,Box Score,2022,
"Wed, Jun 15, 2022",Phoenix Mercury,93,Indiana Fever,80,Box Score,2022,
"Thu, Jul 14, 2022",Washington Mystics,75,Phoenix Mercury,80,Box Score,2022,
"Thu, Jun 16, 2022",Washington Mystics,65,New York Liberty,77,Box Score,2022,Commissioner's Cup Game
"Fri, Jul 1, 2022",Los Angeles Sparks,97,Dallas Wings,89,Box Score,2022,
"Tue, May 10, 2022",Las Vegas Aces,76,Washington Mystics,89,Box Score,2022,
"Sun, Jul 31, 2022",Phoenix Mercury,69,New York Liberty,89,Box Score,2022,
"Thu, Aug 11, 2022",Chicago Sky,78,Las Vegas Aces,89,Box Score,2022,
"Fri, Jul 15, 2022",Minnesota Lynx,87,Indiana Fever,77,Box Score,2022,
"Wed, Jun 22, 2022",New York Liberty,81,Connecticut Sun,77,Box Score,2022,Commissioner's Cup Game
"Tue, Jun 14, 2022",Phoenix Mercury,65,Washington Mystics,83,Box Score,2022,
"Sat, Jul 23, 2022",Chicago Sky,80,New York Liberty,83,Box Score,2022,
"Sat, Jun 25, 2022",Washington Mystics,87,Las Vegas Aces,86,Box Score,2022,
"Sun, Jun 12, 2022",Chicago Sky,88,New York Liberty,86,Box Score,2022,Commissioner's Cup Game
"Mon, Aug 8, 2022",New York Liberty,77,Dallas Wings,86,Box Score,2022,
"Thu, Aug 18, 2022",Washington Mystics,83,Seattle Storm,86,Box Score,2022,
"Fri, Aug 12, 2022",Dallas Wings,74,Phoenix Mercury,86,Box Score,2022,
"Sat, Jul 16, 2022",Chicago Sky,89,Dallas Wings,81,Box Score,2022,
"Sun, May 29, 2022",Phoenix Mercury,54,Atlanta Dream,81,Box Score,2022,
"Sun, Jul 17, 2022",Indiana Fever,65,Seattle Storm,81,Box Score,2022,
"Wed, Jul 6, 2022",Chicago Sky,78,Minnesota Lynx,81,Box Score,2022,
"Sat, May 7, 2022",Connecticut Sun,79,New York Liberty,81,Box Score,2022,Commissioner's Cup Game
"Sun, Aug 7, 2022",Atlanta Dream,71,Minnesota Lynx,81,Box Score,2022,
"Tue, May 31, 2022",Washington Mystics,87,Indiana Fever,75,Box Score,2022,Commissioner's Cup Game
"Fri, Jun 10, 2022",New York Liberty,97,Indiana Fever,83,Box Score,2022,Commissioner's Cup Game
"Sun, May 29, 2022",Los Angeles Sparks,85,Minnesota Lynx,83,Box Score,2022,Commissioner's Cup Game
"Wed, May 18, 2022",Chicago Sky,71,Seattle Storm,74,Box Score,2022,
"Thu, Jul 14, 2022",Las Vegas Aces,108,New York Liberty,74,Box Score,2022,
"Sun, Jul 3, 2022",Washington Mystics,72,Connecticut Sun,74,Box Score,2022,
"Sat, May 14, 2022",Phoenix Mercury,69,Seattle Storm,64,Box Score,2022,Commissioner's Cup Game
"Wed, Aug 3, 2022",Los Angeles Sparks,61,New York Liberty,64,Box Score,2022,
"Tue, Aug 2, 2022",Las Vegas Aces,73,Washington Mystics,83,Box Score,2022,
"Fri, Jul 1, 2022",Las Vegas Aces,91,Minnesota Lynx,85,Box Score,2022,Commissioner's Cup Game
"Wed, Aug 31, 2022",Connecticut Sun,77,Chicago Sky,85,Box Score,2022,
"Thu, Jul 28, 2022",Minnesota Lynx,92,Atlanta Dream,85,Box Score,2022,
"Tue, Sep 13, 2022",Connecticut Sun,71,Las Vegas Aces,85,Box Score,2022,
"Sun, Jun 12, 2022",Indiana Fever,84,Minnesota Lynx,80,Box Score,2022,
"Tue, Jun 21, 2022",Dallas Wings,75,Atlanta Dream,80,Box Score,2022,
"Sun, Jun 19, 2022",Chicago Sky,87,Indiana Fever,89,Box Score,2022,Commissioner's Cup Game
"Fri, Jul 22, 2022",Dallas Wings,83,Chicago Sky,89,Box Score,2022,
"Wed, Aug 3, 2022",Minnesota Lynx,77,Seattle Storm,89,Box Score,2022,
"Fri, Jul 29, 2022",New York Liberty,81,Chicago Sky,89,Box Score,2022,
"Fri, May 20, 2022",Los Angeles Sparks,80,Seattle Storm,83,Box Score,2022,Commissioner's Cup Game
"Mon, Jun 27, 2022",Indiana Fever,71,Phoenix Mercury,83,Box Score,2022,
"Sun, Jun 5, 2022",Washington Mystics,82,Chicago Sky,91,Box Score,2022,Commissioner's Cup Game
"Sat, Jul 2, 2022",Phoenix Mercury,75,Chicago Sky,91,Box Score,2022,
"Fri, May 6, 2022",Los Angeles Sparks,98,Chicago Sky,91,Box Score,2022,
"Wed, Aug 3, 2022",Indiana Fever,81,Atlanta Dream,91,Box Score,2022,
"Tue, Jul 12, 2022",Washington Mystics,94,Los Angeles Sparks,81,Box Score,2022,
"Sun, Aug 7, 2022",Las Vegas Aces,89,Seattle Storm,81,Box Score,2022,
"Wed, Jul 13, 2022",Connecticut Sun,89,Indiana Fever,81,Box Score,2022,
"Sun, Jun 5, 2022",Los Angeles Sparks,74,Phoenix Mercury,81,Box Score,2022,Commissioner's Cup Game
"Tue, Jul 12, 2022",Phoenix Mercury,107,Minnesota Lynx,118,Box Score,2022,
"Tue, May 17, 2022",Washington Mystics,84,Dallas Wings,68,Box Score,2022,
"Wed, Jul 6, 2022",New York Liberty,116,Las Vegas Aces,107,Box Score,2022,
"Sun, Aug 14, 2022",Seattle Storm,100,Las Vegas Aces,109,Box Score,2022,
"Tue, May 31, 2022",Connecticut Sun,81,Las Vegas Aces,89,Box Score,2022,
"Thu, Jul 21, 2022",Atlanta Dream,78,Los Angeles Sparks,85,Box Score,2022,
"Sun, May 8, 2022",Seattle Storm,74,Las Vegas Aces,85,Box Score,2022,Commissioner's Cup Game
"Thu, Jun 23, 2022",Washington Mystics,71,Seattle Storm,85,Box Score,2022,
"Tue, Jul 12, 2022",Dallas Wings,74,Seattle Storm,83,Box Score,2022,
"Wed, May 11, 2022",New York Liberty,50,Chicago Sky,83,Box Score,2022,Commissioner's Cup Game
"Sun, Jul 17, 2022",Las Vegas Aces,91,Connecticut Sun,83,Box Score,2022,
"Wed, Jun 29, 2022",Connecticut Sun,83,Chicago Sky,91,Box Score,2022,Commissioner's Cup Game
"Wed, Aug 17, 2022",New York Liberty,98,Chicago Sky,91,Box Score,2022,
"Sat, Jul 30, 2022",Dallas Wings,81,Atlanta Dream,68,Box Score,2022,
"Thu, Jul 14, 2022",Chicago Sky,80,Los Angeles Sparks,68,Box Score,2022,
"Fri, Jul 15, 2022",Connecticut Sun,93,Atlanta Dream,68,Box Score,2022,
"Wed, Jun 28, 2023",Atlanta Dream,86,Washington Mystics,109,Box Score,2023,Commissioner's Cup Game
"Sun, Jul 2, 2023",Los Angeles Sparks,84,Atlanta Dream,112,Box Score,2023,
"Fri, Aug 11, 2023",Washington Mystics,89,Las Vegas Aces,113,Box Score,2023,
"Thu, Jun 22, 2023",Connecticut Sun,89,Minnesota Lynx,68,Box Score,2023,
"Thu, Aug 10, 2023",Atlanta Dream,67,Seattle Storm,68,Box Score,2023,
"Thu, Jun 22, 2023",Indiana Fever,80,Seattle Storm,68,Box Score,2023,
"Fri, Jul 7, 2023",Atlanta Dream,82,Chicago Sky,68,Box Score,2023,Commissioner's Cup Game
"Tue, Jun 6, 2023",Indiana Fever,103,Chicago Sky,108,Box Score,2023,Commissioner's Cup Game
"Tue, Aug 8, 2023",Washington Mystics,72,Phoenix Mercury,91,Box Score,2023,
"Sat, Aug 5, 2023",Seattle Storm,97,Phoenix Mercury,91,Box Score,2023,
"Sun, Aug 13, 2023",Phoenix Mercury,71,Seattle Storm,81,Box Score,2023,
"Sun, Aug 27, 2023",Chicago Sky,90,Seattle Storm,85,Box Score,2023,
"Wed, Jul 12, 2023",Seattle Storm,75,Atlanta Dream,85,Box Score,2023,
"Sat, Aug 12, 2023",Atlanta Dream,74,Los Angeles Sparks,85,Box Score,2023,
"Fri, Sep 1, 2023",Connecticut Sun,58,New York Liberty,89,Box Score,2023,
"Sun, Jun 18, 2023",Phoenix Mercury,71,New York Liberty,89,Box Score,2023,
"Sun, Jul 9, 2023",Las Vegas Aces,113,Minnesota Lynx,89,Box Score,2023,Commissioner's Cup Game
"Fri, Aug 4, 2023",Chicago Sky,104,Dallas Wings,89,Box Score,2023,
"Wed, Jul 5, 2023",Dallas Wings,82,Las Vegas Aces,89,Box Score,2023,Commissioner's Cup Game
"Sun, Jun 25, 2023",Washington Mystics,88,New York Liberty,89,Box Score,2023,Commissioner's Cup Game
"Sun, Sep 10, 2023",Los Angeles Sparks,91,Seattle Storm,89,Box Score,2023,
"Sun, Jul 2, 2023",Washington Mystics,72,Dallas Wings,89,Box Score,2023,
"Fri, Aug 11, 2023",Chicago Sky,73,New York Liberty,89,Box Score,2023,
"Sun, Aug 13, 2023",New York Liberty,100,Indiana Fever,89,Box Score,2023,
"Thu, May 25, 2023",Las Vegas Aces,94,Los Angeles Sparks,85,Box Score,2023,Commissioner's Cup Game
"Tue, Jun 20, 2023",Atlanta Dream,73,Dallas Wings,85,Box Score,2023,
"Sat, May 20, 2023",Atlanta Dream,78,Dallas Wings,85,Box Score,2023,
"Tue, Jun 27, 2023",Dallas Wings,77,Phoenix Mercury,62,Box Score,2023,Commissioner's Cup Game
"Sun, Jul 30, 2023",Seattle Storm,85,Indiana Fever,62,Box Score,2023,
"Tue, Sep 19, 2023",Atlanta Dream,74,Dallas Wings,101,Box Score,2023,
"Sun, Jul 23, 2023",Indiana Fever,83,New York Liberty,101,Box Score,2023,
"Fri, Jun 23, 2023",New York Liberty,110,Atlanta Dream,80,Box Score,2023,
"Sun, Jul 30, 2023",Washington Mystics,73,Atlanta Dream,80,Box Score,2023,
"Tue, Aug 8, 2023",Los Angeles Sparks,87,Indiana Fever,80,Box Score,2023,
"Fri, Jun 9, 2023",Chicago Sky,62,Los Angeles Sparks,77,Box Score,2023,
"Tue, Sep 5, 2023",Washington Mystics,100,Phoenix Mercury,77,Box Score,2023,
"Sun, Jun 18, 2023",Chicago Sky,69,Washington Mystics,77,Box Score,2023,Commissioner's Cup Game
"Sun, Jul 9, 2023",Atlanta Dream,88,Chicago Sky,77,Box Score,2023,
"Tue, May 23, 2023",Atlanta Dream,83,Minnesota Lynx,77,Box Score,2023,
"Sun, Sep 10, 2023",Dallas Wings,94,Atlanta Dream,77,Box Score,2023,
"Sun, Jun 11, 2023",Connecticut Sun,89,Atlanta Dream,77,Box Score,2023,Commissioner's Cup Game
"Wed, Jul 12, 2023",Dallas Wings,107,Minnesota Lynx,67,Box Score,2023,Commissioner's Cup Game
"Fri, May 19, 2023",New York Liberty,64,Washington Mystics,80,Box Score,2023,Commissioner's Cup Game
"Sat, Jul 8, 2023",Seattle Storm,76,New York Liberty,80,Box Score,2023,
"Thu, Jul 20, 2023",Chicago Sky,62,Phoenix Mercury,80,Box Score,2023,
"Wed, Jun 28, 2023",Los Angeles Sparks,63,Chicago Sky,80,Box Score,2023,
"Sun, Jun 4, 2023",Las Vegas Aces,84,Indiana Fever,80,Box Score,2023,
"Sun, Jun 4, 2023",Dallas Wings,74,Connecticut Sun,80,Box Score,2023,
"Thu, Jul 20, 2023",Atlanta Dream,71,Connecticut Sun,82,Box Score,2023,
"Tue, Jul 18, 2023",Minnesota Lynx,73,Atlanta Dream,82,Box Score,2023,
"Sun, Jun 4, 2023",Chicago Sky,86,New York Liberty,82,Box Score,2023,Commissioner's Cup Game
"Sun, Aug 6, 2023",Indiana Fever,73,Atlanta Dream,82,Box Score,2023,
"Sun, Jun 11, 2023",Phoenix Mercury,85,Indiana Fever,82,Box Score,2023,
"Tue, Aug 22, 2023",Las Vegas Aces,112,Atlanta Dream,100,Box Score,2023,
"Fri, Sep 1, 2023",Dallas Wings,110,Indiana Fever,100,Box Score,2023,
"Sun, Sep 10, 2023",Phoenix Mercury,85,Las Vegas Aces,100,Box Score,2023,
"Sun, Sep 24, 2023",Connecticut Sun,78,New York Liberty,63,Box Score,2023,
"Thu, Jul 20, 2023",Las Vegas Aces,79,Seattle Storm,63,Box Score,2023,
"Fri, Aug 18, 2023",New York Liberty,85,Phoenix Mercury,63,Box Score,2023,
"Thu, Jun 29, 2023",Indiana Fever,63,Phoenix Mercury,85,Box Score,2023,
"Tue, Jul 11, 2023",Seattle Storm,86,Washington Mystics,93,Box Score,2023,
"Tue, Jun 20, 2023",Connecticut Sun,85,Seattle Storm,79,Box Score,2023,
"Tue, Jun 13, 2023",Atlanta Dream,86,New York Liberty,79,Box Score,2023,Commissioner's Cup Game
"Sun, Aug 6, 2023",Las Vegas Aces,61,New York Liberty,99,Box Score,2023,
"Tue, Aug 8, 2023",Minnesota Lynx,88,Chicago Sky,79,Box Score,2023,
"Fri, Jun 2, 2023",New York Liberty,77,Chicago Sky,76,Box Score,2023,Commissioner's Cup Game
"Sat, Aug 26, 2023",New York Liberty,111,Minnesota Lynx,76,Box Score,2023,
"Tue, Aug 1, 2023",Minnesota Lynx,69,Connecticut Sun,79,Box Score,2023,
"Sun, Jul 30, 2023",New York Liberty,87,Los Angeles Sparks,79,Box Score,2023,
"Wed, Jul 5, 2023",Atlanta Dream,90,Los Angeles Sparks,79,Box Score,2023,
"Sun, Sep 3, 2023",Washington Mystics,64,Los Angeles Sparks,72,Box Score,2023,
"Sat, Aug 19, 2023",Los Angeles Sparks,78,Las Vegas Aces,72,Box Score,2023,
"Wed, Jul 12, 2023",Connecticut Sun,84,Chicago Sky,72,Box Score,2023,Commissioner's Cup Game
"Fri, Jun 16, 2023",Minnesota Lynx,77,Los Angeles Sparks,72,Box Score,2023,Commissioner's Cup Game
"Tue, Jul 18, 2023",Connecticut Sun,66,Phoenix Mercury,72,Box Score,2023,
"Thu, Jun 22, 2023",Washington Mystics,80,Chicago Sky,59,Box Score,2023,
"Fri, Jun 23, 2023",Dallas Wings,74,Los Angeles Sparks,76,Box Score,2023,Commissioner's Cup Game
"Wed, Jul 19, 2023",Indiana Fever,82,Washington Mystics,76,Box Score,2023,
"Fri, Aug 18, 2023",Minnesota Lynx,78,Seattle Storm,70,Box Score,2023,
"Thu, Jun 15, 2023",Atlanta Dream,92,Connecticut Sun,88,Box Score,2023,Commissioner's Cup Game
"Mon, Jun 26, 2023",Indiana Fever,80,Las Vegas Aces,88,Box Score,2023,
"Wed, Jul 19, 2023",Dallas Wings,98,New York Liberty,88,Box Score,2023,
"Fri, Jun 16, 2023",Phoenix Mercury,69,Washington Mystics,88,Box Score,2023,
"Thu, Aug 17, 2023",New York Liberty,75,Las Vegas Aces,88,Box Score,2023,
"Fri, Aug 4, 2023",Connecticut Sun,88,Indiana Fever,72,Box Score,2023,
"Tue, Aug 1, 2023",Phoenix Mercury,71,Indiana Fever,72,Box Score,2023,
"Fri, Aug 4, 2023",Los Angeles Sparks,77,Washington Mystics,79,Box Score,2023,
"Wed, Jun 21, 2023",Las Vegas Aces,99,Phoenix Mercury,79,Box Score,2023,Commissioner's Cup Game
"Fri, Aug 18, 2023",Washington Mystics,83,Indiana Fever,79,Box Score,2023,
"Wed, Sep 6, 2023",Seattle Storm,68,Atlanta Dream,79,Box Score,2023,
"Tue, Aug 22, 2023",Seattle Storm,79,Chicago Sky,102,Box Score,2023,
"Sun, Jun 11, 2023",Dallas Wings,93,New York Liberty,102,Box Score,2023,
"Sat, Jul 1, 2023",Connecticut Sun,84,Las Vegas Aces,102,Box Score,2023,
"Sun, May 21, 2023",Washington Mystics,74,Connecticut Sun,80,Box Score,2023,Commissioner's Cup Game
"Fri, Jul 7, 2023",Las Vegas Aces,78,Dallas Wings,80,Box Score,2023,Commissioner's Cup Game
"Sat, Jun 17, 2023",Seattle Storm,109,Dallas Wings,103,Box Score,2023,Commissioner's Cup Game
"Sat, Sep 2, 2023",Seattle Storm,77,Las Vegas Aces,103,Box Score,2023,
"Sat, Jun 24, 2023",Indiana Fever,88,Las Vegas Aces,101,Box Score,2023,
"Tue, Jul 25, 2023",Indiana Fever,78,Los Angeles Sparks,79,Box Score,2023,
"Tue, Sep 5, 2023",New York Liberty,94,Dallas Wings,93,Box Score,2023,
"Sun, Jun 11, 2023",Chicago Sky,80,Las Vegas Aces,93,Box Score,2023,
"Tue, Aug 1, 2023",Atlanta Dream,72,Las Vegas Aces,93,Box Score,2023,
"Thu, Jul 6, 2023",Seattle Storm,73,Connecticut Sun,93,Box Score,2023,
"Sun, Sep 10, 2023",Washington Mystics,90,New York Liberty,88,Box Score,2023,
"Sat, May 27, 2023",Los Angeles Sparks,65,Las Vegas Aces,93,Box Score,2023,Commissioner's Cup Game
"Sun, Jun 25, 2023",Dallas Wings,83,Los Angeles Sparks,93,Box Score,2023,
"Sun, Jun 18, 2023",Minnesota Lynx,62,Las Vegas Aces,93,Box Score,2023,
"Tue, Jul 25, 2023",Las Vegas Aces,107,Chicago Sky,95,Box Score,2023,
"Thu, Jul 27, 2023",Atlanta Dream,84,New York Liberty,95,Box Score,2023,
"Fri, Aug 18, 2023",Dallas Wings,95,Connecticut Sun,75,Box Score,2023,
"Fri, Jun 2, 2023",Los Angeles Sparks,99,Phoenix Mercury,93,Box Score,2023,Commissioner's Cup Game
"Fri, Sep 8, 2023",Indiana Fever,59,Connecticut Sun,76,Box Score,2023,
"Thu, May 25, 2023",Minnesota Lynx,81,Phoenix Mercury,90,Box Score,2023,Commissioner's Cup Game
"Tue, Jun 6, 2023",Los Angeles Sparks,63,Seattle Storm,66,Box Score,2023,Commissioner's Cup Game
"Fri, Aug 4, 2023",New York Liberty,76,Minnesota Lynx,66,Box Score,2023,
"Fri, May 19, 2023",Chicago Sky,77,Minnesota Lynx,66,Box Score,2023,
"Sun, Jul 2, 2023",New York Liberty,81,Seattle Storm,66,Box Score,2023,
"Fri, Jun 9, 2023",Washington Mystics,73,Seattle Storm,66,Box Score,2023,
"Thu, Jul 20, 2023",Los Angeles Sparks,70,Minnesota Lynx,73,Box Score,2023,
"Sun, Aug 20, 2023",Indiana Fever,83,Phoenix Mercury,73,Box Score,2023,
"Sun, Aug 20, 2023",Connecticut Sun,79,Chicago Sky,73,Box Score,2023,
"Fri, Sep 8, 2023",Las Vegas Aces,94,Phoenix Mercury,73,Box Score,2023,
"Thu, Aug 24, 2023",Seattle Storm,86,Indiana Fever,90,Box Score,2023,
"Tue, Jun 6, 2023",Las Vegas Aces,90,Connecticut Sun,84,Box Score,2023,
"Thu, Aug 31, 2023",Washington Mystics,75,Las Vegas Aces,84,Box Score,2023,
"Tue, Aug 8, 2023",Las Vegas Aces,104,Dallas Wings,84,Box Score,2023,
"Sun, Aug 20, 2023",Dallas Wings,97,Washington Mystics,84,Box Score,2023,
"Sat, Jul 1, 2023",Minnesota Lynx,86,Phoenix Mercury,76,Box Score,2023,
"Sun, Jul 9, 2023",Dallas Wings,77,Indiana Fever,76,Box Score,2023,
"Tue, Aug 8, 2023",Connecticut Sun,81,Seattle Storm,69,Box Score,2023,
"Fri, Jun 9, 2023",Indiana Fever,71,Minnesota Lynx,69,Box Score,2023,
"Wed, Oct 18, 2023",Las Vegas Aces,70,New York Liberty,69,Box Score,2023,
"Tue, Sep 5, 2023",Los Angeles Sparks,76,Connecticut Sun,90,Box Score,2023,
"Tue, Sep 19, 2023",Washington Mystics,85,New York Liberty,90,Box Score,2023,
"Thu, Aug 24, 2023",New York Liberty,95,Connecticut Sun,90,Box Score,2023,
"Wed, Jul 5, 2023",Indiana Fever,83,Minnesota Lynx,90,Box Score,2023,
"Thu, Jun 15, 2023",Indiana Fever,92,Chicago Sky,90,Box Score,2023,
"Thu, Aug 10, 2023",Connecticut Sun,84,Phoenix Mercury,90,Box Score,2023,
"Fri, Sep 15, 2023",Washington Mystics,75,New York Liberty,90,Box Score,2023,
"Fri, Jul 28, 2023",Washington Mystics,62,Dallas Wings,90,Box Score,2023,
"Wed, Sep 13, 2023",Minnesota Lynx,60,Connecticut Sun,90,Box Score,2023,
"Fri, Jun 9, 2023",Phoenix Mercury,77,Dallas Wings,90,Box Score,2023,
"Sun, May 21, 2023",Indiana Fever,73,New York Liberty,90,Box Score,2023,Commissioner's Cup Game
"Thu, Jun 29, 2023",Minnesota Lynx,99,Seattle Storm,97,Box Score,2023,Commissioner's Cup Game
"Sat, Jun 24, 2023",Phoenix Mercury,74,Seattle Storm,97,Box Score,2023,Commissioner's Cup Game
"Wed, Jul 26, 2023",Washington Mystics,92,Minnesota Lynx,97,Box Score,2023,
"Sun, Sep 24, 2023",Dallas Wings,83,Las Vegas Aces,97,Box Score,2023,
"Sat, Jun 3, 2023",Minnesota Lynx,80,Washington Mystics,78,Box Score,2023,
"Sun, Sep 3, 2023",Indiana Fever,97,Dallas Wings,84,Box Score,2023,
"Sun, Jul 23, 2023",Phoenix Mercury,69,Washington Mystics,84,Box Score,2023,
"Sun, Oct 1, 2023",New York Liberty,87,Connecticut Sun,84,Box Score,2023,
"Wed, Jun 7, 2023",Phoenix Mercury,79,Dallas Wings,84,Box Score,2023,Commissioner's Cup Game
"Tue, Sep 26, 2023",Connecticut Sun,77,New York Liberty,84,Box Score,2023,
"Thu, Jun 1, 2023",Connecticut Sun,89,Minnesota Lynx,84,Box Score,2023,
"Thu, Aug 31, 2023",Phoenix Mercury,74,Connecticut Sun,84,Box Score,2023,
"Fri, Sep 8, 2023",Minnesota Lynx,87,Chicago Sky,92,Box Score,2023,
"Sat, Jun 3, 2023",Seattle Storm,85,Los Angeles Sparks,92,Box Score,2023,Commissioner's Cup Game
"Sun, Sep 17, 2023",Chicago Sky,70,Las Vegas Aces,92,Box Score,2023,
"Sun, Jul 9, 2023",Washington Mystics,84,Connecticut Sun,92,Box Score,2023,
"Tue, May 30, 2023",New York Liberty,86,Seattle Storm,78,Box Score,2023,
"Sat, Aug 26, 2023",Las Vegas Aces,62,Washington Mystics,78,Box Score,2023,
"Sat, Jul 22, 2023",Connecticut Sun,86,Atlanta Dream,78,Box Score,2023,
"Fri, Aug 18, 2023",Chicago Sky,67,Atlanta Dream,78,Box Score,2023,
"Wed, Jul 12, 2023",Las Vegas Aces,97,Los Angeles Sparks,78,Box Score,2023,
"Sat, Jul 22, 2023",Chicago Sky,90,Seattle Storm,75,Box Score,2023,
"Sun, Sep 17, 2023",Minnesota Lynx,82,Connecticut Sun,75,Box Score,2023,
"Wed, Sep 20, 2023",Connecticut Sun,90,Minnesota Lynx,75,Box Score,2023,
"Fri, Jul 7, 2023",Phoenix Mercury,64,Minnesota Lynx,75,Box Score,2023,Commissioner's Cup Game
"Fri, Jun 2, 2023",Dallas Wings,74,Washington Mystics,75,Box Score,2023,
"Fri, Aug 25, 2023",Los Angeles Sparks,83,Atlanta Dream,78,Box Score,2023,
"Sun, Jul 9, 2023",Los Angeles Sparks,72,Phoenix Mercury,78,Box Score,2023,
"Tue, Jul 25, 2023",Phoenix Mercury,65,Atlanta Dream,78,Box Score,2023,
"Tue, Jun 13, 2023",Seattle Storm,83,Phoenix Mercury,69,Box Score,2023,Commissioner's Cup Game
"Tue, Jun 27, 2023",Seattle Storm,93,Minnesota Lynx,104,Box Score,2023,Commissioner's Cup Game
"Sun, Jul 30, 2023",Phoenix Mercury,85,Chicago Sky,104,Box Score,2023,
"Sun, Jul 30, 2023",Dallas Wings,91,Las Vegas Aces,104,Box Score,2023,
"Wed, Oct 11, 2023",New York Liberty,76,Las Vegas Aces,104,Box Score,2023,
"Wed, Jul 12, 2023",New York Liberty,95,Indiana Fever,87,Box Score,2023,Commissioner's Cup Game
"Sun, Sep 10, 2023",Minnesota Lynx,72,Indiana Fever,87,Box Score,2023,
"Fri, Jun 2, 2023",Las Vegas Aces,92,Atlanta Dream,87,Box Score,2023,
"Tue, Jun 13, 2023",Washington Mystics,66,Indiana Fever,87,Box Score,2023,Commissioner's Cup Game
"Wed, Jul 5, 2023",Phoenix Mercury,95,New York Liberty,99,Box Score,2023,
"Sun, Oct 8, 2023",New York Liberty,82,Las Vegas Aces,99,Box Score,2023,
"Sun, Jul 2, 2023",Chicago Sky,89,Indiana Fever,87,Box Score,2023,Commissioner's Cup Game
"Fri, Jul 21, 2023",New York Liberty,96,Washington Mystics,87,Box Score,2023,
"Wed, Sep 13, 2023",Chicago Sky,59,Las Vegas Aces,87,Box Score,2023,
"Sun, May 28, 2023",Indiana Fever,90,Atlanta Dream,87,Box Score,2023,Commissioner's Cup Game
"Fri, Sep 8, 2023",Seattle Storm,91,Dallas Wings,106,Box Score,2023,
"Tue, May 30, 2023",Indiana Fever,78,Connecticut Sun,81,Box Score,2023,Commissioner's Cup Game
"Tue, Jun 27, 2023",New York Liberty,89,Connecticut Sun,81,Box Score,2023,Commissioner's Cup Game
"Sun, Sep 3, 2023",New York Liberty,86,Chicago Sky,69,Box Score,2023,
"Tue, Sep 5, 2023",Chicago Sky,96,Indiana Fever,69,Box Score,2023,
"Fri, May 26, 2023",Washington Mystics,71,Chicago Sky,69,Box Score,2023,Commissioner's Cup Game
"Sun, May 21, 2023",Chicago Sky,75,Phoenix Mercury,69,Box Score,2023,
"Tue, Aug 1, 2023",New York Liberty,76,Los Angeles Sparks,69,Box Score,2023,
"Thu, Jun 15, 2023",Seattle Storm,63,Las Vegas Aces,96,Box Score,2023,Commissioner's Cup Game
"Sun, Jun 25, 2023",Chicago Sky,72,Connecticut Sun,96,Box Score,2023,Commissioner's Cup Game
"Thu, Sep 7, 2023",Los Angeles Sparks,89,New York Liberty,96,Box Score,2023,
"Fri, Jul 7, 2023",Indiana Fever,88,Washington Mystics,96,Box Score,2023,Commissioner's Cup Game
"Sun, Aug 6, 2023",Chicago Sky,104,Dallas Wings,96,Box Score,2023,
"Thu, Aug 31, 2023",Seattle Storm,72,Los Angeles Sparks,61,Box Score,2023,
"Fri, Sep 29, 2023",Las Vegas Aces,64,Dallas Wings,61,Box Score,2023,
"Fri, May 19, 2023",Connecticut Sun,70,Indiana Fever,61,Box Score,2023,Commissioner's Cup Game
"Tue, Jun 20, 2023",Minnesota Lynx,67,Los Angeles Sparks,61,Box Score,2023,
"Wed, Jun 14, 2023",Los Angeles Sparks,79,Dallas Wings,61,Box Score,2023,Commissioner's Cup Game
"Sun, Oct 15, 2023",Las Vegas Aces,73,New York Liberty,87,Box Score,2023,
"Thu, Aug 24, 2023",Las Vegas Aces,94,Chicago Sky,87,Box Score,2023,
"Sun, Jun 11, 2023",Washington Mystics,71,Seattle Storm,65,Box Score,2023,
"Wed, Aug 2, 2023",Dallas Wings,76,Seattle Storm,65,Box Score,2023,
"Sun, Sep 3, 2023",Phoenix Mercury,73,Minnesota Lynx,86,Box Score,2023,
"Tue, Aug 22, 2023",Connecticut Sun,68,Washington Mystics,64,Box Score,2023,
"Sat, May 20, 2023",Las Vegas Aces,105,Seattle Storm,64,Box Score,2023,Commissioner's Cup Game
"Fri, Sep 15, 2023",Atlanta Dream,82,Dallas Wings,94,Box Score,2023,
"Sun, May 28, 2023",Minnesota Lynx,73,Las Vegas Aces,94,Box Score,2023,Commissioner's Cup Game
"Sun, May 28, 2023",Dallas Wings,88,Chicago Sky,94,Box Score,2023,
"Sun, Aug 13, 2023",Atlanta Dream,65,Las Vegas Aces,86,Box Score,2023,
"Thu, Jul 27, 2023",Indiana Fever,68,Los Angeles Sparks,81,Box Score,2023,
"Sat, May 27, 2023",Connecticut Sun,65,New York Liberty,81,Box Score,2023,Commissioner's Cup Game
"Sat, Jul 22, 2023",Las Vegas Aces,98,Minnesota Lynx,81,Box Score,2023,
"Thu, Aug 10, 2023",Minnesota Lynx,73,Indiana Fever,91,Box Score,2023,
"Fri, May 26, 2023",Dallas Wings,95,Seattle Storm,91,Box Score,2023,Commissioner's Cup Game
"Thu, Aug 3, 2023",Atlanta Dream,71,Phoenix Mercury,91,Box Score,2023,
"Fri, Sep 29, 2023",New York Liberty,92,Connecticut Sun,81,Box Score,2023,
"Fri, Sep 8, 2023",Atlanta Dream,80,Washington Mystics,75,Box Score,2023,
"Tue, Aug 29, 2023",Chicago Sky,76,Los Angeles Sparks,75,Box Score,2023,
"Tue, Aug 29, 2023",Phoenix Mercury,76,Atlanta Dream,94,Box Score,2023,
"Fri, Jun 30, 2023",Washington Mystics,89,Atlanta Dream,94,Box Score,2023,Commissioner's Cup Game
"Sun, Jun 18, 2023",Atlanta Dream,100,Indiana Fever,94,Box Score,2023,Commissioner's Cup Game
"Tue, Jul 25, 2023",Seattle Storm,82,New York Liberty,86,Box Score,2023,
"Fri, Jun 30, 2023",Los Angeles Sparks,78,Chicago Sky,86,Box Score,2023,
"Fri, Jul 28, 2023",Seattle Storm,83,Chicago Sky,74,Box Score,2023,
"Sun, Aug 20, 2023",Seattle Storm,88,Minnesota Lynx,74,Box Score,2023,
"Tue, May 30, 2023",Minnesota Lynx,89,Dallas Wings,94,Box Score,2023,Commissioner's Cup Game
"Sun, Jun 18, 2023",Connecticut Sun,83,Los Angeles Sparks,74,Box Score,2023,
"Sun, Aug 27, 2023",Dallas Wings,77,Phoenix Mercury,74,Box Score,2023,
"Tue, Jul 25, 2023",Connecticut Sun,88,Dallas Wings,83,Box Score,2023,
"Tue, May 30, 2023",Chicago Sky,65,Atlanta Dream,83,Box Score,2023,Commissioner's Cup Game
"Sun, Jun 11, 2023",Los Angeles Sparks,86,Minnesota Lynx,91,Box Score,2023,Commissioner's Cup Game
"Thu, Aug 24, 2023",Minnesota Lynx,90,Dallas Wings,81,Box Score,2023,
"Tue, May 23, 2023",Connecticut Sun,88,Washington Mystics,81,Box Score,2023,Commissioner's Cup Game
"Sun, Aug 27, 2023",Los Angeles Sparks,68,Connecticut Sun,83,Box Score,2023,
"Fri, Jul 28, 2023",Minnesota Lynx,88,New York Liberty,83,Box Score,2023,
"Tue, Aug 29, 2023",Minnesota Lynx,72,Washington Mystics,83,Box Score,2023,
"Fri, Jun 9, 2023",New York Liberty,106,Atlanta Dream,83,Box Score,2023,Commissioner's Cup Game
"Sun, Aug 6, 2023",Los Angeles Sparks,91,Washington Mystics,83,Box Score,2023,
"Sun, Aug 27, 2023",Atlanta Dream,80,Indiana Fever,83,Box Score,2023,
"Sun, Jul 30, 2023",Minnesota Lynx,87,Connecticut Sun,83,Box Score,2023,
"Sun, Aug 13, 2023",Chicago Sky,76,Washington Mystics,83,Box Score,2023,
"Thu, Jun 8, 2023",Las Vegas Aces,77,Connecticut Sun,94,Box Score,2023,
"Mon, Aug 28, 2023",Las Vegas Aces,85,New York Liberty,94,Box Score,2023,
"Sun, Sep 10, 2023",Chicago Sky,102,Connecticut Sun,91,Box Score,2023,
"Tue, Aug 22, 2023",Dallas Wings,86,Minnesota Lynx,91,Box Score,2023,
"Sat, Aug 12, 2023",Connecticut Sun,81,Dallas Wings,91,Box Score,2023,
"Tue, Sep 26, 2023",Dallas Wings,84,Las Vegas Aces,91,Box Score,2023,
"Wed, Aug 23, 2023",Phoenix Mercury,62,Los Angeles Sparks,91,Box Score,2023,
"Fri, Sep 1, 2023",Atlanta Dream,85,Minnesota Lynx,91,Box Score,2023,
"Thu, Jun 29, 2023",New York Liberty,81,Las Vegas Aces,98,Box Score,2023,
"Tue, Jul 11, 2023",Phoenix Mercury,72,Las Vegas Aces,98,Box Score,2023,Commissioner's Cup Game
"Sat, Jul 22, 2023",Los Angeles Sparks,84,Dallas Wings,98,Box Score,2023,
"Fri, May 19, 2023",Phoenix Mercury,71,Los Angeles Sparks,94,Box Score,2023,Commissioner's Cup Game
"Tue, Sep 24, 2024",Atlanta Dream,82,New York Liberty,91,Box Score,2024,
"Fri, Sep 27, 2024",Minnesota Lynx,,Phoenix Mercury,,,2024,
"Sat, Jun 15, 2024",Seattle Storm,,Phoenix Mercury,,,2024,Commissioner's Cup Game
"Fri, Sep 27, 2024",Connecticut Sun,,Indiana Fever,,,2024,
"Sun, Sep 15, 2024",Dallas Wings,109.0,Indiana Fever,110.0,Box Score,2024,
"Sun, Jun 16, 2024",Seattle Storm,78.0,Phoenix Mercury,87.0,Box Score,2024,
"Wed, May 15, 2024",Chicago Sky,79.0,Dallas Wings,87.0,Box Score,2024,
"Thu, Sep 19, 2024",Chicago Sky,54,Connecticut Sun,87,Box Score,2024,
"Sun, Jun 2, 2024",Dallas Wings,76,Minnesota Lynx,87,Box Score,2024,Commissioner's Cup Game
"Sat, Jun 8, 2024",Atlanta Dream,89,Chicago Sky,80,Box Score,2024,Commissioner's Cup Game
"Sun, Oct 13, 2024",Minnesota Lynx,66,New York Liberty,80,Box Score,2024,
"Tue, May 14, 2024",New York Liberty,85.0,Washington Mystics,80.0,Box Score,2024,
"Tue, Jul 2, 2024",Washington Mystics,82,Los Angeles Sparks,80,Box Score,2024,
"Sun, Jul 7, 2024",Atlanta Dream,67.0,Connecticut Sun,80.0,Box Score,2024,
"Fri, Jun 28, 2024",Atlanta Dream,78,Connecticut Sun,74,Box Score,2024,
"Sat, Jul 6, 2024",Washington Mystics,67,Minnesota Lynx,74,Box Score,2024,
"Fri, Oct 4, 2024",Minnesota Lynx,90,Connecticut Sun,81,Box Score,2024,
"Wed, May 15, 2024",Atlanta Dream,92,Los Angeles Sparks,81,Box Score,2024,
"Sun, Jul 14, 2024",Atlanta Dream,70,Seattle Storm,81,Box Score,2024,
"Fri, Jun 14, 2024",Los Angeles Sparks,76.0,Minnesota Lynx,81.0,Box Score,2024,
"Fri, Sep 13, 2024",Seattle Storm,83.0,Dallas Wings,81.0,Box Score,2024,
"Fri, Sep 6, 2024",Dallas Wings,96.0,Atlanta Dream,107.0,Box Score,2024,
"Sun, Jun 16, 2024",Chicago Sky,83.0,Indiana Fever,91.0,Box Score,2024,
"Thu, Jul 11, 2024",Chicago Sky,76.0,New York Liberty,91.0,Box Score,2024,
"Tue, Sep 10, 2024",New York Liberty,105,Dallas Wings,91,Box Score,2024,
"Sat, May 18, 2024",Indiana Fever,80,New York Liberty,91,Box Score,2024,
"Wed, Jun 19, 2024",Atlanta Dream,55.0,Minnesota Lynx,68.0,Box Score,2024,
"Thu, Aug 15, 2024",New York Liberty,103.0,Los Angeles Sparks,68.0,Box Score,2024,
"Tue, Jun 11, 2024",Washington Mystics,87.0,Atlanta Dream,68.0,Box Score,2024,Commissioner's Cup Game
"Tue, May 28, 2024",Seattle Storm,77,Chicago Sky,68,Box Score,2024,
"Wed, Jul 10, 2024",New York Liberty,71.0,Connecticut Sun,68.0,Box Score,2024,
"Thu, May 30, 2024",Los Angeles Sparks,73.0,Chicago Sky,83.0,Box Score,2024,
"Sun, Oct 6, 2024",Minnesota Lynx,82,Connecticut Sun,92,Box Score,2024,
"Thu, Sep 19, 2024",Indiana Fever,91,Washington Mystics,92,Box Score,2024,
"Sat, May 25, 2024",Dallas Wings,107,Phoenix Mercury,92,Box Score,2024,
"Sun, Jun 23, 2024",Dallas Wings,84,Washington Mystics,92,Box Score,2024,
"Fri, Sep 6, 2024",Los Angeles Sparks,78.0,Chicago Sky,92.0,Box Score,2024,
"Tue, May 14, 2024",Indiana Fever,71,Connecticut Sun,92,Box Score,2024,
"Sun, Aug 18, 2024",Seattle Storm,75,Indiana Fever,92,Box Score,2024,
"Fri, Jun 28, 2024",Los Angeles Sparks,78,Phoenix Mercury,92,Box Score,2024,
"Fri, Sep 13, 2024",Washington Mystics,72,Atlanta Dream,69,Box Score,2024,
"Fri, Sep 13, 2024",Connecticut Sun,88.0,Phoenix Mercury,69.0,Box Score,2024,
"Tue, Aug 20, 2024",Los Angeles Sparks,61.0,Connecticut Sun,69.0,Box Score,2024,
"Fri, Jul 12, 2024",Minnesota Lynx,63.0,Seattle Storm,91.0,Box Score,2024,
"Thu, Jun 13, 2024",Atlanta Dream,84,Indiana Fever,91,Box Score,2024,Commissioner's Cup Game
"Fri, Aug 16, 2024",Connecticut Sun,109,Dallas Wings,91,Box Score,2024,
"Thu, Jun 27, 2024",Connecticut Sun,94.0,Washington Mystics,91.0,Box Score,2024,
"Sun, Jun 30, 2024",Atlanta Dream,75.0,New York Liberty,81.0,Box Score,2024,
"Wed, May 29, 2024",Atlanta Dream,73,Washington Mystics,67,Box Score,2024,
"Tue, Jul 9, 2024",Minnesota Lynx,82,Los Angeles Sparks,67,Box Score,2024,
"Sun, Sep 8, 2024",Connecticut Sun,79.0,Los Angeles Sparks,67.0,Box Score,2024,
"Sun, Jun 9, 2024",Seattle Storm,64.0,Minnesota Lynx,83.0,Box Score,2024,Commissioner's Cup Game
"Thu, May 23, 2024",Washington Mystics,80,Phoenix Mercury,83,Box Score,2024,
"Tue, Sep 24, 2024",Seattle Storm,76,Las Vegas Aces,83,Box Score,2024,
"Thu, Sep 19, 2024",Los Angeles Sparks,68,Minnesota Lynx,51,Box Score,2024,
"Sun, Jun 2, 2024",Connecticut Sun,69.0,Atlanta Dream,50.0,Box Score,2024,Commissioner's Cup Game
"Tue, Jul 16, 2024",Seattle Storm,89.0,Los Angeles Sparks,83.0,Box Score,2024,
"Sun, May 26, 2024",Dallas Wings,84,Los Angeles Sparks,83,Box Score,2024,
"Fri, May 31, 2024",Las Vegas Aces,74,Atlanta Dream,78,Box Score,2024,
"Sun, Jul 7, 2024",Phoenix Mercury,84,Los Angeles Sparks,78,Box Score,2024,
"Wed, Sep 11, 2024",Washington Mystics,89.0,Chicago Sky,58.0,Box Score,2024,
"Sat, Aug 17, 2024",New York Liberty,79,Las Vegas Aces,67,Box Score,2024,
"Thu, Sep 12, 2024",New York Liberty,99,Dallas Wings,67,Box Score,2024,
"Sun, Sep 8, 2024",Dallas Wings,77.0,Chicago Sky,92.0,Box Score,2024,
"Tue, Jul 2, 2024",Chicago Sky,85,Atlanta Dream,77,Box Score,2024,
"Tue, Oct 1, 2024",Connecticut Sun,70,Minnesota Lynx,77,Box Score,2024,
"Wed, Oct 16, 2024",New York Liberty,80,Minnesota Lynx,77,Box Score,2024,
"Fri, Jun 7, 2024",Dallas Wings,72,Los Angeles Sparks,81,Box Score,2024,Commissioner's Cup Game
"Tue, Sep 3, 2024",Chicago Sky,71.0,Las Vegas Aces,90.0,Box Score,2024,
"Mon, Jun 17, 2024",Dallas Wings,78,Minnesota Lynx,90,Box Score,2024,
"Sat, Aug 24, 2024",Indiana Fever,80,Minnesota Lynx,90,Box Score,2024,
"Sat, Sep 7, 2024",Phoenix Mercury,66.0,Seattle Storm,90.0,Box Score,2024,
"Sat, Jul 13, 2024",New York Liberty,81,Chicago Sky,67,Box Score,2024,
"Tue, Jun 18, 2024",New York Liberty,93.0,Phoenix Mercury,99.0,Box Score,2024,
"Thu, Jun 13, 2024",Las Vegas Aces,103,Phoenix Mercury,99,Box Score,2024,Commissioner's Cup Game
"Sat, May 25, 2024",Indiana Fever,80,Las Vegas Aces,99,Box Score,2024,
"Fri, Sep 6, 2024",Las Vegas Aces,72.0,Connecticut Sun,67.0,Box Score,2024,
"Thu, Sep 19, 2024",Atlanta Dream,78,New York Liberty,67,Box Score,2024,
"Sat, Jun 15, 2024",Connecticut Sun,85.0,Dallas Wings,67.0,Box Score,2024,
"Sun, Oct 20, 2024",Minnesota Lynx,62,New York Liberty,67,Box Score,2024,
"Fri, May 31, 2024",Washington Mystics,79,New York Liberty,90,Box Score,2024,
"Sun, Jun 9, 2024",Phoenix Mercury,97,Dallas Wings,90,Box Score,2024,Commissioner's Cup Game
"Sun, Jul 14, 2024",Las Vegas Aces,89.0,Washington Mystics,77.0,Box Score,2024,
"Sat, Jun 29, 2024",Las Vegas Aces,88,Washington Mystics,77,Box Score,2024,
"Tue, Aug 20, 2024",Seattle Storm,83,Washington Mystics,77,Box Score,2024,
"Thu, Sep 5, 2024",Washington Mystics,90.0,Phoenix Mercury,77.0,Box Score,2024,
"Sat, Jun 29, 2024",Dallas Wings,76,Seattle Storm,97,Box Score,2024,
"Sat, Jun 22, 2024",Dallas Wings,69.0,Washington Mystics,97.0,Box Score,2024,
"Thu, Sep 5, 2024",Seattle Storm,70.0,New York Liberty,77.0,Box Score,2024,
"Sun, Jul 7, 2024",Chicago Sky,71.0,Seattle Storm,84.0,Box Score,2024,
"Sat, May 25, 2024",New York Liberty,67,Minnesota Lynx,84,Box Score,2024,
"Mon, May 20, 2024",Connecticut Sun,88.0,Indiana Fever,84.0,Box Score,2024,
"Wed, Jul 10, 2024",Washington Mystics,89,Indiana Fever,84,Box Score,2024,
"Fri, Jul 5, 2024",Chicago Sky,88,Seattle Storm,84,Box Score,2024,
"Sun, Sep 22, 2024",Seattle Storm,67,Las Vegas Aces,78,Box Score,2024,
"Wed, Jul 10, 2024",Atlanta Dream,69.0,Chicago Sky,78.0,Box Score,2024,
"Sun, Jul 14, 2024",Phoenix Mercury,69.0,Connecticut Sun,96.0,Box Score,2024,
"Wed, Jul 3, 2024",Phoenix Mercury,104,Dallas Wings,96,Box Score,2024,
"Thu, Jun 13, 2024",Seattle Storm,92.0,Dallas Wings,84.0,Box Score,2024,Commissioner's Cup Game
"Sun, Sep 15, 2024",Connecticut Sun,71.0,Las Vegas Aces,84.0,Box Score,2024,
"Fri, May 17, 2024",Washington Mystics,77,Connecticut Sun,84,Box Score,2024,
"Wed, Aug 28, 2024",Connecticut Sun,80,Indiana Fever,84,Box Score,2024,
"Tue, Sep 10, 2024",Connecticut Sun,86.0,Los Angeles Sparks,66.0,Box Score,2024,
"Tue, May 21, 2024",Washington Mystics,68,Los Angeles Sparks,70,Box Score,2024,
"Mon, Aug 26, 2024",New York Liberty,84.0,Phoenix Mercury,70.0,Box Score,2024,
"Sun, Sep 29, 2024",Connecticut Sun,73,Minnesota Lynx,70,Box Score,2024,
"Fri, Jul 12, 2024",Las Vegas Aces,84.0,Atlanta Dream,70.0,Box Score,2024,
"Wed, Aug 28, 2024",Washington Mystics,74.0,Chicago Sky,70.0,Box Score,2024,
"Tue, May 28, 2024",Phoenix Mercury,47,Connecticut Sun,70,Box Score,2024,
"Tue, May 14, 2024",Minnesota Lynx,83,Seattle Storm,70,Box Score,2024,
"Thu, Sep 19, 2024",Seattle Storm,89,Phoenix Mercury,70,Box Score,2024,
"Sun, Sep 15, 2024",Los Angeles Sparks,87.0,Seattle Storm,90.0,Box Score,2024,
"Sun, Jul 7, 2024",Dallas Wings,85.0,Las Vegas Aces,104.0,Box Score,2024,
"Sun, Jun 2, 2024",Indiana Fever,68.0,New York Liberty,104.0,Box Score,2024,Commissioner's Cup Game
"Sun, Sep 8, 2024",Atlanta Dream,100.0,Indiana Fever,104.0,Box Score,2024,
"Sat, May 18, 2024",Los Angeles Sparks,82,Las Vegas Aces,89,Box Score,2024,
"Mon, Jun 10, 2024",Indiana Fever,72.0,Connecticut Sun,89.0,Box Score,2024,Commissioner's Cup Game
"Thu, Jun 27, 2024",Indiana Fever,77.0,Seattle Storm,89.0,Box Score,2024,
"Tue, May 14, 2024",Phoenix Mercury,80,Las Vegas Aces,89,Box Score,2024,
"Wed, Jul 10, 2024",Dallas Wings,84,Phoenix Mercury,100,Box Score,2024,
"Thu, Aug 22, 2024",Dallas Wings,71,New York Liberty,79,Box Score,2024,
"Mon, Aug 26, 2024",Indiana Fever,84,Atlanta Dream,79,Box Score,2024,
"Sun, May 26, 2024",Minnesota Lynx,92,Atlanta Dream,79,Box Score,2024,
"Thu, Aug 15, 2024",Washington Mystics,68.0,Minnesota Lynx,79.0,Box Score,2024,
"Sun, Sep 1, 2024",Las Vegas Aces,97,Phoenix Mercury,79,Box Score,2024,
"Fri, Jun 21, 2024",Indiana Fever,91.0,Atlanta Dream,79.0,Box Score,2024,
"Sun, Sep 15, 2024",Minnesota Lynx,88,New York Liberty,79,Box Score,2024,
"Thu, Jun 6, 2024",New York Liberty,78.0,Atlanta Dream,61.0,Box Score,2024,Commissioner's Cup Game
"Sun, Sep 8, 2024",Minnesota Lynx,78.0,Washington Mystics,71.0,Box Score,2024,
"Thu, Jun 6, 2024",Chicago Sky,79,Washington Mystics,71,Box Score,2024,Commissioner's Cup Game
"Tue, Sep 17, 2024",Minnesota Lynx,78.0,Connecticut Sun,76.0,Box Score,2024,
"Tue, Jun 4, 2024",Washington Mystics,59.0,Connecticut Sun,76.0,Box Score,2024,Commissioner's Cup Game
"Wed, Aug 28, 2024",Minnesota Lynx,89.0,Phoenix Mercury,76.0,Box Score,2024,
"Wed, May 22, 2024",Indiana Fever,83,Seattle Storm,85,Box Score,2024,
"Fri, Aug 30, 2024",New York Liberty,98.0,Seattle Storm,85.0,Box Score,2024,
"Fri, Jun 21, 2024",Connecticut Sun,74.0,Las Vegas Aces,85.0,Box Score,2024,
"Sat, Aug 31, 2024",Connecticut Sun,96.0,Washington Mystics,85.0,Box Score,2024,
"Fri, Jul 5, 2024",Atlanta Dream,82.0,Dallas Wings,85.0,Box Score,2024,
"Tue, Jul 16, 2024",Chicago Sky,93.0,Las Vegas Aces,85.0,Box Score,2024,
"Sun, Jun 9, 2024",Las Vegas Aces,92.0,Los Angeles Sparks,96.0,Box Score,2024,Commissioner's Cup Game
"Sun, Sep 1, 2024",Chicago Sky,74.0,Minnesota Lynx,79.0,Box Score,2024,
"Wed, Jul 10, 2024",Las Vegas Aces,84.0,Seattle Storm,79.0,Box Score,2024,
"Tue, Jun 18, 2024",Los Angeles Sparks,70,Connecticut Sun,79,Box Score,2024,
"Tue, Jul 2, 2024",Minnesota Lynx,67,New York Liberty,76,Box Score,2024,
"Wed, Aug 28, 2024",Atlanta Dream,81.0,Seattle Storm,85.0,Box Score,2024,
"Thu, Oct 10, 2024",Minnesota Lynx,95,New York Liberty,93,Box Score,2024,
"Thu, Jun 20, 2024",Los Angeles Sparks,80,New York Liberty,93,Box Score,2024,
"Sun, Sep 22, 2024",Indiana Fever,69,Connecticut Sun,93,Box Score,2024,
"Wed, Sep 4, 2024",Los Angeles Sparks,86,Indiana Fever,93,Box Score,2024,
"Tue, Aug 27, 2024",Las Vegas Aces,90.0,Dallas Wings,93.0,Box Score,2024,
"Wed, Jun 19, 2024",Washington Mystics,81.0,Indiana Fever,88.0,Box Score,2024,
"Tue, Jul 2, 2024",Indiana Fever,69,Las Vegas Aces,88,Box Score,2024,
"Sat, May 18, 2024",Atlanta Dream,85.0,Phoenix Mercury,88.0,Box Score,2024,
"Tue, Sep 17, 2024",Las Vegas Aces,85.0,Seattle Storm,72.0,Box Score,2024,
"Mon, Jul 1, 2024",Connecticut Sun,83,Phoenix Mercury,72,Box Score,2024,
"Sun, Jun 23, 2024",Connecticut Sun,61,Seattle Storm,72,Box Score,2024,
"Wed, Aug 21, 2024",Phoenix Mercury,63,Atlanta Dream,72,Box Score,2024,
"Mon, Aug 26, 2024",Washington Mystics,74.0,Seattle Storm,72.0,Box Score,2024,
"Tue, Sep 17, 2024",New York Liberty,87.0,Washington Mystics,71.0,Box Score,2024,
"Sat, Jun 1, 2024",Chicago Sky,70,Indiana Fever,71,Box Score,2024,Commissioner's Cup Game
"Tue, Oct 1, 2024",Las Vegas Aces,84,New York Liberty,88,Box Score,2024,
"Tue, Oct 8, 2024",Connecticut Sun,77,Minnesota Lynx,88,Box Score,2024,
"Fri, Sep 6, 2024",Minnesota Lynx,99.0,Indiana Fever,88.0,Box Score,2024,
"Tue, May 21, 2024",Phoenix Mercury,98,Las Vegas Aces,88,Box Score,2024,
"Sun, Jun 30, 2024",Indiana Fever,88.0,Phoenix Mercury,82.0,Box Score,2024,
"Sat, Jun 15, 2024",New York Liberty,90,Las Vegas Aces,82,Box Score,2024,
"Sun, Aug 18, 2024",Connecticut Sun,70.0,Atlanta Dream,82.0,Box Score,2024,
"Tue, May 28, 2024",Los Angeles Sparks,88,Indiana Fever,82,Box Score,2024,
"Sat, May 25, 2024",Connecticut Sun,86,Chicago Sky,82,Box Score,2024,
"Wed, Sep 11, 2024",Seattle Storm,90.0,Los Angeles Sparks,82.0,Box Score,2024,
"Fri, Oct 18, 2024",New York Liberty,80,Minnesota Lynx,82,Box Score,2024,
"Fri, Aug 23, 2024",Chicago Sky,80.0,Connecticut Sun,82.0,Box Score,2024,
"Sun, Sep 1, 2024",Atlanta Dream,80.0,Los Angeles Sparks,62.0,Box Score,2024,
"Sun, Oct 6, 2024",New York Liberty,76,Las Vegas Aces,62,Box Score,2024,
"Wed, Jun 5, 2024",Minnesota Lynx,86,Los Angeles Sparks,62,Box Score,2024,Commissioner's Cup Game
"Sun, Jun 30, 2024",Minnesota Lynx,70,Chicago Sky,62,Box Score,2024,
"Sun, Sep 8, 2024",Las Vegas Aces,71,New York Liberty,75,Box Score,2024,
"Sun, Jun 23, 2024",New York Liberty,96,Atlanta Dream,75,Box Score,2024,
"Fri, May 31, 2024",Phoenix Mercury,71,Minnesota Lynx,95,Box Score,2024,
"Fri, Jul 12, 2024",Phoenix Mercury,86,Indiana Fever,95,Box Score,2024,
"Mon, Jul 1, 2024",Dallas Wings,71,Seattle Storm,95,Box Score,2024,
"Tue, Jun 4, 2024",Phoenix Mercury,62.0,Seattle Storm,80.0,Box Score,2024,Commissioner's Cup Game
"Fri, Aug 23, 2024",Los Angeles Sparks,74,Washington Mystics,80,Box Score,2024,
"Fri, Aug 23, 2024",Phoenix Mercury,82.0,Atlanta Dream,80.0,Box Score,2024,
"Wed, May 29, 2024",Las Vegas Aces,80,Minnesota Lynx,66,Box Score,2024,
"Thu, May 16, 2024",New York Liberty,102.0,Indiana Fever,66.0,Box Score,2024,Commissioner's Cup Game
"Sun, Jun 9, 2024",Washington Mystics,88,New York Liberty,93,Box Score,2024,Commissioner's Cup Game
"Sun, Sep 1, 2024",Seattle Storm,86,Connecticut Sun,93,Box Score,2024,
"Sun, Sep 1, 2024",Indiana Fever,100,Dallas Wings,93,Box Score,2024,
"Thu, May 30, 2024",Seattle Storm,103.0,Indiana Fever,88.0,Box Score,2024,
"Sun, Sep 15, 2024",Phoenix Mercury,93,Chicago Sky,88,Box Score,2024,
"Sun, Jun 23, 2024",Indiana Fever,87,Chicago Sky,88,Box Score,2024,
"Tue, Sep 17, 2024",Chicago Sky,70.0,Atlanta Dream,86.0,Box Score,2024,
"Sat, Aug 17, 2024",Chicago Sky,90.0,Los Angeles Sparks,86.0,Box Score,2024,
"Sun, Aug 18, 2024",Chicago Sky,68,Phoenix Mercury,86,Box Score,2024,
"Tue, Sep 3, 2024",Washington Mystics,90.0,Dallas Wings,86.0,Box Score,2024,
"Sun, Sep 15, 2024",Atlanta Dream,76.0,Washington Mystics,73.0,Box Score,2024,
"Thu, Jul 4, 2024",Connecticut Sun,78.0,Minnesota Lynx,73.0,Box Score,2024,
"Fri, May 24, 2024",Indiana Fever,78,Los Angeles Sparks,73,Box Score,2024,
"Sat, Jun 22, 2024",Phoenix Mercury,60.0,Minnesota Lynx,73.0,Box Score,2024,
"Wed, Sep 11, 2024",Las Vegas Aces,86.0,Indiana Fever,75.0,Box Score,2024,
"Sun, Aug 25, 2024",Las Vegas Aces,77,Chicago Sky,75,Box Score,2024,
"Sat, Jun 8, 2024",New York Liberty,82,Connecticut Sun,75,Box Score,2024,Commissioner's Cup Game
"Sun, May 19, 2024",Seattle Storm,84,Washington Mystics,75,Box Score,2024,
"Tue, Jun 4, 2024",New York Liberty,88,Chicago Sky,75,Box Score,2024,Commissioner's Cup Game
"Tue, Jun 11, 2024",Los Angeles Sparks,79,Seattle Storm,95,Box Score,2024,Commissioner's Cup Game
"Fri, Oct 4, 2024",New York Liberty,81,Las Vegas Aces,95,Box Score,2024,
"Wed, Jun 12, 2024",Connecticut Sun,83,Chicago Sky,75,Box Score,2024,Commissioner's Cup Game
"Wed, Aug 28, 2024",New York Liberty,88,Los Angeles Sparks,94,Box Score,2024,
"Fri, Aug 30, 2024",Minnesota Lynx,76,Dallas Wings,94,Box Score,2024,
"Tue, Aug 20, 2024",Dallas Wings,74.0,New York Liberty,94.0,Box Score,2024,
"Fri, May 17, 2024",Seattle Storm,93,Minnesota Lynx,102,Box Score,2024,
"Sun, Sep 22, 2024",Phoenix Mercury,95,Minnesota Lynx,102,Box Score,2024,
"Fri, Jun 7, 2024",Seattle Storm,78,Las Vegas Aces,65,Box Score,2024,Commissioner's Cup Game
"Thu, Aug 15, 2024",Phoenix Mercury,85,Chicago Sky,65,Box Score,2024,
"Wed, Jul 17, 2024",Atlanta Dream,79.0,Minnesota Lynx,86.0,Box Score,2024,
"Tue, Sep 10, 2024",Minnesota Lynx,76,Atlanta Dream,64,Box Score,2024,
"Tue, Sep 3, 2024",Seattle Storm,71.0,Connecticut Sun,64.0,Box Score,2024,
"Sat, Aug 24, 2024",Connecticut Sun,72,New York Liberty,64,Box Score,2024,
"Wed, Sep 25, 2024",Phoenix Mercury,88,Minnesota Lynx,101,Box Score,2024,
"Sat, May 25, 2024",Washington Mystics,69.0,Seattle Storm,101.0,Box Score,2024,
"Wed, Jul 17, 2024",Indiana Fever,93.0,Dallas Wings,101.0,Box Score,2024,
"Tue, Jul 16, 2024",Connecticut Sun,74,New York Liberty,82,Box Score,2024,
"Tue, Jun 11, 2024",Minnesota Lynx,100,Las Vegas Aces,86,Box Score,2024,Commissioner's Cup Game
"Mon, May 20, 2024",Seattle Storm,63,New York Liberty,74,Box Score,2024,
"Fri, Sep 13, 2024",Las Vegas Aces,78,Indiana Fever,74,Box Score,2024,
"Fri, May 31, 2024",Dallas Wings,72,Connecticut Sun,74,Box Score,2024,
"Sat, May 18, 2024",Chicago Sky,83.0,Dallas Wings,74.0,Box Score,2024,
"Sun, Jul 14, 2024",Indiana Fever,81,Minnesota Lynx,74,Box Score,2024,
"Tue, Sep 3, 2024",Atlanta Dream,66.0,Phoenix Mercury,74.0,Box Score,2024,
"Fri, Aug 23, 2024",Las Vegas Aces,74.0,Minnesota Lynx,87.0,Box Score,2024,
"Sun, Sep 29, 2024",Las Vegas Aces,77,New York Liberty,87,Box Score,2024,
"Sun, Jun 2, 2024",Los Angeles Sparks,68,Phoenix Mercury,87,Box Score,2024,Commissioner's Cup Game
"Sun, Aug 18, 2024",Los Angeles Sparks,71.0,Las Vegas Aces,87.0,Box Score,2024,
"Wed, Aug 21, 2024",Minnesota Lynx,98.0,Las Vegas Aces,87.0,Box Score,2024,
"Tue, Jul 16, 2024",Phoenix Mercury,96.0,Washington Mystics,87.0,Box Score,2024,
"Sun, Jun 16, 2024",Los Angeles Sparks,74,Atlanta Dream,87,Box Score,2024,
"Wed, Sep 25, 2024",Indiana Fever,81,Connecticut Sun,87,Box Score,2024,
"Wed, Jun 19, 2024",Seattle Storm,83.0,Las Vegas Aces,94.0,Box Score,2024,
"Thu, Jun 27, 2024",Minnesota Lynx,88,Dallas Wings,94,Box Score,2024,
"Sat, Jul 13, 2024",Los Angeles Sparks,87,Dallas Wings,81,Box Score,2024,
"Fri, Aug 30, 2024",Indiana Fever,100.0,Chicago Sky,81.0,Box Score,2024,
"Fri, Jun 14, 2024",Chicago Sky,81,Washington Mystics,83,Box Score,2024,
"Fri, Aug 30, 2024",Atlanta Dream,72.0,Las Vegas Aces,83.0,Box Score,2024,
"Sun, Sep 22, 2024",Atlanta Dream,69,New York Liberty,83,Box Score,2024,
"Thu, May 23, 2024",Minnesota Lynx,82.0,Connecticut Sun,83.0,Box Score,2024,
"Fri, Jul 5, 2024",Las Vegas Aces,93.0,Los Angeles Sparks,98.0,Box Score,2024,
"Thu, Sep 19, 2024",Dallas Wings,84,Las Vegas Aces,98,Box Score,2024,
"Thu, Jul 4, 2024",Washington Mystics,77,Las Vegas Aces,98,Box Score,2024,
"Sat, Jun 22, 2024",Los Angeles Sparks,88.0,New York Liberty,98.0,Box Score,2024,
"Fri, Aug 16, 2024",Phoenix Mercury,89,Indiana Fever,98,Box Score,2024,
"Wed, May 29, 2024",Phoenix Mercury,78,New York Liberty,81,Box Score,2024,
"Tue, Sep 17, 2024",Phoenix Mercury,85.0,Los Angeles Sparks,81.0,Box Score,2024,
"Thu, May 23, 2024",Chicago Sky,90,New York Liberty,81,Box Score,2024,
"Wed, Jun 5, 2024",Las Vegas Aces,95,Dallas Wings,81,Box Score,2024,Commissioner's Cup Game
"Fri, Jun 7, 2024",Minnesota Lynx,80,Phoenix Mercury,81,Box Score,2024,Commissioner's Cup Game
"Fri, Sep 13, 2024",Chicago Sky,66,Minnesota Lynx,83,Box Score,2024,
"Fri, Aug 16, 2024",Seattle Storm,81.0,Atlanta Dream,83.0,Box Score,2024,
"Sat, Aug 17, 2024",Minnesota Lynx,99,Washington Mystics,83,Box Score,2024,
"Fri, Jun 7, 2024",Indiana Fever,85,Washington Mystics,83,Box Score,2024,Commissioner's Cup Game
"Tue, May 21, 2024",Dallas Wings,78.0,Atlanta Dream,83.0,Box Score,2024,
"Sat, Jul 6, 2024",New York Liberty,78,Indiana Fever,83,Box Score,2024,
"Thu, Jun 27, 2024",Las Vegas Aces,95,Chicago Sky,83,Box Score,2024,
"Thu, Jun 20, 2024",Dallas Wings,72.0,Chicago Sky,83.0,Box Score,2024,
"Tue, Oct 8, 2024",Las Vegas Aces,,New York Liberty,,,2024,
"Sun, Aug 25, 2024",Los Angeles Sparks,110.0,Dallas Wings,113.0,Box Score,2024,
"Fri, Sep 19, 2025",Golden State Valkyries,,Minnesota Lynx,,,2025,
Playoffs,Playoffs,Playoffs,Playoffs,Playoffs,Playoffs,2025,Playoffs
"Tue, Sep 30, 2025",Phoenix Mercury,,Minnesota Lynx,,,2025,
"Wed, Oct 15, 2025",Las Vegas Aces,,Phoenix Mercury,,,2025,
"Sun, Oct 12, 2025",Phoenix Mercury,,Las Vegas Aces,,,2025,
"Fri, Oct 17, 2025",Phoenix Mercury,,Las Vegas Aces,,,2025,
"Sun, Oct 5, 2025",Phoenix Mercury,78,Las Vegas Aces,91,Box Score,2025,
"Sun, Jun 22, 2025",Dallas Wings,88.0,Washington Mystics,91.0,Box Score,2025,
"Tue, Aug 19, 2025",Phoenix Mercury,98,Golden State Valkyries,91,Box Score,2025,
"Sun, Sep 7, 2025",Dallas Wings,77,Los Angeles Sparks,91,Box Score,2025,
"Sun, May 25, 2025",Chicago Sky,78.0,Los Angeles Sparks,91.0,Box Score,2025,
"Tue, Sep 30, 2025",Indiana Fever,98,Las Vegas Aces,107,Box Score,2025,
"Fri, Jul 25, 2025",Las Vegas Aces,78.0,Minnesota Lynx,109.0,Box Score,2025,
"Tue, Jun 24, 2025",Minnesota Lynx,64,Washington Mystics,68,Box Score,2025,
"Sun, Jul 6, 2025",Las Vegas Aces,86.0,Connecticut Sun,68.0,Box Score,2025,
"Tue, Jun 24, 2025",Atlanta Dream,55.0,Dallas Wings,68.0,Box Score,2025,
"Sun, May 25, 2025",Washington Mystics,62.0,Phoenix Mercury,68.0,Box Score,2025,
"Sat, Jul 5, 2025",Los Angeles Sparks,89.0,Indiana Fever,87.0,Box Score,2025,
"Sun, Jun 22, 2025",Connecticut Sun,63.0,Golden State Valkyries,87.0,Box Score,2025,
"Mon, Sep 8, 2025",Connecticut Sun,62,Atlanta Dream,87,Box Score,2025,
"Fri, May 30, 2025",Atlanta Dream,94.0,Seattle Storm,87.0,Box Score,2025,
"Tue, Jul 22, 2025",Atlanta Dream,72.0,Las Vegas Aces,87.0,Box Score,2025,
"Sun, Jun 29, 2025",Connecticut Sun,63.0,Minnesota Lynx,102.0,Box Score,2025,
"Sat, Jun 14, 2025",New York Liberty,88.0,Indiana Fever,102.0,Box Score,2025,Commissioner's Cup Game
"Wed, Jun 11, 2025",Minnesota Lynx,84.0,Seattle Storm,94.0,Box Score,2025,Commissioner's Cup Game
"Sun, Jul 27, 2025",Atlanta Dream,90.0,Minnesota Lynx,86.0,Box Score,2025,
"Tue, Aug 19, 2025",Atlanta Dream,72,Las Vegas Aces,74,Box Score,2025,
"Wed, Sep 17, 2025",Minnesota Lynx,75,Golden State Valkyries,74,Box Score,2025,
"Sun, Aug 3, 2025",Indiana Fever,78.0,Seattle Storm,74.0,Box Score,2025,
"Tue, Sep 9, 2025",Golden State Valkyries,73,Seattle Storm,74,Box Score,2025,
"Tue, Jul 29, 2025",Las Vegas Aces,89,Los Angeles Sparks,74,Box Score,2025,
"Thu, May 22, 2025",New York Liberty,99.0,Chicago Sky,74.0,Box Score,2025,
"Thu, Sep 18, 2025",Seattle Storm,73,Las Vegas Aces,74,Box Score,2025,
"Mon, Aug 11, 2025",Connecticut Sun,57,Golden State Valkyries,74,Box Score,2025,
"Mon, Aug 25, 2025",Las Vegas Aces,79,Chicago Sky,74,Box Score,2025,
"Thu, Aug 7, 2025",Connecticut Sun,91.0,Los Angeles Sparks,102.0,Box Score,2025,
"Sun, Sep 14, 2025",Seattle Storm,77,Las Vegas Aces,102,Box Score,2025,
"Sun, May 25, 2025",Las Vegas Aces,82.0,Seattle Storm,102.0,Box Score,2025,
"Sun, Jul 13, 2025",Dallas Wings,83.0,Indiana Fever,102.0,Box Score,2025,
"Mon, Jul 7, 2025",Dallas Wings,72.0,Phoenix Mercury,102.0,Box Score,2025,
"Sat, Jul 12, 2025",Minnesota Lynx,81.0,Chicago Sky,87.0,Box Score,2025,
"Wed, Jul 9, 2025",Dallas Wings,76.0,Chicago Sky,87.0,Box Score,2025,
"Tue, May 27, 2025",Dallas Wings,109.0,Connecticut Sun,87.0,Box Score,2025,
"Tue, Jul 8, 2025",Las Vegas Aces,78,New York Liberty,87,Box Score,2025,
"Sat, Sep 6, 2025",Phoenix Mercury,84,Connecticut Sun,87,Box Score,2025,
"Tue, Aug 5, 2025",Minnesota Lynx,91.0,Seattle Storm,87.0,Box Score,2025,
"Sun, Sep 7, 2025",Indiana Fever,94,Washington Mystics,65,Box Score,2025,
"Sat, Jun 21, 2025",Phoenix Mercury,107.0,Chicago Sky,86.0,Box Score,2025,
"Wed, Sep 3, 2025",Los Angeles Sparks,75.0,Atlanta Dream,86.0,Box Score,2025,
"Sat, Aug 16, 2025",New York Liberty,80,Minnesota Lynx,86,Box Score,2025,
"Sun, Sep 28, 2025",Minnesota Lynx,81,Phoenix Mercury,86,Box Score,2025,
"Tue, Jun 17, 2025",Atlanta Dream,81.0,New York Liberty,86.0,Box Score,2025,Commissioner's Cup Game
"Fri, Jun 27, 2025",Indiana Fever,94.0,Dallas Wings,86.0,Box Score,2025,
"Thu, Jun 5, 2025",Golden State Valkyries,77.0,Phoenix Mercury,86.0,Box Score,2025,Commissioner's Cup Game
"Thu, Jul 24, 2025",Los Angeles Sparks,101.0,Connecticut Sun,86.0,Box Score,2025,
"Sun, Aug 10, 2025",Seattle Storm,91,Los Angeles Sparks,94,Box Score,2025,
"Sun, Aug 10, 2025",Connecticut Sun,86,Las Vegas Aces,94,Box Score,2025,
"Fri, May 16, 2025",Atlanta Dream,90.0,Washington Mystics,94.0,Box Score,2025,
"Tue, May 27, 2025",Chicago Sky,89.0,Phoenix Mercury,94.0,Box Score,2025,
"Fri, Sep 19, 2025",New York Liberty,73,Phoenix Mercury,79,Box Score,2025,
"Sun, Aug 3, 2025",Golden State Valkyries,77,Las Vegas Aces,101,Box Score,2025,
"Sun, Sep 14, 2025",Golden State Valkyries,72,Minnesota Lynx,101,Box Score,2025,
"Sat, Jun 14, 2025",Los Angeles Sparks,78.0,Minnesota Lynx,101.0,Box Score,2025,Commissioner's Cup Game
"Tue, Jul 22, 2025",Los Angeles Sparks,93.0,Washington Mystics,86.0,Box Score,2025,
"Tue, Sep 16, 2025",Las Vegas Aces,83,Seattle Storm,86,Box Score,2025,
"Thu, Sep 11, 2025",New York Liberty,91,Chicago Sky,86,Box Score,2025,
"Sun, Jun 8, 2025",Minnesota Lynx,81.0,Dallas Wings,65.0,Box Score,2025,Commissioner's Cup Game
"Thu, Aug 7, 2025",Atlanta Dream,86.0,Chicago Sky,65.0,Box Score,2025,
"Sun, Sep 21, 2025",Indiana Fever,89,Las Vegas Aces,73,Box Score,2025,
"Fri, May 23, 2025",Golden State Valkyries,82.0,Los Angeles Sparks,73.0,Box Score,2025,
"Wed, Sep 10, 2025",Atlanta Dream,88,Connecticut Sun,72,Box Score,2025,
"Fri, Sep 26, 2025",Las Vegas Aces,84,Indiana Fever,72,Box Score,2025,
"Sun, Jul 27, 2025",Phoenix Mercury,88.0,Washington Mystics,72.0,Box Score,2025,
"Wed, Aug 6, 2025",Las Vegas Aces,78.0,Golden State Valkyries,72.0,Box Score,2025,
"Sat, Sep 6, 2025",Minnesota Lynx,78,Golden State Valkyries,72,Box Score,2025,
"Sat, Aug 9, 2025",Los Angeles Sparks,59.0,Golden State Valkyries,72.0,Box Score,2025,
"Sun, Jun 22, 2025",Chicago Sky,80.0,Atlanta Dream,93.0,Box Score,2025,
"Tue, Jul 29, 2025",Chicago Sky,86,Washington Mystics,103,Box Score,2025,
"Tue, Jun 24, 2025",Indiana Fever,94,Seattle Storm,86,Box Score,2025,
"Fri, Oct 10, 2025",Las Vegas Aces,97,Phoenix Mercury,86,Box Score,2025,
"Wed, Jul 16, 2025",Las Vegas Aces,90.0,Dallas Wings,86.0,Box Score,2025,
"Fri, Jul 25, 2025",Dallas Wings,76.0,Golden State Valkyries,86.0,Box Score,2025,
"Wed, Jul 16, 2025",Phoenix Mercury,66.0,Minnesota Lynx,79.0,Box Score,2025,
"Sat, Aug 30, 2025",Chicago Sky,69.0,Seattle Storm,79.0,Box Score,2025,
"Fri, Jun 6, 2025",Los Angeles Sparks,93.0,Dallas Wings,79.0,Box Score,2025,Commissioner's Cup Game
"Wed, Jul 9, 2025",Minnesota Lynx,71.0,Phoenix Mercury,79.0,Box Score,2025,
"Wed, Jul 23, 2025",Atlanta Dream,90.0,Phoenix Mercury,79.0,Box Score,2025,
"Sun, Jul 13, 2025",Atlanta Dream,72.0,New York Liberty,79.0,Box Score,2025,
"Thu, Aug 28, 2025",Seattle Storm,93.0,Minnesota Lynx,79.0,Box Score,2025,
"Thu, Sep 11, 2025",Las Vegas Aces,103,Los Angeles Sparks,75,Box Score,2025,
"Tue, Sep 9, 2025",Washington Mystics,66,New York Liberty,75,Box Score,2025,
"Sun, May 18, 2025",Minnesota Lynx,89,Los Angeles Sparks,75,Box Score,2025,
"Fri, May 23, 2025",Washington Mystics,72.0,Las Vegas Aces,75.0,Box Score,2025,
"Wed, Aug 13, 2025",Atlanta Dream,85,Seattle Storm,75,Box Score,2025,
"Fri, Aug 29, 2025",Indiana Fever,76,Los Angeles Sparks,75,Box Score,2025,
"Wed, Jun 18, 2025",Phoenix Mercury,83.0,Connecticut Sun,75.0,Box Score,2025,
"Thu, Aug 21, 2025",Minnesota Lynx,73,Atlanta Dream,75,Box Score,2025,
"Sun, Jun 1, 2025",Minnesota Lynx,86.0,Golden State Valkyries,75.0,Box Score,2025,Commissioner's Cup Game
"Wed, Aug 27, 2025",Las Vegas Aces,81.0,Atlanta Dream,75.0,Box Score,2025,
"Tue, Jul 29, 2025",Golden State Valkyries,77,Atlanta Dream,75,Box Score,2025,
"Sun, Aug 17, 2025",Atlanta Dream,79,Golden State Valkyries,63,Box Score,2025,
"Fri, May 30, 2025",New York Liberty,85.0,Washington Mystics,63.0,Box Score,2025,
"Tue, Jul 22, 2025",Dallas Wings,87.0,Seattle Storm,63.0,Box Score,2025,
"Sun, Aug 31, 2025",Indiana Fever,63.0,Golden State Valkyries,75.0,Box Score,2025,
"Thu, Jun 26, 2025",Los Angeles Sparks,85.0,Indiana Fever,75.0,Box Score,2025,
"Sun, Aug 17, 2025",Los Angeles Sparks,86,Washington Mystics,95,Box Score,2025,
"Wed, Aug 27, 2025",Connecticut Sun,101.0,Dallas Wings,95.0,Box Score,2025,
"Sun, Jul 27, 2025",Golden State Valkyries,64.0,Connecticut Sun,95.0,Box Score,2025,
"Sat, Jun 7, 2025",Las Vegas Aces,68,Golden State Valkyries,95,Box Score,2025,Commissioner's Cup Game
"Fri, Aug 1, 2025",Phoenix Mercury,72,Atlanta Dream,95,Box Score,2025,
"Tue, May 27, 2025",Golden State Valkyries,67.0,New York Liberty,95.0,Box Score,2025,
"Thu, Aug 7, 2025",Indiana Fever,60.0,Phoenix Mercury,95.0,Box Score,2025,
"Tue, Aug 26, 2025",Seattle Storm,75.0,Indiana Fever,95.0,Box Score,2025,
"Tue, Aug 12, 2025",Dallas Wings,81.0,Indiana Fever,80.0,Box Score,2025,
"Sat, Aug 30, 2025",New York Liberty,63,Phoenix Mercury,80,Box Score,2025,
"Fri, Aug 8, 2025",Washington Mystics,76,Minnesota Lynx,80,Box Score,2025,
"Sun, Jun 1, 2025",Phoenix Mercury,85.0,Los Angeles Sparks,80.0,Box Score,2025,Commissioner's Cup Game
"Thu, Jul 24, 2025",Las Vegas Aces,70.0,Indiana Fever,80.0,Box Score,2025,
"Tue, Jun 17, 2025",Golden State Valkyries,71.0,Dallas Wings,80.0,Box Score,2025,Commissioner's Cup Game
"Wed, Jun 11, 2025",Dallas Wings,80.0,Phoenix Mercury,93.0,Box Score,2025,Commissioner's Cup Game
"Sun, Aug 17, 2025",Indiana Fever,99.0,Connecticut Sun,93.0,Box Score,2025,
"Wed, Jul 9, 2025",Seattle Storm,83.0,Connecticut Sun,93.0,Box Score,2025,
"Sat, May 17, 2025",Chicago Sky,58,Indiana Fever,93,Box Score,2025,
"Tue, Jun 17, 2025",Washington Mystics,79.0,Chicago Sky,72.0,Box Score,2025,Commissioner's Cup Game
"Thu, Sep 11, 2025",Golden State Valkyries,53,Minnesota Lynx,72,Box Score,2025,
"Sun, Jul 6, 2025",Chicago Sky,75.0,Minnesota Lynx,80.0,Box Score,2025,
"Sun, Sep 14, 2025",Indiana Fever,68,Atlanta Dream,80,Box Score,2025,
"Sun, Jul 27, 2025",Las Vegas Aces,106.0,Dallas Wings,80.0,Box Score,2025,
"Sun, Sep 7, 2025",Chicago Sky,66,Las Vegas Aces,80,Box Score,2025,
"Tue, Jun 17, 2025",Connecticut Sun,71.0,Indiana Fever,88.0,Box Score,2025,Commissioner's Cup Game
"Sun, May 25, 2025",Connecticut Sun,55.0,Atlanta Dream,79.0,Box Score,2025,
"Thu, May 29, 2025",Golden State Valkyries,77,New York Liberty,82,Box Score,2025,
"Sun, Aug 24, 2025",Seattle Storm,84,Washington Mystics,82,Box Score,2025,
"Sun, Aug 17, 2025",Phoenix Mercury,85.0,Seattle Storm,82.0,Box Score,2025,
"Tue, Aug 5, 2025",Connecticut Sun,66,Phoenix Mercury,82,Box Score,2025,
"Sat, Jun 21, 2025",Los Angeles Sparks,66.0,Minnesota Lynx,82.0,Box Score,2025,
"Sun, Sep 21, 2025",Phoenix Mercury,69,Minnesota Lynx,82,Box Score,2025,
"Thu, Jul 10, 2025",Minnesota Lynx,91.0,Los Angeles Sparks,82.0,Box Score,2025,
"Tue, May 20, 2025",Las Vegas Aces,87,Connecticut Sun,62,Box Score,2025,
"Tue, Aug 19, 2025",Minnesota Lynx,75,New York Liberty,85,Box Score,2025,
"Mon, Sep 1, 2025",Los Angeles Sparks,91.0,Seattle Storm,85.0,Box Score,2025,
"Wed, Jul 30, 2025",Atlanta Dream,88.0,Dallas Wings,85.0,Box Score,2025,
"Mon, Jul 28, 2025",Seattle Storm,101,Connecticut Sun,85,Box Score,2025,
"Wed, May 21, 2025",Dallas Wings,81.0,Minnesota Lynx,85.0,Box Score,2025,
"Sun, May 18, 2025",Washington Mystics,90,Connecticut Sun,85,Box Score,2025,
"Tue, Jun 3, 2025",Washington Mystics,76.0,Indiana Fever,85.0,Box Score,2025,Commissioner's Cup Game
"Tue, May 27, 2025",Seattle Storm,77.0,Minnesota Lynx,82.0,Box Score,2025,
"Sat, Jul 5, 2025",Golden State Valkyries,71.0,Minnesota Lynx,82.0,Box Score,2025,
"Tue, May 27, 2025",Atlanta Dream,88.0,Los Angeles Sparks,82.0,Box Score,2025,
"Tue, Aug 19, 2025",Seattle Storm,94,Chicago Sky,88,Box Score,2025,
"Tue, Jun 3, 2025",Phoenix Mercury,65.0,Minnesota Lynx,88.0,Box Score,2025,Commissioner's Cup Game
"Wed, Oct 8, 2025",Las Vegas Aces,90,Phoenix Mercury,88,Box Score,2025,
"Thu, Jun 19, 2025",Indiana Fever,77.0,Golden State Valkyries,88.0,Box Score,2025,
"Fri, Jun 13, 2025",Dallas Wings,84.0,Las Vegas Aces,88.0,Box Score,2025,Commissioner's Cup Game
"Sat, May 24, 2025",New York Liberty,90,Indiana Fever,88,Box Score,2025,
"Fri, Jun 13, 2025",Chicago Sky,70.0,Atlanta Dream,88.0,Box Score,2025,Commissioner's Cup Game
"Wed, Sep 3, 2025",Connecticut Sun,64.0,Chicago Sky,88.0,Box Score,2025,
"Wed, Aug 13, 2025",Chicago Sky,62,Connecticut Sun,71,Box Score,2025,
"Sun, Aug 10, 2025",Minnesota Lynx,83.0,New York Liberty,71.0,Box Score,2025,
"Fri, May 30, 2025",Minnesota Lynx,74.0,Phoenix Mercury,71.0,Box Score,2025,
"Mon, May 19, 2025",Seattle Storm,79.0,Dallas Wings,71.0,Box Score,2025,
"Wed, Jun 11, 2025",Los Angeles Sparks,97.0,Las Vegas Aces,89.0,Box Score,2025,Commissioner's Cup Game
"Sun, Jun 22, 2025",Indiana Fever,81.0,Las Vegas Aces,89.0,Box Score,2025,
"Wed, May 21, 2025",Los Angeles Sparks,86,Phoenix Mercury,89,Box Score,2025,
"Tue, Aug 5, 2025",Dallas Wings,76,New York Liberty,85,Box Score,2025,
"Tue, Jun 10, 2025",Chicago Sky,66.0,New York Liberty,85.0,Box Score,2025,Commissioner's Cup Game
"Tue, Sep 2, 2025",Indiana Fever,79.0,Phoenix Mercury,85.0,Box Score,2025,
"Thu, Aug 21, 2025",Chicago Sky,91,New York Liberty,85,Box Score,2025,
"Sun, Jun 29, 2025",Chicago Sky,92.0,Los Angeles Sparks,85.0,Box Score,2025,
"Thu, Sep 18, 2025",Indiana Fever,87,Atlanta Dream,85,Box Score,2025,
"Wed, Jun 25, 2025",Connecticut Sun,59.0,Las Vegas Aces,85.0,Box Score,2025,
"Thu, Jul 3, 2025",Seattle Storm,80,Atlanta Dream,79,Box Score,2025,
"Fri, Jul 11, 2025",Connecticut Sun,65.0,Seattle Storm,79.0,Box Score,2025,
"Sat, Jun 28, 2025",Washington Mystics,71.0,Dallas Wings,79.0,Box Score,2025,
"Sun, Jun 1, 2025",Connecticut Sun,52.0,New York Liberty,100.0,Box Score,2025,Commissioner's Cup Game
"Wed, May 21, 2025",Washington Mystics,74,Golden State Valkyries,76,Box Score,2025,
"Fri, May 23, 2025",Connecticut Sun,70.0,Minnesota Lynx,76.0,Box Score,2025,
"Fri, Sep 5, 2025",New York Liberty,84,Seattle Storm,76,Box Score,2025,
"Thu, May 22, 2025",Indiana Fever,81.0,Atlanta Dream,76.0,Box Score,2025,
"Tue, Jun 17, 2025",Las Vegas Aces,62.0,Minnesota Lynx,76.0,Box Score,2025,Commissioner's Cup Game
"Mon, Sep 1, 2025",Atlanta Dream,93.0,Connecticut Sun,76.0,Box Score,2025,
"Sat, Jun 14, 2025",Seattle Storm,70,Golden State Valkyries,76,Box Score,2025,Commissioner's Cup Game
"Fri, Oct 3, 2025",Phoenix Mercury,86,Las Vegas Aces,89,Box Score,2025,
"Fri, Sep 5, 2025",Los Angeles Sparks,85,Atlanta Dream,104,Box Score,2025,
"Sun, Jun 8, 2025",Connecticut Sun,67.0,Washington Mystics,104.0,Box Score,2025,Commissioner's Cup Game
"Sat, Jul 12, 2025",Golden State Valkyries,102.0,Las Vegas Aces,104.0,Box Score,2025,
"Thu, Aug 28, 2025",Washington Mystics,63.0,New York Liberty,89.0,Box Score,2025,
"Fri, Jul 25, 2025",Phoenix Mercury,76.0,New York Liberty,89.0,Box Score,2025,
"Thu, Jul 3, 2025",Los Angeles Sparks,79.0,New York Liberty,89.0,Box Score,2025,
"Sun, Jun 22, 2025",New York Liberty,79.0,Seattle Storm,89.0,Box Score,2025,
"Tue, Sep 2, 2025",New York Liberty,58.0,Golden State Valkyries,66.0,Box Score,2025,
"Fri, Aug 29, 2025",Dallas Wings,78.0,Atlanta Dream,100.0,Box Score,2025,
"Fri, Sep 26, 2025",Minnesota Lynx,76,Phoenix Mercury,84,Box Score,2025,
"Fri, Aug 15, 2025",Washington Mystics,88,Indiana Fever,84,Box Score,2025,
"Tue, Aug 26, 2025",Phoenix Mercury,92,Los Angeles Sparks,84,Box Score,2025,
"Wed, Jul 9, 2025",Golden State Valkyries,80.0,Indiana Fever,61.0,Box Score,2025,
"Fri, May 30, 2025",Los Angeles Sparks,81.0,Las Vegas Aces,96.0,Box Score,2025,
"Mon, Sep 1, 2025",Dallas Wings,71.0,Minnesota Lynx,96.0,Box Score,2025,
"Fri, Aug 15, 2025",Los Angeles Sparks,97,Dallas Wings,96,Box Score,2025,
"Wed, Sep 17, 2025",Phoenix Mercury,86,New York Liberty,60,Box Score,2025,
"Fri, Aug 22, 2025",Seattle Storm,95,Dallas Wings,60,Box Score,2025,
"Sun, Jun 29, 2025",Seattle Storm,57.0,Golden State Valkyries,84.0,Box Score,2025,
"Fri, May 16, 2025",Minnesota Lynx,99.0,Dallas Wings,84.0,Box Score,2025,
"Fri, Jun 6, 2025",Atlanta Dream,76.0,Connecticut Sun,84.0,Box Score,2025,Commissioner's Cup Game
"Thu, Sep 4, 2025",Dallas Wings,80.0,Golden State Valkyries,84.0,Box Score,2025,
"Sat, Aug 23, 2025",Connecticut Sun,94,Chicago Sky,84,Box Score,2025,
"Wed, Jul 30, 2025",New York Liberty,93.0,Minnesota Lynx,100.0,Box Score,2025,
"Tue, Aug 5, 2025",Indiana Fever,91,Los Angeles Sparks,100,Box Score,2025,
"Sun, Jun 15, 2025",Chicago Sky,78,Connecticut Sun,66,Box Score,2025,Commissioner's Cup Game
"Fri, Aug 1, 2025",Golden State Valkyries,73.0,Chicago Sky,66.0,Box Score,2025,
"Sun, Aug 10, 2025",Atlanta Dream,74,Phoenix Mercury,66,Box Score,2025,
"Thu, Jul 10, 2025",Las Vegas Aces,68.0,Washington Mystics,70.0,Box Score,2025,
"Sun, Jul 6, 2025",Seattle Storm,79.0,New York Liberty,70.0,Box Score,2025,
"Sun, Jun 1, 2025",Las Vegas Aces,75.0,Seattle Storm,70.0,Box Score,2025,Commissioner's Cup Game
"Sat, Aug 30, 2025",Minnesota Lynx,94,Connecticut Sun,70,Box Score,2025,
"Sun, Jun 15, 2025",Phoenix Mercury,76.0,Las Vegas Aces,70.0,Box Score,2025,Commissioner's Cup Game
"Thu, Jul 3, 2025",Washington Mystics,75.0,Minnesota Lynx,92.0,Box Score,2025,
"Fri, Jun 27, 2025",Minnesota Lynx,96.0,Atlanta Dream,92.0,Box Score,2025,
"Sat, Aug 9, 2025",Chicago Sky,70.0,Indiana Fever,92.0,Box Score,2025,
"Mon, Jul 28, 2025",New York Liberty,82,Dallas Wings,92,Box Score,2025,
"Tue, Sep 23, 2025",Indiana Fever,68,Las Vegas Aces,90,Box Score,2025,
"Fri, Aug 8, 2025",Seattle Storm,86,Las Vegas Aces,90,Box Score,2025,
"Sun, Jun 29, 2025",New York Liberty,81.0,Atlanta Dream,90.0,Box Score,2025,
"Mon, Jul 7, 2025",Golden State Valkyries,81.0,Atlanta Dream,90.0,Box Score,2025,
"Fri, Aug 22, 2025",Minnesota Lynx,95,Indiana Fever,90,Box Score,2025,
"Sun, Sep 28, 2025",Las Vegas Aces,83,Indiana Fever,90,Box Score,2025,
"Tue, May 20, 2025",Atlanta Dream,91,Indiana Fever,90,Box Score,2025,
"Sun, Aug 31, 2025",Washington Mystics,78.0,Los Angeles Sparks,81.0,Box Score,2025,
"Thu, Sep 11, 2025",Phoenix Mercury,76,Dallas Wings,97,Box Score,2025,
"Tue, Aug 12, 2025",New York Liberty,105.0,Los Angeles Sparks,97.0,Box Score,2025,
"Sun, Aug 3, 2025",Washington Mystics,83.0,Atlanta Dream,99.0,Box Score,2025,
"Tue, Jun 24, 2025",Los Angeles Sparks,86.0,Chicago Sky,97.0,Box Score,2025,
"Sun, Aug 24, 2025",Indiana Fever,84.0,Minnesota Lynx,97.0,Box Score,2025,
"Thu, May 29, 2025",Dallas Wings,92.0,Chicago Sky,97.0,Box Score,2025,
"Fri, Jun 27, 2025",Connecticut Sun,81.0,Seattle Storm,97.0,Box Score,2025,
"Fri, Aug 15, 2025",Golden State Valkyries,90,Chicago Sky,59,Box Score,2025,
"Mon, Jul 14, 2025",Phoenix Mercury,78.0,Golden State Valkyries,77.0,Box Score,2025,
"Sat, Jun 7, 2025",Seattle Storm,89,Phoenix Mercury,77,Box Score,2025,Commissioner's Cup Game
"Fri, Aug 8, 2025",New York Liberty,88.0,Dallas Wings,77.0,Box Score,2025,
"Tue, Jul 15, 2025",Indiana Fever,85.0,Connecticut Sun,77.0,Box Score,2025,
"Tue, Sep 16, 2025",Atlanta Dream,60,Indiana Fever,77,Box Score,2025,
"Fri, May 23, 2025",Phoenix Mercury,70.0,Seattle Storm,77.0,Box Score,2025,
"Tue, Jun 10, 2025",Indiana Fever,58.0,Atlanta Dream,77.0,Box Score,2025,Commissioner's Cup Game
"Thu, Jun 19, 2025",Phoenix Mercury,89.0,New York Liberty,81.0,Box Score,2025,
"Mon, Jun 9, 2025",Golden State Valkyries,89.0,Los Angeles Sparks,81.0,Box Score,2025,Commissioner's Cup Game
"Tue, Jul 8, 2025",Chicago Sky,79.0,Washington Mystics,81.0,Box Score,2025,
"Sun, Jun 29, 2025",Las Vegas Aces,84.0,Phoenix Mercury,81.0,Box Score,2025,
"Thu, Jul 3, 2025",Las Vegas Aces,54.0,Indiana Fever,81.0,Box Score,2025,
"Sat, Aug 23, 2025",Las Vegas Aces,91,Washington Mystics,81,Box Score,2025,
"Sat, May 17, 2025",Seattle Storm,59.0,Phoenix Mercury,81.0,Box Score,2025,
"Sun, Aug 24, 2025",Golden State Valkyries,90,Dallas Wings,81,Box Score,2025,
"Mon, Aug 25, 2025",Connecticut Sun,79.0,New York Liberty,81.0,Box Score,2025,
"Fri, Aug 22, 2025",Golden State Valkyries,72.0,Phoenix Mercury,81.0,Box Score,2025,
"Fri, Jul 11, 2025",Atlanta Dream,82.0,Indiana Fever,99.0,Box Score,2025,
"Sat, Jul 26, 2025",Los Angeles Sparks,101.0,New York Liberty,99.0,Box Score,2025,
"Sun, Jul 27, 2025",Indiana Fever,93.0,Chicago Sky,78.0,Box Score,2025,
"Fri, Aug 1, 2025",New York Liberty,62.0,Connecticut Sun,78.0,Box Score,2025,
"Sun, Aug 10, 2025",Washington Mystics,91.0,Dallas Wings,78.0,Box Score,2025,
"Fri, Aug 1, 2025",Indiana Fever,88,Dallas Wings,78,Box Score,2025,
"Sun, Aug 3, 2025",New York Liberty,87.0,Connecticut Sun,78.0,Box Score,2025,
"Sat, Aug 23, 2025",New York Liberty,62,Atlanta Dream,78,Box Score,2025,
"Mon, Jul 14, 2025",Minnesota Lynx,91.0,Chicago Sky,78.0,Box Score,2025,
"Fri, Aug 15, 2025",Seattle Storm,80,Atlanta Dream,78,Box Score,2025,
"Tue, Aug 5, 2025",Washington Mystics,64,Chicago Sky,78,Box Score,2025,
"Fri, Sep 5, 2025",Chicago Sky,77,Indiana Fever,97,Box Score,2025,
"Thu, Sep 4, 2025",Minnesota Lynx,87.0,Las Vegas Aces,97.0,Box Score,2025,
"Tue, Sep 9, 2025",Chicago Sky,61,Las Vegas Aces,92,Box Score,2025,
"Fri, Jun 20, 2025",Washington Mystics,91.0,Atlanta Dream,92.0,Box Score,2025,
"Sun, Jul 13, 2025",Connecticut Sun,88.0,Los Angeles Sparks,92.0,Box Score,2025,
"Wed, Jul 16, 2025",Golden State Valkyries,58.0,Seattle Storm,67.0,Box Score,2025,
"Thu, Jul 31, 2025",Golden State Valkyries,68.0,Washington Mystics,67.0,Box Score,2025,
"Fri, May 16, 2025",Los Angeles Sparks,84,Golden State Valkyries,67,Box Score,2025,
"Thu, Aug 21, 2025",Washington Mystics,56,Connecticut Sun,67,Box Score,2025,
"Sun, Aug 3, 2025",Phoenix Mercury,83.0,Chicago Sky,67.0,Box Score,2025,
"Tue, Jun 17, 2025",Seattle Storm,98.0,Los Angeles Sparks,67.0,Box Score,2025,Commissioner's Cup Game
"Sun, Jun 15, 2025",Atlanta Dream,89.0,Washington Mystics,56.0,Box Score,2025,Commissioner's Cup Game
"Sat, Jun 7, 2025",Indiana Fever,79.0,Chicago Sky,52.0,Box Score,2025,Commissioner's Cup Game
"Wed, Aug 13, 2025",New York Liberty,77.0,Las Vegas Aces,83.0,Box Score,2025,
"Thu, Jun 5, 2025",New York Liberty,86.0,Washington Mystics,78.0,Box Score,2025,Commissioner's Cup Game
"Wed, Jun 25, 2025",New York Liberty,81.0,Golden State Valkyries,78.0,Box Score,2025,
"Sat, Aug 30, 2025",Washington Mystics,62,Golden State Valkyries,99,Box Score,2025,
"Tue, Jul 15, 2025",Washington Mystics,80.0,Los Angeles Sparks,99.0,Box Score,2025,
"Sat, May 31, 2025",Chicago Sky,94.0,Dallas Wings,83.0,Box Score,2025,
"Wed, Aug 13, 2025",Golden State Valkyries,88,Washington Mystics,83,Box Score,2025,
"Tue, Sep 9, 2025",Minnesota Lynx,72,Indiana Fever,83,Box Score,2025,
"Fri, Aug 15, 2025",Las Vegas Aces,86,Phoenix Mercury,83,Box Score,2025,
"Thu, Aug 21, 2025",Phoenix Mercury,61,Las Vegas Aces,83,Box Score,2025,
"Fri, Jun 20, 2025",Seattle Storm,90.0,Las Vegas Aces,83.0,Box Score,2025,
"Tue, Sep 9, 2025",Los Angeles Sparks,88,Phoenix Mercury,83,Box Score,2025,
"Fri, May 30, 2025",Connecticut Sun,85.0,Indiana Fever,83.0,Box Score,2025,
"Thu, Jun 26, 2025",Washington Mystics,94.0,Las Vegas Aces,83.0,Box Score,2025,
"Thu, Aug 28, 2025",Chicago Sky,79,Phoenix Mercury,83,Box Score,2025,
"Fri, Jun 27, 2025",Chicago Sky,78.0,Golden State Valkyries,83.0,Box Score,2025,
"Tue, Jun 3, 2025",Dallas Wings,77.0,Seattle Storm,83.0,Box Score,2025,Commissioner's Cup Game
"Sat, Aug 2, 2025",Minnesota Lynx,111.0,Las Vegas Aces,58.0,Box Score,2025,
"Thu, Jul 24, 2025",Seattle Storm,95.0,Chicago Sky,57.0,Box Score,2025,
"Wed, Jul 16, 2025",Atlanta Dream,86.0,Chicago Sky,49.0,Box Score,2025,
"Sat, May 17, 2025",Las Vegas Aces,78,New York Liberty,92,Box Score,2025,
"Wed, Aug 20, 2025",Dallas Wings,80,Los Angeles Sparks,81,Box Score,2025,
"Fri, Aug 1, 2025",Los Angeles Sparks,108,Seattle Storm,106,Box Score,2025,
"Sun, Aug 17, 2025",Dallas Wings,87,Las Vegas Aces,106,Box Score,2025,
"Fri, Jun 27, 2025",New York Liberty,91.0,Phoenix Mercury,106.0,Box Score,2025,
"Wed, Jul 30, 2025",Phoenix Mercury,101,Indiana Fever,107,Box Score,2025,
"Sat, Jul 26, 2025",Seattle Storm,58.0,Washington Mystics,69.0,Box Score,2025,
"Thu, Sep 4, 2025",Phoenix Mercury,75.0,Washington Mystics,69.0,Box Score,2025,
"Sun, Sep 14, 2025",New York Liberty,76,Phoenix Mercury,69,Box Score,2025,
"Sun, Jul 13, 2025",Washington Mystics,74.0,Seattle Storm,69.0,Box Score,2025,
"Tue, Aug 19, 2025",Connecticut Sun,80,Washington Mystics,69,Box Score,2025,
"Tue, Jul 22, 2025",Indiana Fever,84.0,New York Liberty,98.0,Box Score,2025,
"Thu, Jul 3, 2025",Phoenix Mercury,89.0,Dallas Wings,98.0,Box Score,2025,
"Wed, Jul 16, 2025",Indiana Fever,77.0,New York Liberty,98.0,Box Score,2025,
"Wed, May 28, 2025",Indiana Fever,77.0,Washington Mystics,83.0,Box Score,2025,
"Sat, May 24, 2025",Dallas Wings,75.0,Atlanta Dream,83.0,Box Score,2025,
"Tue, Sep 23, 2025",Phoenix Mercury,89,Minnesota Lynx,83,Box Score,2025,
"Fri, Jun 20, 2025",Dallas Wings,86.0,Connecticut Sun,83.0,Box Score,2025,
"Tue, Jul 22, 2025",Chicago Sky,68.0,Minnesota Lynx,91.0,Box Score,2025,
"Thu, Jun 25, 2026",Los Angeles Sparks,97.0,Toronto Tempo,125.0,Box Score,2026,
"Sun, Jun 28, 2026",Portland Fire,123.0,Washington Mystics,124.0,Box Score,2026,
"Fri, Jun 26, 2026",Portland Fire,94.0,Chicago Sky,124.0,Box Score,2026,
"Thu, Aug 6, 2026",Las Vegas Aces,,Indiana Fever,,,2026,
"Thu, Aug 6, 2026",Los Angeles Sparks,,Minnesota Lynx,,,2026,
"Thu, Aug 6, 2026",Toronto Tempo,,Portland Fire,,,2026,
"Fri, Aug 7, 2026",Phoenix Mercury,,Connecticut Sun,,,2026,
"Tue, Aug 4, 2026",Toronto Tempo,,Golden State Valkyries,,,2026,
"Sun, May 10, 2026",Atlanta Dream,,Minnesota Lynx,,,2026,
"Thu, Jul 16, 2026",New York Liberty,,Dallas Wings,,,2026,
"Wed, Aug 5, 2026",Dallas Wings,,Washington Mystics,,,2026,
"Wed, Aug 5, 2026",Seattle Storm,,New York Liberty,,,2026,
"Wed, Aug 5, 2026",Los Angeles Sparks,,Chicago Sky,,,2026,
"Wed, Aug 5, 2026",Phoenix Mercury,,Atlanta Dream,,,2026,
"Sat, Jun 27, 2026",Los Angeles Sparks,87.0,Indiana Fever,111.0,Box Score,2026,
"Tue, Aug 11, 2026",New York Liberty,,Indiana Fever,,,2026,
"Mon, Aug 10, 2026",Chicago Sky,,Seattle Storm,,,2026,
"Mon, Aug 10, 2026",Toronto Tempo,,Atlanta Dream,,,2026,
"Sun, Aug 9, 2026",Phoenix Mercury,,Washington Mystics,,,2026,
"Sun, Aug 9, 2026",Las Vegas Aces,,New York Liberty,,,2026,
"Sun, Aug 9, 2026",Dallas Wings,,Minnesota Lynx,,,2026,
"Sun, Aug 9, 2026",Golden State Valkyries,,Los Angeles Sparks,,,2026,
"Sat, Aug 8, 2026",Seattle Storm,,Portland Fire,,,2026,
"Sat, Aug 8, 2026",Las Vegas Aces,,Minnesota Lynx,,,2026,
"Sat, Aug 8, 2026",Indiana Fever,,Chicago Sky,,,2026,
"Sun, Jun 21, 2026",New York Liberty,97.0,Los Angeles Sparks,98.0,Box Score,2026,
"Tue, May 12, 2026",New York Liberty,96.0,Portland Fire,98.0,Box Score,2026,
"Thu, Jul 16, 2026",Portland Fire,75.0,Washington Mystics,56.0,Box Score,2026,
"Fri, Jul 3, 2026",Chicago Sky,90.0,Las Vegas Aces,98.0,Box Score,2026,
"Sun, Aug 2, 2026",Connecticut Sun,63.0,Dallas Wings,83.0,Box Score,2026,
"Mon, Jul 20, 2026",Las Vegas Aces,109.0,Toronto Tempo,83.0,Box Score,2026,
"Fri, Jul 17, 2026",Connecticut Sun,96.0,Phoenix Mercury,83.0,Box Score,2026,
"Sat, Jul 4, 2026",Golden State Valkyries,88.0,Atlanta Dream,83.0,Box Score,2026,
"Fri, Jul 31, 2026",Indiana Fever,112.0,Portland Fire,98.0,Box Score,2026,
"Fri, Jul 31, 2026",Seattle Storm,89.0,Atlanta Dream,98.0,Box Score,2026,
"Tue, Jul 28, 2026",Portland Fire,83.0,Las Vegas Aces,98.0,Box Score,2026,
"Mon, Jul 20, 2026",New York Liberty,99.0,Dallas Wings,98.0,Box Score,2026,
"Mon, Jul 6, 2026",Golden State Valkyries,62.0,Washington Mystics,49.0,Box Score,2026,
"Thu, Jul 2, 2026",Dallas Wings,86.0,Connecticut Sun,83.0,Box Score,2026,
"Fri, Jun 19, 2026",Washington Mystics,86.0,New York Liberty,83.0,Box Score,2026,
"Wed, Jun 17, 2026",Minnesota Lynx,99.0,Los Angeles Sparks,83.0,Box Score,2026,Commissioner's Cup Game
"Wed, Jun 10, 2026",Los Angeles Sparks,88.0,Seattle Storm,83.0,Box Score,2026,Commissioner's Cup Game
"Sat, Jun 6, 2026",Indiana Fever,75.0,New York Liberty,83.0,Box Score,2026,Commissioner's Cup Game
"Thu, Jun 4, 2026",Atlanta Dream,71.0,Indiana Fever,83.0,Box Score,2026,Commissioner's Cup Game
"Mon, May 18, 2026",Connecticut Sun,82.0,Portland Fire,83.0,Box Score,2026,
"Sat, May 9, 2026",Chicago Sky,98.0,Portland Fire,83.0,Box Score,2026,
"Wed, Jul 22, 2026",Dallas Wings,101.0,Portland Fire,97.0,Box Score,2026,
"Fri, Jun 19, 2026",Toronto Tempo,101.0,Connecticut Sun,97.0,Box Score,2026,
"Wed, Jun 3, 2026",Toronto Tempo,82.0,New York Liberty,97.0,Box Score,2026,Commissioner's Cup Game
"Mon, May 25, 2026",Connecticut Sun,70.0,Golden State Valkyries,97.0,Box Score,2026,
"Sun, May 24, 2026",Washington Mystics,85.0,Seattle Storm,97.0,Box Score,2026,
"Fri, May 29, 2026",Minnesota Lynx,79.0,Chicago Sky,58.0,Box Score,2026,
"Tue, Jul 7, 2026",Dallas Wings,88.0,New York Liberty,77.0,Box Score,2026,
"Sun, Jun 28, 2026",Minnesota Lynx,85.0,Dallas Wings,77.0,Box Score,2026,
"Wed, Jun 24, 2026",Atlanta Dream,66.0,Golden State Valkyries,77.0,Box Score,2026,
"Sun, Jun 14, 2026",Atlanta Dream,102.0,Toronto Tempo,77.0,Box Score,2026,Commissioner's Cup Game
"Mon, Jun 1, 2026",Minnesota Lynx,111.0,Phoenix Mercury,77.0,Box Score,2026,Commissioner's Cup Game
"Fri, May 22, 2026",Connecticut Sun,59.0,Seattle Storm,77.0,Box Score,2026,
"Thu, Sep 24, 2026",Chicago Sky,,Washington Mystics,,,2026,
"Thu, Sep 24, 2026",Las Vegas Aces,,Phoenix Mercury,,,2026,
"Thu, Sep 24, 2026",Indiana Fever,,Minnesota Lynx,,,2026,
"Thu, Sep 24, 2026",Golden State Valkyries,,Los Angeles Sparks,,,2026,
"Thu, Sep 24, 2026",Toronto Tempo,,Connecticut Sun,,,2026,
"Fri, Jul 3, 2026",Minnesota Lynx,86.0,New York Liberty,99.0,Box Score,2026,
"Fri, Jun 26, 2026",Atlanta Dream,75.0,Golden State Valkyries,78.0,Box Score,2026,
"Mon, Jun 15, 2026",Los Angeles Sparks,58.0,Golden State Valkyries,78.0,Box Score,2026,Commissioner's Cup Game
"Wed, May 20, 2026",Connecticut Sun,80.0,Seattle Storm,78.0,Box Score,2026,
"Wed, May 13, 2026",Indiana Fever,87.0,Los Angeles Sparks,78.0,Box Score,2026,
"Sun, May 10, 2026",Las Vegas Aces,105.0,Los Angeles Sparks,78.0,Box Score,2026,
"Sun, Jun 28, 2026",Las Vegas Aces,107.0,Chicago Sky,99.0,Box Score,2026,
"Thu, Jun 25, 2026",New York Liberty,88.0,Seattle Storm,99.0,Box Score,2026,
"Thu, Jun 25, 2026",Dallas Wings,84.0,Las Vegas Aces,99.0,Box Score,2026,
"Fri, May 15, 2026",Toronto Tempo,95.0,Los Angeles Sparks,99.0,Box Score,2026,
"Sun, May 17, 2026",Toronto Tempo,106.0,Los Angeles Sparks,96.0,Box Score,2026,
"Sat, Aug 1, 2026",Las Vegas Aces,83.0,Chicago Sky,84.0,Box Score,2026,
"Sun, Jul 12, 2026",Seattle Storm,79.0,Washington Mystics,84.0,Box Score,2026,
"Sat, Jun 13, 2026",Dallas Wings,83.0,Portland Fire,84.0,Box Score,2026,Commissioner's Cup Game
"Sat, Jun 6, 2026",Golden State Valkyries,79.0,Las Vegas Aces,84.0,Box Score,2026,Commissioner's Cup Game
"Sat, May 30, 2026",Los Angeles Sparks,81.0,Connecticut Sun,84.0,Box Score,2026,
"Wed, May 27, 2026",Phoenix Mercury,74.0,New York Liberty,84.0,Box Score,2026,
"Sun, May 17, 2026",Las Vegas Aces,85.0,Atlanta Dream,84.0,Box Score,2026,
"Tue, May 12, 2026",Minnesota Lynx,88.0,Phoenix Mercury,84.0,Box Score,2026,
"Wed, Jul 22, 2026",Phoenix Mercury,86.0,Los Angeles Sparks,82.0,Box Score,2026,
"Mon, Jul 20, 2026",Washington Mystics,90.0,Golden State Valkyries,82.0,Box Score,2026,
"Sun, May 24, 2026",Phoenix Mercury,80.0,Atlanta Dream,82.0,Box Score,2026,
"Thu, May 14, 2026",New York Liberty,100.0,Portland Fire,82.0,Box Score,2026,
"Sun, May 10, 2026",Seattle Storm,89.0,Connecticut Sun,82.0,Box Score,2026,
"Sun, Aug 2, 2026",Toronto Tempo,79.0,Golden State Valkyries,96.0,Box Score,2026,
"Fri, Jul 17, 2026",Los Angeles Sparks,82.0,Chicago Sky,96.0,Box Score,2026,
"Wed, Jul 15, 2026",Los Angeles Sparks,87.0,Minnesota Lynx,96.0,Box Score,2026,
"Sun, Jul 12, 2026",Chicago Sky,91.0,Dallas Wings,96.0,Box Score,2026,
"Mon, Jun 15, 2026",Las Vegas Aces,66.0,Dallas Wings,96.0,Box Score,2026,Commissioner's Cup Game
"Fri, Jun 5, 2026",Dallas Wings,104.0,Los Angeles Sparks,96.0,Box Score,2026,Commissioner's Cup Game
"Wed, May 27, 2026",Atlanta Dream,81.0,Minnesota Lynx,96.0,Box Score,2026,
"Wed, Jul 22, 2026",Minnesota Lynx,86.0,Seattle Storm,76.0,Box Score,2026,
"Wed, Sep 23, 2026",Dallas Wings,,Seattle Storm,,,2026,
"Wed, Sep 23, 2026",Atlanta Dream,,New York Liberty,,,2026,
"Tue, Sep 22, 2026",Connecticut Sun,,Washington Mystics,,,2026,
"Tue, Sep 22, 2026",Golden State Valkyries,,Portland Fire,,,2026,
"Tue, Sep 22, 2026",Los Angeles Sparks,,Las Vegas Aces,,,2026,
"Tue, Sep 22, 2026",Minnesota Lynx,,Indiana Fever,,,2026,
"Tue, Sep 22, 2026",Toronto Tempo,,Chicago Sky,,,2026,
"Mon, Sep 21, 2026",Dallas Wings,,Phoenix Mercury,,,2026,
"Thu, May 21, 2026",Toronto Tempo,72.0,Minnesota Lynx,100.0,Box Score,2026,
"Sun, Jul 5, 2026",Dallas Wings,89.0,Toronto Tempo,76.0,Box Score,2026,
"Sun, Jun 28, 2026",New York Liberty,67.0,Golden State Valkyries,76.0,Box Score,2026,
"Wed, Jun 24, 2026",Minnesota Lynx,78.0,Washington Mystics,76.0,Box Score,2026,
"Tue, Jun 23, 2026",New York Liberty,87.0,Las Vegas Aces,76.0,Box Score,2026,
"Wed, Jun 17, 2026",Las Vegas Aces,86.0,Phoenix Mercury,76.0,Box Score,2026,Commissioner's Cup Game
"Mon, Jun 8, 2026",Indiana Fever,78.0,Washington Mystics,76.0,Box Score,2026,Commissioner's Cup Game
"Sun, May 24, 2026",Dallas Wings,91.0,New York Liberty,76.0,Box Score,2026,
"Tue, Jul 14, 2026",Washington Mystics,79.0,Toronto Tempo,62.0,Box Score,2026,
"Thu, Jun 11, 2026",Phoenix Mercury,70.0,Dallas Wings,85.0,Box Score,2026,Commissioner's Cup Game
"Sun, Jun 7, 2026",Chicago Sky,68.0,Toronto Tempo,85.0,Box Score,2026,Commissioner's Cup Game
"Fri, Jun 5, 2026",Connecticut Sun,80.0,Chicago Sky,85.0,Box Score,2026,Commissioner's Cup Game
"Sat, Sep 19, 2026",Phoenix Mercury,,Dallas Wings,,,2026,
"Tue, Jul 28, 2026",Toronto Tempo,93.0,Minnesota Lynx,100.0,Box Score,2026,
"Wed, Jul 22, 2026",Las Vegas Aces,99.0,Washington Mystics,100.0,Box Score,2026,
"Sat, Jun 13, 2026",Minnesota Lynx,97.0,Las Vegas Aces,100.0,Box Score,2026,Commissioner's Cup Game
"Tue, Jun 9, 2026",Dallas Wings,76.0,Minnesota Lynx,100.0,Box Score,2026,Commissioner's Cup Game
"Sat, May 30, 2026",Indiana Fever,84.0,Portland Fire,100.0,Box Score,2026,
"Mon, Sep 21, 2026",Atlanta Dream,,New York Liberty,,,2026,
"Sun, Sep 20, 2026",New York Liberty,,Toronto Tempo,,,2026,
"Sun, Sep 20, 2026",Seattle Storm,,Las Vegas Aces,,,2026,
"Sun, Sep 20, 2026",Portland Fire,,Los Angeles Sparks,,,2026,
"Sun, Sep 20, 2026",Washington Mystics,,Indiana Fever,,,2026,
"Sun, Sep 20, 2026",Minnesota Lynx,,Connecticut Sun,,,2026,
"Sat, Sep 19, 2026",Seattle Storm,,Golden State Valkyries,,,2026,
"Wed, May 13, 2026",Chicago Sky,69.0,Golden State Valkyries,63.0,Box Score,2026,
"Wed, Jul 15, 2026",Golden State Valkyries,88.0,Indiana Fever,75.0,Box Score,2026,
"Sun, Jul 12, 2026",Indiana Fever,109.0,Las Vegas Aces,75.0,Box Score,2026,
"Wed, Jul 8, 2026",Golden State Valkyries,83.0,Toronto Tempo,75.0,Box Score,2026,
"Fri, Jun 19, 2026",Minnesota Lynx,81.0,Golden State Valkyries,75.0,Box Score,2026,
"Sat, Jun 13, 2026",Indiana Fever,85.0,Connecticut Sun,75.0,Box Score,2026,Commissioner's Cup Game
"Tue, Jun 9, 2026",Atlanta Dream,82.0,Chicago Sky,75.0,Box Score,2026,Commissioner's Cup Game
"Fri, May 29, 2026",Phoenix Mercury,68.0,New York Liberty,75.0,Box Score,2026,
"Sat, May 23, 2026",Minnesota Lynx,85.0,Chicago Sky,75.0,Box Score,2026,
"Mon, Aug 3, 2026",Seattle Storm,83.0,New York Liberty,95.0,Box Score,2026,
"Tue, Jul 28, 2026",Indiana Fever,105.0,Seattle Storm,95.0,Box Score,2026,
"Wed, Jul 22, 2026",Chicago Sky,94.0,New York Liberty,95.0,Box Score,2026,
"Wed, Jul 15, 2026",Seattle Storm,90.0,Chicago Sky,95.0,Box Score,2026,
"Fri, Jul 10, 2026",Dallas Wings,108.0,Toronto Tempo,95.0,Box Score,2026,
"Wed, Jun 17, 2026",New York Liberty,96.0,Chicago Sky,95.0,Box Score,2026,Commissioner's Cup Game
"Tue, Jun 2, 2026",Portland Fire,77.0,Golden State Valkyries,95.0,Box Score,2026,Commissioner's Cup Game
"Thu, May 28, 2026",Las Vegas Aces,87.0,Dallas Wings,95.0,Box Score,2026,
"Sat, May 23, 2026",Los Angeles Sparks,101.0,Las Vegas Aces,95.0,Box Score,2026,
"Sun, May 10, 2026",Phoenix Mercury,79.0,Golden State Valkyries,95.0,Box Score,2026,
"Thu, Jul 30, 2026",Connecticut Sun,88.0,Chicago Sky,94.0,Box Score,2026,
"Mon, Jun 22, 2026",Toronto Tempo,87.0,Atlanta Dream,94.0,Box Score,2026,
"Wed, Jun 17, 2026",Seattle Storm,89.0,Portland Fire,94.0,Box Score,2026,Commissioner's Cup Game
"Fri, May 15, 2026",Las Vegas Aces,101.0,Connecticut Sun,94.0,Box Score,2026,
"Mon, Jun 1, 2026",Seattle Storm,56.0,Dallas Wings,79.0,Box Score,2026,Commissioner's Cup Game
"Sun, May 17, 2026",Chicago Sky,86.0,Minnesota Lynx,79.0,Box Score,2026,
"Fri, Aug 28, 2026",Toronto Tempo,,Las Vegas Aces,,,2026,
"Mon, Aug 3, 2026",Phoenix Mercury,106.0,Chicago Sky,101.0,Box Score,2026,
"Sun, Aug 2, 2026",Los Angeles Sparks,106.0,Portland Fire,101.0,Box Score,2026,
"Sat, Jul 18, 2026",Portland Fire,93.0,Minnesota Lynx,101.0,Box Score,2026,
"Mon, Jul 13, 2026",Los Angeles Sparks,92.0,Atlanta Dream,101.0,Box Score,2026,
"Wed, Jun 24, 2026",Portland Fire,78.0,Chicago Sky,101.0,Box Score,2026,
"Thu, Jun 18, 2026",Atlanta Dream,108.0,Indiana Fever,101.0,Box Score,2026,
"Mon, Jun 8, 2026",Seattle Storm,91.0,Las Vegas Aces,101.0,Box Score,2026,Commissioner's Cup Game
"Sat, Sep 19, 2026",Chicago Sky,,Atlanta Dream,,,2026,
"Fri, Sep 18, 2026",Indiana Fever,,Toronto Tempo,,,2026,
"Fri, Sep 18, 2026",New York Liberty,,Minnesota Lynx,,,2026,
"Fri, Sep 18, 2026",Portland Fire,,Golden State Valkyries,,,2026,
"Thu, Sep 17, 2026",Las Vegas Aces,,Seattle Storm,,,2026,
"Thu, Sep 17, 2026",Phoenix Mercury,,Portland Fire,,,2026,
"Thu, Sep 17, 2026",Los Angeles Sparks,,Dallas Wings,,,2026,
"Sun, Jun 21, 2026",Washington Mystics,84.0,Minnesota Lynx,79.0,Box Score,2026,
"Fri, Aug 28, 2026",Portland Fire,,Atlanta Dream,,,2026,
"Thu, Aug 27, 2026",Washington Mystics,,Phoenix Mercury,,,2026,
"Thu, Aug 27, 2026",Golden State Valkyries,,New York Liberty,,,2026,
"Mon, Jul 20, 2026",Minnesota Lynx,105.0,Seattle Storm,102.0,Box Score,2026,
"Fri, Jul 10, 2026",Chicago Sky,87.0,Los Angeles Sparks,102.0,Box Score,2026,
"Sat, Jun 13, 2026",Los Angeles Sparks,111.0,Phoenix Mercury,102.0,Box Score,2026,Commissioner's Cup Game
"Fri, May 15, 2026",Washington Mystics,104.0,Indiana Fever,102.0,Box Score,2026,
"Thu, Sep 17, 2026",Washington Mystics,,Chicago Sky,,,2026,
"Thu, Sep 17, 2026",Connecticut Sun,,Atlanta Dream,,,2026,
"Sun, Aug 30, 2026",Los Angeles Sparks,,Seattle Storm,,,2026,
"Sun, Aug 30, 2026",Golden State Valkyries,,Portland Fire,,,2026,
"Sun, Aug 30, 2026",Connecticut Sun,,Dallas Wings,,,2026,
"Sun, Aug 30, 2026",Minnesota Lynx,,Atlanta Dream,,,2026,
"Sat, Aug 29, 2026",Toronto Tempo,,Phoenix Mercury,,,2026,
"Sat, Aug 29, 2026",Chicago Sky,,New York Liberty,,,2026,
"Fri, Jul 10, 2026",Golden State Valkyries,79.0,Connecticut Sun,64.0,Box Score,2026,
"Mon, Jul 6, 2026",Seattle Storm,82.0,Los Angeles Sparks,64.0,Box Score,2026,
"Wed, May 27, 2026",Washington Mystics,78.0,Seattle Storm,64.0,Box Score,2026,
"Mon, Jun 22, 2026",Phoenix Mercury,77.0,Indiana Fever,86.0,Box Score,2026,
"Sun, Jun 14, 2026",Washington Mystics,64.0,New York Liberty,86.0,Box Score,2026,Commissioner's Cup Game
"Fri, Jun 12, 2026",Toronto Tempo,85.0,Washington Mystics,86.0,Box Score,2026,Commissioner's Cup Game
"Fri, May 22, 2026",Dallas Wings,69.0,Atlanta Dream,86.0,Box Score,2026,
"Thu, May 14, 2026",Minnesota Lynx,90.0,Dallas Wings,86.0,Box Score,2026,
"Wed, May 13, 2026",Seattle Storm,73.0,Toronto Tempo,86.0,Box Score,2026,
"Sat, Jul 18, 2026",Washington Mystics,69.0,Golden State Valkyries,74.0,Box Score,2026,
"Mon, May 25, 2026",Portland Fire,81.0,New York Liberty,74.0,Box Score,2026,
"Mon, Aug 3, 2026",Las Vegas Aces,109.0,Atlanta Dream,87.0,Box Score,2026,
"Tue, Jun 9, 2026",Phoenix Mercury,81.0,Golden State Valkyries,87.0,Box Score,2026,Commissioner's Cup Game
"Thu, Jun 4, 2026",Golden State Valkyries,84.0,Minnesota Lynx,87.0,Box Score,2026,Commissioner's Cup Game
"Fri, May 29, 2026",Los Angeles Sparks,92.0,Washington Mystics,87.0,Box Score,2026,
"Fri, Aug 28, 2026",Washington Mystics,,Los Angeles Sparks,,,2026,
"Fri, Aug 28, 2026",Connecticut Sun,,Indiana Fever,,,2026,
"Fri, May 8, 2026",Washington Mystics,68.0,Toronto Tempo,65.0,Box Score,2026,
"Thu, Jul 30, 2026",Minnesota Lynx,104.0,Toronto Tempo,72.0,Box Score,2026,
"Sun, Jul 19, 2026",Connecticut Sun,63.0,Phoenix Mercury,72.0,Box Score,2026,
"Sat, Jul 4, 2026",Portland Fire,77.0,Seattle Storm,72.0,Box Score,2026,
"Fri, Jun 12, 2026",Golden State Valkyries,76.0,Seattle Storm,72.0,Box Score,2026,Commissioner's Cup Game
"Fri, Jun 5, 2026",Phoenix Mercury,78.0,Portland Fire,72.0,Box Score,2026,Commissioner's Cup Game
"Tue, May 12, 2026",Atlanta Dream,77.0,Dallas Wings,72.0,Box Score,2026,
"Sun, May 10, 2026",New York Liberty,98.0,Washington Mystics,93.0,Box Score,2026,
"Mon, Aug 24, 2026",Golden State Valkyries,,Minnesota Lynx,,,2026,
"Mon, Aug 24, 2026",Atlanta Dream,,Los Angeles Sparks,,,2026,
"Sun, Aug 23, 2026",Las Vegas Aces,,Toronto Tempo,,,2026,
"Sun, Aug 23, 2026",Washington Mystics,,Portland Fire,,,2026,
"Sun, Aug 23, 2026",Seattle Storm,,Dallas Wings,,,2026,
"Sun, Aug 23, 2026",Indiana Fever,,Chicago Sky,,,2026,
"Sun, Jul 19, 2026",Chicago Sky,91.0,Atlanta Dream,93.0,Box Score,2026,
"Sun, Jul 12, 2026",New York Liberty,91.0,Toronto Tempo,93.0,Box Score,2026,
"Sat, Jun 20, 2026",Seattle Storm,73.0,Phoenix Mercury,93.0,Box Score,2026,
"Sat, Jun 20, 2026",Chicago Sky,92.0,Dallas Wings,93.0,Box Score,2026,
"Sat, May 30, 2026",Seattle Storm,72.0,Toronto Tempo,93.0,Box Score,2026,
"Wed, Jul 29, 2026",Atlanta Dream,82.0,Dallas Wings,81.0,Box Score,2026,
"Thu, Jul 9, 2026",Las Vegas Aces,88.0,Portland Fire,80.0,Box Score,2026,
"Wed, Jul 8, 2026",Minnesota Lynx,86.0,Connecticut Sun,80.0,Box Score,2026,
"Sat, Jun 27, 2026",Phoenix Mercury,89.0,Toronto Tempo,80.0,Box Score,2026,
"Mon, Jun 8, 2026",New York Liberty,89.0,Connecticut Sun,80.0,Box Score,2026,Commissioner's Cup Game
"Sat, May 23, 2026",Portland Fire,99.0,Toronto Tempo,80.0,Box Score,2026,
"Fri, May 8, 2026",Golden State Valkyries,91.0,Seattle Storm,80.0,Box Score,2026,
"Wed, Aug 26, 2026",Toronto Tempo,,Seattle Storm,,,2026,
"Wed, Aug 26, 2026",Golden State Valkyries,,Connecticut Sun,,,2026,
"Tue, Aug 25, 2026",Washington Mystics,,Phoenix Mercury,,,2026,
"Tue, Aug 25, 2026",Portland Fire,,Dallas Wings,,,2026,
"Tue, Aug 25, 2026",Chicago Sky,,Connecticut Sun,,,2026,
"Sat, Jun 6, 2026",Seattle Storm,68.0,Minnesota Lynx,88.0,Box Score,2026,Commissioner's Cup Game
"Thu, May 21, 2026",Los Angeles Sparks,97.0,Phoenix Mercury,88.0,Box Score,2026,
"Wed, May 27, 2026",Connecticut Sun,61.0,Portland Fire,71.0,Box Score,2026,
"Thu, Jun 11, 2026",Las Vegas Aces,105.0,Portland Fire,89.0,Box Score,2026,Commissioner's Cup Game
"Sun, Jun 7, 2026",Portland Fire,72.0,Los Angeles Sparks,89.0,Box Score,2026,Commissioner's Cup Game
"Wed, May 20, 2026",Dallas Wings,99.0,Chicago Sky,89.0,Box Score,2026,
"Sun, May 17, 2026",Seattle Storm,78.0,Indiana Fever,89.0,Box Score,2026,
"Wed, May 27, 2026",Toronto Tempo,111.0,Chicago Sky,104.0,Box Score,2026,
"Sat, May 9, 2026",Dallas Wings,107.0,Indiana Fever,104.0,Box Score,2026,
"Sat, Aug 22, 2026",Atlanta Dream,,Phoenix Mercury,,,2026,
"Sat, Aug 22, 2026",Indiana Fever,,New York Liberty,,,2026,
"Sat, Aug 22, 2026",Connecticut Sun,,Los Angeles Sparks,,,2026,
"Fri, Aug 21, 2026",Minnesota Lynx,,Washington Mystics,,,2026,
"Fri, Aug 21, 2026",Portland Fire,,Toronto Tempo,,,2026,
"Fri, Aug 21, 2026",Golden State Valkyries,,Chicago Sky,,,2026,
"Thu, Aug 20, 2026",Connecticut Sun,,Las Vegas Aces,,,2026,
"Fri, Jul 31, 2026",Dallas Wings,75.0,Washington Mystics,81.0,Box Score,2026,
"Tue, Jul 7, 2026",Chicago Sky,77.0,Phoenix Mercury,66.0,Box Score,2026,
"Fri, May 29, 2026",Atlanta Dream,86.0,Portland Fire,66.0,Box Score,2026,
"Sat, May 9, 2026",Phoenix Mercury,99.0,Las Vegas Aces,66.0,Box Score,2026,
"Thu, Jul 9, 2026",Indiana Fever,92.0,Phoenix Mercury,89.0,Box Score,2026,
"Thu, Jul 9, 2026",Seattle Storm,78.0,Atlanta Dream,89.0,Box Score,2026,
"Mon, Jul 6, 2026",Connecticut Sun,90.0,Minnesota Lynx,89.0,Box Score,2026,
"Thu, May 21, 2026",Golden State Valkyries,87.0,New York Liberty,70.0,Box Score,2026,
"Sat, May 9, 2026",Atlanta Dream,91.0,Minnesota Lynx,90.0,Box Score,2026,
"Mon, Aug 17, 2026",Dallas Wings,,Golden State Valkyries,,,2026,
"Sat, Jun 27, 2026",Atlanta Dream,90.0,Seattle Storm,105.0,Box Score,2026,
"Thu, Jul 30, 2026",New York Liberty,99.0,Las Vegas Aces,104.0,Box Score,2026,
"Mon, Jul 13, 2026",Phoenix Mercury,100.0,Minnesota Lynx,104.0,Box Score,2026,
"Sat, Aug 1, 2026",New York Liberty,94.0,Phoenix Mercury,92.0,Box Score,2026,
"Tue, Jul 28, 2026",Connecticut Sun,84.0,Washington Mystics,92.0,Box Score,2026,
"Fri, Jul 17, 2026",Atlanta Dream,111.0,Toronto Tempo,92.0,Box Score,2026,
"Sat, Jul 11, 2026",Portland Fire,102.0,Atlanta Dream,92.0,Box Score,2026,
"Mon, Jun 22, 2026",Chicago Sky,63.0,Connecticut Sun,92.0,Box Score,2026,
"Sun, Jun 21, 2026",Golden State Valkyries,73.0,Las Vegas Aces,92.0,Box Score,2026,
"Mon, May 18, 2026",Washington Mystics,69.0,Dallas Wings,92.0,Box Score,2026,
"Sun, May 31, 2026",Las Vegas Aces,91.0,Golden State Valkyries,81.0,Box Score,2026,
"Wed, Jun 10, 2026",Connecticut Sun,102.0,Toronto Tempo,106.0,Box Score,2026,Commissioner's Cup Game
"Fri, May 8, 2026",Connecticut Sun,75.0,New York Liberty,106.0,Box Score,2026,
"Thu, Aug 20, 2026",Atlanta Dream,,Los Angeles Sparks,,,2026,
"Thu, Aug 20, 2026",Indiana Fever,,Dallas Wings,,,2026,
"Wed, Aug 19, 2026",Toronto Tempo,,Washington Mystics,,,2026,
"Wed, Aug 19, 2026",Minnesota Lynx,,Golden State Valkyries,,,2026,
"Tue, Aug 18, 2026",Indiana Fever,,Toronto Tempo,,,2026,
"Tue, Aug 18, 2026",Atlanta Dream,,Las Vegas Aces,,,2026,
"Tue, Aug 18, 2026",Los Angeles Sparks,,Connecticut Sun,,,2026,
"Tue, Aug 18, 2026",New York Liberty,,Chicago Sky,,,2026,
"Tue, Jun 2, 2026",Las Vegas Aces,79.0,Los Angeles Sparks,69.0,Box Score,2026,Commissioner's Cup Game
"Wed, May 13, 2026",Las Vegas Aces,98.0,Connecticut Sun,69.0,Box Score,2026,
"Sun, Jul 19, 2026",Los Angeles Sparks,82.0,Dallas Wings,90.0,Box Score,2026,
"Tue, Jul 14, 2026",Portland Fire,87.0,Connecticut Sun,90.0,Box Score,2026,
"Sat, Jul 11, 2026",New York Liberty,85.0,Minnesota Lynx,90.0,Box Score,2026,
"Thu, Jul 2, 2026",Seattle Storm,67.0,Phoenix Mercury,90.0,Box Score,2026,
"Thu, Jun 11, 2026",New York Liberty,104.0,Atlanta Dream,90.0,Box Score,2026,Commissioner's Cup Game
"Tue, Jun 2, 2026",Chicago Sky,72.0,Washington Mystics,90.0,Box Score,2026,Commissioner's Cup Game
"Thu, May 28, 2026",Indiana Fever,88.0,Golden State Valkyries,90.0,Box Score,2026,
"Fri, May 22, 2026",Golden State Valkyries,82.0,Indiana Fever,90.0,Box Score,2026,
"Wed, May 20, 2026",Portland Fire,73.0,Indiana Fever,90.0,Box Score,2026,
"Tue, May 19, 2026",Toronto Tempo,98.0,Phoenix Mercury,90.0,Box Score,2026,
"Sat, Aug 15, 2026",New York Liberty,,Connecticut Sun,,,2026,
"Thu, Jul 2, 2026",Atlanta Dream,76.0,Washington Mystics,81.0,Box Score,2026,
"Wed, Jun 17, 2026",Washington Mystics,88.0,Connecticut Sun,81.0,Box Score,2026,Commissioner's Cup Game
"Thu, Aug 13, 2026",Atlanta Dream,,Connecticut Sun,,,2026,
"Wed, Aug 12, 2026",Minnesota Lynx,,Portland Fire,,,2026,
"Wed, Aug 12, 2026",Chicago Sky,,Golden State Valkyries,,,2026,
"Wed, Aug 12, 2026",Toronto Tempo,,Dallas Wings,,,2026,
"Tue, Aug 11, 2026",Washington Mystics,,Las Vegas Aces,,,2026,
"Tue, Aug 11, 2026",Phoenix Mercury,,Los Angeles Sparks,,,2026,
"Sun, Aug 2, 2026",Indiana Fever,100.0,Minnesota Lynx,108.0,Box Score,2026,
"Sat, Jul 18, 2026",New York Liberty,88.0,Indiana Fever,108.0,Box Score,2026,
"Sat, Jul 11, 2026",Phoenix Mercury,58.0,Las Vegas Aces,106.0,Box Score,2026,
"Wed, Jul 8, 2026",Indiana Fever,92.0,Los Angeles Sparks,106.0,Box Score,2026,
"Sun, Aug 16, 2026",Chicago Sky,,Seattle Storm,,,2026,
"Sun, Aug 16, 2026",Portland Fire,,Phoenix Mercury,,,2026,
"Sun, Aug 16, 2026",Indiana Fever,,Atlanta Dream,,,2026,
"Sat, Aug 15, 2026",Los Angeles Sparks,,Washington Mystics,,,2026,
"Sat, Aug 15, 2026",Minnesota Lynx,,Las Vegas Aces,,,2026,
"Wed, Jul 29, 2026",Golden State Valkyries,89.0,Phoenix Mercury,91.0,Box Score,2026,
"Wed, Jun 17, 2026",Dallas Wings,80.0,Golden State Valkyries,91.0,Box Score,2026,Commissioner's Cup Game
"Tue, Jun 2, 2026",Connecticut Sun,75.0,Atlanta Dream,91.0,Box Score,2026,Commissioner's Cup Game
"Fri, May 15, 2026",Chicago Sky,83.0,Phoenix Mercury,91.0,Box Score,2026,
"Sun, Jul 5, 2026",Indiana Fever,84.0,Las Vegas Aces,68.0,Box Score,2026,
"Mon, Jun 15, 2026",Portland Fire,74.0,Minnesota Lynx,107.0,Box Score,2026,Commissioner's Cup Game
"Fri, Jul 17, 2026",Seattle Storm,107.0,Indiana Fever,110.0,Box Score,2026,
"Mon, Jun 22, 2026",Dallas Wings,112.0,Seattle Storm,110.0,Box Score,2026,
"Tue, Jul 28, 2026",New York Liberty,113.0,Los Angeles Sparks,109.0,Box Score,2026,
"Wed, Jun 24, 2026",Phoenix Mercury,111.0,Indiana Fever,109.0,Box Score,2026,
"Sat, Jun 6, 2026",Washington Mystics,77.0,Atlanta Dream,109.0,Box Score,2026,Commissioner's Cup Game
"Fri, Aug 14, 2026",Portland Fire,,Seattle Storm,,,2026,
"Fri, Aug 14, 2026",Dallas Wings,,Indiana Fever,,,2026,
"Thu, Aug 13, 2026",Los Angeles Sparks,,New York Liberty,,,2026,
"Thu, Aug 13, 2026",Washington Mystics,,Las Vegas Aces,,,2026,
"Fri, Jun 26, 2026",Washington Mystics,57.0,Connecticut Sun,68.0,Box Score,2026,
"Wed, Jun 3, 2026",Phoenix Mercury,72.0,Seattle Storm,68.0,Box Score,2026,Commissioner's Cup Game
"Fri, Aug 7, 2026",Golden State Valkyries,,Dallas Wings,,,2026,
"Thu, Jun 11, 2026",Chicago Sky,106.0,Indiana Fever,114.0,Box Score,2026,Commissioner's Cup Game
"Sat, Jun 20, 2026",Indiana Fever,96.0,Atlanta Dream,113.0,Box Score,2026,
"Tue, Jun 16, 2026",Toronto Tempo,91.0,Indiana Fever,113.0,Box Score,2026,Commissioner's Cup Game
"Wed, Jul 22, 2026",Connecticut Sun,88.0,Indiana Fever,123.0,Box Score,2026,
"Fri, Aug 7, 2026",Atlanta Dream,,Washington Mystics,,,2026,
